{
  "config": {
    "steps": 900,
    "lr": 0.03,
    "tau_start": 1.0,
    "tau_end": 0.03,
    "sinkhorn_iters": 30,
    "lambda_ent": 0.0003,
    "train_subsample": 4096,
    "seed": 4301,
    "device": "cuda"
  },
  "final": {
    "soft_mse_full": 0.4464133679866791,
    "discrete_mse": 16.489402770996094,
    "hash_match": false,
    "perm_str": "59,52,73,72,39,55,95,29,56,30,44,82,68,93,42,7,86,80,18,83,58,78,94,63,15,67,10,19,48,90,87,71,35,24,37,47,28,40,1,57,3,26,31,36,50,66,23,38,14,11,64,12,4,51,62,6,49,17,45,92,91,33,81,20,2,96,65,53,41,34,77,70,16,54,13,89,84,75,74,32,0,79,43,22,60,9,5,76,69,25,27,46,88,8,61,21,85",
    "in_cols": [
      29,
      37,
      18,
      47,
      27,
      22,
      35,
      20,
      42,
      11,
      28,
      46,
      9,
      6,
      24,
      43,
      16,
      17,
      14,
      1,
      3,
      15,
      26,
      12,
      8,
      33,
      4,
      32,
      25,
      23,
      45,
      40,
      2,
      34,
      19,
      39,
      10,
      7,
      41,
      38,
      0,
      21,
      30,
      5,
      36,
      13,
      44,
      31
    ],
    "out_cols": [
      25,
      35,
      28,
      14,
      15,
      41,
      46,
      1,
      40,
      42,
      38,
      30,
      32,
      7,
      44,
      34,
      11,
      23,
      21,
      29,
      13,
      19,
      31,
      20,
      4,
      5,
      24,
      0,
      6,
      45,
      17,
      8,
      47,
      26,
      18,
      33,
      27,
      43,
      36,
      16,
      39,
      10,
      3,
      37,
      12,
      22,
      2,
      9
    ]
  },
  "best_seen": {
    "discrete_mse": 14.75841999053955,
    "order": [
      [
        59,
        52
      ],
      [
        39,
        72
      ],
      [
        5,
        55
      ],
      [
        95,
        29
      ],
      [
        56,
        30
      ],
      [
        44,
        82
      ],
      [
        68,
        93
      ],
      [
        42,
        7
      ],
      [
        86,
        80
      ],
      [
        18,
        83
      ],
      [
        58,
        78
      ],
      [
        94,
        63
      ],
      [
        15,
        67
      ],
      [
        73,
        19
      ],
      [
        87,
        90
      ],
      [
        37,
        71
      ],
      [
        35,
        24
      ],
      [
        48,
        47
      ],
      [
        28,
        40
      ],
      [
        1,
        57
      ],
      [
        3,
        26
      ],
      [
        31,
        36
      ],
      [
        50,
        66
      ],
      [
        27,
        38
      ],
      [
        14,
        11
      ],
      [
        64,
        12
      ],
      [
        4,
        51
      ],
      [
        62,
        6
      ],
      [
        49,
        17
      ],
      [
        45,
        92
      ],
      [
        81,
        33
      ],
      [
        91,
        20
      ],
      [
        2,
        96
      ],
      [
        65,
        53
      ],
      [
        41,
        34
      ],
      [
        77,
        70
      ],
      [
        16,
        54
      ],
      [
        13,
        89
      ],
      [
        84,
        75
      ],
      [
        74,
        32
      ],
      [
        0,
        79
      ],
      [
        43,
        22
      ],
      [
        60,
        9
      ],
      [
        23,
        76
      ],
      [
        69,
        25
      ],
      [
        10,
        46
      ],
      [
        88,
        8
      ],
      [
        61,
        21
      ]
    ],
    "in_cols": [
      29,
      18,
      5,
      47,
      27,
      22,
      35,
      20,
      42,
      11,
      28,
      46,
      9,
      37,
      43,
      17,
      16,
      24,
      14,
      1,
      3,
      15,
      26,
      13,
      8,
      33,
      4,
      32,
      25,
      23,
      40,
      45,
      2,
      34,
      19,
      39,
      10,
      7,
      41,
      38,
      0,
      21,
      30,
      12,
      36,
      6,
      44,
      31
    ],
    "out_cols": [
      25,
      35,
      28,
      14,
      15,
      41,
      46,
      1,
      40,
      42,
      38,
      30,
      32,
      7,
      44,
      34,
      11,
      23,
      21,
      29,
      13,
      19,
      31,
      20,
      4,
      5,
      24,
      0,
      6,
      45,
      17,
      8,
      47,
      26,
      18,
      33,
      27,
      43,
      36,
      16,
      39,
      10,
      3,
      37,
      12,
      22,
      2,
      9
    ]
  }
}