{
  "config": {
    "steps": 900,
    "lr": 0.03,
    "tau_start": 1.0,
    "tau_end": 0.03,
    "sinkhorn_iters": 30,
    "lambda_ent": 0.0003,
    "train_subsample": 4096,
    "seed": 23701,
    "device": "cuda"
  },
  "final": {
    "soft_mse_full": 0.42416101694107056,
    "discrete_mse": 53.377716064453125,
    "hash_match": false,
    "perm_str": "23,55,39,72,59,52,95,82,42,93,44,25,87,80,94,29,77,90,58,78,35,30,18,83,28,19,15,67,68,47,37,57,86,7,73,24,48,40,50,26,3,53,31,36,1,38,14,71,16,21,64,75,45,92,13,11,91,51,62,6,81,76,4,20,65,96,27,70,0,54,43,9,5,32,74,63,49,66,10,17,88,89,61,22,84,79,41,34,60,33,69,46,56,8,2,12,85",
    "in_cols": [
      12,
      18,
      29,
      47,
      20,
      22,
      43,
      46,
      39,
      28,
      16,
      11,
      14,
      9,
      35,
      17,
      42,
      37,
      24,
      26,
      3,
      15,
      1,
      8,
      10,
      33,
      23,
      7,
      45,
      32,
      40,
      4,
      34,
      13,
      0,
      21,
      5,
      38,
      25,
      6,
      44,
      31,
      41,
      19,
      30,
      36,
      27,
      2
    ],
    "out_cols": [
      28,
      35,
      25,
      41,
      46,
      12,
      40,
      14,
      44,
      38,
      15,
      42,
      7,
      32,
      23,
      29,
      1,
      11,
      21,
      13,
      26,
      19,
      20,
      34,
      9,
      36,
      45,
      4,
      24,
      0,
      37,
      8,
      47,
      33,
      27,
      3,
      16,
      30,
      31,
      6,
      43,
      10,
      39,
      18,
      17,
      22,
      2,
      5
    ]
  },
  "best_seen": {
    "discrete_mse": 12.21744155883789,
    "order": [
      [
        18,
        33
      ],
      [
        27,
        79
      ],
      [
        37,
        92
      ],
      [
        77,
        71
      ],
      [
        42,
        26
      ],
      [
        13,
        36
      ],
      [
        73,
        38
      ],
      [
        23,
        46
      ],
      [
        61,
        63
      ],
      [
        87,
        7
      ],
      [
        95,
        96
      ],
      [
        4,
        20
      ],
      [
        28,
        30
      ],
      [
        2,
        47
      ],
      [
        41,
        80
      ],
      [
        88,
        55
      ],
      [
        39,
        11
      ],
      [
        58,
        67
      ],
      [
        1,
        83
      ],
      [
        31,
        70
      ],
      [
        3,
        66
      ],
      [
        91,
        90
      ],
      [
        69,
        8
      ],
      [
        74,
        76
      ],
      [
        94,
        6
      ],
      [
        65,
        57
      ],
      [
        86,
        29
      ],
      [
        84,
        72
      ],
      [
        49,
        25
      ],
      [
        64,
        52
      ],
      [
        5,
        19
      ],
      [
        50,
        12
      ],
      [
        81,
        17
      ],
      [
        0,
        54
      ],
      [
        10,
        89
      ],
      [
        15,
        32
      ],
      [
        56,
        24
      ],
      [
        14,
        51
      ],
      [
        62,
        40
      ],
      [
        60,
        93
      ],
      [
        16,
        22
      ],
      [
        45,
        9
      ],
      [
        43,
        34
      ],
      [
        59,
        78
      ],
      [
        48,
        75
      ],
      [
        68,
        53
      ],
      [
        35,
        21
      ],
      [
        44,
        82
      ]
    ],
    "in_cols": [
      11,
      13,
      17,
      39,
      20,
      7,
      37,
      12,
      31,
      43,
      47,
      4,
      14,
      2,
      19,
      44,
      18,
      28,
      1,
      15,
      3,
      45,
      36,
      38,
      46,
      34,
      42,
      41,
      25,
      33,
      5,
      26,
      40,
      0,
      6,
      9,
      27,
      8,
      32,
      30,
      10,
      23,
      21,
      29,
      24,
      35,
      16,
      22
    ],
    "out_cols": [
      17,
      39,
      45,
      34,
      13,
      19,
      20,
      22,
      30,
      1,
      47,
      8,
      15,
      23,
      40,
      28,
      4,
      32,
      42,
      33,
      31,
      44,
      2,
      37,
      0,
      29,
      14,
      35,
      12,
      25,
      7,
      5,
      6,
      27,
      43,
      16,
      11,
      24,
      21,
      46,
      10,
      3,
      18,
      38,
      36,
      26,
      9,
      41
    ]
  }
}