{
  "config": {
    "steps": 700,
    "lr": 0.015,
    "tau_start": 1.0,
    "tau_end": 0.025,
    "sinkhorn_iters": 30,
    "lambda_ent": 0.0001,
    "train_subsample": 0,
    "seed": 11904,
    "device": "cuda"
  },
  "final": {
    "soft_mse_full": 0.34598442912101746,
    "discrete_mse": 52.264469146728516,
    "hash_match": false,
    "perm_str": "59,30,39,72,73,52,95,80,56,82,44,78,74,93,42,29,68,55,88,83,69,67,86,90,35,24,10,19,37,7,15,57,18,47,50,26,3,53,1,25,14,63,28,36,62,38,87,71,94,75,77,11,27,51,5,12,81,92,4,6,45,20,16,40,65,96,48,70,43,9,91,32,0,17,41,46,2,33,84,66,49,79,13,54,23,34,61,76,64,89,58,8,60,22,31,21,85",
    "in_cols": [
      29,
      18,
      37,
      47,
      27,
      22,
      38,
      20,
      35,
      44,
      36,
      42,
      16,
      6,
      17,
      9,
      11,
      26,
      3,
      1,
      8,
      14,
      32,
      43,
      46,
      39,
      13,
      5,
      40,
      4,
      23,
      10,
      34,
      24,
      21,
      45,
      0,
      19,
      2,
      41,
      25,
      7,
      12,
      31,
      33,
      28,
      30,
      15
    ],
    "out_cols": [
      15,
      35,
      25,
      40,
      41,
      38,
      46,
      14,
      28,
      42,
      32,
      44,
      11,
      7,
      1,
      29,
      23,
      13,
      26,
      12,
      30,
      19,
      20,
      34,
      36,
      4,
      24,
      5,
      45,
      0,
      8,
      21,
      47,
      33,
      3,
      16,
      6,
      22,
      17,
      31,
      39,
      27,
      18,
      37,
      43,
      2,
      10,
      9
    ]
  },
  "best_seen": {
    "discrete_mse": 37.693748474121094,
    "order": [
      [
        13,
        30
      ],
      [
        56,
        89
      ],
      [
        3,
        32
      ],
      [
        60,
        46
      ],
      [
        74,
        79
      ],
      [
        23,
        29
      ],
      [
        64,
        8
      ],
      [
        77,
        57
      ],
      [
        61,
        38
      ],
      [
        95,
        9
      ],
      [
        5,
        33
      ],
      [
        88,
        12
      ],
      [
        35,
        19
      ],
      [
        42,
        71
      ],
      [
        39,
        72
      ],
      [
        59,
        82
      ],
      [
        1,
        66
      ],
      [
        73,
        96
      ],
      [
        86,
        54
      ],
      [
        31,
        67
      ],
      [
        87,
        25
      ],
      [
        15,
        36
      ],
      [
        50,
        22
      ],
      [
        16,
        80
      ],
      [
        94,
        26
      ],
      [
        48,
        51
      ],
      [
        27,
        53
      ],
      [
        81,
        70
      ],
      [
        84,
        47
      ],
      [
        18,
        92
      ],
      [
        4,
        7
      ],
      [
        0,
        90
      ],
      [
        28,
        20
      ],
      [
        41,
        55
      ],
      [
        49,
        83
      ],
      [
        44,
        52
      ],
      [
        62,
        63
      ],
      [
        14,
        24
      ],
      [
        43,
        34
      ],
      [
        45,
        6
      ],
      [
        91,
        11
      ],
      [
        10,
        76
      ],
      [
        37,
        40
      ],
      [
        2,
        78
      ],
      [
        58,
        21
      ],
      [
        69,
        75
      ],
      [
        68,
        93
      ],
      [
        65,
        17
      ]
    ],
    "in_cols": [
      7,
      27,
      3,
      30,
      38,
      12,
      33,
      39,
      31,
      47,
      5,
      44,
      16,
      20,
      18,
      29,
      1,
      37,
      42,
      15,
      43,
      9,
      26,
      10,
      46,
      24,
      13,
      40,
      41,
      11,
      4,
      0,
      14,
      19,
      25,
      22,
      32,
      8,
      21,
      23,
      45,
      6,
      17,
      2,
      28,
      36,
      35,
      34
    ],
    "out_cols": [
      15,
      43,
      16,
      22,
      39,
      14,
      2,
      29,
      20,
      3,
      17,
      5,
      7,
      34,
      35,
      41,
      31,
      47,
      27,
      32,
      12,
      19,
      10,
      40,
      13,
      24,
      26,
      33,
      23,
      45,
      1,
      44,
      8,
      28,
      42,
      25,
      30,
      11,
      18,
      0,
      4,
      37,
      21,
      38,
      9,
      36,
      46,
      6
    ]
  }
}