{
  "config": {
    "steps": 700,
    "lr": 0.02,
    "tau_start": 1.0,
    "tau_end": 0.03,
    "sinkhorn_iters": 30,
    "lambda_ent": 0.0003,
    "train_subsample": 0,
    "seed": 6203,
    "device": "cuda"
  },
  "final": {
    "soft_mse_full": 0.36624932289123535,
    "discrete_mse": 18.297054290771484,
    "hash_match": false,
    "perm_str": "59,52,95,72,39,55,87,63,56,30,44,80,43,78,42,29,37,93,69,67,86,82,58,90,94,40,73,7,35,57,18,19,15,24,68,47,48,26,3,53,23,25,50,66,31,36,1,38,60,71,14,11,5,17,81,6,77,20,4,32,49,12,45,33,16,96,65,34,61,70,62,83,13,75,74,22,0,79,10,8,84,54,2,21,91,51,28,9,41,76,64,92,27,46,88,89,85",
    "in_cols": [
      29,
      47,
      18,
      43,
      27,
      22,
      21,
      20,
      17,
      36,
      42,
      28,
      46,
      37,
      16,
      11,
      9,
      35,
      24,
      3,
      12,
      26,
      15,
      1,
      30,
      8,
      5,
      40,
      39,
      4,
      25,
      23,
      10,
      34,
      31,
      32,
      7,
      38,
      0,
      6,
      41,
      2,
      45,
      14,
      19,
      33,
      13,
      44
    ],
    "out_cols": [
      25,
      35,
      28,
      30,
      15,
      40,
      38,
      14,
      46,
      32,
      41,
      44,
      21,
      1,
      29,
      7,
      11,
      23,
      13,
      26,
      12,
      31,
      19,
      20,
      34,
      4,
      6,
      0,
      8,
      16,
      5,
      17,
      47,
      18,
      33,
      42,
      36,
      10,
      39,
      2,
      27,
      9,
      24,
      3,
      37,
      45,
      22,
      43
    ]
  },
  "best_seen": {
    "discrete_mse": 1.4970083236694336,
    "order": [
      [
        59,
        52
      ],
      [
        39,
        72
      ],
      [
        88,
        55
      ],
      [
        95,
        63
      ],
      [
        56,
        82
      ],
      [
        74,
        80
      ],
      [
        44,
        78
      ],
      [
        42,
        29
      ],
      [
        58,
        93
      ],
      [
        69,
        67
      ],
      [
        94,
        30
      ],
      [
        18,
        90
      ],
      [
        35,
        40
      ],
      [
        37,
        7
      ],
      [
        73,
        24
      ],
      [
        28,
        19
      ],
      [
        15,
        57
      ],
      [
        68,
        47
      ],
      [
        87,
        26
      ],
      [
        3,
        53
      ],
      [
        84,
        25
      ],
      [
        50,
        66
      ],
      [
        31,
        36
      ],
      [
        1,
        38
      ],
      [
        23,
        71
      ],
      [
        77,
        11
      ],
      [
        14,
        17
      ],
      [
        81,
        6
      ],
      [
        86,
        20
      ],
      [
        4,
        32
      ],
      [
        45,
        12
      ],
      [
        5,
        33
      ],
      [
        16,
        96
      ],
      [
        65,
        89
      ],
      [
        48,
        70
      ],
      [
        62,
        83
      ],
      [
        13,
        76
      ],
      [
        60,
        22
      ],
      [
        2,
        79
      ],
      [
        10,
        8
      ],
      [
        61,
        92
      ],
      [
        49,
        54
      ],
      [
        91,
        75
      ],
      [
        0,
        9
      ],
      [
        41,
        51
      ],
      [
        43,
        34
      ],
      [
        27,
        46
      ],
      [
        64,
        21
      ]
    ],
    "in_cols": [
      29,
      18,
      44,
      47,
      27,
      38,
      22,
      20,
      28,
      36,
      46,
      11,
      16,
      17,
      37,
      14,
      9,
      35,
      43,
      3,
      41,
      26,
      15,
      1,
      12,
      39,
      8,
      40,
      42,
      4,
      23,
      5,
      10,
      34,
      24,
      32,
      7,
      30,
      2,
      6,
      31,
      25,
      45,
      0,
      19,
      21,
      13,
      33
    ],
    "out_cols": [
      25,
      35,
      28,
      30,
      41,
      40,
      38,
      14,
      46,
      32,
      15,
      44,
      21,
      1,
      11,
      7,
      29,
      23,
      13,
      26,
      12,
      31,
      19,
      20,
      34,
      4,
      6,
      0,
      8,
      16,
      5,
      17,
      47,
      43,
      33,
      42,
      37,
      10,
      39,
      2,
      45,
      27,
      36,
      3,
      24,
      18,
      22,
      9
    ]
  }
}