{
  "config": {
    "steps": 900,
    "lr": 0.03,
    "tau_start": 1.0,
    "tau_end": 0.03,
    "sinkhorn_iters": 30,
    "lambda_ent": 0.0003,
    "train_subsample": 4096,
    "seed": 6301,
    "device": "cuda"
  },
  "final": {
    "soft_mse_full": 0.43878865242004395,
    "discrete_mse": 209.76524353027344,
    "hash_match": false,
    "perm_str": "73,75,59,52,39,93,95,78,84,19,56,30,44,82,68,29,42,55,18,67,74,25,86,38,35,24,10,7,28,47,37,90,23,57,3,26,94,53,48,40,31,36,50,66,1,80,87,71,16,21,60,11,27,51,14,63,81,72,45,33,5,6,77,70,62,20,65,96,4,32,49,54,43,9,2,34,13,83,0,76,91,92,88,8,41,22,61,46,15,12,69,79,58,89,64,17,85",
    "in_cols": [
      37,
      29,
      18,
      47,
      41,
      27,
      22,
      35,
      20,
      11,
      38,
      42,
      16,
      6,
      14,
      17,
      12,
      3,
      46,
      24,
      15,
      26,
      1,
      43,
      10,
      30,
      13,
      8,
      40,
      23,
      5,
      39,
      32,
      34,
      4,
      25,
      21,
      2,
      7,
      0,
      45,
      44,
      19,
      31,
      9,
      36,
      28,
      33
    ],
    "out_cols": [
      36,
      25,
      46,
      38,
      7,
      15,
      41,
      14,
      28,
      32,
      12,
      20,
      11,
      1,
      23,
      44,
      29,
      13,
      26,
      21,
      19,
      31,
      40,
      34,
      9,
      4,
      24,
      30,
      35,
      17,
      0,
      33,
      8,
      47,
      16,
      27,
      3,
      18,
      42,
      37,
      45,
      2,
      10,
      22,
      5,
      39,
      43,
      6
    ]
  },
  "best_seen": {
    "discrete_mse": 9.591489791870117,
    "order": [
      [
        39,
        75
      ],
      [
        59,
        52
      ],
      [
        95,
        72
      ],
      [
        73,
        78
      ],
      [
        84,
        19
      ],
      [
        56,
        93
      ],
      [
        44,
        82
      ],
      [
        68,
        29
      ],
      [
        42,
        55
      ],
      [
        18,
        67
      ],
      [
        74,
        80
      ],
      [
        94,
        30
      ],
      [
        10,
        24
      ],
      [
        35,
        7
      ],
      [
        28,
        47
      ],
      [
        37,
        90
      ],
      [
        15,
        57
      ],
      [
        86,
        26
      ],
      [
        3,
        53
      ],
      [
        48,
        40
      ],
      [
        31,
        36
      ],
      [
        50,
        66
      ],
      [
        1,
        38
      ],
      [
        87,
        71
      ],
      [
        16,
        21
      ],
      [
        60,
        11
      ],
      [
        65,
        51
      ],
      [
        27,
        63
      ],
      [
        81,
        25
      ],
      [
        4,
        33
      ],
      [
        5,
        6
      ],
      [
        77,
        70
      ],
      [
        45,
        20
      ],
      [
        62,
        96
      ],
      [
        14,
        32
      ],
      [
        49,
        54
      ],
      [
        43,
        9
      ],
      [
        2,
        34
      ],
      [
        13,
        83
      ],
      [
        0,
        76
      ],
      [
        91,
        92
      ],
      [
        88,
        8
      ],
      [
        41,
        22
      ],
      [
        58,
        46
      ],
      [
        61,
        12
      ],
      [
        69,
        79
      ],
      [
        64,
        89
      ],
      [
        23,
        17
      ]
    ],
    "in_cols": [
      18,
      29,
      47,
      37,
      41,
      27,
      22,
      35,
      20,
      11,
      38,
      46,
      6,
      16,
      14,
      17,
      9,
      42,
      3,
      24,
      15,
      26,
      1,
      43,
      10,
      30,
      34,
      13,
      40,
      4,
      5,
      39,
      23,
      32,
      8,
      25,
      21,
      2,
      7,
      0,
      45,
      44,
      19,
      28,
      31,
      36,
      33,
      12
    ],
    "out_cols": [
      36,
      25,
      35,
      38,
      7,
      46,
      41,
      14,
      28,
      32,
      40,
      15,
      11,
      1,
      23,
      44,
      29,
      13,
      26,
      21,
      19,
      31,
      20,
      34,
      9,
      4,
      24,
      30,
      12,
      17,
      0,
      33,
      8,
      47,
      16,
      27,
      3,
      18,
      42,
      37,
      45,
      2,
      10,
      22,
      5,
      39,
      43,
      6
    ]
  }
}