{
  "config": {
    "steps": 900,
    "lr": 0.03,
    "tau_start": 1.0,
    "tau_end": 0.028,
    "sinkhorn_iters": 30,
    "lambda_ent": 0.0003,
    "train_subsample": 4096,
    "seed": 20802,
    "device": "cuda"
  },
  "final": {
    "soft_mse_full": 0.4790555536746979,
    "discrete_mse": 3.5152578353881836,
    "hash_match": false,
    "perm_str": "39,30,59,52,27,72,95,63,0,78,42,55,44,82,43,80,68,29,69,67,18,26,94,90,28,19,37,40,73,47,50,7,15,57,86,51,35,24,31,70,3,25,14,36,1,38,23,75,87,71,62,6,4,17,91,92,81,11,77,76,45,33,65,20,5,32,48,83,16,96,61,53,84,21,49,54,10,8,56,79,13,66,2,9,60,12,41,93,74,34,88,46,64,22,58,89,85",
    "in_cols": [
      18,
      29,
      13,
      47,
      0,
      20,
      22,
      21,
      35,
      36,
      11,
      46,
      14,
      17,
      37,
      26,
      9,
      42,
      16,
      15,
      3,
      8,
      1,
      12,
      43,
      32,
      4,
      45,
      40,
      39,
      23,
      34,
      5,
      24,
      10,
      31,
      41,
      25,
      6,
      27,
      7,
      2,
      30,
      19,
      38,
      44,
      33,
      28
    ],
    "out_cols": [
      15,
      25,
      35,
      30,
      38,
      28,
      41,
      40,
      14,
      32,
      13,
      44,
      7,
      21,
      23,
      1,
      29,
      24,
      11,
      33,
      12,
      19,
      20,
      36,
      34,
      0,
      6,
      45,
      4,
      37,
      17,
      8,
      16,
      42,
      47,
      26,
      9,
      27,
      2,
      39,
      31,
      3,
      5,
      46,
      18,
      22,
      10,
      43
    ]
  },
  "best_seen": {
    "discrete_mse": 2.072105884552002,
    "order": [
      [
        39,
        30
      ],
      [
        59,
        52
      ],
      [
        27,
        72
      ],
      [
        95,
        63
      ],
      [
        48,
        78
      ],
      [
        42,
        55
      ],
      [
        44,
        82
      ],
      [
        43,
        80
      ],
      [
        68,
        29
      ],
      [
        69,
        67
      ],
      [
        18,
        26
      ],
      [
        94,
        90
      ],
      [
        28,
        19
      ],
      [
        37,
        40
      ],
      [
        73,
        47
      ],
      [
        50,
        7
      ],
      [
        15,
        57
      ],
      [
        86,
        51
      ],
      [
        35,
        24
      ],
      [
        31,
        70
      ],
      [
        3,
        25
      ],
      [
        14,
        36
      ],
      [
        1,
        38
      ],
      [
        23,
        75
      ],
      [
        87,
        71
      ],
      [
        62,
        6
      ],
      [
        4,
        17
      ],
      [
        91,
        92
      ],
      [
        81,
        11
      ],
      [
        77,
        76
      ],
      [
        45,
        33
      ],
      [
        65,
        20
      ],
      [
        5,
        32
      ],
      [
        0,
        83
      ],
      [
        16,
        96
      ],
      [
        61,
        53
      ],
      [
        84,
        21
      ],
      [
        49,
        54
      ],
      [
        10,
        8
      ],
      [
        56,
        79
      ],
      [
        13,
        66
      ],
      [
        2,
        9
      ],
      [
        60,
        12
      ],
      [
        41,
        93
      ],
      [
        74,
        34
      ],
      [
        88,
        46
      ],
      [
        64,
        22
      ],
      [
        58,
        89
      ]
    ],
    "in_cols": [
      18,
      29,
      13,
      47,
      24,
      20,
      22,
      21,
      35,
      36,
      11,
      46,
      14,
      17,
      37,
      26,
      9,
      42,
      16,
      15,
      3,
      8,
      1,
      12,
      43,
      32,
      4,
      45,
      40,
      39,
      23,
      34,
      5,
      0,
      10,
      31,
      41,
      25,
      6,
      27,
      7,
      2,
      30,
      19,
      38,
      44,
      33,
      28
    ],
    "out_cols": [
      15,
      25,
      35,
      30,
      38,
      28,
      41,
      40,
      14,
      32,
      13,
      44,
      7,
      21,
      23,
      1,
      29,
      24,
      11,
      33,
      12,
      19,
      20,
      36,
      34,
      0,
      6,
      45,
      4,
      37,
      17,
      8,
      16,
      42,
      47,
      26,
      9,
      27,
      2,
      39,
      31,
      3,
      5,
      46,
      18,
      22,
      10,
      43
    ]
  }
}