{
  "config": {
    "steps": 700,
    "lr": 0.015,
    "tau_start": 1.0,
    "tau_end": 0.025,
    "sinkhorn_iters": 30,
    "lambda_ent": 0.0001,
    "train_subsample": 0,
    "seed": 16704,
    "device": "cuda"
  },
  "final": {
    "soft_mse_full": 0.3322681188583374,
    "discrete_mse": 53.69439697265625,
    "hash_match": false,
    "perm_str": "39,52,59,78,37,72,95,63,56,30,44,82,88,93,68,80,42,29,58,55,69,67,94,53,18,90,28,19,35,24,15,57,48,7,73,47,87,71,10,40,3,25,50,66,31,36,1,26,23,75,14,11,5,38,45,92,4,51,81,6,91,33,62,20,16,70,77,96,65,83,41,17,60,8,0,32,74,34,2,9,84,89,86,54,49,12,13,22,43,76,27,79,61,46,64,21,85",
    "in_cols": [
      18,
      29,
      17,
      47,
      27,
      22,
      44,
      35,
      20,
      28,
      36,
      46,
      11,
      14,
      16,
      9,
      24,
      37,
      43,
      6,
      3,
      26,
      15,
      1,
      12,
      8,
      5,
      23,
      4,
      40,
      45,
      32,
      10,
      39,
      34,
      19,
      30,
      0,
      38,
      2,
      41,
      42,
      25,
      7,
      21,
      13,
      31,
      33
    ],
    "out_cols": [
      25,
      38,
      35,
      30,
      15,
      41,
      46,
      40,
      14,
      28,
      32,
      26,
      44,
      7,
      11,
      29,
      1,
      23,
      34,
      21,
      12,
      31,
      19,
      13,
      36,
      4,
      20,
      45,
      24,
      0,
      17,
      8,
      33,
      47,
      42,
      6,
      2,
      16,
      18,
      3,
      43,
      27,
      5,
      10,
      37,
      39,
      22,
      9
    ]
  },
  "best_seen": {
    "discrete_mse": 7.0243449211120605,
    "order": [
      [
        59,
        72
      ],
      [
        95,
        52
      ],
      [
        48,
        63
      ],
      [
        39,
        55
      ],
      [
        56,
        30
      ],
      [
        44,
        82
      ],
      [
        68,
        93
      ],
      [
        88,
        80
      ],
      [
        42,
        29
      ],
      [
        58,
        78
      ],
      [
        69,
        67
      ],
      [
        94,
        53
      ],
      [
        18,
        90
      ],
      [
        28,
        19
      ],
      [
        35,
        24
      ],
      [
        15,
        57
      ],
      [
        37,
        7
      ],
      [
        73,
        47
      ],
      [
        87,
        71
      ],
      [
        1,
        40
      ],
      [
        3,
        25
      ],
      [
        50,
        66
      ],
      [
        31,
        36
      ],
      [
        91,
        26
      ],
      [
        23,
        75
      ],
      [
        77,
        11
      ],
      [
        27,
        51
      ],
      [
        45,
        92
      ],
      [
        5,
        38
      ],
      [
        81,
        6
      ],
      [
        65,
        33
      ],
      [
        4,
        20
      ],
      [
        16,
        70
      ],
      [
        10,
        96
      ],
      [
        62,
        83
      ],
      [
        0,
        17
      ],
      [
        41,
        8
      ],
      [
        14,
        32
      ],
      [
        74,
        34
      ],
      [
        2,
        9
      ],
      [
        84,
        89
      ],
      [
        86,
        54
      ],
      [
        49,
        12
      ],
      [
        13,
        22
      ],
      [
        43,
        76
      ],
      [
        60,
        79
      ],
      [
        61,
        46
      ],
      [
        64,
        21
      ]
    ],
    "in_cols": [
      29,
      47,
      24,
      18,
      27,
      22,
      35,
      44,
      20,
      28,
      36,
      46,
      11,
      14,
      16,
      9,
      17,
      37,
      43,
      1,
      3,
      26,
      15,
      45,
      12,
      39,
      13,
      23,
      5,
      40,
      34,
      4,
      10,
      6,
      32,
      0,
      19,
      8,
      38,
      2,
      41,
      42,
      25,
      7,
      21,
      30,
      31,
      33
    ],
    "out_cols": [
      35,
      25,
      30,
      28,
      15,
      41,
      46,
      40,
      14,
      38,
      32,
      26,
      44,
      7,
      11,
      29,
      1,
      23,
      34,
      21,
      12,
      31,
      19,
      13,
      36,
      4,
      24,
      45,
      20,
      0,
      17,
      8,
      33,
      47,
      42,
      6,
      2,
      16,
      18,
      3,
      43,
      27,
      5,
      10,
      37,
      39,
      22,
      9
    ]
  }
}