{
  "config": {
    "steps": 900,
    "lr": 0.03,
    "tau_start": 1.0,
    "tau_end": 0.028,
    "sinkhorn_iters": 30,
    "lambda_ent": 0.0003,
    "train_subsample": 4096,
    "seed": 13602,
    "device": "cuda"
  },
  "final": {
    "soft_mse_full": 0.38490790128707886,
    "discrete_mse": 4.235335350036621,
    "hash_match": false,
    "perm_str": "39,72,59,52,74,82,95,80,56,30,42,93,44,78,88,53,73,55,58,29,18,90,35,24,86,36,94,57,15,67,28,19,10,7,68,47,87,71,1,40,3,26,37,63,50,12,23,38,77,25,14,17,5,51,45,92,60,11,48,20,81,6,16,96,31,34,0,70,43,9,62,75,91,89,65,83,27,46,84,66,49,54,13,79,69,76,61,32,4,8,41,33,2,21,64,22,85",
    "in_cols": [
      18,
      29,
      38,
      47,
      27,
      20,
      22,
      44,
      37,
      28,
      11,
      16,
      42,
      46,
      9,
      14,
      6,
      35,
      43,
      1,
      3,
      17,
      26,
      12,
      39,
      8,
      5,
      23,
      30,
      24,
      40,
      10,
      15,
      0,
      21,
      32,
      45,
      34,
      13,
      41,
      25,
      7,
      36,
      31,
      4,
      19,
      2,
      33
    ],
    "out_cols": [
      35,
      25,
      41,
      40,
      15,
      46,
      38,
      26,
      28,
      14,
      44,
      11,
      19,
      29,
      32,
      7,
      1,
      23,
      34,
      21,
      13,
      30,
      5,
      20,
      12,
      6,
      24,
      45,
      4,
      8,
      0,
      47,
      18,
      33,
      3,
      36,
      43,
      42,
      22,
      31,
      27,
      39,
      37,
      16,
      2,
      17,
      9,
      10
    ]
  },
  "best_seen": {
    "discrete_mse": 22.706134796142578,
    "order": [
      [
        39,
        72
      ],
      [
        59,
        52
      ],
      [
        74,
        82
      ],
      [
        95,
        80
      ],
      [
        56,
        30
      ],
      [
        4,
        93
      ],
      [
        44,
        78
      ],
      [
        94,
        53
      ],
      [
        42,
        55
      ],
      [
        58,
        29
      ],
      [
        18,
        90
      ],
      [
        35,
        24
      ],
      [
        86,
        36
      ],
      [
        73,
        57
      ],
      [
        15,
        67
      ],
      [
        28,
        19
      ],
      [
        10,
        7
      ],
      [
        68,
        47
      ],
      [
        87,
        71
      ],
      [
        1,
        40
      ],
      [
        3,
        26
      ],
      [
        37,
        63
      ],
      [
        50,
        12
      ],
      [
        23,
        38
      ],
      [
        77,
        25
      ],
      [
        14,
        17
      ],
      [
        5,
        51
      ],
      [
        45,
        92
      ],
      [
        60,
        11
      ],
      [
        48,
        20
      ],
      [
        81,
        6
      ],
      [
        16,
        96
      ],
      [
        31,
        34
      ],
      [
        0,
        70
      ],
      [
        43,
        9
      ],
      [
        62,
        75
      ],
      [
        91,
        89
      ],
      [
        65,
        83
      ],
      [
        27,
        46
      ],
      [
        84,
        66
      ],
      [
        49,
        54
      ],
      [
        13,
        79
      ],
      [
        69,
        76
      ],
      [
        61,
        32
      ],
      [
        88,
        8
      ],
      [
        41,
        33
      ],
      [
        2,
        21
      ],
      [
        64,
        22
      ]
    ],
    "in_cols": [
      18,
      29,
      38,
      47,
      27,
      4,
      22,
      46,
      20,
      28,
      11,
      16,
      42,
      37,
      9,
      14,
      6,
      35,
      43,
      1,
      3,
      17,
      26,
      12,
      39,
      8,
      5,
      23,
      30,
      24,
      40,
      10,
      15,
      0,
      21,
      32,
      45,
      34,
      13,
      41,
      25,
      7,
      36,
      31,
      44,
      19,
      2,
      33
    ],
    "out_cols": [
      35,
      25,
      41,
      40,
      15,
      46,
      38,
      26,
      28,
      14,
      44,
      11,
      19,
      29,
      32,
      7,
      1,
      23,
      34,
      21,
      13,
      30,
      5,
      20,
      12,
      6,
      24,
      45,
      4,
      8,
      0,
      47,
      18,
      33,
      3,
      36,
      43,
      42,
      22,
      31,
      27,
      39,
      37,
      16,
      2,
      17,
      9,
      10
    ]
  }
}