{
  "config": {
    "steps": 700,
    "lr": 0.02,
    "tau_start": 1.0,
    "tau_end": 0.03,
    "sinkhorn_iters": 30,
    "lambda_ent": 0.0003,
    "train_subsample": 0,
    "seed": 20603,
    "device": "cuda"
  },
  "final": {
    "soft_mse_full": 0.3892965018749237,
    "discrete_mse": 62.57283401489258,
    "hash_match": false,
    "perm_str": "39,52,59,30,4,75,95,80,56,82,44,78,74,93,42,7,86,83,58,29,94,38,35,55,73,90,18,19,10,24,37,57,15,67,68,47,87,72,31,63,3,25,28,36,50,26,1,71,14,40,64,70,5,51,81,32,77,11,48,6,45,33,16,20,65,96,91,53,62,76,49,54,61,8,27,17,84,89,2,34,43,22,0,92,13,9,41,46,23,12,69,66,60,21,88,79,85",
    "in_cols": [
      18,
      29,
      4,
      47,
      27,
      22,
      38,
      20,
      42,
      28,
      46,
      16,
      37,
      11,
      6,
      17,
      9,
      35,
      43,
      15,
      3,
      14,
      26,
      1,
      8,
      33,
      5,
      40,
      39,
      24,
      23,
      10,
      34,
      45,
      32,
      25,
      31,
      13,
      41,
      2,
      21,
      0,
      7,
      19,
      12,
      36,
      30,
      44
    ],
    "out_cols": [
      25,
      15,
      36,
      40,
      41,
      38,
      46,
      1,
      42,
      14,
      20,
      28,
      44,
      7,
      11,
      29,
      32,
      23,
      35,
      30,
      12,
      19,
      13,
      34,
      21,
      33,
      24,
      16,
      4,
      0,
      17,
      8,
      47,
      26,
      37,
      27,
      2,
      6,
      43,
      18,
      10,
      45,
      3,
      22,
      5,
      31,
      9,
      39
    ]
  },
  "best_seen": {
    "discrete_mse": 5.423336505889893,
    "order": [
      [
        59,
        52
      ],
      [
        39,
        30
      ],
      [
        73,
        75
      ],
      [
        95,
        93
      ],
      [
        56,
        82
      ],
      [
        44,
        78
      ],
      [
        37,
        80
      ],
      [
        42,
        29
      ],
      [
        69,
        55
      ],
      [
        58,
        83
      ],
      [
        94,
        38
      ],
      [
        35,
        90
      ],
      [
        18,
        72
      ],
      [
        86,
        19
      ],
      [
        10,
        24
      ],
      [
        50,
        7
      ],
      [
        15,
        67
      ],
      [
        68,
        47
      ],
      [
        48,
        57
      ],
      [
        31,
        63
      ],
      [
        3,
        25
      ],
      [
        28,
        36
      ],
      [
        87,
        26
      ],
      [
        1,
        71
      ],
      [
        14,
        40
      ],
      [
        64,
        70
      ],
      [
        5,
        51
      ],
      [
        4,
        6
      ],
      [
        77,
        11
      ],
      [
        62,
        20
      ],
      [
        65,
        33
      ],
      [
        81,
        96
      ],
      [
        16,
        12
      ],
      [
        91,
        53
      ],
      [
        43,
        76
      ],
      [
        23,
        54
      ],
      [
        45,
        8
      ],
      [
        27,
        17
      ],
      [
        84,
        89
      ],
      [
        74,
        34
      ],
      [
        60,
        22
      ],
      [
        2,
        92
      ],
      [
        13,
        9
      ],
      [
        41,
        46
      ],
      [
        0,
        32
      ],
      [
        61,
        66
      ],
      [
        88,
        21
      ],
      [
        49,
        79
      ]
    ],
    "in_cols": [
      29,
      18,
      37,
      47,
      27,
      22,
      17,
      20,
      36,
      28,
      46,
      16,
      11,
      42,
      6,
      26,
      9,
      35,
      24,
      15,
      3,
      14,
      43,
      1,
      8,
      33,
      5,
      4,
      39,
      32,
      34,
      40,
      10,
      45,
      21,
      12,
      23,
      13,
      41,
      38,
      30,
      2,
      7,
      19,
      0,
      31,
      44,
      25
    ],
    "out_cols": [
      25,
      15,
      36,
      46,
      41,
      38,
      40,
      14,
      28,
      42,
      20,
      44,
      35,
      7,
      11,
      1,
      32,
      23,
      29,
      30,
      12,
      19,
      13,
      34,
      21,
      33,
      24,
      0,
      4,
      8,
      17,
      47,
      5,
      26,
      37,
      27,
      2,
      6,
      43,
      18,
      10,
      45,
      3,
      22,
      16,
      31,
      9,
      39
    ]
  }
}