{
  "config": {
    "steps": 700,
    "lr": 0.015,
    "tau_start": 1.0,
    "tau_end": 0.025,
    "sinkhorn_iters": 30,
    "lambda_ent": 0.0001,
    "train_subsample": 0,
    "seed": 8904,
    "device": "cuda"
  },
  "final": {
    "soft_mse_full": 0.32601967453956604,
    "discrete_mse": 26.83763313293457,
    "hash_match": false,
    "perm_str": "59,72,74,52,95,63,39,55,56,30,44,82,68,93,94,80,42,38,58,29,18,78,86,90,1,40,10,19,73,7,37,57,15,67,48,47,35,24,31,36,3,26,50,66,28,71,87,25,14,17,77,11,5,51,81,6,0,33,43,70,45,92,16,20,65,96,62,32,91,53,27,54,13,83,2,89,84,76,60,79,41,34,61,46,64,9,23,22,88,75,4,21,69,12,49,8,85",
    "in_cols": [
      29,
      38,
      47,
      18,
      27,
      22,
      35,
      46,
      20,
      28,
      11,
      42,
      1,
      6,
      37,
      17,
      9,
      24,
      16,
      15,
      3,
      26,
      14,
      43,
      8,
      39,
      5,
      40,
      0,
      21,
      23,
      10,
      34,
      32,
      45,
      13,
      7,
      2,
      41,
      30,
      19,
      31,
      33,
      12,
      44,
      4,
      36,
      25
    ],
    "out_cols": [
      35,
      25,
      30,
      28,
      15,
      41,
      46,
      40,
      20,
      14,
      38,
      44,
      21,
      7,
      1,
      29,
      32,
      23,
      11,
      19,
      13,
      31,
      34,
      12,
      6,
      4,
      24,
      0,
      17,
      33,
      45,
      8,
      47,
      16,
      26,
      27,
      42,
      43,
      37,
      39,
      18,
      22,
      3,
      10,
      36,
      9,
      5,
      2
    ]
  },
  "best_seen": {
    "discrete_mse": 51.21720504760742,
    "order": [
      [
        31,
        80
      ],
      [
        37,
        78
      ],
      [
        81,
        34
      ],
      [
        28,
        67
      ],
      [
        87,
        38
      ],
      [
        43,
        36
      ],
      [
        95,
        51
      ],
      [
        69,
        53
      ],
      [
        18,
        70
      ],
      [
        39,
        9
      ],
      [
        86,
        79
      ],
      [
        74,
        20
      ],
      [
        10,
        47
      ],
      [
        91,
        57
      ],
      [
        27,
        72
      ],
      [
        77,
        52
      ],
      [
        84,
        24
      ],
      [
        68,
        54
      ],
      [
        42,
        82
      ],
      [
        5,
        92
      ],
      [
        49,
        96
      ],
      [
        0,
        83
      ],
      [
        3,
        17
      ],
      [
        61,
        66
      ],
      [
        13,
        22
      ],
      [
        65,
        71
      ],
      [
        1,
        32
      ],
      [
        44,
        63
      ],
      [
        58,
        30
      ],
      [
        60,
        7
      ],
      [
        50,
        11
      ],
      [
        41,
        19
      ],
      [
        56,
        26
      ],
      [
        94,
        12
      ],
      [
        62,
        21
      ],
      [
        4,
        25
      ],
      [
        14,
        93
      ],
      [
        45,
        40
      ],
      [
        88,
        33
      ],
      [
        48,
        75
      ],
      [
        2,
        89
      ],
      [
        23,
        90
      ],
      [
        59,
        8
      ],
      [
        73,
        29
      ],
      [
        15,
        55
      ],
      [
        64,
        76
      ],
      [
        35,
        6
      ],
      [
        16,
        46
      ]
    ],
    "in_cols": [
      15,
      17,
      40,
      14,
      43,
      21,
      47,
      36,
      11,
      18,
      42,
      38,
      6,
      45,
      13,
      39,
      41,
      35,
      20,
      5,
      25,
      0,
      3,
      31,
      7,
      34,
      1,
      22,
      28,
      30,
      26,
      19,
      27,
      46,
      32,
      4,
      8,
      23,
      44,
      24,
      2,
      12,
      29,
      37,
      9,
      33,
      16,
      10
    ],
    "out_cols": [
      40,
      38,
      18,
      32,
      20,
      19,
      24,
      26,
      33,
      3,
      39,
      8,
      23,
      29,
      35,
      25,
      11,
      27,
      41,
      45,
      47,
      42,
      6,
      31,
      10,
      34,
      16,
      30,
      15,
      1,
      4,
      7,
      13,
      5,
      9,
      12,
      46,
      21,
      17,
      36,
      43,
      44,
      2,
      14,
      28,
      37,
      0,
      22
    ]
  }
}