{
  "config": {
    "steps": 700,
    "lr": 0.02,
    "tau_start": 1.0,
    "tau_end": 0.03,
    "sinkhorn_iters": 30,
    "lambda_ent": 0.0003,
    "train_subsample": 0,
    "seed": 22103,
    "device": "cuda"
  },
  "final": {
    "soft_mse_full": 0.3316655158996582,
    "discrete_mse": 69.79536437988281,
    "hash_match": false,
    "perm_str": "59,52,39,30,95,72,86,63,56,82,44,78,73,80,42,29,74,55,58,93,94,71,18,25,48,90,28,19,15,67,62,57,37,47,35,24,3,26,87,12,50,66,31,36,1,38,23,7,64,40,14,34,5,17,77,11,91,33,4,32,81,6,43,20,16,96,60,92,65,53,61,70,49,54,13,9,10,8,84,79,27,46,68,22,41,75,45,83,69,51,0,76,2,21,88,89,85",
    "in_cols": [
      29,
      18,
      47,
      42,
      27,
      22,
      37,
      20,
      38,
      28,
      46,
      11,
      24,
      14,
      9,
      32,
      17,
      16,
      3,
      43,
      26,
      15,
      1,
      12,
      33,
      8,
      5,
      39,
      45,
      4,
      40,
      21,
      10,
      30,
      34,
      31,
      25,
      7,
      6,
      41,
      13,
      35,
      19,
      23,
      36,
      0,
      2,
      44
    ],
    "out_cols": [
      25,
      15,
      35,
      30,
      41,
      38,
      40,
      14,
      28,
      46,
      34,
      12,
      44,
      7,
      32,
      29,
      23,
      11,
      13,
      5,
      31,
      19,
      20,
      1,
      21,
      18,
      6,
      4,
      17,
      16,
      0,
      8,
      47,
      45,
      26,
      33,
      27,
      3,
      2,
      39,
      22,
      10,
      36,
      42,
      24,
      37,
      9,
      43
    ]
  },
  "best_seen": {
    "discrete_mse": 12.144441604614258,
    "order": [
      [
        23,
        52
      ],
      [
        35,
        66
      ],
      [
        1,
        21
      ],
      [
        60,
        57
      ],
      [
        49,
        26
      ],
      [
        16,
        96
      ],
      [
        64,
        11
      ],
      [
        50,
        32
      ],
      [
        86,
        29
      ],
      [
        59,
        25
      ],
      [
        65,
        80
      ],
      [
        18,
        63
      ],
      [
        41,
        22
      ],
      [
        14,
        79
      ],
      [
        84,
        12
      ],
      [
        4,
        89
      ],
      [
        87,
        38
      ],
      [
        5,
        34
      ],
      [
        13,
        54
      ],
      [
        45,
        78
      ],
      [
        81,
        19
      ],
      [
        88,
        53
      ],
      [
        68,
        72
      ],
      [
        69,
        33
      ],
      [
        28,
        90
      ],
      [
        0,
        55
      ],
      [
        61,
        75
      ],
      [
        44,
        67
      ],
      [
        15,
        6
      ],
      [
        43,
        7
      ],
      [
        31,
        47
      ],
      [
        58,
        17
      ],
      [
        62,
        36
      ],
      [
        94,
        76
      ],
      [
        73,
        93
      ],
      [
        56,
        24
      ],
      [
        2,
        83
      ],
      [
        48,
        9
      ],
      [
        10,
        92
      ],
      [
        27,
        51
      ],
      [
        42,
        30
      ],
      [
        74,
        20
      ],
      [
        37,
        82
      ],
      [
        77,
        46
      ],
      [
        91,
        8
      ],
      [
        95,
        71
      ],
      [
        3,
        70
      ],
      [
        39,
        40
      ]
    ],
    "in_cols": [
      12,
      16,
      1,
      30,
      25,
      10,
      33,
      26,
      42,
      29,
      34,
      11,
      19,
      8,
      41,
      4,
      43,
      5,
      7,
      23,
      40,
      44,
      35,
      36,
      14,
      0,
      31,
      22,
      9,
      21,
      15,
      28,
      32,
      46,
      37,
      27,
      2,
      24,
      6,
      13,
      20,
      38,
      17,
      39,
      45,
      47,
      3,
      18
    ],
    "out_cols": [
      25,
      31,
      9,
      29,
      13,
      47,
      4,
      16,
      14,
      12,
      40,
      30,
      10,
      39,
      5,
      43,
      20,
      18,
      27,
      38,
      7,
      26,
      35,
      17,
      44,
      28,
      36,
      32,
      0,
      1,
      23,
      6,
      19,
      37,
      46,
      11,
      42,
      3,
      45,
      24,
      15,
      8,
      41,
      22,
      2,
      34,
      33,
      21
    ]
  }
}