{
  "config": {
    "steps": 900,
    "lr": 0.03,
    "tau_start": 1.0,
    "tau_end": 0.03,
    "sinkhorn_iters": 30,
    "lambda_ent": 0.0003,
    "train_subsample": 4096,
    "seed": 20601,
    "device": "cuda"
  },
  "final": {
    "soft_mse_full": 0.35674160718917847,
    "discrete_mse": 29.341886520385742,
    "hash_match": false,
    "perm_str": "39,72,59,52,45,55,56,82,95,63,14,78,42,29,49,93,94,80,18,30,58,90,87,71,28,19,35,24,15,67,73,66,37,57,86,7,68,47,1,40,3,53,31,36,23,38,50,26,16,21,64,70,91,25,77,11,62,32,4,6,5,51,65,33,48,20,81,96,43,17,13,89,0,76,74,83,41,75,61,12,44,54,2,9,10,8,84,79,60,34,69,92,27,46,88,22,85",
    "in_cols": [
      18,
      29,
      23,
      27,
      47,
      8,
      20,
      25,
      46,
      11,
      28,
      43,
      14,
      16,
      9,
      37,
      17,
      42,
      35,
      1,
      3,
      15,
      12,
      26,
      10,
      33,
      45,
      39,
      32,
      4,
      5,
      34,
      24,
      40,
      21,
      7,
      0,
      38,
      19,
      31,
      22,
      2,
      6,
      41,
      30,
      36,
      13,
      44
    ],
    "out_cols": [
      35,
      25,
      28,
      41,
      30,
      38,
      14,
      46,
      40,
      15,
      44,
      34,
      7,
      11,
      32,
      31,
      29,
      1,
      23,
      21,
      26,
      19,
      20,
      13,
      9,
      33,
      12,
      4,
      16,
      0,
      24,
      17,
      8,
      47,
      6,
      43,
      37,
      42,
      36,
      5,
      27,
      3,
      2,
      39,
      18,
      45,
      22,
      10
    ]
  },
  "best_seen": {
    "discrete_mse": 7.458016395568848,
    "order": [
      [
        39,
        72
      ],
      [
        59,
        52
      ],
      [
        65,
        55
      ],
      [
        56,
        82
      ],
      [
        95,
        63
      ],
      [
        58,
        78
      ],
      [
        42,
        29
      ],
      [
        77,
        93
      ],
      [
        94,
        80
      ],
      [
        69,
        30
      ],
      [
        18,
        90
      ],
      [
        87,
        71
      ],
      [
        28,
        19
      ],
      [
        35,
        24
      ],
      [
        15,
        67
      ],
      [
        73,
        25
      ],
      [
        50,
        57
      ],
      [
        86,
        7
      ],
      [
        68,
        47
      ],
      [
        37,
        40
      ],
      [
        3,
        53
      ],
      [
        31,
        36
      ],
      [
        23,
        38
      ],
      [
        1,
        12
      ],
      [
        14,
        21
      ],
      [
        64,
        70
      ],
      [
        91,
        92
      ],
      [
        81,
        11
      ],
      [
        62,
        32
      ],
      [
        4,
        6
      ],
      [
        5,
        51
      ],
      [
        45,
        33
      ],
      [
        48,
        20
      ],
      [
        16,
        96
      ],
      [
        43,
        17
      ],
      [
        13,
        89
      ],
      [
        0,
        76
      ],
      [
        74,
        83
      ],
      [
        41,
        75
      ],
      [
        61,
        66
      ],
      [
        44,
        54
      ],
      [
        2,
        9
      ],
      [
        10,
        8
      ],
      [
        84,
        79
      ],
      [
        49,
        34
      ],
      [
        60,
        26
      ],
      [
        27,
        46
      ],
      [
        88,
        22
      ]
    ],
    "in_cols": [
      18,
      29,
      34,
      27,
      47,
      28,
      20,
      39,
      46,
      36,
      11,
      43,
      14,
      16,
      9,
      37,
      26,
      42,
      35,
      17,
      3,
      15,
      12,
      1,
      8,
      33,
      45,
      40,
      32,
      4,
      5,
      23,
      24,
      10,
      21,
      7,
      0,
      38,
      19,
      31,
      22,
      2,
      6,
      41,
      25,
      30,
      13,
      44
    ],
    "out_cols": [
      35,
      25,
      28,
      41,
      30,
      38,
      14,
      46,
      40,
      15,
      44,
      34,
      7,
      11,
      32,
      12,
      29,
      1,
      23,
      21,
      26,
      19,
      20,
      5,
      9,
      33,
      45,
      4,
      16,
      0,
      24,
      17,
      8,
      47,
      6,
      43,
      37,
      42,
      36,
      31,
      27,
      3,
      2,
      39,
      18,
      13,
      22,
      10
    ]
  }
}