{
  "config": {
    "steps": 900,
    "lr": 0.03,
    "tau_start": 1.0,
    "tau_end": 0.028,
    "sinkhorn_iters": 30,
    "lambda_ent": 0.0003,
    "train_subsample": 4096,
    "seed": 17902,
    "device": "cuda"
  },
  "final": {
    "soft_mse_full": 0.3819124400615692,
    "discrete_mse": 57.222991943359375,
    "hash_match": false,
    "perm_str": "95,52,31,72,39,55,74,80,73,82,44,29,42,93,86,38,58,78,18,40,15,67,56,30,87,90,35,19,48,47,59,57,50,7,94,26,10,24,68,63,3,53,28,36,23,25,1,71,14,17,61,20,81,75,4,70,77,11,5,6,45,33,27,51,62,96,91,92,0,83,60,89,13,9,65,22,41,34,84,54,16,32,2,46,69,79,64,66,49,21,43,12,37,76,88,8,85",
    "in_cols": [
      47,
      15,
      18,
      38,
      37,
      22,
      20,
      42,
      28,
      11,
      9,
      27,
      43,
      16,
      24,
      29,
      26,
      46,
      6,
      35,
      3,
      14,
      12,
      1,
      8,
      31,
      40,
      4,
      39,
      5,
      23,
      13,
      32,
      45,
      0,
      30,
      7,
      34,
      19,
      41,
      10,
      2,
      36,
      33,
      25,
      21,
      17,
      44
    ],
    "out_cols": [
      25,
      35,
      28,
      40,
      41,
      14,
      46,
      20,
      38,
      21,
      32,
      15,
      44,
      7,
      23,
      29,
      1,
      13,
      11,
      30,
      26,
      19,
      12,
      34,
      6,
      8,
      36,
      33,
      4,
      0,
      17,
      24,
      47,
      45,
      42,
      43,
      3,
      10,
      18,
      27,
      16,
      22,
      39,
      31,
      9,
      5,
      37,
      2
    ]
  },
  "best_seen": {
    "discrete_mse": 31.981477737426758,
    "order": [
      [
        95,
        52
      ],
      [
        39,
        72
      ],
      [
        73,
        55
      ],
      [
        74,
        80
      ],
      [
        56,
        19
      ],
      [
        44,
        82
      ],
      [
        42,
        93
      ],
      [
        86,
        38
      ],
      [
        58,
        78
      ],
      [
        37,
        29
      ],
      [
        15,
        67
      ],
      [
        18,
        30
      ],
      [
        87,
        90
      ],
      [
        35,
        24
      ],
      [
        48,
        40
      ],
      [
        59,
        57
      ],
      [
        50,
        7
      ],
      [
        94,
        26
      ],
      [
        10,
        47
      ],
      [
        68,
        63
      ],
      [
        3,
        53
      ],
      [
        28,
        36
      ],
      [
        31,
        25
      ],
      [
        1,
        71
      ],
      [
        14,
        17
      ],
      [
        61,
        20
      ],
      [
        81,
        75
      ],
      [
        4,
        70
      ],
      [
        77,
        11
      ],
      [
        5,
        6
      ],
      [
        45,
        33
      ],
      [
        27,
        51
      ],
      [
        62,
        96
      ],
      [
        91,
        92
      ],
      [
        0,
        83
      ],
      [
        60,
        89
      ],
      [
        13,
        9
      ],
      [
        65,
        22
      ],
      [
        41,
        34
      ],
      [
        84,
        54
      ],
      [
        16,
        32
      ],
      [
        2,
        46
      ],
      [
        69,
        79
      ],
      [
        64,
        66
      ],
      [
        49,
        21
      ],
      [
        23,
        12
      ],
      [
        43,
        76
      ],
      [
        88,
        8
      ]
    ],
    "in_cols": [
      47,
      18,
      37,
      38,
      27,
      22,
      20,
      42,
      28,
      17,
      9,
      11,
      43,
      16,
      24,
      29,
      26,
      46,
      6,
      35,
      3,
      14,
      15,
      1,
      8,
      31,
      40,
      4,
      39,
      5,
      23,
      13,
      32,
      45,
      0,
      30,
      7,
      34,
      19,
      41,
      10,
      2,
      36,
      33,
      25,
      12,
      21,
      44
    ],
    "out_cols": [
      25,
      35,
      28,
      40,
      7,
      41,
      46,
      20,
      38,
      14,
      32,
      15,
      44,
      11,
      21,
      29,
      1,
      13,
      23,
      30,
      26,
      19,
      12,
      34,
      6,
      8,
      36,
      33,
      4,
      0,
      17,
      24,
      47,
      45,
      42,
      43,
      3,
      10,
      18,
      27,
      16,
      22,
      39,
      31,
      9,
      5,
      37,
      2
    ]
  }
}