{
  "config": {
    "steps": 700,
    "lr": 0.02,
    "tau_start": 1.0,
    "tau_end": 0.03,
    "sinkhorn_iters": 30,
    "lambda_ent": 0.0003,
    "train_subsample": 0,
    "seed": 21903,
    "device": "cuda"
  },
  "final": {
    "soft_mse_full": 0.36371636390686035,
    "discrete_mse": 126.4798355102539,
    "hash_match": false,
    "perm_str": "59,52,39,72,95,78,42,80,56,30,44,82,74,55,68,29,88,93,58,83,94,7,18,36,1,90,73,67,10,47,28,19,15,57,37,40,35,24,31,25,3,26,50,66,87,71,23,38,81,75,77,76,14,17,5,51,27,11,4,6,48,70,62,20,45,33,16,96,65,54,91,53,41,34,86,89,2,63,49,21,13,9,69,32,84,79,43,8,61,12,0,92,60,22,64,46,85",
    "in_cols": [
      29,
      18,
      47,
      20,
      27,
      22,
      38,
      35,
      44,
      28,
      46,
      11,
      1,
      37,
      6,
      14,
      9,
      17,
      16,
      15,
      3,
      26,
      43,
      12,
      40,
      39,
      8,
      5,
      13,
      4,
      24,
      32,
      23,
      10,
      34,
      45,
      19,
      42,
      2,
      25,
      7,
      36,
      41,
      21,
      31,
      0,
      30,
      33
    ],
    "out_cols": [
      25,
      35,
      38,
      40,
      15,
      41,
      28,
      14,
      46,
      42,
      1,
      19,
      44,
      32,
      23,
      7,
      29,
      21,
      11,
      12,
      13,
      31,
      34,
      20,
      36,
      37,
      6,
      24,
      4,
      0,
      33,
      8,
      17,
      47,
      27,
      26,
      18,
      43,
      30,
      9,
      3,
      16,
      39,
      2,
      5,
      45,
      10,
      22
    ]
  },
  "best_seen": {
    "discrete_mse": 32.38862991333008,
    "order": [
      [
        94,
        89
      ],
      [
        59,
        54
      ],
      [
        31,
        82
      ],
      [
        43,
        36
      ],
      [
        5,
        8
      ],
      [
        35,
        79
      ],
      [
        13,
        26
      ],
      [
        2,
        51
      ],
      [
        60,
        11
      ],
      [
        73,
        78
      ],
      [
        56,
        83
      ],
      [
        48,
        19
      ],
      [
        62,
        22
      ],
      [
        50,
        21
      ],
      [
        15,
        33
      ],
      [
        44,
        70
      ],
      [
        69,
        25
      ],
      [
        16,
        66
      ],
      [
        14,
        9
      ],
      [
        18,
        75
      ],
      [
        95,
        46
      ],
      [
        27,
        53
      ],
      [
        91,
        29
      ],
      [
        49,
        34
      ],
      [
        64,
        90
      ],
      [
        68,
        67
      ],
      [
        39,
        6
      ],
      [
        1,
        17
      ],
      [
        74,
        12
      ],
      [
        65,
        63
      ],
      [
        88,
        7
      ],
      [
        4,
        92
      ],
      [
        42,
        47
      ],
      [
        23,
        32
      ],
      [
        86,
        93
      ],
      [
        41,
        55
      ],
      [
        81,
        57
      ],
      [
        87,
        52
      ],
      [
        28,
        30
      ],
      [
        0,
        96
      ],
      [
        10,
        76
      ],
      [
        37,
        38
      ],
      [
        45,
        72
      ],
      [
        77,
        40
      ],
      [
        61,
        80
      ],
      [
        84,
        20
      ],
      [
        3,
        24
      ],
      [
        58,
        71
      ]
    ],
    "in_cols": [
      46,
      29,
      15,
      21,
      5,
      16,
      7,
      2,
      30,
      37,
      27,
      24,
      32,
      26,
      9,
      22,
      36,
      10,
      8,
      11,
      47,
      13,
      45,
      25,
      33,
      35,
      18,
      1,
      38,
      34,
      44,
      4,
      20,
      12,
      42,
      19,
      40,
      43,
      14,
      0,
      6,
      17,
      23,
      39,
      31,
      41,
      3,
      28
    ],
    "out_cols": [
      43,
      27,
      41,
      19,
      2,
      39,
      13,
      24,
      4,
      38,
      42,
      7,
      10,
      9,
      17,
      33,
      12,
      31,
      3,
      36,
      22,
      26,
      14,
      18,
      44,
      32,
      0,
      6,
      5,
      30,
      1,
      45,
      23,
      16,
      46,
      28,
      29,
      25,
      15,
      47,
      37,
      20,
      35,
      21,
      40,
      8,
      11,
      34
    ]
  }
}