{
  "config": {
    "steps": 900,
    "lr": 0.03,
    "tau_start": 1.0,
    "tau_end": 0.028,
    "sinkhorn_iters": 30,
    "lambda_ent": 0.0003,
    "train_subsample": 4096,
    "seed": 13902,
    "device": "cuda"
  },
  "final": {
    "soft_mse_full": 0.36903059482574463,
    "discrete_mse": 50.95974349975586,
    "hash_match": false,
    "perm_str": "95,75,59,30,39,52,74,72,73,8,44,82,1,80,42,29,69,93,58,78,35,90,18,47,86,38,48,7,3,19,15,67,37,57,87,24,50,71,94,26,14,63,31,36,28,12,27,40,84,25,81,11,65,92,23,51,91,55,4,6,5,70,16,20,62,96,77,33,61,53,13,83,49,54,41,17,2,9,10,34,68,66,60,22,0,32,45,79,43,76,88,89,64,21,56,46,85",
    "in_cols": [
      47,
      29,
      18,
      38,
      37,
      22,
      1,
      20,
      36,
      28,
      16,
      11,
      42,
      24,
      3,
      9,
      17,
      43,
      26,
      46,
      8,
      15,
      14,
      13,
      41,
      40,
      34,
      12,
      45,
      4,
      5,
      10,
      32,
      39,
      31,
      7,
      25,
      19,
      2,
      6,
      35,
      30,
      0,
      23,
      21,
      44,
      33,
      27
    ],
    "out_cols": [
      36,
      15,
      25,
      35,
      2,
      41,
      40,
      14,
      46,
      38,
      44,
      23,
      20,
      1,
      7,
      32,
      29,
      11,
      34,
      13,
      30,
      19,
      5,
      21,
      12,
      4,
      45,
      24,
      28,
      0,
      33,
      8,
      47,
      17,
      26,
      42,
      27,
      6,
      3,
      18,
      31,
      10,
      16,
      39,
      37,
      43,
      9,
      22
    ]
  },
  "best_seen": {
    "discrete_mse": 4.181180000305176,
    "order": [
      [
        73,
        75
      ],
      [
        59,
        30
      ],
      [
        39,
        52
      ],
      [
        0,
        72
      ],
      [
        95,
        63
      ],
      [
        44,
        82
      ],
      [
        74,
        80
      ],
      [
        42,
        29
      ],
      [
        23,
        93
      ],
      [
        58,
        78
      ],
      [
        35,
        90
      ],
      [
        18,
        47
      ],
      [
        86,
        38
      ],
      [
        37,
        7
      ],
      [
        3,
        19
      ],
      [
        15,
        67
      ],
      [
        50,
        57
      ],
      [
        68,
        24
      ],
      [
        87,
        71
      ],
      [
        94,
        26
      ],
      [
        1,
        8
      ],
      [
        31,
        36
      ],
      [
        28,
        12
      ],
      [
        27,
        40
      ],
      [
        84,
        25
      ],
      [
        81,
        11
      ],
      [
        65,
        92
      ],
      [
        5,
        51
      ],
      [
        91,
        76
      ],
      [
        4,
        6
      ],
      [
        48,
        70
      ],
      [
        16,
        20
      ],
      [
        62,
        96
      ],
      [
        77,
        33
      ],
      [
        61,
        53
      ],
      [
        13,
        83
      ],
      [
        49,
        54
      ],
      [
        41,
        17
      ],
      [
        2,
        55
      ],
      [
        10,
        34
      ],
      [
        69,
        66
      ],
      [
        60,
        22
      ],
      [
        14,
        32
      ],
      [
        45,
        79
      ],
      [
        43,
        9
      ],
      [
        88,
        89
      ],
      [
        64,
        21
      ],
      [
        56,
        46
      ]
    ],
    "in_cols": [
      37,
      29,
      18,
      0,
      47,
      22,
      38,
      20,
      12,
      28,
      16,
      11,
      42,
      17,
      3,
      9,
      26,
      35,
      43,
      46,
      1,
      15,
      14,
      13,
      41,
      40,
      34,
      5,
      45,
      4,
      24,
      10,
      32,
      39,
      31,
      7,
      25,
      19,
      2,
      6,
      36,
      30,
      8,
      23,
      21,
      44,
      33,
      27
    ],
    "out_cols": [
      36,
      15,
      25,
      35,
      30,
      41,
      40,
      14,
      46,
      38,
      44,
      23,
      20,
      1,
      7,
      32,
      29,
      11,
      34,
      13,
      2,
      19,
      5,
      21,
      12,
      4,
      45,
      24,
      37,
      0,
      33,
      8,
      47,
      17,
      26,
      42,
      27,
      6,
      28,
      18,
      31,
      10,
      16,
      39,
      3,
      43,
      9,
      22
    ]
  }
}