{
  "config": {
    "steps": 900,
    "lr": 0.03,
    "tau_start": 1.0,
    "tau_end": 0.028,
    "sinkhorn_iters": 30,
    "lambda_ent": 0.0003,
    "train_subsample": 4096,
    "seed": 19702,
    "device": "cuda"
  },
  "final": {
    "soft_mse_full": 0.3891952335834503,
    "discrete_mse": 43.037567138671875,
    "hash_match": false,
    "perm_str": "95,52,39,25,59,72,73,55,1,93,56,82,44,78,42,29,69,83,58,30,88,63,35,53,18,38,15,67,86,90,37,7,68,47,10,24,31,36,94,80,3,57,14,26,28,40,87,71,64,12,5,11,77,20,62,6,81,51,65,89,45,92,50,33,16,96,2,32,48,70,0,76,61,75,13,9,74,8,27,46,4,21,49,17,23,54,91,66,84,34,43,22,41,79,60,19,85",
    "in_cols": [
      47,
      18,
      29,
      37,
      1,
      27,
      22,
      20,
      36,
      28,
      44,
      16,
      11,
      9,
      42,
      17,
      35,
      6,
      15,
      46,
      3,
      8,
      14,
      43,
      33,
      5,
      39,
      32,
      40,
      34,
      23,
      26,
      10,
      2,
      24,
      0,
      31,
      7,
      38,
      13,
      4,
      25,
      12,
      45,
      41,
      21,
      19,
      30
    ],
    "out_cols": [
      25,
      12,
      35,
      28,
      46,
      41,
      38,
      14,
      42,
      15,
      30,
      26,
      20,
      32,
      44,
      1,
      23,
      11,
      19,
      40,
      29,
      13,
      21,
      34,
      5,
      4,
      8,
      0,
      24,
      43,
      45,
      17,
      47,
      16,
      33,
      37,
      36,
      3,
      2,
      22,
      9,
      6,
      27,
      31,
      18,
      10,
      39,
      7
    ]
  },
  "best_seen": {
    "discrete_mse": 14.800793647766113,
    "order": [
      [
        95,
        52
      ],
      [
        73,
        25
      ],
      [
        39,
        72
      ],
      [
        74,
        55
      ],
      [
        1,
        93
      ],
      [
        56,
        82
      ],
      [
        44,
        78
      ],
      [
        42,
        29
      ],
      [
        69,
        83
      ],
      [
        58,
        30
      ],
      [
        88,
        80
      ],
      [
        35,
        63
      ],
      [
        18,
        53
      ],
      [
        15,
        67
      ],
      [
        86,
        90
      ],
      [
        37,
        7
      ],
      [
        68,
        47
      ],
      [
        10,
        24
      ],
      [
        31,
        36
      ],
      [
        94,
        38
      ],
      [
        3,
        57
      ],
      [
        14,
        26
      ],
      [
        28,
        40
      ],
      [
        87,
        71
      ],
      [
        64,
        12
      ],
      [
        5,
        11
      ],
      [
        77,
        20
      ],
      [
        62,
        6
      ],
      [
        81,
        51
      ],
      [
        65,
        89
      ],
      [
        91,
        92
      ],
      [
        45,
        33
      ],
      [
        16,
        96
      ],
      [
        50,
        32
      ],
      [
        48,
        70
      ],
      [
        0,
        76
      ],
      [
        61,
        75
      ],
      [
        13,
        9
      ],
      [
        59,
        8
      ],
      [
        27,
        46
      ],
      [
        4,
        21
      ],
      [
        49,
        17
      ],
      [
        23,
        54
      ],
      [
        41,
        66
      ],
      [
        2,
        34
      ],
      [
        43,
        22
      ],
      [
        84,
        79
      ],
      [
        60,
        19
      ]
    ],
    "in_cols": [
      47,
      37,
      18,
      38,
      1,
      27,
      22,
      20,
      36,
      28,
      44,
      16,
      11,
      9,
      42,
      17,
      35,
      6,
      15,
      46,
      3,
      8,
      14,
      43,
      33,
      5,
      39,
      32,
      40,
      34,
      45,
      23,
      10,
      26,
      24,
      0,
      31,
      7,
      29,
      13,
      4,
      25,
      12,
      19,
      2,
      21,
      41,
      30
    ],
    "out_cols": [
      25,
      12,
      35,
      28,
      46,
      41,
      38,
      14,
      42,
      15,
      40,
      30,
      26,
      32,
      44,
      1,
      23,
      11,
      19,
      20,
      29,
      13,
      21,
      34,
      5,
      4,
      8,
      0,
      24,
      43,
      45,
      17,
      47,
      16,
      33,
      37,
      36,
      3,
      2,
      22,
      9,
      6,
      27,
      31,
      18,
      10,
      39,
      7
    ]
  }
}