{
  "config": {
    "steps": 900,
    "lr": 0.03,
    "tau_start": 1.0,
    "tau_end": 0.028,
    "sinkhorn_iters": 30,
    "lambda_ent": 0.0003,
    "train_subsample": 4096,
    "seed": 9002,
    "device": "cuda"
  },
  "final": {
    "soft_mse_full": 0.6289364099502563,
    "discrete_mse": 5.483384132385254,
    "hash_match": false,
    "perm_str": "59,52,39,30,23,78,95,63,42,55,44,82,74,93,88,29,68,90,86,7,18,25,94,53,15,67,28,19,73,47,48,21,10,80,37,57,35,24,31,40,3,26,50,66,1,38,87,71,77,36,62,75,5,6,14,17,13,11,91,92,81,20,4,72,27,33,16,96,65,89,0,12,84,8,2,70,41,46,49,83,61,51,45,9,64,54,69,32,58,79,56,34,60,22,43,76,85",
    "in_cols": [
      29,
      18,
      12,
      47,
      20,
      22,
      38,
      44,
      35,
      42,
      11,
      46,
      9,
      14,
      37,
      24,
      6,
      17,
      16,
      15,
      3,
      26,
      1,
      43,
      39,
      32,
      5,
      8,
      7,
      45,
      40,
      4,
      13,
      10,
      34,
      0,
      41,
      2,
      19,
      25,
      31,
      23,
      33,
      36,
      28,
      27,
      30,
      21
    ],
    "out_cols": [
      25,
      15,
      38,
      30,
      28,
      41,
      46,
      14,
      44,
      1,
      12,
      26,
      32,
      7,
      23,
      9,
      40,
      29,
      11,
      21,
      13,
      31,
      20,
      34,
      19,
      36,
      0,
      6,
      4,
      45,
      8,
      35,
      17,
      47,
      43,
      5,
      2,
      33,
      22,
      42,
      24,
      3,
      27,
      16,
      39,
      18,
      10,
      37
    ]
  },
  "best_seen": {
    "discrete_mse": 5.483384132385254,
    "order": [
      [
        59,
        52
      ],
      [
        39,
        30
      ],
      [
        23,
        78
      ],
      [
        95,
        63
      ],
      [
        42,
        55
      ],
      [
        44,
        82
      ],
      [
        74,
        93
      ],
      [
        88,
        29
      ],
      [
        68,
        90
      ],
      [
        86,
        7
      ],
      [
        18,
        25
      ],
      [
        94,
        53
      ],
      [
        15,
        67
      ],
      [
        28,
        19
      ],
      [
        73,
        47
      ],
      [
        48,
        21
      ],
      [
        10,
        80
      ],
      [
        37,
        57
      ],
      [
        35,
        24
      ],
      [
        31,
        40
      ],
      [
        3,
        26
      ],
      [
        50,
        66
      ],
      [
        1,
        38
      ],
      [
        87,
        71
      ],
      [
        77,
        36
      ],
      [
        62,
        75
      ],
      [
        5,
        6
      ],
      [
        14,
        17
      ],
      [
        13,
        11
      ],
      [
        91,
        92
      ],
      [
        81,
        20
      ],
      [
        4,
        72
      ],
      [
        27,
        33
      ],
      [
        16,
        96
      ],
      [
        65,
        89
      ],
      [
        0,
        12
      ],
      [
        84,
        8
      ],
      [
        2,
        70
      ],
      [
        41,
        46
      ],
      [
        49,
        83
      ],
      [
        61,
        51
      ],
      [
        45,
        9
      ],
      [
        64,
        54
      ],
      [
        69,
        32
      ],
      [
        58,
        79
      ],
      [
        56,
        34
      ],
      [
        60,
        22
      ],
      [
        43,
        76
      ]
    ],
    "in_cols": [
      29,
      18,
      12,
      47,
      20,
      22,
      38,
      44,
      35,
      42,
      11,
      46,
      9,
      14,
      37,
      24,
      6,
      17,
      16,
      15,
      3,
      26,
      1,
      43,
      39,
      32,
      5,
      8,
      7,
      45,
      40,
      4,
      13,
      10,
      34,
      0,
      41,
      2,
      19,
      25,
      31,
      23,
      33,
      36,
      28,
      27,
      30,
      21
    ],
    "out_cols": [
      25,
      15,
      38,
      30,
      28,
      41,
      46,
      14,
      44,
      1,
      12,
      26,
      32,
      7,
      23,
      9,
      40,
      29,
      11,
      21,
      13,
      31,
      20,
      34,
      19,
      36,
      0,
      6,
      4,
      45,
      8,
      35,
      17,
      47,
      43,
      5,
      2,
      33,
      22,
      42,
      24,
      3,
      27,
      16,
      39,
      18,
      10,
      37
    ]
  }
}