{
  "config": {
    "steps": 900,
    "lr": 0.03,
    "tau_start": 1.0,
    "tau_end": 0.03,
    "sinkhorn_iters": 30,
    "lambda_ent": 0.0003,
    "train_subsample": 4096,
    "seed": 16201,
    "device": "cuda"
  },
  "final": {
    "soft_mse_full": 0.3767194449901581,
    "discrete_mse": 41.04438781738281,
    "hash_match": false,
    "perm_str": "59,52,39,30,88,93,95,72,74,55,44,82,42,54,86,80,69,67,58,78,18,29,73,90,87,19,35,24,94,47,37,57,50,7,68,26,15,40,3,53,31,36,28,25,23,38,1,71,14,63,77,11,5,51,4,32,81,34,16,92,62,6,65,96,48,20,43,33,41,75,91,70,0,83,60,17,27,46,49,8,10,12,13,9,56,21,2,76,64,22,61,89,84,66,45,79,85",
    "in_cols": [
      29,
      18,
      44,
      47,
      38,
      22,
      20,
      42,
      36,
      28,
      11,
      37,
      43,
      16,
      46,
      17,
      26,
      35,
      9,
      3,
      15,
      14,
      12,
      1,
      8,
      39,
      5,
      4,
      40,
      10,
      32,
      34,
      24,
      21,
      19,
      45,
      0,
      30,
      13,
      25,
      6,
      7,
      27,
      2,
      33,
      31,
      41,
      23
    ],
    "out_cols": [
      25,
      15,
      46,
      35,
      28,
      41,
      27,
      40,
      32,
      38,
      14,
      44,
      7,
      11,
      23,
      29,
      1,
      13,
      21,
      26,
      19,
      12,
      20,
      34,
      30,
      4,
      24,
      16,
      18,
      45,
      0,
      47,
      8,
      17,
      36,
      33,
      42,
      6,
      22,
      2,
      5,
      3,
      9,
      37,
      10,
      43,
      31,
      39
    ]
  },
  "best_seen": {
    "discrete_mse": 7.980502128601074,
    "order": [
      [
        59,
        52
      ],
      [
        39,
        30
      ],
      [
        74,
        93
      ],
      [
        95,
        63
      ],
      [
        42,
        55
      ],
      [
        44,
        82
      ],
      [
        88,
        54
      ],
      [
        86,
        80
      ],
      [
        69,
        67
      ],
      [
        58,
        78
      ],
      [
        18,
        29
      ],
      [
        28,
        90
      ],
      [
        10,
        19
      ],
      [
        35,
        24
      ],
      [
        48,
        47
      ],
      [
        50,
        57
      ],
      [
        73,
        7
      ],
      [
        68,
        26
      ],
      [
        15,
        40
      ],
      [
        94,
        53
      ],
      [
        31,
        36
      ],
      [
        3,
        25
      ],
      [
        23,
        38
      ],
      [
        1,
        71
      ],
      [
        37,
        11
      ],
      [
        77,
        72
      ],
      [
        4,
        51
      ],
      [
        14,
        32
      ],
      [
        81,
        34
      ],
      [
        65,
        92
      ],
      [
        62,
        6
      ],
      [
        16,
        96
      ],
      [
        5,
        20
      ],
      [
        43,
        33
      ],
      [
        41,
        75
      ],
      [
        91,
        70
      ],
      [
        0,
        83
      ],
      [
        60,
        17
      ],
      [
        27,
        46
      ],
      [
        49,
        8
      ],
      [
        64,
        12
      ],
      [
        45,
        9
      ],
      [
        56,
        21
      ],
      [
        2,
        76
      ],
      [
        61,
        22
      ],
      [
        13,
        89
      ],
      [
        84,
        66
      ],
      [
        87,
        79
      ]
    ],
    "in_cols": [
      29,
      18,
      38,
      47,
      20,
      22,
      44,
      42,
      36,
      28,
      11,
      14,
      6,
      16,
      24,
      26,
      37,
      35,
      9,
      46,
      15,
      3,
      12,
      1,
      17,
      39,
      4,
      8,
      40,
      34,
      32,
      10,
      5,
      21,
      19,
      45,
      0,
      30,
      13,
      25,
      33,
      23,
      27,
      2,
      31,
      7,
      41,
      43
    ],
    "out_cols": [
      25,
      15,
      46,
      30,
      28,
      41,
      27,
      40,
      32,
      38,
      14,
      44,
      7,
      11,
      23,
      29,
      1,
      13,
      21,
      26,
      19,
      12,
      20,
      34,
      4,
      35,
      24,
      16,
      18,
      45,
      0,
      47,
      8,
      17,
      36,
      33,
      42,
      6,
      22,
      2,
      5,
      3,
      9,
      37,
      10,
      43,
      31,
      39
    ]
  }
}