{
  "config": {
    "steps": 700,
    "lr": 0.015,
    "tau_start": 1.0,
    "tau_end": 0.025,
    "sinkhorn_iters": 30,
    "lambda_ent": 0.0001,
    "train_subsample": 0,
    "seed": 14204,
    "device": "cuda"
  },
  "final": {
    "soft_mse_full": 0.32455405592918396,
    "discrete_mse": 84.03360748291016,
    "hash_match": false,
    "perm_str": "59,52,39,72,42,63,95,93,56,30,44,78,68,80,88,55,94,83,58,29,69,40,18,90,28,19,10,24,73,7,37,47,15,67,86,26,87,71,1,57,3,25,50,66,31,36,23,38,14,21,5,51,77,11,4,32,62,6,45,92,48,33,43,70,81,20,16,96,65,75,13,89,61,53,0,54,74,34,49,12,84,79,2,22,60,8,91,76,35,9,41,46,27,82,64,17,85",
    "in_cols": [
      29,
      18,
      20,
      47,
      27,
      22,
      35,
      44,
      46,
      28,
      36,
      11,
      14,
      6,
      37,
      17,
      9,
      42,
      43,
      1,
      3,
      26,
      15,
      12,
      8,
      5,
      39,
      4,
      32,
      23,
      24,
      21,
      40,
      10,
      34,
      7,
      31,
      0,
      38,
      25,
      41,
      2,
      30,
      45,
      16,
      19,
      13,
      33
    ],
    "out_cols": [
      25,
      35,
      30,
      46,
      15,
      38,
      40,
      28,
      42,
      14,
      21,
      44,
      7,
      11,
      1,
      23,
      32,
      13,
      34,
      29,
      12,
      31,
      19,
      20,
      9,
      24,
      4,
      16,
      0,
      45,
      17,
      33,
      8,
      47,
      36,
      43,
      26,
      27,
      18,
      5,
      39,
      10,
      2,
      37,
      3,
      22,
      41,
      6
    ]
  },
  "best_seen": {
    "discrete_mse": 4.487794399261475,
    "order": [
      [
        95,
        52
      ],
      [
        59,
        72
      ],
      [
        73,
        63
      ],
      [
        39,
        82
      ],
      [
        56,
        30
      ],
      [
        44,
        93
      ],
      [
        68,
        80
      ],
      [
        42,
        55
      ],
      [
        94,
        83
      ],
      [
        58,
        78
      ],
      [
        69,
        40
      ],
      [
        18,
        90
      ],
      [
        28,
        19
      ],
      [
        10,
        24
      ],
      [
        1,
        7
      ],
      [
        37,
        47
      ],
      [
        15,
        67
      ],
      [
        86,
        26
      ],
      [
        87,
        71
      ],
      [
        35,
        57
      ],
      [
        3,
        25
      ],
      [
        50,
        66
      ],
      [
        31,
        36
      ],
      [
        23,
        38
      ],
      [
        14,
        21
      ],
      [
        64,
        51
      ],
      [
        5,
        11
      ],
      [
        4,
        32
      ],
      [
        81,
        6
      ],
      [
        45,
        92
      ],
      [
        48,
        33
      ],
      [
        43,
        70
      ],
      [
        62,
        20
      ],
      [
        16,
        96
      ],
      [
        65,
        75
      ],
      [
        13,
        89
      ],
      [
        61,
        53
      ],
      [
        49,
        54
      ],
      [
        74,
        34
      ],
      [
        77,
        12
      ],
      [
        84,
        79
      ],
      [
        2,
        22
      ],
      [
        60,
        8
      ],
      [
        91,
        76
      ],
      [
        0,
        9
      ],
      [
        41,
        46
      ],
      [
        27,
        29
      ],
      [
        88,
        17
      ]
    ],
    "in_cols": [
      47,
      29,
      37,
      18,
      27,
      22,
      35,
      20,
      46,
      28,
      36,
      11,
      14,
      6,
      1,
      17,
      9,
      42,
      43,
      16,
      3,
      26,
      15,
      12,
      8,
      33,
      5,
      4,
      40,
      23,
      24,
      21,
      32,
      10,
      34,
      7,
      31,
      25,
      38,
      39,
      41,
      2,
      30,
      45,
      0,
      19,
      13,
      44
    ],
    "out_cols": [
      25,
      35,
      30,
      41,
      15,
      46,
      40,
      28,
      42,
      38,
      21,
      44,
      7,
      11,
      1,
      23,
      32,
      13,
      34,
      29,
      12,
      31,
      19,
      20,
      9,
      24,
      4,
      16,
      0,
      45,
      17,
      33,
      8,
      47,
      36,
      43,
      26,
      27,
      18,
      5,
      39,
      10,
      2,
      37,
      3,
      22,
      14,
      6
    ]
  }
}