{
  "config": {
    "steps": 900,
    "lr": 0.03,
    "tau_start": 1.0,
    "tau_end": 0.03,
    "sinkhorn_iters": 30,
    "lambda_ent": 0.0003,
    "train_subsample": 4096,
    "seed": 28101,
    "device": "cuda"
  },
  "final": {
    "soft_mse_full": 0.38057249784469604,
    "discrete_mse": 45.947059631347656,
    "hash_match": false,
    "perm_str": "73,52,59,30,39,63,95,78,74,80,44,82,42,55,58,93,3,83,56,67,94,7,86,71,18,90,1,40,35,24,10,36,37,57,68,47,28,19,31,29,87,25,4,38,50,26,91,75,64,66,14,17,27,51,77,11,45,92,81,6,65,33,43,70,62,72,16,20,5,96,61,53,15,21,41,89,0,32,13,9,2,79,84,34,49,46,23,22,69,54,60,8,48,12,88,76,85",
    "in_cols": [
      37,
      29,
      18,
      47,
      38,
      22,
      20,
      28,
      3,
      27,
      46,
      42,
      11,
      1,
      16,
      6,
      17,
      35,
      14,
      15,
      43,
      4,
      26,
      45,
      33,
      8,
      13,
      39,
      23,
      40,
      34,
      21,
      32,
      10,
      5,
      31,
      9,
      19,
      0,
      7,
      2,
      41,
      25,
      12,
      36,
      30,
      24,
      44
    ],
    "out_cols": [
      25,
      15,
      30,
      38,
      40,
      41,
      28,
      46,
      42,
      32,
      1,
      34,
      44,
      21,
      11,
      19,
      29,
      23,
      7,
      14,
      12,
      20,
      13,
      36,
      31,
      6,
      24,
      4,
      45,
      0,
      17,
      33,
      35,
      8,
      47,
      26,
      9,
      43,
      16,
      3,
      39,
      18,
      22,
      10,
      27,
      2,
      5,
      37
    ]
  },
  "best_seen": {
    "discrete_mse": 19.963254928588867,
    "order": [
      [
        31,
        40
      ],
      [
        43,
        38
      ],
      [
        64,
        21
      ],
      [
        45,
        20
      ],
      [
        74,
        22
      ],
      [
        15,
        54
      ],
      [
        14,
        25
      ],
      [
        37,
        30
      ],
      [
        65,
        90
      ],
      [
        86,
        55
      ],
      [
        84,
        89
      ],
      [
        73,
        76
      ],
      [
        13,
        52
      ],
      [
        95,
        53
      ],
      [
        27,
        6
      ],
      [
        35,
        83
      ],
      [
        18,
        82
      ],
      [
        77,
        32
      ],
      [
        0,
        26
      ],
      [
        10,
        70
      ],
      [
        88,
        57
      ],
      [
        49,
        46
      ],
      [
        3,
        96
      ],
      [
        61,
        92
      ],
      [
        5,
        8
      ],
      [
        16,
        19
      ],
      [
        28,
        51
      ],
      [
        41,
        72
      ],
      [
        44,
        34
      ],
      [
        94,
        93
      ],
      [
        62,
        11
      ],
      [
        4,
        79
      ],
      [
        2,
        17
      ],
      [
        69,
        63
      ],
      [
        56,
        12
      ],
      [
        48,
        36
      ],
      [
        60,
        66
      ],
      [
        91,
        75
      ],
      [
        68,
        71
      ],
      [
        59,
        29
      ],
      [
        39,
        7
      ],
      [
        87,
        47
      ],
      [
        23,
        33
      ],
      [
        50,
        78
      ],
      [
        1,
        67
      ],
      [
        81,
        24
      ],
      [
        58,
        80
      ],
      [
        42,
        9
      ]
    ],
    "in_cols": [
      15,
      21,
      33,
      23,
      38,
      9,
      8,
      17,
      34,
      42,
      41,
      37,
      7,
      47,
      13,
      16,
      11,
      39,
      0,
      6,
      44,
      25,
      3,
      31,
      5,
      10,
      14,
      19,
      22,
      46,
      32,
      4,
      2,
      36,
      27,
      24,
      30,
      45,
      35,
      29,
      18,
      43,
      12,
      26,
      1,
      40,
      28,
      20
    ],
    "out_cols": [
      21,
      20,
      9,
      8,
      10,
      27,
      12,
      15,
      44,
      28,
      43,
      37,
      25,
      26,
      0,
      42,
      41,
      16,
      13,
      33,
      29,
      22,
      47,
      45,
      2,
      7,
      24,
      35,
      18,
      46,
      4,
      39,
      6,
      30,
      5,
      19,
      31,
      36,
      34,
      14,
      1,
      23,
      17,
      38,
      32,
      11,
      40,
      3
    ]
  }
}