{
  "config": {
    "steps": 700,
    "lr": 0.015,
    "tau_start": 1.0,
    "tau_end": 0.025,
    "sinkhorn_iters": 30,
    "lambda_ent": 0.0001,
    "train_subsample": 0,
    "seed": 16904,
    "device": "cuda"
  },
  "final": {
    "soft_mse_full": 0.37176772952079773,
    "discrete_mse": 24.511384963989258,
    "hash_match": false,
    "perm_str": "5,55,73,72,39,52,95,29,56,30,44,78,74,93,68,80,42,38,94,83,58,90,18,40,59,63,1,7,15,67,28,19,37,82,86,47,31,70,35,24,3,26,50,57,87,25,23,71,60,36,64,75,14,17,77,11,62,12,48,6,4,20,69,33,16,96,0,54,43,76,91,53,65,34,13,89,81,8,45,92,41,51,61,79,2,9,84,66,49,21,10,32,27,46,88,22,85",
    "in_cols": [
      5,
      37,
      18,
      47,
      27,
      22,
      38,
      35,
      20,
      46,
      28,
      11,
      29,
      1,
      9,
      14,
      17,
      42,
      15,
      16,
      3,
      26,
      43,
      12,
      30,
      33,
      8,
      39,
      32,
      24,
      4,
      36,
      10,
      0,
      21,
      45,
      34,
      7,
      40,
      23,
      19,
      31,
      2,
      41,
      25,
      6,
      13,
      44
    ],
    "out_cols": [
      28,
      35,
      25,
      14,
      15,
      38,
      46,
      40,
      20,
      42,
      44,
      21,
      30,
      1,
      32,
      7,
      41,
      23,
      33,
      11,
      13,
      29,
      12,
      34,
      19,
      36,
      6,
      4,
      5,
      0,
      8,
      17,
      47,
      27,
      37,
      26,
      18,
      43,
      2,
      45,
      24,
      39,
      3,
      31,
      9,
      16,
      22,
      10
    ]
  },
  "best_seen": {
    "discrete_mse": 10.533076286315918,
    "order": [
      [
        4,
        55
      ],
      [
        56,
        67
      ],
      [
        62,
        8
      ],
      [
        5,
        83
      ],
      [
        15,
        66
      ],
      [
        23,
        96
      ],
      [
        28,
        53
      ],
      [
        48,
        51
      ],
      [
        73,
        34
      ],
      [
        64,
        30
      ],
      [
        3,
        40
      ],
      [
        41,
        75
      ],
      [
        50,
        72
      ],
      [
        60,
        32
      ],
      [
        42,
        52
      ],
      [
        91,
        20
      ],
      [
        13,
        79
      ],
      [
        74,
        57
      ],
      [
        81,
        47
      ],
      [
        2,
        29
      ],
      [
        16,
        82
      ],
      [
        37,
        6
      ],
      [
        58,
        78
      ],
      [
        44,
        7
      ],
      [
        88,
        80
      ],
      [
        1,
        70
      ],
      [
        39,
        92
      ],
      [
        94,
        36
      ],
      [
        95,
        19
      ],
      [
        69,
        26
      ],
      [
        14,
        21
      ],
      [
        68,
        17
      ],
      [
        49,
        22
      ],
      [
        27,
        71
      ],
      [
        86,
        12
      ],
      [
        43,
        76
      ],
      [
        59,
        89
      ],
      [
        35,
        54
      ],
      [
        77,
        25
      ],
      [
        61,
        63
      ],
      [
        18,
        24
      ],
      [
        84,
        38
      ],
      [
        0,
        11
      ],
      [
        45,
        9
      ],
      [
        10,
        46
      ],
      [
        87,
        90
      ],
      [
        65,
        33
      ],
      [
        31,
        93
      ]
    ],
    "in_cols": [
      4,
      27,
      32,
      5,
      9,
      12,
      14,
      24,
      37,
      33,
      3,
      19,
      26,
      30,
      20,
      45,
      7,
      38,
      40,
      2,
      10,
      17,
      28,
      22,
      44,
      1,
      18,
      46,
      47,
      36,
      8,
      35,
      25,
      13,
      42,
      21,
      29,
      16,
      39,
      31,
      11,
      41,
      0,
      23,
      6,
      43,
      34,
      15
    ],
    "out_cols": [
      28,
      32,
      2,
      42,
      31,
      47,
      26,
      24,
      18,
      15,
      21,
      36,
      35,
      16,
      25,
      8,
      39,
      29,
      23,
      14,
      41,
      0,
      38,
      1,
      40,
      33,
      45,
      19,
      7,
      13,
      9,
      6,
      10,
      34,
      5,
      37,
      43,
      27,
      12,
      30,
      11,
      20,
      4,
      3,
      22,
      44,
      17,
      46
    ]
  }
}