{
  "config": {
    "steps": 700,
    "lr": 0.015,
    "tau_start": 1.0,
    "tau_end": 0.025,
    "sinkhorn_iters": 30,
    "lambda_ent": 0.0001,
    "train_subsample": 0,
    "seed": 12904,
    "device": "cuda"
  },
  "final": {
    "soft_mse_full": 0.36166706681251526,
    "discrete_mse": 16.223983764648438,
    "hash_match": false,
    "perm_str": "59,52,39,72,86,75,95,93,56,82,74,80,73,55,42,29,44,83,10,78,58,90,94,26,18,67,28,19,35,24,15,57,37,7,68,47,87,40,31,63,3,25,62,36,50,66,1,71,14,32,41,11,77,17,4,38,81,6,45,33,48,20,65,96,16,70,61,53,91,30,27,89,0,54,5,22,60,51,13,34,23,12,69,79,2,76,43,9,84,46,49,92,64,21,88,8,85",
    "in_cols": [
      29,
      18,
      42,
      47,
      27,
      38,
      37,
      20,
      22,
      6,
      28,
      46,
      11,
      14,
      16,
      9,
      17,
      35,
      43,
      15,
      3,
      32,
      26,
      1,
      8,
      19,
      39,
      4,
      40,
      23,
      24,
      34,
      10,
      31,
      45,
      13,
      0,
      5,
      30,
      7,
      12,
      36,
      2,
      21,
      41,
      25,
      33,
      44
    ],
    "out_cols": [
      25,
      35,
      36,
      46,
      41,
      40,
      28,
      14,
      42,
      38,
      44,
      13,
      32,
      7,
      11,
      29,
      1,
      23,
      21,
      30,
      12,
      19,
      31,
      34,
      16,
      4,
      6,
      20,
      0,
      17,
      8,
      47,
      33,
      26,
      15,
      43,
      27,
      10,
      24,
      18,
      5,
      39,
      37,
      3,
      22,
      45,
      9,
      2
    ]
  },
  "best_seen": {
    "discrete_mse": 6.0135931968688965,
    "order": [
      [
        59,
        52
      ],
      [
        39,
        72
      ],
      [
        95,
        75
      ],
      [
        73,
        93
      ],
      [
        44,
        82
      ],
      [
        56,
        80
      ],
      [
        74,
        55
      ],
      [
        42,
        29
      ],
      [
        86,
        83
      ],
      [
        10,
        78
      ],
      [
        58,
        90
      ],
      [
        94,
        26
      ],
      [
        18,
        67
      ],
      [
        28,
        19
      ],
      [
        35,
        24
      ],
      [
        15,
        57
      ],
      [
        37,
        7
      ],
      [
        68,
        47
      ],
      [
        87,
        71
      ],
      [
        31,
        63
      ],
      [
        3,
        25
      ],
      [
        62,
        36
      ],
      [
        50,
        66
      ],
      [
        1,
        38
      ],
      [
        14,
        40
      ],
      [
        41,
        11
      ],
      [
        77,
        17
      ],
      [
        4,
        20
      ],
      [
        81,
        6
      ],
      [
        45,
        33
      ],
      [
        48,
        30
      ],
      [
        65,
        96
      ],
      [
        16,
        70
      ],
      [
        61,
        53
      ],
      [
        91,
        32
      ],
      [
        27,
        89
      ],
      [
        0,
        54
      ],
      [
        5,
        22
      ],
      [
        60,
        51
      ],
      [
        13,
        76
      ],
      [
        23,
        12
      ],
      [
        69,
        79
      ],
      [
        2,
        34
      ],
      [
        43,
        9
      ],
      [
        84,
        46
      ],
      [
        49,
        92
      ],
      [
        64,
        21
      ],
      [
        88,
        8
      ]
    ],
    "in_cols": [
      29,
      18,
      47,
      37,
      22,
      27,
      38,
      20,
      42,
      6,
      28,
      46,
      11,
      14,
      16,
      9,
      17,
      35,
      43,
      15,
      3,
      32,
      26,
      1,
      8,
      19,
      39,
      4,
      40,
      23,
      24,
      34,
      10,
      31,
      45,
      13,
      0,
      5,
      30,
      7,
      12,
      36,
      2,
      21,
      41,
      25,
      33,
      44
    ],
    "out_cols": [
      25,
      35,
      36,
      46,
      41,
      40,
      28,
      14,
      42,
      38,
      44,
      13,
      32,
      7,
      11,
      29,
      1,
      23,
      34,
      30,
      12,
      19,
      31,
      20,
      21,
      4,
      6,
      8,
      0,
      17,
      15,
      47,
      33,
      26,
      16,
      43,
      27,
      10,
      24,
      37,
      5,
      39,
      18,
      3,
      22,
      45,
      9,
      2
    ]
  }
}