{
  "config": {
    "steps": 900,
    "lr": 0.03,
    "tau_start": 1.0,
    "tau_end": 0.028,
    "sinkhorn_iters": 30,
    "lambda_ent": 0.0003,
    "train_subsample": 4096,
    "seed": 15402,
    "device": "cuda"
  },
  "final": {
    "soft_mse_full": 0.47750747203826904,
    "discrete_mse": 25.619592666625977,
    "hash_match": false,
    "perm_str": "73,25,39,30,95,52,42,29,59,82,74,55,44,54,37,93,88,80,58,78,94,7,86,90,35,24,18,67,48,47,50,57,68,26,87,71,3,53,1,40,65,63,31,66,28,36,23,38,16,76,77,21,15,11,81,6,14,17,62,51,84,92,43,70,4,96,5,20,0,83,91,89,60,22,13,75,56,34,61,19,2,9,41,72,10,12,45,33,69,46,27,79,64,32,49,8,85",
    "in_cols": [
      37,
      18,
      47,
      20,
      29,
      38,
      22,
      17,
      44,
      28,
      46,
      42,
      16,
      11,
      24,
      26,
      35,
      43,
      3,
      1,
      34,
      15,
      14,
      12,
      10,
      39,
      9,
      40,
      8,
      32,
      41,
      21,
      4,
      5,
      0,
      45,
      30,
      7,
      27,
      31,
      2,
      19,
      6,
      23,
      36,
      13,
      33,
      25
    ],
    "out_cols": [
      12,
      15,
      25,
      14,
      41,
      28,
      27,
      46,
      40,
      38,
      1,
      44,
      11,
      32,
      23,
      29,
      13,
      34,
      26,
      21,
      30,
      31,
      19,
      20,
      37,
      9,
      4,
      0,
      6,
      24,
      45,
      33,
      47,
      8,
      42,
      43,
      10,
      36,
      18,
      7,
      3,
      35,
      5,
      17,
      22,
      39,
      16,
      2
    ]
  },
  "best_seen": {
    "discrete_mse": 13.032721519470215,
    "order": [
      [
        59,
        25
      ],
      [
        39,
        30
      ],
      [
        88,
        52
      ],
      [
        95,
        29
      ],
      [
        56,
        82
      ],
      [
        74,
        55
      ],
      [
        44,
        72
      ],
      [
        37,
        93
      ],
      [
        42,
        80
      ],
      [
        58,
        78
      ],
      [
        94,
        7
      ],
      [
        86,
        90
      ],
      [
        35,
        24
      ],
      [
        18,
        67
      ],
      [
        48,
        47
      ],
      [
        50,
        57
      ],
      [
        68,
        26
      ],
      [
        87,
        71
      ],
      [
        3,
        53
      ],
      [
        15,
        40
      ],
      [
        1,
        63
      ],
      [
        31,
        66
      ],
      [
        28,
        36
      ],
      [
        23,
        38
      ],
      [
        77,
        76
      ],
      [
        14,
        21
      ],
      [
        45,
        11
      ],
      [
        81,
        6
      ],
      [
        27,
        17
      ],
      [
        62,
        51
      ],
      [
        65,
        92
      ],
      [
        43,
        70
      ],
      [
        16,
        96
      ],
      [
        5,
        20
      ],
      [
        0,
        83
      ],
      [
        91,
        89
      ],
      [
        84,
        22
      ],
      [
        13,
        75
      ],
      [
        49,
        54
      ],
      [
        41,
        19
      ],
      [
        2,
        9
      ],
      [
        61,
        32
      ],
      [
        10,
        12
      ],
      [
        73,
        33
      ],
      [
        60,
        46
      ],
      [
        4,
        79
      ],
      [
        64,
        34
      ],
      [
        69,
        8
      ]
    ],
    "in_cols": [
      29,
      18,
      44,
      47,
      27,
      38,
      22,
      17,
      20,
      28,
      46,
      42,
      16,
      11,
      24,
      26,
      35,
      43,
      3,
      9,
      1,
      15,
      14,
      12,
      39,
      8,
      23,
      40,
      13,
      32,
      34,
      21,
      10,
      5,
      0,
      45,
      41,
      7,
      25,
      19,
      2,
      31,
      6,
      37,
      30,
      4,
      33,
      36
    ],
    "out_cols": [
      12,
      15,
      25,
      14,
      41,
      28,
      35,
      46,
      40,
      38,
      1,
      44,
      11,
      32,
      23,
      29,
      13,
      34,
      26,
      21,
      30,
      31,
      19,
      20,
      37,
      9,
      4,
      0,
      6,
      24,
      45,
      33,
      47,
      8,
      42,
      43,
      10,
      36,
      27,
      7,
      3,
      16,
      5,
      17,
      22,
      39,
      18,
      2
    ]
  }
}