{
  "config": {
    "steps": 700,
    "lr": 0.02,
    "tau_start": 1.0,
    "tau_end": 0.03,
    "sinkhorn_iters": 30,
    "lambda_ent": 0.0003,
    "train_subsample": 0,
    "seed": 26703,
    "device": "cuda"
  },
  "final": {
    "soft_mse_full": 0.4098932147026062,
    "discrete_mse": 35.41328811645508,
    "hash_match": false,
    "perm_str": "95,75,59,52,39,67,74,82,44,72,88,78,94,80,42,55,58,93,10,29,18,30,86,90,28,19,37,47,35,24,50,7,73,57,15,40,68,70,87,63,3,26,31,36,1,38,84,25,14,71,64,12,4,17,81,11,62,6,77,92,5,51,65,20,23,33,16,96,48,34,0,54,41,83,60,8,13,89,56,53,91,76,45,9,69,32,61,22,2,79,49,66,43,46,27,21,85",
    "in_cols": [
      47,
      29,
      18,
      38,
      22,
      44,
      46,
      20,
      28,
      6,
      11,
      42,
      14,
      17,
      16,
      26,
      37,
      9,
      35,
      43,
      3,
      15,
      1,
      41,
      8,
      33,
      4,
      40,
      32,
      39,
      5,
      34,
      12,
      10,
      24,
      0,
      19,
      30,
      7,
      27,
      45,
      23,
      36,
      31,
      2,
      25,
      21,
      13
    ],
    "out_cols": [
      36,
      25,
      32,
      41,
      35,
      38,
      40,
      28,
      46,
      14,
      15,
      44,
      7,
      23,
      11,
      1,
      29,
      21,
      33,
      30,
      13,
      19,
      20,
      12,
      34,
      5,
      6,
      4,
      0,
      45,
      24,
      8,
      17,
      47,
      18,
      27,
      42,
      2,
      43,
      26,
      37,
      3,
      16,
      10,
      39,
      31,
      22,
      9
    ]
  },
  "best_seen": {
    "discrete_mse": 9.096633911132812,
    "order": [
      [
        13,
        54
      ],
      [
        37,
        96
      ],
      [
        94,
        29
      ],
      [
        4,
        89
      ],
      [
        62,
        80
      ],
      [
        16,
        34
      ],
      [
        14,
        79
      ],
      [
        3,
        46
      ],
      [
        69,
        72
      ],
      [
        15,
        36
      ],
      [
        74,
        22
      ],
      [
        43,
        24
      ],
      [
        73,
        38
      ],
      [
        88,
        70
      ],
      [
        23,
        33
      ],
      [
        59,
        7
      ],
      [
        68,
        6
      ],
      [
        39,
        26
      ],
      [
        5,
        17
      ],
      [
        65,
        66
      ],
      [
        44,
        57
      ],
      [
        61,
        63
      ],
      [
        0,
        30
      ],
      [
        50,
        51
      ],
      [
        64,
        90
      ],
      [
        56,
        47
      ],
      [
        81,
        12
      ],
      [
        35,
        67
      ],
      [
        48,
        71
      ],
      [
        2,
        78
      ],
      [
        1,
        93
      ],
      [
        18,
        32
      ],
      [
        58,
        8
      ],
      [
        87,
        21
      ],
      [
        31,
        53
      ],
      [
        60,
        9
      ],
      [
        77,
        40
      ],
      [
        91,
        52
      ],
      [
        42,
        83
      ],
      [
        45,
        20
      ],
      [
        86,
        76
      ],
      [
        28,
        25
      ],
      [
        27,
        92
      ],
      [
        41,
        55
      ],
      [
        10,
        82
      ],
      [
        95,
        75
      ],
      [
        49,
        19
      ],
      [
        84,
        11
      ]
    ],
    "in_cols": [
      7,
      17,
      46,
      4,
      32,
      10,
      8,
      3,
      36,
      9,
      38,
      21,
      37,
      44,
      12,
      29,
      35,
      18,
      5,
      34,
      22,
      31,
      0,
      26,
      33,
      27,
      40,
      16,
      24,
      2,
      1,
      11,
      28,
      43,
      15,
      30,
      39,
      45,
      20,
      23,
      42,
      14,
      13,
      19,
      6,
      47,
      25,
      41
    ],
    "out_cols": [
      27,
      47,
      14,
      43,
      40,
      18,
      39,
      22,
      35,
      19,
      10,
      11,
      20,
      33,
      17,
      1,
      0,
      13,
      6,
      31,
      29,
      30,
      15,
      24,
      44,
      23,
      5,
      32,
      34,
      38,
      46,
      16,
      2,
      9,
      26,
      3,
      21,
      25,
      42,
      8,
      37,
      12,
      45,
      28,
      41,
      36,
      7,
      4
    ]
  }
}