{
  "config": {
    "steps": 900,
    "lr": 0.03,
    "tau_start": 1.0,
    "tau_end": 0.03,
    "sinkhorn_iters": 30,
    "lambda_ent": 0.0003,
    "train_subsample": 4096,
    "seed": 8801,
    "device": "cuda"
  },
  "final": {
    "soft_mse_full": 0.43691951036453247,
    "discrete_mse": 87.94989776611328,
    "hash_match": false,
    "perm_str": "59,52,84,72,39,55,95,29,58,78,74,82,42,6,68,80,50,93,45,90,86,38,18,40,73,47,44,36,15,67,28,19,37,57,48,7,35,24,94,71,3,25,56,63,1,26,77,92,23,75,65,30,4,51,14,17,81,11,16,20,43,96,62,12,5,70,31,53,0,83,13,89,87,54,49,34,27,46,41,22,10,8,69,76,91,66,61,32,88,79,2,33,60,9,64,21,85",
    "in_cols": [
      29,
      41,
      18,
      47,
      28,
      38,
      20,
      35,
      26,
      23,
      42,
      11,
      37,
      22,
      9,
      14,
      17,
      24,
      16,
      46,
      3,
      27,
      1,
      39,
      12,
      34,
      4,
      8,
      40,
      10,
      21,
      32,
      5,
      15,
      0,
      7,
      43,
      25,
      13,
      19,
      6,
      36,
      45,
      31,
      44,
      2,
      30,
      33
    ],
    "out_cols": [
      25,
      35,
      28,
      14,
      38,
      41,
      0,
      40,
      46,
      44,
      20,
      21,
      23,
      19,
      32,
      7,
      29,
      1,
      11,
      34,
      12,
      30,
      13,
      45,
      36,
      15,
      24,
      6,
      4,
      8,
      47,
      5,
      33,
      26,
      42,
      43,
      27,
      18,
      22,
      10,
      2,
      37,
      31,
      16,
      39,
      17,
      3,
      9
    ]
  },
  "best_seen": {
    "discrete_mse": 22.672758102416992,
    "order": [
      [
        59,
        52
      ],
      [
        45,
        72
      ],
      [
        39,
        55
      ],
      [
        95,
        29
      ],
      [
        58,
        78
      ],
      [
        74,
        82
      ],
      [
        42,
        6
      ],
      [
        68,
        80
      ],
      [
        48,
        93
      ],
      [
        86,
        90
      ],
      [
        73,
        38
      ],
      [
        18,
        40
      ],
      [
        37,
        47
      ],
      [
        44,
        36
      ],
      [
        15,
        67
      ],
      [
        28,
        19
      ],
      [
        50,
        57
      ],
      [
        87,
        7
      ],
      [
        35,
        24
      ],
      [
        94,
        71
      ],
      [
        3,
        25
      ],
      [
        56,
        63
      ],
      [
        1,
        26
      ],
      [
        77,
        92
      ],
      [
        23,
        75
      ],
      [
        65,
        30
      ],
      [
        4,
        51
      ],
      [
        14,
        17
      ],
      [
        81,
        11
      ],
      [
        16,
        20
      ],
      [
        43,
        96
      ],
      [
        62,
        12
      ],
      [
        5,
        70
      ],
      [
        31,
        53
      ],
      [
        0,
        83
      ],
      [
        13,
        89
      ],
      [
        49,
        54
      ],
      [
        84,
        34
      ],
      [
        27,
        46
      ],
      [
        41,
        22
      ],
      [
        10,
        8
      ],
      [
        69,
        76
      ],
      [
        91,
        66
      ],
      [
        61,
        32
      ],
      [
        88,
        79
      ],
      [
        2,
        33
      ],
      [
        60,
        9
      ],
      [
        64,
        21
      ]
    ],
    "in_cols": [
      29,
      23,
      18,
      47,
      28,
      38,
      20,
      35,
      24,
      42,
      37,
      11,
      17,
      22,
      9,
      14,
      26,
      43,
      16,
      46,
      3,
      27,
      1,
      39,
      12,
      34,
      4,
      8,
      40,
      10,
      21,
      32,
      5,
      15,
      0,
      7,
      25,
      41,
      13,
      19,
      6,
      36,
      45,
      31,
      44,
      2,
      30,
      33
    ],
    "out_cols": [
      25,
      35,
      28,
      14,
      38,
      41,
      0,
      40,
      46,
      44,
      20,
      21,
      23,
      19,
      32,
      7,
      29,
      1,
      11,
      34,
      12,
      30,
      13,
      45,
      36,
      15,
      24,
      6,
      4,
      8,
      47,
      5,
      33,
      26,
      42,
      43,
      27,
      18,
      22,
      10,
      2,
      37,
      31,
      16,
      39,
      17,
      3,
      9
    ]
  }
}