{
  "config": {
    "steps": 700,
    "lr": 0.015,
    "tau_start": 1.0,
    "tau_end": 0.025,
    "sinkhorn_iters": 30,
    "lambda_ent": 0.0001,
    "train_subsample": 0,
    "seed": 15004,
    "device": "cuda"
  },
  "final": {
    "soft_mse_full": 0.35720688104629517,
    "discrete_mse": 44.7120475769043,
    "hash_match": false,
    "perm_str": "39,55,59,52,42,72,87,63,56,30,44,82,95,93,94,80,68,38,58,78,18,29,86,90,28,19,35,24,15,67,10,57,73,47,1,7,37,40,48,26,3,25,31,36,50,53,23,71,14,17,64,75,77,70,45,66,5,6,65,92,62,12,91,33,4,20,16,96,0,83,13,54,81,32,27,11,74,89,49,46,61,22,2,21,41,51,84,34,69,9,60,76,88,8,43,79,85",
    "in_cols": [
      18,
      29,
      20,
      43,
      27,
      22,
      47,
      46,
      35,
      28,
      11,
      42,
      14,
      16,
      9,
      6,
      37,
      1,
      17,
      24,
      3,
      15,
      26,
      12,
      8,
      33,
      39,
      23,
      5,
      34,
      32,
      45,
      4,
      10,
      0,
      7,
      40,
      13,
      38,
      25,
      31,
      2,
      19,
      41,
      36,
      30,
      44,
      21
    ],
    "out_cols": [
      28,
      25,
      35,
      30,
      15,
      41,
      46,
      40,
      20,
      38,
      14,
      44,
      7,
      11,
      32,
      29,
      23,
      1,
      21,
      13,
      12,
      19,
      26,
      34,
      6,
      36,
      33,
      31,
      0,
      45,
      5,
      17,
      8,
      47,
      42,
      27,
      16,
      4,
      43,
      22,
      10,
      9,
      24,
      18,
      3,
      37,
      2,
      39
    ]
  },
  "best_seen": {
    "discrete_mse": 46.366981506347656,
    "order": [
      [
        88,
        54
      ],
      [
        65,
        55
      ],
      [
        2,
        9
      ],
      [
        81,
        53
      ],
      [
        16,
        40
      ],
      [
        31,
        34
      ],
      [
        14,
        11
      ],
      [
        84,
        63
      ],
      [
        91,
        57
      ],
      [
        48,
        47
      ],
      [
        49,
        71
      ],
      [
        45,
        80
      ],
      [
        39,
        29
      ],
      [
        41,
        7
      ],
      [
        95,
        46
      ],
      [
        27,
        8
      ],
      [
        43,
        36
      ],
      [
        60,
        75
      ],
      [
        1,
        90
      ],
      [
        23,
        12
      ],
      [
        58,
        20
      ],
      [
        18,
        67
      ],
      [
        35,
        33
      ],
      [
        69,
        32
      ],
      [
        5,
        76
      ],
      [
        42,
        52
      ],
      [
        44,
        6
      ],
      [
        68,
        93
      ],
      [
        77,
        72
      ],
      [
        73,
        92
      ],
      [
        59,
        22
      ],
      [
        61,
        83
      ],
      [
        64,
        70
      ],
      [
        15,
        25
      ],
      [
        94,
        82
      ],
      [
        4,
        24
      ],
      [
        86,
        17
      ],
      [
        10,
        78
      ],
      [
        0,
        19
      ],
      [
        3,
        26
      ],
      [
        50,
        89
      ],
      [
        13,
        30
      ],
      [
        74,
        66
      ],
      [
        37,
        21
      ],
      [
        87,
        79
      ],
      [
        62,
        51
      ],
      [
        56,
        38
      ],
      [
        28,
        96
      ]
    ],
    "in_cols": [
      44,
      34,
      2,
      40,
      10,
      15,
      8,
      41,
      45,
      24,
      25,
      23,
      18,
      19,
      47,
      13,
      21,
      30,
      1,
      12,
      28,
      11,
      16,
      36,
      5,
      20,
      22,
      35,
      39,
      37,
      29,
      31,
      33,
      9,
      46,
      4,
      42,
      6,
      0,
      3,
      26,
      7,
      38,
      17,
      43,
      32,
      27,
      14
    ],
    "out_cols": [
      27,
      28,
      3,
      26,
      21,
      18,
      4,
      30,
      29,
      23,
      34,
      40,
      14,
      1,
      22,
      2,
      19,
      36,
      44,
      5,
      8,
      32,
      17,
      16,
      37,
      25,
      0,
      46,
      35,
      45,
      10,
      42,
      33,
      12,
      41,
      11,
      6,
      38,
      7,
      13,
      43,
      15,
      31,
      9,
      39,
      24,
      20,
      47
    ]
  }
}