{
  "config": {
    "steps": 900,
    "lr": 0.03,
    "tau_start": 1.0,
    "tau_end": 0.028,
    "sinkhorn_iters": 30,
    "lambda_ent": 0.0003,
    "train_subsample": 4096,
    "seed": 14502,
    "device": "cuda"
  },
  "final": {
    "soft_mse_full": 0.370759516954422,
    "discrete_mse": 17.58555030822754,
    "hash_match": false,
    "perm_str": "73,75,39,72,59,52,95,78,42,55,74,82,94,80,68,29,44,93,43,30,86,54,58,90,18,67,35,24,48,47,15,40,37,57,1,7,28,19,50,26,3,53,31,36,23,38,87,71,84,25,14,11,81,63,4,32,62,6,65,92,45,33,77,70,5,96,16,20,0,83,91,66,60,34,10,8,13,9,61,22,27,46,56,21,41,51,2,12,69,76,49,79,88,17,64,89,85",
    "in_cols": [
      37,
      18,
      29,
      47,
      20,
      38,
      46,
      35,
      22,
      21,
      42,
      28,
      11,
      16,
      24,
      9,
      17,
      1,
      14,
      26,
      3,
      15,
      12,
      43,
      41,
      8,
      40,
      4,
      32,
      34,
      23,
      39,
      5,
      10,
      0,
      45,
      30,
      6,
      7,
      31,
      13,
      27,
      19,
      2,
      36,
      25,
      44,
      33
    ],
    "out_cols": [
      36,
      35,
      25,
      38,
      28,
      41,
      40,
      14,
      46,
      15,
      27,
      44,
      32,
      11,
      23,
      21,
      29,
      1,
      7,
      13,
      26,
      19,
      20,
      34,
      12,
      4,
      30,
      16,
      0,
      45,
      17,
      33,
      47,
      8,
      42,
      31,
      18,
      2,
      3,
      10,
      22,
      9,
      24,
      5,
      37,
      39,
      6,
      43
    ]
  },
  "best_seen": {
    "discrete_mse": 8.886783599853516,
    "order": [
      [
        73,
        75
      ],
      [
        39,
        72
      ],
      [
        59,
        52
      ],
      [
        95,
        78
      ],
      [
        42,
        55
      ],
      [
        44,
        82
      ],
      [
        94,
        80
      ],
      [
        68,
        29
      ],
      [
        74,
        93
      ],
      [
        43,
        30
      ],
      [
        86,
        54
      ],
      [
        58,
        90
      ],
      [
        18,
        67
      ],
      [
        35,
        24
      ],
      [
        48,
        47
      ],
      [
        15,
        40
      ],
      [
        37,
        57
      ],
      [
        1,
        7
      ],
      [
        28,
        19
      ],
      [
        50,
        26
      ],
      [
        3,
        53
      ],
      [
        31,
        36
      ],
      [
        23,
        38
      ],
      [
        87,
        71
      ],
      [
        84,
        25
      ],
      [
        14,
        11
      ],
      [
        81,
        63
      ],
      [
        4,
        32
      ],
      [
        62,
        6
      ],
      [
        65,
        92
      ],
      [
        45,
        33
      ],
      [
        77,
        70
      ],
      [
        5,
        96
      ],
      [
        16,
        20
      ],
      [
        0,
        83
      ],
      [
        91,
        66
      ],
      [
        60,
        34
      ],
      [
        10,
        8
      ],
      [
        13,
        9
      ],
      [
        61,
        22
      ],
      [
        27,
        46
      ],
      [
        56,
        21
      ],
      [
        41,
        51
      ],
      [
        2,
        12
      ],
      [
        69,
        76
      ],
      [
        49,
        79
      ],
      [
        88,
        17
      ],
      [
        64,
        89
      ]
    ],
    "in_cols": [
      37,
      18,
      29,
      47,
      20,
      22,
      46,
      35,
      38,
      21,
      42,
      28,
      11,
      16,
      24,
      9,
      17,
      1,
      14,
      26,
      3,
      15,
      12,
      43,
      41,
      8,
      40,
      4,
      32,
      34,
      23,
      39,
      5,
      10,
      0,
      45,
      30,
      6,
      7,
      31,
      13,
      27,
      19,
      2,
      36,
      25,
      44,
      33
    ],
    "out_cols": [
      36,
      35,
      25,
      38,
      28,
      41,
      40,
      14,
      46,
      15,
      27,
      44,
      32,
      11,
      23,
      21,
      29,
      1,
      7,
      13,
      26,
      19,
      20,
      34,
      12,
      4,
      30,
      16,
      0,
      45,
      17,
      33,
      47,
      8,
      42,
      31,
      18,
      2,
      3,
      10,
      22,
      9,
      24,
      5,
      37,
      39,
      6,
      43
    ]
  }
}