{
  "config": {
    "steps": 700,
    "lr": 0.02,
    "tau_start": 1.0,
    "tau_end": 0.03,
    "sinkhorn_iters": 30,
    "lambda_ent": 0.0003,
    "train_subsample": 0,
    "seed": 24803,
    "device": "cuda"
  },
  "final": {
    "soft_mse_full": 0.3547476828098297,
    "discrete_mse": 48.3618049621582,
    "hash_match": false,
    "perm_str": "39,55,59,72,14,52,95,63,56,30,73,82,44,93,86,80,42,29,58,78,94,26,15,67,3,19,35,24,18,90,37,57,48,7,68,47,87,71,10,12,31,36,50,25,1,38,91,75,64,40,27,51,77,76,5,11,65,92,81,6,16,20,62,96,45,33,4,53,28,83,13,9,49,34,41,32,43,21,74,22,0,79,61,54,60,89,2,70,84,66,23,46,88,17,69,8,85",
    "in_cols": [
      18,
      29,
      8,
      47,
      27,
      37,
      22,
      42,
      20,
      28,
      46,
      9,
      3,
      16,
      11,
      17,
      24,
      35,
      43,
      6,
      15,
      26,
      1,
      45,
      33,
      13,
      39,
      5,
      34,
      40,
      10,
      32,
      23,
      4,
      14,
      7,
      25,
      19,
      21,
      38,
      0,
      31,
      30,
      2,
      41,
      12,
      44,
      36
    ],
    "out_cols": [
      28,
      35,
      25,
      30,
      15,
      41,
      46,
      40,
      14,
      38,
      13,
      32,
      7,
      11,
      44,
      29,
      1,
      23,
      34,
      5,
      19,
      12,
      20,
      36,
      21,
      24,
      37,
      4,
      45,
      0,
      8,
      47,
      17,
      26,
      42,
      3,
      18,
      16,
      9,
      10,
      39,
      27,
      43,
      33,
      31,
      22,
      6,
      2
    ]
  },
  "best_seen": {
    "discrete_mse": 28.78556251525879,
    "order": [
      [
        50,
        46
      ],
      [
        95,
        70
      ],
      [
        68,
        71
      ],
      [
        15,
        36
      ],
      [
        23,
        79
      ],
      [
        86,
        19
      ],
      [
        1,
        51
      ],
      [
        27,
        83
      ],
      [
        14,
        9
      ],
      [
        77,
        82
      ],
      [
        44,
        72
      ],
      [
        5,
        78
      ],
      [
        2,
        92
      ],
      [
        13,
        67
      ],
      [
        4,
        47
      ],
      [
        39,
        96
      ],
      [
        73,
        33
      ],
      [
        62,
        76
      ],
      [
        48,
        40
      ],
      [
        16,
        30
      ],
      [
        59,
        29
      ],
      [
        91,
        26
      ],
      [
        45,
        6
      ],
      [
        0,
        17
      ],
      [
        69,
        8
      ],
      [
        10,
        54
      ],
      [
        18,
        53
      ],
      [
        41,
        21
      ],
      [
        65,
        7
      ],
      [
        64,
        20
      ],
      [
        61,
        66
      ],
      [
        84,
        90
      ],
      [
        56,
        80
      ],
      [
        43,
        12
      ],
      [
        35,
        57
      ],
      [
        81,
        32
      ],
      [
        37,
        89
      ],
      [
        28,
        22
      ],
      [
        74,
        25
      ],
      [
        49,
        93
      ],
      [
        94,
        11
      ],
      [
        88,
        63
      ],
      [
        31,
        24
      ],
      [
        60,
        55
      ],
      [
        42,
        38
      ],
      [
        87,
        34
      ],
      [
        3,
        75
      ],
      [
        58,
        52
      ]
    ],
    "in_cols": [
      26,
      47,
      35,
      9,
      12,
      42,
      1,
      13,
      8,
      39,
      22,
      5,
      2,
      7,
      4,
      18,
      37,
      32,
      24,
      10,
      29,
      45,
      23,
      0,
      36,
      6,
      11,
      19,
      34,
      33,
      31,
      41,
      27,
      21,
      16,
      40,
      17,
      14,
      38,
      25,
      46,
      44,
      15,
      30,
      20,
      43,
      3,
      28
    ],
    "out_cols": [
      22,
      33,
      34,
      19,
      39,
      7,
      24,
      42,
      3,
      41,
      35,
      38,
      45,
      32,
      23,
      47,
      17,
      37,
      21,
      15,
      14,
      13,
      0,
      6,
      2,
      27,
      26,
      9,
      1,
      8,
      31,
      44,
      40,
      5,
      29,
      16,
      43,
      10,
      12,
      46,
      4,
      30,
      11,
      28,
      20,
      18,
      36,
      25
    ]
  }
}