{
  "config": {
    "steps": 700,
    "lr": 0.02,
    "tau_start": 1.0,
    "tau_end": 0.03,
    "sinkhorn_iters": 30,
    "lambda_ent": 0.0003,
    "train_subsample": 0,
    "seed": 20203,
    "device": "cuda"
  },
  "final": {
    "soft_mse_full": 0.36024612188339233,
    "discrete_mse": 107.50302124023438,
    "hash_match": false,
    "perm_str": "59,52,39,72,95,75,74,80,56,30,44,82,94,93,42,7,68,29,58,78,18,55,35,90,37,19,50,67,73,25,5,57,28,47,10,24,48,71,87,63,3,26,31,36,23,38,1,40,77,76,14,11,0,17,81,6,45,92,65,32,4,20,16,96,60,33,91,53,62,70,13,83,41,34,15,51,27,46,49,21,69,79,2,9,86,54,84,66,61,12,43,22,88,8,64,89,85",
    "in_cols": [
      29,
      18,
      47,
      38,
      27,
      22,
      46,
      20,
      35,
      28,
      11,
      16,
      17,
      26,
      37,
      5,
      14,
      6,
      24,
      43,
      3,
      15,
      12,
      1,
      39,
      8,
      0,
      40,
      23,
      34,
      4,
      10,
      30,
      45,
      32,
      7,
      19,
      9,
      13,
      25,
      36,
      2,
      42,
      41,
      31,
      21,
      44,
      33
    ],
    "out_cols": [
      25,
      35,
      36,
      40,
      15,
      41,
      46,
      1,
      14,
      38,
      28,
      44,
      7,
      32,
      12,
      29,
      23,
      11,
      34,
      30,
      13,
      19,
      20,
      21,
      37,
      4,
      6,
      0,
      45,
      16,
      8,
      47,
      17,
      26,
      33,
      42,
      18,
      24,
      22,
      9,
      39,
      3,
      27,
      31,
      5,
      10,
      2,
      43
    ]
  },
  "best_seen": {
    "discrete_mse": 70.00862121582031,
    "order": [
      [
        77,
        40
      ],
      [
        64,
        57
      ],
      [
        58,
        71
      ],
      [
        49,
        19
      ],
      [
        37,
        55
      ],
      [
        45,
        89
      ],
      [
        84,
        29
      ],
      [
        41,
        6
      ],
      [
        44,
        83
      ],
      [
        94,
        7
      ],
      [
        13,
        76
      ],
      [
        88,
        20
      ],
      [
        16,
        80
      ],
      [
        65,
        52
      ],
      [
        69,
        53
      ],
      [
        60,
        63
      ],
      [
        2,
        51
      ],
      [
        23,
        96
      ],
      [
        50,
        32
      ],
      [
        74,
        22
      ],
      [
        39,
        25
      ],
      [
        73,
        9
      ],
      [
        35,
        36
      ],
      [
        42,
        17
      ],
      [
        68,
        72
      ],
      [
        86,
        67
      ],
      [
        4,
        47
      ],
      [
        3,
        66
      ],
      [
        87,
        11
      ],
      [
        48,
        24
      ],
      [
        18,
        38
      ],
      [
        31,
        30
      ],
      [
        56,
        82
      ],
      [
        0,
        34
      ],
      [
        5,
        33
      ],
      [
        81,
        75
      ],
      [
        1,
        21
      ],
      [
        28,
        12
      ],
      [
        10,
        78
      ],
      [
        59,
        92
      ],
      [
        62,
        8
      ],
      [
        95,
        93
      ],
      [
        61,
        54
      ],
      [
        15,
        46
      ],
      [
        91,
        79
      ],
      [
        27,
        70
      ],
      [
        43,
        26
      ],
      [
        14,
        90
      ]
    ],
    "in_cols": [
      39,
      33,
      28,
      25,
      17,
      23,
      41,
      19,
      22,
      46,
      7,
      44,
      10,
      34,
      36,
      30,
      2,
      12,
      26,
      38,
      18,
      37,
      16,
      20,
      35,
      42,
      4,
      3,
      43,
      24,
      11,
      15,
      27,
      0,
      5,
      40,
      1,
      14,
      6,
      29,
      32,
      47,
      31,
      9,
      45,
      13,
      21,
      8
    ],
    "out_cols": [
      21,
      29,
      34,
      7,
      28,
      43,
      14,
      0,
      42,
      1,
      37,
      8,
      40,
      25,
      26,
      30,
      24,
      47,
      16,
      10,
      12,
      3,
      19,
      6,
      35,
      32,
      23,
      31,
      4,
      11,
      20,
      15,
      41,
      18,
      17,
      36,
      9,
      5,
      38,
      45,
      2,
      46,
      27,
      22,
      39,
      33,
      13,
      44
    ]
  }
}