{
  "config": {
    "steps": 700,
    "lr": 0.02,
    "tau_start": 1.0,
    "tau_end": 0.03,
    "sinkhorn_iters": 30,
    "lambda_ent": 0.0003,
    "train_subsample": 0,
    "seed": 20403,
    "device": "cuda"
  },
  "final": {
    "soft_mse_full": 0.4473338723182678,
    "discrete_mse": 108.19092559814453,
    "hash_match": false,
    "perm_str": "59,52,39,72,95,75,16,63,56,30,44,82,74,80,42,38,68,29,58,78,18,67,86,54,37,90,35,19,10,7,73,57,15,47,94,24,28,40,31,36,3,53,1,26,23,8,87,71,84,25,14,6,5,11,0,17,81,93,62,20,45,12,65,96,77,33,48,70,4,32,13,83,27,89,49,21,41,76,64,66,43,9,69,55,91,34,61,51,88,22,50,92,2,79,60,46,85",
    "in_cols": [
      29,
      18,
      47,
      10,
      27,
      22,
      38,
      20,
      35,
      28,
      11,
      42,
      17,
      16,
      6,
      37,
      9,
      46,
      14,
      15,
      3,
      1,
      12,
      43,
      41,
      8,
      5,
      0,
      40,
      32,
      23,
      34,
      39,
      24,
      4,
      7,
      13,
      25,
      19,
      33,
      21,
      36,
      45,
      31,
      44,
      26,
      2,
      30
    ],
    "out_cols": [
      25,
      35,
      36,
      30,
      15,
      41,
      40,
      20,
      14,
      38,
      32,
      27,
      44,
      7,
      1,
      29,
      23,
      11,
      21,
      19,
      26,
      13,
      2,
      34,
      12,
      0,
      4,
      6,
      46,
      8,
      5,
      47,
      17,
      33,
      16,
      42,
      43,
      9,
      37,
      31,
      3,
      28,
      18,
      24,
      10,
      45,
      39,
      22
    ]
  },
  "best_seen": {
    "discrete_mse": 2.5854990482330322,
    "order": [
      [
        59,
        52
      ],
      [
        39,
        72
      ],
      [
        95,
        75
      ],
      [
        73,
        63
      ],
      [
        56,
        30
      ],
      [
        44,
        82
      ],
      [
        74,
        80
      ],
      [
        68,
        38
      ],
      [
        42,
        29
      ],
      [
        58,
        78
      ],
      [
        88,
        67
      ],
      [
        86,
        54
      ],
      [
        18,
        90
      ],
      [
        35,
        19
      ],
      [
        10,
        7
      ],
      [
        37,
        57
      ],
      [
        15,
        47
      ],
      [
        94,
        24
      ],
      [
        28,
        40
      ],
      [
        31,
        36
      ],
      [
        3,
        53
      ],
      [
        14,
        26
      ],
      [
        50,
        8
      ],
      [
        87,
        71
      ],
      [
        23,
        25
      ],
      [
        81,
        6
      ],
      [
        77,
        11
      ],
      [
        0,
        17
      ],
      [
        5,
        34
      ],
      [
        62,
        20
      ],
      [
        45,
        12
      ],
      [
        16,
        96
      ],
      [
        65,
        33
      ],
      [
        48,
        70
      ],
      [
        4,
        32
      ],
      [
        13,
        83
      ],
      [
        27,
        89
      ],
      [
        49,
        21
      ],
      [
        41,
        76
      ],
      [
        84,
        66
      ],
      [
        43,
        9
      ],
      [
        69,
        55
      ],
      [
        91,
        93
      ],
      [
        2,
        51
      ],
      [
        1,
        22
      ],
      [
        61,
        92
      ],
      [
        64,
        79
      ],
      [
        60,
        46
      ]
    ],
    "in_cols": [
      29,
      18,
      47,
      37,
      27,
      22,
      38,
      35,
      20,
      28,
      44,
      42,
      11,
      16,
      6,
      17,
      9,
      46,
      14,
      15,
      3,
      8,
      26,
      43,
      12,
      40,
      39,
      0,
      5,
      32,
      23,
      10,
      34,
      24,
      4,
      7,
      13,
      25,
      19,
      41,
      21,
      36,
      45,
      2,
      1,
      31,
      33,
      30
    ],
    "out_cols": [
      25,
      35,
      36,
      30,
      15,
      41,
      40,
      20,
      14,
      38,
      32,
      27,
      44,
      7,
      1,
      29,
      23,
      11,
      21,
      19,
      26,
      13,
      2,
      34,
      12,
      0,
      4,
      6,
      18,
      8,
      5,
      47,
      17,
      33,
      16,
      42,
      43,
      9,
      37,
      31,
      3,
      28,
      46,
      24,
      10,
      45,
      39,
      22
    ]
  }
}