{
  "config": {
    "steps": 700,
    "lr": 0.02,
    "tau_start": 1.0,
    "tau_end": 0.03,
    "sinkhorn_iters": 30,
    "lambda_ent": 0.0003,
    "train_subsample": 0,
    "seed": 4903,
    "device": "cuda"
  },
  "final": {
    "soft_mse_full": 0.37961509823799133,
    "discrete_mse": 11.55798053741455,
    "hash_match": false,
    "perm_str": "59,52,77,72,95,55,42,63,44,82,50,78,87,80,39,29,69,93,18,30,94,53,35,38,28,19,73,24,86,90,15,67,37,7,68,47,48,71,10,57,3,25,31,36,1,26,23,75,64,40,5,51,45,11,14,17,81,33,62,6,4,32,43,70,65,96,16,20,91,76,13,9,58,83,27,79,84,46,56,8,49,54,74,92,0,66,41,22,2,21,61,12,60,89,88,34,85",
    "in_cols": [
      29,
      39,
      47,
      20,
      22,
      26,
      43,
      18,
      36,
      11,
      46,
      16,
      14,
      37,
      42,
      9,
      17,
      35,
      24,
      6,
      3,
      15,
      1,
      12,
      33,
      5,
      23,
      8,
      40,
      32,
      4,
      21,
      34,
      10,
      45,
      7,
      28,
      13,
      41,
      27,
      25,
      38,
      0,
      19,
      2,
      31,
      30,
      44
    ],
    "out_cols": [
      25,
      35,
      28,
      30,
      41,
      38,
      40,
      14,
      46,
      15,
      26,
      20,
      7,
      11,
      44,
      32,
      1,
      23,
      34,
      29,
      12,
      19,
      13,
      36,
      21,
      24,
      4,
      6,
      17,
      0,
      16,
      33,
      47,
      8,
      37,
      3,
      42,
      39,
      22,
      2,
      27,
      45,
      31,
      10,
      9,
      5,
      43,
      18
    ]
  },
  "best_seen": {
    "discrete_mse": 0.9034759402275085,
    "order": [
      [
        59,
        52
      ],
      [
        27,
        72
      ],
      [
        95,
        55
      ],
      [
        42,
        63
      ],
      [
        44,
        82
      ],
      [
        50,
        78
      ],
      [
        87,
        80
      ],
      [
        39,
        29
      ],
      [
        69,
        93
      ],
      [
        18,
        30
      ],
      [
        94,
        53
      ],
      [
        35,
        38
      ],
      [
        28,
        19
      ],
      [
        73,
        24
      ],
      [
        86,
        90
      ],
      [
        15,
        67
      ],
      [
        37,
        7
      ],
      [
        68,
        47
      ],
      [
        48,
        71
      ],
      [
        10,
        57
      ],
      [
        3,
        25
      ],
      [
        31,
        36
      ],
      [
        1,
        26
      ],
      [
        23,
        75
      ],
      [
        64,
        40
      ],
      [
        5,
        51
      ],
      [
        45,
        11
      ],
      [
        14,
        17
      ],
      [
        81,
        33
      ],
      [
        62,
        6
      ],
      [
        4,
        32
      ],
      [
        43,
        70
      ],
      [
        65,
        96
      ],
      [
        16,
        20
      ],
      [
        91,
        76
      ],
      [
        13,
        9
      ],
      [
        77,
        83
      ],
      [
        58,
        79
      ],
      [
        84,
        46
      ],
      [
        56,
        8
      ],
      [
        49,
        54
      ],
      [
        74,
        92
      ],
      [
        0,
        66
      ],
      [
        41,
        22
      ],
      [
        2,
        21
      ],
      [
        61,
        12
      ],
      [
        60,
        89
      ],
      [
        88,
        34
      ]
    ],
    "in_cols": [
      29,
      13,
      47,
      20,
      22,
      26,
      43,
      18,
      36,
      11,
      46,
      16,
      14,
      37,
      42,
      9,
      17,
      35,
      24,
      6,
      3,
      15,
      1,
      12,
      33,
      5,
      23,
      8,
      40,
      32,
      4,
      21,
      34,
      10,
      45,
      7,
      39,
      28,
      41,
      27,
      25,
      38,
      0,
      19,
      2,
      31,
      30,
      44
    ],
    "out_cols": [
      25,
      35,
      28,
      30,
      41,
      38,
      40,
      14,
      46,
      15,
      26,
      20,
      7,
      11,
      44,
      32,
      1,
      23,
      34,
      29,
      12,
      19,
      13,
      36,
      21,
      24,
      4,
      6,
      17,
      0,
      16,
      33,
      47,
      8,
      37,
      3,
      42,
      39,
      22,
      2,
      27,
      45,
      31,
      10,
      9,
      5,
      43,
      18
    ]
  }
}