{
  "config": {
    "steps": 900,
    "lr": 0.03,
    "tau_start": 1.0,
    "tau_end": 0.028,
    "sinkhorn_iters": 30,
    "lambda_ent": 0.0003,
    "train_subsample": 4096,
    "seed": 26702,
    "device": "cuda"
  },
  "final": {
    "soft_mse_full": 0.5227900743484497,
    "discrete_mse": 9.886329650878906,
    "hash_match": false,
    "perm_str": "59,52,69,72,2,78,95,63,56,30,44,82,86,80,94,29,39,90,58,93,18,67,42,36,28,19,35,24,10,47,73,7,15,40,37,57,87,71,48,53,31,55,3,25,50,26,1,38,14,33,77,75,4,17,65,92,5,11,81,6,16,20,91,51,62,96,43,70,0,83,23,54,13,32,64,89,41,76,27,46,60,22,49,34,45,79,61,12,84,66,88,8,68,21,74,9,85",
    "in_cols": [
      29,
      36,
      2,
      47,
      27,
      22,
      42,
      46,
      18,
      28,
      11,
      20,
      14,
      16,
      6,
      37,
      9,
      17,
      43,
      24,
      15,
      3,
      26,
      1,
      8,
      39,
      4,
      34,
      5,
      40,
      10,
      45,
      32,
      21,
      0,
      12,
      7,
      33,
      19,
      13,
      30,
      25,
      23,
      31,
      41,
      44,
      35,
      38
    ],
    "out_cols": [
      25,
      35,
      38,
      30,
      15,
      41,
      40,
      14,
      44,
      46,
      32,
      19,
      7,
      11,
      23,
      1,
      21,
      29,
      34,
      26,
      28,
      12,
      13,
      20,
      17,
      36,
      6,
      45,
      4,
      0,
      8,
      24,
      47,
      33,
      42,
      27,
      16,
      43,
      37,
      22,
      10,
      18,
      39,
      5,
      31,
      2,
      9,
      3
    ]
  },
  "best_seen": {
    "discrete_mse": 9.886329650878906,
    "order": [
      [
        59,
        52
      ],
      [
        69,
        72
      ],
      [
        2,
        78
      ],
      [
        95,
        63
      ],
      [
        56,
        30
      ],
      [
        44,
        82
      ],
      [
        86,
        80
      ],
      [
        94,
        29
      ],
      [
        39,
        90
      ],
      [
        58,
        93
      ],
      [
        18,
        67
      ],
      [
        42,
        36
      ],
      [
        28,
        19
      ],
      [
        35,
        24
      ],
      [
        10,
        47
      ],
      [
        73,
        7
      ],
      [
        15,
        40
      ],
      [
        37,
        57
      ],
      [
        87,
        71
      ],
      [
        48,
        53
      ],
      [
        31,
        55
      ],
      [
        3,
        25
      ],
      [
        50,
        26
      ],
      [
        1,
        38
      ],
      [
        14,
        33
      ],
      [
        77,
        75
      ],
      [
        4,
        17
      ],
      [
        65,
        92
      ],
      [
        5,
        11
      ],
      [
        81,
        6
      ],
      [
        16,
        20
      ],
      [
        91,
        51
      ],
      [
        62,
        96
      ],
      [
        43,
        70
      ],
      [
        0,
        83
      ],
      [
        23,
        54
      ],
      [
        13,
        32
      ],
      [
        64,
        89
      ],
      [
        41,
        76
      ],
      [
        27,
        46
      ],
      [
        60,
        22
      ],
      [
        49,
        34
      ],
      [
        45,
        79
      ],
      [
        61,
        12
      ],
      [
        84,
        66
      ],
      [
        88,
        8
      ],
      [
        68,
        21
      ],
      [
        74,
        9
      ]
    ],
    "in_cols": [
      29,
      36,
      2,
      47,
      27,
      22,
      42,
      46,
      18,
      28,
      11,
      20,
      14,
      16,
      6,
      37,
      9,
      17,
      43,
      24,
      15,
      3,
      26,
      1,
      8,
      39,
      4,
      34,
      5,
      40,
      10,
      45,
      32,
      21,
      0,
      12,
      7,
      33,
      19,
      13,
      30,
      25,
      23,
      31,
      41,
      44,
      35,
      38
    ],
    "out_cols": [
      25,
      35,
      38,
      30,
      15,
      41,
      40,
      14,
      44,
      46,
      32,
      19,
      7,
      11,
      23,
      1,
      21,
      29,
      34,
      26,
      28,
      12,
      13,
      20,
      17,
      36,
      6,
      45,
      4,
      0,
      8,
      24,
      47,
      33,
      42,
      27,
      16,
      43,
      37,
      22,
      10,
      18,
      39,
      5,
      31,
      2,
      9,
      3
    ]
  }
}