{
  "config": {
    "steps": 700,
    "lr": 0.02,
    "tau_start": 1.0,
    "tau_end": 0.03,
    "sinkhorn_iters": 30,
    "lambda_ent": 0.0003,
    "train_subsample": 0,
    "seed": 6003,
    "device": "cuda"
  },
  "final": {
    "soft_mse_full": 0.3396293520927429,
    "discrete_mse": 1.9881802797317505,
    "hash_match": false,
    "perm_str": "59,52,39,72,87,78,95,63,56,30,44,82,74,55,42,29,94,93,58,83,18,90,86,80,28,19,37,40,15,67,73,57,1,7,68,47,35,24,31,36,3,26,50,66,23,38,27,71,14,17,64,25,5,11,48,51,62,6,81,20,65,96,16,70,45,92,77,33,91,53,0,32,49,34,13,89,84,22,10,8,4,54,61,9,2,12,41,75,43,76,88,21,69,46,60,79,85",
    "in_cols": [
      29,
      18,
      43,
      47,
      27,
      22,
      38,
      20,
      46,
      28,
      11,
      42,
      14,
      17,
      9,
      37,
      1,
      35,
      16,
      15,
      3,
      26,
      12,
      13,
      8,
      33,
      5,
      24,
      32,
      40,
      34,
      10,
      23,
      39,
      45,
      0,
      25,
      7,
      41,
      6,
      4,
      31,
      2,
      19,
      21,
      44,
      36,
      30
    ],
    "out_cols": [
      25,
      35,
      38,
      30,
      15,
      41,
      28,
      14,
      46,
      42,
      44,
      40,
      7,
      21,
      32,
      29,
      1,
      23,
      11,
      19,
      13,
      31,
      20,
      34,
      6,
      12,
      4,
      24,
      0,
      8,
      47,
      33,
      45,
      17,
      26,
      16,
      18,
      43,
      10,
      2,
      27,
      3,
      5,
      36,
      37,
      9,
      22,
      39
    ]
  },
  "best_seen": {
    "discrete_mse": 14.559791564941406,
    "order": [
      [
        59,
        52
      ],
      [
        39,
        72
      ],
      [
        87,
        78
      ],
      [
        95,
        63
      ],
      [
        56,
        30
      ],
      [
        44,
        82
      ],
      [
        74,
        55
      ],
      [
        42,
        29
      ],
      [
        94,
        93
      ],
      [
        58,
        83
      ],
      [
        18,
        90
      ],
      [
        86,
        80
      ],
      [
        28,
        19
      ],
      [
        37,
        40
      ],
      [
        15,
        67
      ],
      [
        73,
        57
      ],
      [
        1,
        7
      ],
      [
        68,
        47
      ],
      [
        35,
        24
      ],
      [
        31,
        36
      ],
      [
        3,
        26
      ],
      [
        50,
        66
      ],
      [
        27,
        38
      ],
      [
        23,
        71
      ],
      [
        14,
        17
      ],
      [
        64,
        51
      ],
      [
        5,
        11
      ],
      [
        48,
        25
      ],
      [
        62,
        6
      ],
      [
        81,
        20
      ],
      [
        65,
        96
      ],
      [
        16,
        70
      ],
      [
        45,
        92
      ],
      [
        77,
        33
      ],
      [
        91,
        53
      ],
      [
        0,
        32
      ],
      [
        49,
        34
      ],
      [
        13,
        89
      ],
      [
        84,
        22
      ],
      [
        10,
        8
      ],
      [
        4,
        54
      ],
      [
        61,
        9
      ],
      [
        2,
        12
      ],
      [
        41,
        75
      ],
      [
        43,
        76
      ],
      [
        88,
        21
      ],
      [
        69,
        46
      ],
      [
        60,
        79
      ]
    ],
    "in_cols": [
      29,
      18,
      43,
      47,
      27,
      22,
      38,
      20,
      46,
      28,
      11,
      42,
      14,
      17,
      9,
      37,
      1,
      35,
      16,
      15,
      3,
      26,
      13,
      12,
      8,
      33,
      5,
      24,
      32,
      40,
      34,
      10,
      23,
      39,
      45,
      0,
      25,
      7,
      41,
      6,
      4,
      31,
      2,
      19,
      21,
      44,
      36,
      30
    ],
    "out_cols": [
      25,
      35,
      38,
      30,
      15,
      41,
      28,
      14,
      46,
      42,
      44,
      40,
      7,
      21,
      32,
      29,
      1,
      23,
      11,
      19,
      13,
      31,
      20,
      34,
      6,
      24,
      4,
      12,
      0,
      8,
      47,
      33,
      45,
      17,
      26,
      16,
      18,
      43,
      10,
      2,
      27,
      3,
      5,
      36,
      37,
      9,
      22,
      39
    ]
  }
}