{
  "config": {
    "steps": 700,
    "lr": 0.015,
    "tau_start": 1.0,
    "tau_end": 0.025,
    "sinkhorn_iters": 30,
    "lambda_ent": 0.0001,
    "train_subsample": 0,
    "seed": 15604,
    "device": "cuda"
  },
  "final": {
    "soft_mse_full": 0.35677221417427063,
    "discrete_mse": 45.5583381652832,
    "hash_match": false,
    "perm_str": "59,52,39,30,95,29,73,63,44,72,56,82,87,93,86,80,42,55,58,78,69,83,35,90,18,24,28,19,15,67,37,7,50,57,68,47,1,40,94,71,3,25,10,26,31,36,23,38,14,11,64,8,27,51,4,17,81,6,45,12,77,92,65,20,5,96,16,33,62,75,48,70,13,53,0,54,61,9,74,32,49,34,41,76,2,21,60,22,84,66,91,46,88,79,43,89,85",
    "in_cols": [
      29,
      18,
      47,
      37,
      22,
      27,
      43,
      42,
      20,
      28,
      36,
      16,
      11,
      14,
      9,
      17,
      26,
      35,
      1,
      46,
      3,
      6,
      15,
      12,
      8,
      33,
      13,
      4,
      40,
      23,
      39,
      34,
      5,
      10,
      32,
      24,
      7,
      0,
      31,
      38,
      25,
      19,
      2,
      30,
      41,
      45,
      44,
      21
    ],
    "out_cols": [
      25,
      15,
      14,
      30,
      35,
      41,
      46,
      40,
      28,
      38,
      42,
      44,
      11,
      7,
      32,
      1,
      29,
      23,
      21,
      34,
      12,
      13,
      19,
      20,
      4,
      2,
      24,
      6,
      0,
      5,
      45,
      8,
      47,
      17,
      36,
      33,
      26,
      27,
      3,
      16,
      18,
      37,
      9,
      10,
      31,
      22,
      39,
      43
    ]
  },
  "best_seen": {
    "discrete_mse": 38.143428802490234,
    "order": [
      [
        14,
        63
      ],
      [
        31,
        30
      ],
      [
        5,
        72
      ],
      [
        1,
        90
      ],
      [
        88,
        26
      ],
      [
        69,
        93
      ],
      [
        81,
        52
      ],
      [
        41,
        36
      ],
      [
        73,
        11
      ],
      [
        2,
        19
      ],
      [
        91,
        17
      ],
      [
        61,
        54
      ],
      [
        3,
        67
      ],
      [
        60,
        76
      ],
      [
        65,
        40
      ],
      [
        77,
        71
      ],
      [
        16,
        96
      ],
      [
        45,
        70
      ],
      [
        84,
        82
      ],
      [
        35,
        9
      ],
      [
        43,
        34
      ],
      [
        95,
        75
      ],
      [
        94,
        38
      ],
      [
        74,
        83
      ],
      [
        4,
        25
      ],
      [
        42,
        47
      ],
      [
        50,
        24
      ],
      [
        68,
        29
      ],
      [
        56,
        57
      ],
      [
        10,
        6
      ],
      [
        37,
        53
      ],
      [
        58,
        33
      ],
      [
        13,
        51
      ],
      [
        62,
        46
      ],
      [
        27,
        80
      ],
      [
        39,
        92
      ],
      [
        86,
        79
      ],
      [
        18,
        7
      ],
      [
        23,
        20
      ],
      [
        44,
        32
      ],
      [
        28,
        66
      ],
      [
        0,
        55
      ],
      [
        87,
        21
      ],
      [
        15,
        8
      ],
      [
        64,
        78
      ],
      [
        49,
        12
      ],
      [
        48,
        89
      ],
      [
        59,
        22
      ]
    ],
    "in_cols": [
      8,
      15,
      5,
      1,
      44,
      36,
      40,
      19,
      37,
      2,
      45,
      31,
      3,
      30,
      34,
      39,
      10,
      23,
      41,
      16,
      21,
      47,
      46,
      38,
      4,
      20,
      26,
      35,
      27,
      6,
      17,
      28,
      7,
      32,
      13,
      18,
      42,
      11,
      12,
      22,
      14,
      0,
      43,
      9,
      33,
      25,
      24,
      29
    ],
    "out_cols": [
      30,
      15,
      35,
      44,
      13,
      46,
      25,
      19,
      4,
      7,
      6,
      27,
      32,
      37,
      21,
      34,
      47,
      33,
      41,
      3,
      18,
      36,
      20,
      42,
      12,
      23,
      11,
      14,
      29,
      0,
      26,
      17,
      24,
      22,
      40,
      45,
      39,
      1,
      8,
      16,
      31,
      28,
      9,
      2,
      38,
      5,
      43,
      10
    ]
  }
}