{
  "config": {
    "steps": 900,
    "lr": 0.03,
    "tau_start": 1.0,
    "tau_end": 0.03,
    "sinkhorn_iters": 30,
    "lambda_ent": 0.0003,
    "train_subsample": 4096,
    "seed": 5401,
    "device": "cuda"
  },
  "final": {
    "soft_mse_full": 0.3517841100692749,
    "discrete_mse": 7.5520453453063965,
    "hash_match": false,
    "perm_str": "59,52,39,30,74,80,95,63,56,82,44,78,37,93,88,29,42,72,58,83,69,67,94,38,18,90,86,47,35,24,50,36,15,57,73,7,48,53,1,71,3,25,28,55,14,26,87,40,0,17,77,11,45,92,91,6,4,12,43,33,62,20,16,96,5,70,81,75,61,66,65,32,84,34,10,21,49,8,31,22,27,19,2,51,41,46,23,79,68,54,13,76,60,89,64,9,85",
    "in_cols": [
      29,
      18,
      38,
      47,
      27,
      22,
      17,
      44,
      20,
      28,
      36,
      46,
      11,
      42,
      16,
      26,
      9,
      37,
      24,
      1,
      3,
      14,
      8,
      43,
      0,
      39,
      23,
      45,
      4,
      21,
      32,
      10,
      5,
      40,
      31,
      34,
      41,
      6,
      25,
      15,
      13,
      2,
      19,
      12,
      35,
      7,
      30,
      33
    ],
    "out_cols": [
      25,
      15,
      40,
      30,
      41,
      38,
      46,
      14,
      35,
      42,
      32,
      20,
      44,
      23,
      11,
      19,
      29,
      1,
      26,
      34,
      12,
      28,
      13,
      21,
      6,
      4,
      45,
      0,
      5,
      17,
      8,
      47,
      33,
      36,
      31,
      16,
      18,
      9,
      2,
      10,
      7,
      24,
      22,
      39,
      27,
      37,
      43,
      3
    ]
  },
  "best_seen": {
    "discrete_mse": 1.7189491987228394,
    "order": [
      [
        59,
        52
      ],
      [
        39,
        30
      ],
      [
        74,
        55
      ],
      [
        95,
        63
      ],
      [
        56,
        82
      ],
      [
        44,
        78
      ],
      [
        37,
        93
      ],
      [
        88,
        29
      ],
      [
        68,
        72
      ],
      [
        58,
        83
      ],
      [
        69,
        67
      ],
      [
        94,
        38
      ],
      [
        18,
        90
      ],
      [
        86,
        47
      ],
      [
        35,
        24
      ],
      [
        73,
        36
      ],
      [
        15,
        57
      ],
      [
        42,
        7
      ],
      [
        3,
        53
      ],
      [
        1,
        71
      ],
      [
        87,
        25
      ],
      [
        28,
        80
      ],
      [
        50,
        26
      ],
      [
        23,
        40
      ],
      [
        0,
        17
      ],
      [
        77,
        11
      ],
      [
        45,
        92
      ],
      [
        14,
        6
      ],
      [
        4,
        12
      ],
      [
        5,
        33
      ],
      [
        62,
        20
      ],
      [
        16,
        96
      ],
      [
        48,
        70
      ],
      [
        81,
        75
      ],
      [
        61,
        66
      ],
      [
        65,
        32
      ],
      [
        84,
        34
      ],
      [
        10,
        21
      ],
      [
        60,
        8
      ],
      [
        31,
        22
      ],
      [
        27,
        19
      ],
      [
        2,
        51
      ],
      [
        91,
        46
      ],
      [
        13,
        79
      ],
      [
        49,
        54
      ],
      [
        41,
        76
      ],
      [
        43,
        89
      ],
      [
        64,
        9
      ]
    ],
    "in_cols": [
      29,
      18,
      38,
      47,
      27,
      22,
      17,
      44,
      35,
      28,
      36,
      46,
      11,
      42,
      16,
      37,
      9,
      20,
      3,
      1,
      43,
      14,
      26,
      12,
      0,
      39,
      23,
      8,
      4,
      5,
      32,
      10,
      24,
      40,
      31,
      34,
      41,
      6,
      30,
      15,
      13,
      2,
      45,
      7,
      25,
      19,
      21,
      33
    ],
    "out_cols": [
      25,
      15,
      28,
      30,
      41,
      38,
      46,
      14,
      35,
      42,
      32,
      20,
      44,
      23,
      11,
      19,
      29,
      1,
      26,
      34,
      12,
      40,
      13,
      21,
      6,
      4,
      45,
      0,
      5,
      17,
      8,
      47,
      33,
      36,
      31,
      16,
      18,
      9,
      2,
      10,
      7,
      24,
      22,
      39,
      27,
      37,
      43,
      3
    ]
  }
}