{
  "config": {
    "steps": 700,
    "lr": 0.02,
    "tau_start": 1.0,
    "tau_end": 0.03,
    "sinkhorn_iters": 30,
    "lambda_ent": 0.0003,
    "train_subsample": 0,
    "seed": 27603,
    "device": "cuda"
  },
  "final": {
    "soft_mse_full": 0.35045814514160156,
    "discrete_mse": 98.2890625,
    "hash_match": false,
    "perm_str": "59,52,42,72,39,63,95,93,56,30,74,78,44,82,94,80,68,55,58,29,18,83,86,90,73,67,23,47,60,7,28,19,15,57,37,40,50,26,35,24,3,25,31,36,1,38,87,71,49,21,14,76,64,51,5,11,4,32,81,6,77,33,62,20,69,70,16,96,65,53,48,9,27,8,0,17,13,22,91,34,45,54,41,75,84,66,10,92,43,79,61,46,2,12,88,89,85",
    "in_cols": [
      29,
      20,
      18,
      47,
      27,
      38,
      22,
      46,
      35,
      28,
      11,
      42,
      37,
      12,
      30,
      14,
      9,
      17,
      26,
      16,
      3,
      15,
      1,
      43,
      25,
      8,
      33,
      5,
      4,
      40,
      39,
      32,
      36,
      10,
      34,
      24,
      13,
      0,
      7,
      45,
      23,
      19,
      41,
      6,
      21,
      31,
      2,
      44
    ],
    "out_cols": [
      25,
      35,
      30,
      46,
      15,
      38,
      41,
      40,
      28,
      14,
      42,
      44,
      32,
      23,
      1,
      7,
      29,
      21,
      13,
      11,
      12,
      19,
      20,
      34,
      9,
      37,
      24,
      4,
      16,
      0,
      17,
      8,
      33,
      47,
      26,
      3,
      2,
      6,
      10,
      18,
      27,
      36,
      31,
      45,
      39,
      22,
      5,
      43
    ]
  },
  "best_seen": {
    "discrete_mse": 51.99139404296875,
    "order": [
      [
        74,
        51
      ],
      [
        14,
        36
      ],
      [
        41,
        92
      ],
      [
        59,
        30
      ],
      [
        50,
        75
      ],
      [
        44,
        21
      ],
      [
        62,
        24
      ],
      [
        43,
        89
      ],
      [
        23,
        82
      ],
      [
        18,
        71
      ],
      [
        1,
        76
      ],
      [
        37,
        40
      ],
      [
        95,
        12
      ],
      [
        28,
        20
      ],
      [
        69,
        25
      ],
      [
        88,
        19
      ],
      [
        77,
        9
      ],
      [
        3,
        63
      ],
      [
        84,
        53
      ],
      [
        81,
        29
      ],
      [
        31,
        7
      ],
      [
        39,
        79
      ],
      [
        13,
        57
      ],
      [
        45,
        55
      ],
      [
        10,
        11
      ],
      [
        73,
        26
      ],
      [
        60,
        33
      ],
      [
        0,
        47
      ],
      [
        4,
        80
      ],
      [
        42,
        8
      ],
      [
        35,
        46
      ],
      [
        86,
        54
      ],
      [
        2,
        96
      ],
      [
        64,
        34
      ],
      [
        61,
        90
      ],
      [
        58,
        67
      ],
      [
        91,
        83
      ],
      [
        94,
        6
      ],
      [
        56,
        38
      ],
      [
        16,
        70
      ],
      [
        49,
        22
      ],
      [
        5,
        52
      ],
      [
        48,
        93
      ],
      [
        27,
        17
      ],
      [
        65,
        72
      ],
      [
        68,
        78
      ],
      [
        87,
        32
      ],
      [
        15,
        66
      ]
    ],
    "in_cols": [
      38,
      8,
      19,
      29,
      26,
      22,
      32,
      21,
      12,
      11,
      1,
      17,
      47,
      14,
      36,
      44,
      39,
      3,
      41,
      40,
      15,
      18,
      7,
      23,
      6,
      37,
      30,
      0,
      4,
      20,
      16,
      42,
      2,
      33,
      31,
      28,
      45,
      46,
      27,
      10,
      25,
      5,
      24,
      13,
      34,
      35,
      43,
      9
    ],
    "out_cols": [
      24,
      19,
      45,
      15,
      36,
      9,
      11,
      43,
      41,
      34,
      37,
      21,
      5,
      8,
      12,
      7,
      3,
      30,
      26,
      14,
      1,
      39,
      29,
      28,
      4,
      13,
      17,
      23,
      40,
      2,
      22,
      27,
      47,
      18,
      44,
      32,
      42,
      0,
      20,
      33,
      10,
      25,
      46,
      6,
      35,
      38,
      16,
      31
    ]
  }
}