{
  "config": {
    "steps": 900,
    "lr": 0.03,
    "tau_start": 1.0,
    "tau_end": 0.03,
    "sinkhorn_iters": 30,
    "lambda_ent": 0.0003,
    "train_subsample": 4096,
    "seed": 22201,
    "device": "cuda"
  },
  "final": {
    "soft_mse_full": 0.37861427664756775,
    "discrete_mse": 63.62596130371094,
    "hash_match": false,
    "perm_str": "95,75,59,30,39,52,14,63,56,82,86,80,44,78,42,29,74,55,69,93,94,38,28,19,18,90,35,24,10,7,73,67,68,47,50,57,3,72,37,40,31,36,1,12,15,26,87,71,60,11,84,66,27,17,45,20,65,33,16,96,5,6,81,51,48,70,77,53,61,25,91,54,62,83,4,8,49,32,43,76,0,92,13,22,41,46,2,9,88,79,58,89,64,21,23,34,85",
    "in_cols": [
      47,
      29,
      18,
      8,
      27,
      42,
      22,
      20,
      38,
      36,
      46,
      14,
      11,
      16,
      6,
      37,
      35,
      26,
      3,
      17,
      15,
      1,
      9,
      43,
      30,
      41,
      13,
      23,
      34,
      10,
      5,
      40,
      24,
      39,
      31,
      45,
      32,
      4,
      25,
      21,
      0,
      7,
      19,
      2,
      44,
      28,
      33,
      12
    ],
    "out_cols": [
      36,
      15,
      25,
      30,
      41,
      40,
      38,
      14,
      28,
      46,
      20,
      7,
      44,
      11,
      1,
      32,
      23,
      29,
      35,
      21,
      19,
      5,
      13,
      34,
      4,
      31,
      6,
      8,
      17,
      47,
      0,
      24,
      33,
      26,
      12,
      27,
      42,
      2,
      16,
      37,
      45,
      10,
      22,
      3,
      39,
      43,
      9,
      18
    ]
  },
  "best_seen": {
    "discrete_mse": 6.253291606903076,
    "order": [
      [
        39,
        75
      ],
      [
        77,
        30
      ],
      [
        59,
        52
      ],
      [
        95,
        63
      ],
      [
        56,
        82
      ],
      [
        86,
        80
      ],
      [
        44,
        78
      ],
      [
        42,
        29
      ],
      [
        74,
        55
      ],
      [
        69,
        93
      ],
      [
        94,
        38
      ],
      [
        28,
        19
      ],
      [
        18,
        90
      ],
      [
        35,
        24
      ],
      [
        10,
        7
      ],
      [
        73,
        67
      ],
      [
        68,
        47
      ],
      [
        50,
        57
      ],
      [
        3,
        72
      ],
      [
        37,
        40
      ],
      [
        31,
        36
      ],
      [
        1,
        12
      ],
      [
        15,
        26
      ],
      [
        87,
        71
      ],
      [
        60,
        11
      ],
      [
        84,
        66
      ],
      [
        27,
        17
      ],
      [
        45,
        20
      ],
      [
        65,
        33
      ],
      [
        81,
        96
      ],
      [
        5,
        6
      ],
      [
        91,
        51
      ],
      [
        48,
        70
      ],
      [
        61,
        53
      ],
      [
        16,
        25
      ],
      [
        49,
        54
      ],
      [
        62,
        83
      ],
      [
        4,
        8
      ],
      [
        43,
        32
      ],
      [
        14,
        76
      ],
      [
        0,
        92
      ],
      [
        13,
        22
      ],
      [
        41,
        46
      ],
      [
        2,
        9
      ],
      [
        23,
        79
      ],
      [
        58,
        89
      ],
      [
        64,
        21
      ],
      [
        88,
        34
      ]
    ],
    "in_cols": [
      18,
      39,
      29,
      47,
      27,
      42,
      22,
      20,
      38,
      36,
      46,
      14,
      11,
      16,
      6,
      37,
      35,
      26,
      3,
      17,
      15,
      1,
      9,
      43,
      30,
      41,
      13,
      23,
      34,
      40,
      5,
      45,
      24,
      31,
      10,
      25,
      32,
      4,
      21,
      8,
      0,
      7,
      19,
      2,
      12,
      28,
      33,
      44
    ],
    "out_cols": [
      36,
      15,
      25,
      30,
      41,
      40,
      38,
      14,
      28,
      46,
      20,
      7,
      44,
      11,
      1,
      32,
      23,
      29,
      35,
      21,
      19,
      5,
      13,
      34,
      4,
      31,
      6,
      8,
      17,
      47,
      0,
      24,
      33,
      26,
      12,
      27,
      42,
      2,
      16,
      37,
      45,
      10,
      22,
      3,
      39,
      43,
      9,
      18
    ]
  }
}