{
  "config": {
    "steps": 700,
    "lr": 0.02,
    "tau_start": 1.0,
    "tau_end": 0.03,
    "sinkhorn_iters": 30,
    "lambda_ent": 0.0003,
    "train_subsample": 0,
    "seed": 14303,
    "device": "cuda"
  },
  "final": {
    "soft_mse_full": 0.390696257352829,
    "discrete_mse": 19.738265991210938,
    "hash_match": false,
    "perm_str": "95,52,39,30,59,63,86,93,14,82,74,80,44,72,42,29,50,55,18,78,58,90,94,38,28,19,73,57,37,7,15,67,35,24,87,71,68,47,48,40,1,26,3,25,31,36,23,75,64,17,77,11,4,32,81,6,56,92,5,33,62,20,65,51,16,96,43,70,91,76,69,83,41,53,49,54,13,34,60,22,0,46,61,8,45,79,2,12,84,66,88,89,10,21,27,9,85",
    "in_cols": [
      47,
      18,
      29,
      42,
      8,
      38,
      22,
      20,
      26,
      11,
      28,
      46,
      14,
      37,
      17,
      9,
      16,
      43,
      35,
      24,
      1,
      3,
      15,
      12,
      33,
      39,
      4,
      40,
      27,
      5,
      32,
      34,
      10,
      21,
      45,
      36,
      19,
      25,
      7,
      30,
      0,
      31,
      23,
      2,
      41,
      44,
      6,
      13
    ],
    "out_cols": [
      25,
      15,
      30,
      46,
      41,
      40,
      35,
      14,
      28,
      38,
      44,
      20,
      7,
      29,
      1,
      32,
      11,
      34,
      23,
      21,
      13,
      12,
      19,
      36,
      6,
      4,
      16,
      0,
      45,
      17,
      8,
      24,
      47,
      33,
      37,
      42,
      26,
      27,
      18,
      10,
      22,
      2,
      39,
      5,
      31,
      43,
      9,
      3
    ]
  },
  "best_seen": {
    "discrete_mse": 13.356281280517578,
    "order": [
      [
        95,
        52
      ],
      [
        39,
        30
      ],
      [
        59,
        72
      ],
      [
        86,
        63
      ],
      [
        14,
        82
      ],
      [
        74,
        80
      ],
      [
        44,
        78
      ],
      [
        42,
        29
      ],
      [
        18,
        55
      ],
      [
        88,
        93
      ],
      [
        58,
        90
      ],
      [
        94,
        38
      ],
      [
        28,
        19
      ],
      [
        73,
        57
      ],
      [
        50,
        7
      ],
      [
        15,
        67
      ],
      [
        35,
        24
      ],
      [
        87,
        71
      ],
      [
        68,
        47
      ],
      [
        37,
        40
      ],
      [
        1,
        26
      ],
      [
        3,
        25
      ],
      [
        31,
        36
      ],
      [
        23,
        75
      ],
      [
        64,
        17
      ],
      [
        77,
        11
      ],
      [
        4,
        32
      ],
      [
        81,
        6
      ],
      [
        56,
        92
      ],
      [
        5,
        33
      ],
      [
        62,
        20
      ],
      [
        48,
        51
      ],
      [
        65,
        96
      ],
      [
        16,
        70
      ],
      [
        91,
        76
      ],
      [
        69,
        83
      ],
      [
        41,
        53
      ],
      [
        49,
        54
      ],
      [
        13,
        34
      ],
      [
        60,
        22
      ],
      [
        0,
        46
      ],
      [
        61,
        8
      ],
      [
        45,
        79
      ],
      [
        2,
        12
      ],
      [
        84,
        66
      ],
      [
        43,
        89
      ],
      [
        10,
        21
      ],
      [
        27,
        9
      ]
    ],
    "in_cols": [
      47,
      18,
      29,
      42,
      8,
      38,
      22,
      20,
      11,
      44,
      28,
      46,
      14,
      37,
      26,
      9,
      16,
      43,
      35,
      17,
      1,
      3,
      15,
      12,
      33,
      39,
      4,
      40,
      27,
      5,
      32,
      24,
      34,
      10,
      45,
      36,
      19,
      25,
      7,
      30,
      0,
      31,
      23,
      2,
      41,
      21,
      6,
      13
    ],
    "out_cols": [
      25,
      15,
      35,
      30,
      41,
      40,
      38,
      14,
      28,
      46,
      44,
      20,
      7,
      29,
      1,
      32,
      11,
      34,
      23,
      21,
      13,
      12,
      19,
      36,
      6,
      4,
      16,
      0,
      45,
      17,
      8,
      24,
      47,
      33,
      37,
      42,
      26,
      27,
      18,
      10,
      22,
      2,
      39,
      5,
      31,
      43,
      9,
      3
    ]
  }
}