{
  "config": {
    "steps": 900,
    "lr": 0.03,
    "tau_start": 1.0,
    "tau_end": 0.028,
    "sinkhorn_iters": 30,
    "lambda_ent": 0.0003,
    "train_subsample": 4096,
    "seed": 21102,
    "device": "cuda"
  },
  "final": {
    "soft_mse_full": 0.3694417476654053,
    "discrete_mse": 11.298887252807617,
    "hash_match": false,
    "perm_str": "59,30,69,72,39,55,95,52,73,63,56,80,44,82,42,29,94,93,58,78,18,67,86,90,60,47,35,24,28,19,87,71,15,57,68,7,48,26,3,25,31,36,50,66,37,75,1,38,14,40,81,6,4,32,5,11,13,33,16,51,91,92,2,96,62,20,77,70,65,89,0,76,74,83,61,53,49,21,41,46,45,22,43,9,10,8,88,34,23,54,84,17,27,79,64,12,85",
    "in_cols": [
      29,
      36,
      18,
      47,
      37,
      27,
      22,
      20,
      46,
      28,
      11,
      42,
      30,
      16,
      14,
      43,
      9,
      35,
      24,
      3,
      15,
      26,
      17,
      1,
      8,
      40,
      4,
      5,
      7,
      10,
      45,
      2,
      32,
      39,
      34,
      0,
      38,
      31,
      25,
      19,
      23,
      21,
      6,
      44,
      12,
      41,
      13,
      33
    ],
    "out_cols": [
      15,
      35,
      28,
      25,
      30,
      40,
      41,
      14,
      46,
      38,
      32,
      44,
      23,
      11,
      7,
      34,
      29,
      1,
      13,
      12,
      19,
      31,
      36,
      20,
      21,
      0,
      16,
      4,
      17,
      24,
      45,
      47,
      8,
      33,
      43,
      37,
      42,
      26,
      9,
      22,
      10,
      3,
      2,
      18,
      27,
      6,
      39,
      5
    ]
  },
  "best_seen": {
    "discrete_mse": 0.8947088718414307,
    "order": [
      [
        59,
        30
      ],
      [
        69,
        72
      ],
      [
        39,
        52
      ],
      [
        95,
        93
      ],
      [
        73,
        63
      ],
      [
        56,
        80
      ],
      [
        44,
        82
      ],
      [
        42,
        29
      ],
      [
        94,
        78
      ],
      [
        58,
        55
      ],
      [
        18,
        67
      ],
      [
        86,
        90
      ],
      [
        65,
        47
      ],
      [
        35,
        24
      ],
      [
        28,
        19
      ],
      [
        87,
        71
      ],
      [
        15,
        57
      ],
      [
        68,
        7
      ],
      [
        48,
        26
      ],
      [
        3,
        25
      ],
      [
        31,
        36
      ],
      [
        50,
        66
      ],
      [
        37,
        75
      ],
      [
        1,
        38
      ],
      [
        14,
        40
      ],
      [
        81,
        6
      ],
      [
        4,
        32
      ],
      [
        5,
        11
      ],
      [
        13,
        33
      ],
      [
        16,
        51
      ],
      [
        91,
        92
      ],
      [
        2,
        96
      ],
      [
        62,
        20
      ],
      [
        77,
        70
      ],
      [
        60,
        89
      ],
      [
        0,
        76
      ],
      [
        74,
        83
      ],
      [
        61,
        53
      ],
      [
        49,
        21
      ],
      [
        41,
        46
      ],
      [
        45,
        22
      ],
      [
        43,
        9
      ],
      [
        10,
        8
      ],
      [
        88,
        34
      ],
      [
        23,
        54
      ],
      [
        84,
        17
      ],
      [
        27,
        79
      ],
      [
        64,
        12
      ]
    ],
    "in_cols": [
      29,
      36,
      18,
      47,
      37,
      27,
      22,
      20,
      46,
      28,
      11,
      42,
      34,
      16,
      14,
      43,
      9,
      35,
      24,
      3,
      15,
      26,
      17,
      1,
      8,
      40,
      4,
      5,
      7,
      10,
      45,
      2,
      32,
      39,
      30,
      0,
      38,
      31,
      25,
      19,
      23,
      21,
      6,
      44,
      12,
      41,
      13,
      33
    ],
    "out_cols": [
      15,
      35,
      25,
      46,
      30,
      40,
      41,
      14,
      38,
      28,
      32,
      44,
      23,
      11,
      7,
      34,
      29,
      1,
      13,
      12,
      19,
      31,
      36,
      20,
      21,
      0,
      16,
      4,
      17,
      24,
      45,
      47,
      8,
      33,
      43,
      37,
      42,
      26,
      9,
      22,
      10,
      3,
      2,
      18,
      27,
      6,
      39,
      5
    ]
  }
}