{
  "config": {
    "steps": 900,
    "lr": 0.03,
    "tau_start": 1.0,
    "tau_end": 0.03,
    "sinkhorn_iters": 30,
    "lambda_ent": 0.0003,
    "train_subsample": 4096,
    "seed": 10501,
    "device": "cuda"
  },
  "final": {
    "soft_mse_full": 0.5310682058334351,
    "discrete_mse": 13.742843627929688,
    "hash_match": false,
    "perm_str": "59,52,39,72,73,55,95,80,56,30,88,93,44,82,68,29,94,38,42,78,18,67,86,90,87,71,3,19,48,7,10,57,15,36,35,24,28,47,1,40,65,63,31,26,37,25,62,66,23,75,77,76,4,51,14,32,69,11,81,6,5,20,84,33,91,92,16,96,13,53,2,70,50,8,45,9,74,22,60,79,0,46,49,54,41,83,43,17,61,34,64,12,58,89,27,21,85",
    "in_cols": [
      29,
      18,
      37,
      47,
      27,
      44,
      22,
      35,
      46,
      20,
      11,
      42,
      43,
      3,
      24,
      6,
      9,
      16,
      14,
      1,
      34,
      15,
      17,
      32,
      12,
      39,
      4,
      8,
      36,
      40,
      5,
      41,
      45,
      10,
      7,
      2,
      26,
      23,
      38,
      30,
      0,
      25,
      19,
      21,
      31,
      33,
      28,
      13
    ],
    "out_cols": [
      25,
      35,
      28,
      40,
      15,
      46,
      41,
      14,
      20,
      38,
      32,
      44,
      34,
      7,
      1,
      29,
      19,
      11,
      23,
      21,
      30,
      13,
      12,
      31,
      36,
      37,
      24,
      16,
      4,
      0,
      8,
      17,
      45,
      47,
      26,
      33,
      2,
      3,
      10,
      39,
      22,
      27,
      42,
      6,
      18,
      5,
      43,
      9
    ]
  },
  "best_seen": {
    "discrete_mse": 13.742843627929688,
    "order": [
      [
        59,
        52
      ],
      [
        39,
        72
      ],
      [
        73,
        55
      ],
      [
        95,
        80
      ],
      [
        56,
        30
      ],
      [
        88,
        93
      ],
      [
        44,
        82
      ],
      [
        68,
        29
      ],
      [
        94,
        38
      ],
      [
        42,
        78
      ],
      [
        18,
        67
      ],
      [
        86,
        90
      ],
      [
        87,
        71
      ],
      [
        3,
        19
      ],
      [
        48,
        7
      ],
      [
        10,
        57
      ],
      [
        15,
        36
      ],
      [
        35,
        24
      ],
      [
        28,
        47
      ],
      [
        1,
        40
      ],
      [
        65,
        63
      ],
      [
        31,
        26
      ],
      [
        37,
        25
      ],
      [
        62,
        66
      ],
      [
        23,
        75
      ],
      [
        77,
        76
      ],
      [
        4,
        51
      ],
      [
        14,
        32
      ],
      [
        69,
        11
      ],
      [
        81,
        6
      ],
      [
        5,
        20
      ],
      [
        84,
        33
      ],
      [
        91,
        92
      ],
      [
        16,
        96
      ],
      [
        13,
        53
      ],
      [
        2,
        70
      ],
      [
        50,
        8
      ],
      [
        45,
        9
      ],
      [
        74,
        22
      ],
      [
        60,
        79
      ],
      [
        0,
        46
      ],
      [
        49,
        54
      ],
      [
        41,
        83
      ],
      [
        43,
        17
      ],
      [
        61,
        34
      ],
      [
        64,
        12
      ],
      [
        58,
        89
      ],
      [
        27,
        21
      ]
    ],
    "in_cols": [
      29,
      18,
      37,
      47,
      27,
      44,
      22,
      35,
      46,
      20,
      11,
      42,
      43,
      3,
      24,
      6,
      9,
      16,
      14,
      1,
      34,
      15,
      17,
      32,
      12,
      39,
      4,
      8,
      36,
      40,
      5,
      41,
      45,
      10,
      7,
      2,
      26,
      23,
      38,
      30,
      0,
      25,
      19,
      21,
      31,
      33,
      28,
      13
    ],
    "out_cols": [
      25,
      35,
      28,
      40,
      15,
      46,
      41,
      14,
      20,
      38,
      32,
      44,
      34,
      7,
      1,
      29,
      19,
      11,
      23,
      21,
      30,
      13,
      12,
      31,
      36,
      37,
      24,
      16,
      4,
      0,
      8,
      17,
      45,
      47,
      26,
      33,
      2,
      3,
      10,
      39,
      22,
      27,
      42,
      6,
      18,
      5,
      43,
      9
    ]
  }
}