{
  "config": {
    "steps": 900,
    "lr": 0.03,
    "tau_start": 1.0,
    "tau_end": 0.028,
    "sinkhorn_iters": 30,
    "lambda_ent": 0.0003,
    "train_subsample": 4096,
    "seed": 5502,
    "device": "cuda"
  },
  "final": {
    "soft_mse_full": 0.35954028367996216,
    "discrete_mse": 22.13743019104004,
    "hash_match": false,
    "perm_str": "59,30,39,72,73,52,95,63,74,82,3,55,37,93,68,80,44,29,58,90,69,83,86,36,18,47,42,7,15,67,10,24,35,57,48,19,31,78,87,26,94,38,50,66,1,40,0,71,23,25,77,76,14,8,28,11,56,6,4,32,5,20,43,70,45,33,16,96,81,89,27,54,62,75,2,53,64,9,49,21,91,51,13,34,60,22,61,46,41,12,88,17,84,79,65,92,85",
    "in_cols": [
      29,
      18,
      37,
      47,
      38,
      3,
      17,
      35,
      22,
      28,
      36,
      42,
      11,
      20,
      9,
      6,
      16,
      24,
      15,
      43,
      46,
      26,
      1,
      0,
      12,
      39,
      8,
      14,
      27,
      4,
      5,
      21,
      23,
      10,
      40,
      13,
      32,
      2,
      33,
      25,
      45,
      7,
      30,
      31,
      19,
      44,
      41,
      34
    ],
    "out_cols": [
      15,
      35,
      25,
      30,
      41,
      28,
      46,
      40,
      14,
      44,
      42,
      19,
      23,
      1,
      32,
      11,
      29,
      7,
      38,
      13,
      20,
      31,
      21,
      34,
      12,
      37,
      2,
      4,
      0,
      16,
      8,
      33,
      17,
      47,
      43,
      27,
      36,
      26,
      3,
      9,
      24,
      18,
      10,
      22,
      5,
      6,
      39,
      45
    ]
  },
  "best_seen": {
    "discrete_mse": 13.329127311706543,
    "order": [
      [
        59,
        30
      ],
      [
        39,
        52
      ],
      [
        73,
        55
      ],
      [
        95,
        63
      ],
      [
        74,
        78
      ],
      [
        3,
        80
      ],
      [
        37,
        93
      ],
      [
        68,
        29
      ],
      [
        44,
        72
      ],
      [
        58,
        90
      ],
      [
        69,
        83
      ],
      [
        86,
        36
      ],
      [
        18,
        47
      ],
      [
        42,
        7
      ],
      [
        15,
        67
      ],
      [
        10,
        24
      ],
      [
        35,
        57
      ],
      [
        48,
        19
      ],
      [
        31,
        82
      ],
      [
        87,
        26
      ],
      [
        94,
        38
      ],
      [
        50,
        66
      ],
      [
        1,
        40
      ],
      [
        23,
        71
      ],
      [
        84,
        25
      ],
      [
        77,
        76
      ],
      [
        14,
        8
      ],
      [
        28,
        11
      ],
      [
        56,
        6
      ],
      [
        4,
        32
      ],
      [
        0,
        20
      ],
      [
        43,
        70
      ],
      [
        5,
        33
      ],
      [
        16,
        96
      ],
      [
        81,
        89
      ],
      [
        27,
        54
      ],
      [
        62,
        75
      ],
      [
        2,
        53
      ],
      [
        64,
        9
      ],
      [
        49,
        21
      ],
      [
        91,
        51
      ],
      [
        13,
        34
      ],
      [
        60,
        22
      ],
      [
        61,
        46
      ],
      [
        41,
        12
      ],
      [
        88,
        17
      ],
      [
        45,
        79
      ],
      [
        65,
        92
      ]
    ],
    "in_cols": [
      29,
      18,
      37,
      47,
      38,
      3,
      17,
      35,
      22,
      28,
      36,
      42,
      11,
      20,
      9,
      6,
      16,
      24,
      15,
      43,
      46,
      26,
      1,
      12,
      41,
      39,
      8,
      14,
      27,
      4,
      0,
      21,
      5,
      10,
      40,
      13,
      32,
      2,
      33,
      25,
      45,
      7,
      30,
      31,
      19,
      44,
      23,
      34
    ],
    "out_cols": [
      15,
      25,
      28,
      30,
      38,
      40,
      46,
      14,
      35,
      44,
      42,
      19,
      23,
      1,
      32,
      11,
      29,
      7,
      41,
      13,
      20,
      31,
      21,
      34,
      12,
      37,
      2,
      4,
      0,
      16,
      8,
      33,
      17,
      47,
      43,
      27,
      36,
      26,
      3,
      9,
      24,
      18,
      10,
      22,
      5,
      6,
      39,
      45
    ]
  }
}