{
  "config": {
    "steps": 700,
    "lr": 0.015,
    "tau_start": 1.0,
    "tau_end": 0.025,
    "sinkhorn_iters": 30,
    "lambda_ent": 0.0001,
    "train_subsample": 0,
    "seed": 26804,
    "device": "cuda"
  },
  "final": {
    "soft_mse_full": 0.47008711099624634,
    "discrete_mse": 33.06713104248047,
    "hash_match": false,
    "perm_str": "95,52,59,55,73,82,39,72,56,30,44,47,74,29,42,80,68,93,58,78,18,83,35,90,94,7,10,20,1,24,15,67,37,57,86,26,48,40,87,25,3,53,31,36,23,38,28,71,14,21,77,11,27,51,4,32,5,33,43,70,91,63,81,6,45,92,16,96,50,76,62,75,13,34,65,89,60,8,41,66,2,9,49,22,61,54,0,12,69,79,84,17,88,19,64,46,85",
    "in_cols": [
      47,
      29,
      37,
      18,
      27,
      22,
      38,
      20,
      35,
      28,
      11,
      16,
      46,
      6,
      1,
      9,
      17,
      42,
      24,
      43,
      3,
      15,
      12,
      14,
      8,
      39,
      13,
      4,
      5,
      21,
      45,
      40,
      23,
      10,
      26,
      32,
      7,
      34,
      30,
      19,
      2,
      25,
      31,
      0,
      36,
      41,
      44,
      33
    ],
    "out_cols": [
      25,
      28,
      41,
      35,
      15,
      23,
      14,
      40,
      46,
      38,
      42,
      44,
      1,
      8,
      11,
      32,
      29,
      13,
      21,
      12,
      26,
      19,
      20,
      34,
      9,
      4,
      24,
      16,
      17,
      33,
      30,
      0,
      45,
      47,
      37,
      36,
      18,
      43,
      2,
      31,
      3,
      10,
      27,
      5,
      39,
      6,
      7,
      22
    ]
  },
  "best_seen": {
    "discrete_mse": 60.60820388793945,
    "order": [
      [
        73,
        29
      ],
      [
        59,
        30
      ],
      [
        39,
        52
      ],
      [
        74,
        72
      ],
      [
        56,
        82
      ],
      [
        44,
        19
      ],
      [
        95,
        55
      ],
      [
        42,
        80
      ],
      [
        68,
        93
      ],
      [
        58,
        78
      ],
      [
        69,
        83
      ],
      [
        18,
        90
      ],
      [
        94,
        7
      ],
      [
        10,
        20
      ],
      [
        35,
        24
      ],
      [
        15,
        67
      ],
      [
        37,
        57
      ],
      [
        86,
        47
      ],
      [
        1,
        40
      ],
      [
        87,
        25
      ],
      [
        3,
        26
      ],
      [
        31,
        36
      ],
      [
        23,
        38
      ],
      [
        28,
        71
      ],
      [
        14,
        21
      ],
      [
        77,
        11
      ],
      [
        81,
        51
      ],
      [
        4,
        32
      ],
      [
        5,
        33
      ],
      [
        43,
        70
      ],
      [
        91,
        63
      ],
      [
        48,
        6
      ],
      [
        45,
        92
      ],
      [
        16,
        96
      ],
      [
        50,
        76
      ],
      [
        62,
        75
      ],
      [
        13,
        34
      ],
      [
        65,
        89
      ],
      [
        27,
        53
      ],
      [
        41,
        66
      ],
      [
        2,
        9
      ],
      [
        60,
        22
      ],
      [
        61,
        54
      ],
      [
        0,
        12
      ],
      [
        49,
        79
      ],
      [
        84,
        17
      ],
      [
        88,
        8
      ],
      [
        64,
        46
      ]
    ],
    "in_cols": [
      37,
      29,
      18,
      38,
      27,
      22,
      47,
      20,
      35,
      28,
      36,
      11,
      46,
      6,
      16,
      9,
      17,
      42,
      1,
      43,
      3,
      15,
      12,
      14,
      8,
      39,
      40,
      4,
      5,
      21,
      45,
      24,
      23,
      10,
      26,
      32,
      7,
      34,
      13,
      19,
      2,
      30,
      31,
      0,
      25,
      41,
      44,
      33
    ],
    "out_cols": [
      14,
      15,
      25,
      35,
      41,
      7,
      28,
      40,
      46,
      38,
      42,
      44,
      1,
      8,
      11,
      32,
      29,
      23,
      21,
      12,
      13,
      19,
      20,
      34,
      9,
      4,
      24,
      16,
      17,
      33,
      30,
      0,
      45,
      47,
      37,
      36,
      18,
      43,
      26,
      31,
      3,
      10,
      27,
      5,
      39,
      6,
      2,
      22
    ]
  }
}