{
  "config": {
    "steps": 700,
    "lr": 0.02,
    "tau_start": 1.0,
    "tau_end": 0.03,
    "sinkhorn_iters": 30,
    "lambda_ent": 0.0003,
    "train_subsample": 0,
    "seed": 13403,
    "device": "cuda"
  },
  "final": {
    "soft_mse_full": 0.38614270091056824,
    "discrete_mse": 105.78597259521484,
    "hash_match": false,
    "perm_str": "39,72,59,25,95,52,74,55,44,17,56,82,73,93,42,80,18,83,69,78,86,29,94,90,58,30,28,19,35,24,15,67,48,7,50,57,37,47,87,63,3,26,31,36,1,38,23,71,77,40,64,75,14,11,4,70,5,32,62,6,45,33,16,51,65,20,81,96,27,54,61,53,13,9,49,8,0,76,84,21,10,46,91,34,41,79,43,66,68,92,88,12,2,89,60,22,85",
    "in_cols": [
      18,
      29,
      47,
      38,
      22,
      27,
      37,
      20,
      11,
      36,
      42,
      46,
      28,
      14,
      16,
      9,
      24,
      26,
      17,
      43,
      3,
      15,
      1,
      12,
      39,
      33,
      8,
      4,
      5,
      32,
      23,
      10,
      34,
      40,
      13,
      31,
      7,
      25,
      0,
      41,
      6,
      45,
      19,
      21,
      35,
      44,
      2,
      30
    ],
    "out_cols": [
      35,
      12,
      25,
      28,
      6,
      41,
      46,
      40,
      42,
      38,
      14,
      44,
      15,
      7,
      11,
      32,
      1,
      29,
      23,
      30,
      13,
      19,
      20,
      34,
      21,
      36,
      4,
      33,
      16,
      0,
      17,
      24,
      8,
      47,
      27,
      26,
      3,
      2,
      37,
      9,
      22,
      18,
      39,
      31,
      45,
      5,
      43,
      10
    ]
  },
  "best_seen": {
    "discrete_mse": 58.14387512207031,
    "order": [
      [
        84,
        55
      ],
      [
        87,
        72
      ],
      [
        31,
        36
      ],
      [
        41,
        6
      ],
      [
        49,
        67
      ],
      [
        23,
        96
      ],
      [
        81,
        93
      ],
      [
        62,
        53
      ],
      [
        94,
        26
      ],
      [
        69,
        92
      ],
      [
        86,
        71
      ],
      [
        88,
        29
      ],
      [
        1,
        75
      ],
      [
        73,
        7
      ],
      [
        91,
        33
      ],
      [
        0,
        70
      ],
      [
        61,
        8
      ],
      [
        64,
        90
      ],
      [
        37,
        51
      ],
      [
        59,
        79
      ],
      [
        16,
        19
      ],
      [
        65,
        89
      ],
      [
        2,
        82
      ],
      [
        45,
        32
      ],
      [
        14,
        34
      ],
      [
        56,
        25
      ],
      [
        77,
        11
      ],
      [
        95,
        30
      ],
      [
        58,
        46
      ],
      [
        3,
        54
      ],
      [
        48,
        40
      ],
      [
        42,
        9
      ],
      [
        5,
        21
      ],
      [
        13,
        17
      ],
      [
        44,
        52
      ],
      [
        10,
        83
      ],
      [
        68,
        63
      ],
      [
        60,
        38
      ],
      [
        15,
        24
      ],
      [
        39,
        66
      ],
      [
        28,
        12
      ],
      [
        35,
        80
      ],
      [
        43,
        22
      ],
      [
        27,
        20
      ],
      [
        4,
        76
      ],
      [
        18,
        78
      ],
      [
        50,
        57
      ],
      [
        74,
        47
      ]
    ],
    "in_cols": [
      41,
      43,
      15,
      19,
      25,
      12,
      40,
      32,
      46,
      36,
      42,
      44,
      1,
      37,
      45,
      0,
      31,
      33,
      17,
      29,
      10,
      34,
      2,
      23,
      8,
      27,
      39,
      47,
      28,
      3,
      24,
      20,
      5,
      7,
      22,
      6,
      35,
      30,
      9,
      18,
      14,
      16,
      21,
      13,
      4,
      11,
      26,
      38
    ],
    "out_cols": [
      28,
      35,
      19,
      0,
      32,
      47,
      46,
      26,
      13,
      45,
      34,
      14,
      36,
      1,
      17,
      33,
      2,
      44,
      24,
      39,
      7,
      43,
      41,
      16,
      18,
      12,
      4,
      15,
      22,
      27,
      21,
      3,
      9,
      6,
      25,
      42,
      30,
      20,
      11,
      31,
      5,
      40,
      10,
      8,
      37,
      38,
      29,
      23
    ]
  }
}