{
  "config": {
    "steps": 700,
    "lr": 0.015,
    "tau_start": 1.0,
    "tau_end": 0.025,
    "sinkhorn_iters": 30,
    "lambda_ent": 0.0001,
    "train_subsample": 0,
    "seed": 22404,
    "device": "cuda"
  },
  "final": {
    "soft_mse_full": 0.3373805582523346,
    "discrete_mse": 105.19686126708984,
    "hash_match": false,
    "perm_str": "39,52,59,30,56,72,95,93,44,82,73,55,68,80,74,90,42,29,58,78,94,7,18,26,69,63,48,19,35,24,15,67,86,47,37,57,87,71,1,40,3,25,31,36,28,75,23,38,64,12,4,51,14,11,5,17,45,33,81,6,62,20,16,70,77,96,13,89,61,53,65,32,27,54,49,8,84,21,50,9,41,66,43,83,10,34,60,22,0,76,2,92,91,46,88,79,85",
    "in_cols": [
      18,
      29,
      27,
      47,
      22,
      37,
      35,
      38,
      20,
      28,
      46,
      11,
      36,
      24,
      16,
      9,
      42,
      17,
      43,
      1,
      3,
      15,
      14,
      12,
      33,
      4,
      8,
      5,
      23,
      40,
      32,
      10,
      39,
      7,
      31,
      34,
      13,
      25,
      41,
      26,
      19,
      21,
      6,
      30,
      0,
      2,
      45,
      44
    ],
    "out_cols": [
      25,
      15,
      35,
      46,
      41,
      28,
      40,
      44,
      14,
      38,
      1,
      13,
      30,
      7,
      11,
      32,
      23,
      29,
      34,
      21,
      12,
      19,
      36,
      20,
      5,
      24,
      4,
      6,
      17,
      0,
      8,
      33,
      47,
      43,
      26,
      16,
      27,
      2,
      9,
      3,
      31,
      42,
      18,
      10,
      37,
      45,
      22,
      39
    ]
  },
  "best_seen": {
    "discrete_mse": 45.940406799316406,
    "order": [
      [
        3,
        38
      ],
      [
        16,
        83
      ],
      [
        91,
        34
      ],
      [
        74,
        67
      ],
      [
        23,
        32
      ],
      [
        35,
        63
      ],
      [
        2,
        12
      ],
      [
        0,
        11
      ],
      [
        13,
        55
      ],
      [
        15,
        90
      ],
      [
        43,
        17
      ],
      [
        49,
        29
      ],
      [
        5,
        24
      ],
      [
        39,
        22
      ],
      [
        37,
        36
      ],
      [
        41,
        51
      ],
      [
        60,
        70
      ],
      [
        45,
        26
      ],
      [
        81,
        80
      ],
      [
        59,
        9
      ],
      [
        50,
        71
      ],
      [
        58,
        79
      ],
      [
        31,
        57
      ],
      [
        42,
        78
      ],
      [
        69,
        53
      ],
      [
        14,
        92
      ],
      [
        61,
        75
      ],
      [
        28,
        30
      ],
      [
        86,
        72
      ],
      [
        62,
        46
      ],
      [
        73,
        82
      ],
      [
        84,
        66
      ],
      [
        95,
        6
      ],
      [
        68,
        40
      ],
      [
        87,
        20
      ],
      [
        4,
        19
      ],
      [
        64,
        54
      ],
      [
        27,
        33
      ],
      [
        77,
        21
      ],
      [
        48,
        96
      ],
      [
        65,
        8
      ],
      [
        88,
        47
      ],
      [
        10,
        7
      ],
      [
        1,
        52
      ],
      [
        56,
        25
      ],
      [
        18,
        93
      ],
      [
        94,
        76
      ],
      [
        44,
        89
      ]
    ],
    "in_cols": [
      3,
      10,
      45,
      38,
      12,
      16,
      2,
      0,
      7,
      9,
      21,
      25,
      5,
      18,
      17,
      19,
      30,
      23,
      40,
      29,
      26,
      28,
      15,
      20,
      36,
      8,
      31,
      14,
      42,
      32,
      37,
      41,
      47,
      35,
      43,
      4,
      33,
      13,
      39,
      24,
      34,
      44,
      6,
      1,
      27,
      11,
      46,
      22
    ],
    "out_cols": [
      20,
      42,
      18,
      32,
      16,
      30,
      5,
      4,
      28,
      44,
      6,
      14,
      11,
      10,
      19,
      24,
      33,
      13,
      40,
      3,
      34,
      39,
      29,
      38,
      26,
      45,
      36,
      15,
      35,
      22,
      41,
      31,
      0,
      21,
      8,
      7,
      27,
      17,
      9,
      47,
      2,
      23,
      1,
      25,
      12,
      46,
      37,
      43
    ]
  }
}