{
  "config": {
    "steps": 900,
    "lr": 0.03,
    "tau_start": 1.0,
    "tau_end": 0.028,
    "sinkhorn_iters": 30,
    "lambda_ent": 0.0003,
    "train_subsample": 4096,
    "seed": 27702,
    "device": "cuda"
  },
  "final": {
    "soft_mse_full": 0.34942981600761414,
    "discrete_mse": 13.140549659729004,
    "hash_match": false,
    "perm_str": "39,30,3,72,59,52,74,80,95,63,56,78,44,82,42,29,84,93,86,67,88,54,58,90,94,7,28,19,18,26,35,24,68,47,87,71,15,57,37,40,50,25,31,36,1,38,23,75,73,32,77,11,27,76,81,55,4,17,62,51,45,33,16,96,5,6,48,20,2,70,91,53,13,66,49,34,0,21,10,8,60,89,43,9,61,83,14,79,64,22,69,12,65,92,41,46,85",
    "in_cols": [
      18,
      3,
      29,
      38,
      47,
      27,
      22,
      20,
      41,
      42,
      44,
      28,
      46,
      14,
      11,
      16,
      35,
      43,
      9,
      17,
      26,
      15,
      1,
      12,
      37,
      39,
      13,
      40,
      4,
      32,
      23,
      10,
      5,
      24,
      2,
      45,
      7,
      25,
      0,
      6,
      30,
      21,
      31,
      8,
      33,
      36,
      34,
      19
    ],
    "out_cols": [
      15,
      35,
      25,
      40,
      30,
      38,
      41,
      14,
      46,
      32,
      27,
      44,
      1,
      7,
      13,
      11,
      23,
      34,
      29,
      21,
      12,
      19,
      20,
      36,
      16,
      4,
      37,
      28,
      6,
      24,
      17,
      47,
      0,
      8,
      33,
      26,
      31,
      18,
      9,
      2,
      43,
      3,
      42,
      39,
      10,
      5,
      45,
      22
    ]
  },
  "best_seen": {
    "discrete_mse": 5.997480392456055,
    "order": [
      [
        39,
        30
      ],
      [
        73,
        72
      ],
      [
        59,
        52
      ],
      [
        74,
        80
      ],
      [
        95,
        55
      ],
      [
        0,
        78
      ],
      [
        44,
        82
      ],
      [
        42,
        29
      ],
      [
        58,
        93
      ],
      [
        15,
        67
      ],
      [
        88,
        54
      ],
      [
        86,
        90
      ],
      [
        94,
        7
      ],
      [
        28,
        19
      ],
      [
        18,
        26
      ],
      [
        35,
        24
      ],
      [
        68,
        47
      ],
      [
        87,
        71
      ],
      [
        37,
        57
      ],
      [
        1,
        40
      ],
      [
        3,
        25
      ],
      [
        31,
        36
      ],
      [
        50,
        38
      ],
      [
        23,
        75
      ],
      [
        84,
        63
      ],
      [
        77,
        11
      ],
      [
        27,
        51
      ],
      [
        81,
        20
      ],
      [
        4,
        17
      ],
      [
        62,
        76
      ],
      [
        45,
        33
      ],
      [
        16,
        96
      ],
      [
        5,
        6
      ],
      [
        48,
        32
      ],
      [
        2,
        70
      ],
      [
        91,
        53
      ],
      [
        13,
        66
      ],
      [
        49,
        34
      ],
      [
        56,
        21
      ],
      [
        10,
        8
      ],
      [
        60,
        89
      ],
      [
        43,
        9
      ],
      [
        61,
        83
      ],
      [
        14,
        79
      ],
      [
        64,
        22
      ],
      [
        69,
        12
      ],
      [
        65,
        92
      ],
      [
        41,
        46
      ]
    ],
    "in_cols": [
      18,
      37,
      29,
      38,
      47,
      0,
      22,
      20,
      28,
      9,
      44,
      42,
      46,
      14,
      11,
      16,
      35,
      43,
      17,
      1,
      3,
      15,
      26,
      12,
      41,
      39,
      13,
      40,
      4,
      32,
      23,
      10,
      5,
      24,
      2,
      45,
      7,
      25,
      27,
      6,
      30,
      21,
      31,
      8,
      33,
      36,
      34,
      19
    ],
    "out_cols": [
      15,
      35,
      25,
      40,
      28,
      38,
      41,
      14,
      46,
      32,
      27,
      44,
      1,
      7,
      13,
      11,
      23,
      34,
      29,
      21,
      12,
      19,
      20,
      36,
      30,
      4,
      24,
      8,
      6,
      37,
      17,
      47,
      0,
      16,
      33,
      26,
      31,
      18,
      9,
      2,
      43,
      3,
      42,
      39,
      10,
      5,
      45,
      22
    ]
  }
}