{
  "config": {
    "steps": 700,
    "lr": 0.02,
    "tau_start": 1.0,
    "tau_end": 0.03,
    "sinkhorn_iters": 30,
    "lambda_ent": 0.0003,
    "train_subsample": 0,
    "seed": 24903,
    "device": "cuda"
  },
  "final": {
    "soft_mse_full": 0.40411001443862915,
    "discrete_mse": 1.9190748929977417,
    "hash_match": false,
    "perm_str": "59,52,39,72,3,75,95,29,56,30,44,82,94,78,42,55,58,93,69,7,18,83,81,90,73,80,28,19,15,67,37,57,86,47,87,71,35,24,48,40,1,63,31,36,50,26,23,38,14,21,77,11,27,51,5,33,43,12,62,76,4,6,16,20,65,96,13,9,61,53,60,89,91,70,49,17,10,34,74,22,68,92,41,46,0,25,2,32,84,66,45,79,88,8,64,54,85",
    "in_cols": [
      29,
      18,
      3,
      47,
      27,
      22,
      46,
      20,
      28,
      36,
      11,
      40,
      37,
      14,
      9,
      17,
      42,
      43,
      16,
      24,
      1,
      15,
      26,
      12,
      8,
      39,
      13,
      5,
      21,
      32,
      4,
      10,
      34,
      7,
      31,
      30,
      45,
      25,
      6,
      38,
      35,
      19,
      0,
      2,
      41,
      23,
      44,
      33
    ],
    "out_cols": [
      25,
      35,
      36,
      14,
      15,
      41,
      38,
      28,
      46,
      1,
      42,
      44,
      40,
      7,
      32,
      29,
      23,
      34,
      11,
      21,
      30,
      19,
      13,
      20,
      9,
      4,
      24,
      17,
      5,
      37,
      0,
      8,
      47,
      3,
      26,
      43,
      33,
      6,
      18,
      10,
      45,
      22,
      12,
      16,
      31,
      39,
      2,
      27
    ]
  },
  "best_seen": {
    "discrete_mse": 1.2531445026397705,
    "order": [
      [
        59,
        52
      ],
      [
        39,
        30
      ],
      [
        3,
        72
      ],
      [
        95,
        93
      ],
      [
        56,
        82
      ],
      [
        44,
        78
      ],
      [
        68,
        80
      ],
      [
        42,
        55
      ],
      [
        94,
        83
      ],
      [
        58,
        7
      ],
      [
        69,
        29
      ],
      [
        86,
        90
      ],
      [
        18,
        25
      ],
      [
        28,
        19
      ],
      [
        15,
        67
      ],
      [
        73,
        57
      ],
      [
        37,
        47
      ],
      [
        87,
        71
      ],
      [
        35,
        24
      ],
      [
        48,
        40
      ],
      [
        50,
        63
      ],
      [
        31,
        36
      ],
      [
        1,
        26
      ],
      [
        23,
        38
      ],
      [
        14,
        21
      ],
      [
        77,
        11
      ],
      [
        81,
        51
      ],
      [
        5,
        33
      ],
      [
        45,
        12
      ],
      [
        65,
        76
      ],
      [
        4,
        6
      ],
      [
        62,
        20
      ],
      [
        16,
        96
      ],
      [
        13,
        9
      ],
      [
        61,
        53
      ],
      [
        60,
        54
      ],
      [
        91,
        70
      ],
      [
        27,
        17
      ],
      [
        10,
        34
      ],
      [
        74,
        22
      ],
      [
        49,
        92
      ],
      [
        41,
        46
      ],
      [
        0,
        79
      ],
      [
        2,
        32
      ],
      [
        84,
        66
      ],
      [
        43,
        75
      ],
      [
        88,
        8
      ],
      [
        64,
        89
      ]
    ],
    "in_cols": [
      29,
      18,
      3,
      47,
      27,
      22,
      35,
      20,
      46,
      28,
      36,
      42,
      11,
      14,
      9,
      37,
      17,
      43,
      16,
      24,
      26,
      15,
      1,
      12,
      8,
      39,
      40,
      5,
      23,
      34,
      4,
      32,
      10,
      7,
      31,
      30,
      45,
      13,
      6,
      38,
      25,
      19,
      0,
      2,
      41,
      21,
      44,
      33
    ],
    "out_cols": [
      25,
      15,
      35,
      46,
      41,
      38,
      40,
      28,
      42,
      1,
      14,
      44,
      12,
      7,
      32,
      29,
      23,
      34,
      11,
      21,
      30,
      19,
      13,
      20,
      9,
      4,
      24,
      17,
      5,
      37,
      0,
      8,
      47,
      3,
      26,
      27,
      33,
      6,
      18,
      10,
      45,
      22,
      39,
      16,
      31,
      36,
      2,
      43
    ]
  }
}