{
  "config": {
    "steps": 900,
    "lr": 0.03,
    "tau_start": 1.0,
    "tau_end": 0.03,
    "sinkhorn_iters": 30,
    "lambda_ent": 0.0003,
    "train_subsample": 4096,
    "seed": 7301,
    "device": "cuda"
  },
  "final": {
    "soft_mse_full": 0.483282208442688,
    "discrete_mse": 206.5718994140625,
    "hash_match": false,
    "perm_str": "59,52,35,72,73,63,95,80,74,55,14,82,0,78,42,29,44,54,39,93,94,53,18,38,86,90,15,67,10,19,48,57,37,24,68,47,1,26,28,40,3,25,31,36,65,66,50,75,23,71,64,7,77,11,81,20,56,6,4,51,5,33,43,70,45,92,16,96,91,12,2,89,27,17,62,32,61,21,41,46,87,83,13,9,69,79,49,34,58,76,60,22,84,30,88,8,85",
    "in_cols": [
      29,
      16,
      37,
      47,
      38,
      8,
      0,
      20,
      22,
      18,
      46,
      11,
      42,
      9,
      6,
      24,
      17,
      35,
      1,
      14,
      3,
      15,
      34,
      26,
      12,
      33,
      39,
      40,
      27,
      4,
      5,
      21,
      23,
      10,
      45,
      2,
      13,
      32,
      31,
      19,
      43,
      7,
      36,
      25,
      28,
      30,
      41,
      44
    ],
    "out_cols": [
      25,
      35,
      30,
      40,
      28,
      41,
      38,
      14,
      27,
      46,
      26,
      20,
      44,
      32,
      7,
      29,
      11,
      23,
      13,
      21,
      12,
      19,
      31,
      36,
      34,
      1,
      4,
      8,
      0,
      24,
      17,
      33,
      45,
      47,
      5,
      43,
      6,
      16,
      9,
      22,
      42,
      3,
      39,
      18,
      37,
      10,
      15,
      2
    ]
  },
  "best_seen": {
    "discrete_mse": 20.495136260986328,
    "order": [
      [
        59,
        52
      ],
      [
        56,
        30
      ],
      [
        94,
        63
      ],
      [
        95,
        80
      ],
      [
        74,
        55
      ],
      [
        14,
        82
      ],
      [
        73,
        78
      ],
      [
        42,
        29
      ],
      [
        44,
        24
      ],
      [
        39,
        93
      ],
      [
        35,
        53
      ],
      [
        18,
        38
      ],
      [
        86,
        90
      ],
      [
        15,
        67
      ],
      [
        28,
        19
      ],
      [
        37,
        57
      ],
      [
        10,
        7
      ],
      [
        68,
        47
      ],
      [
        50,
        26
      ],
      [
        1,
        40
      ],
      [
        3,
        25
      ],
      [
        31,
        36
      ],
      [
        84,
        66
      ],
      [
        23,
        75
      ],
      [
        87,
        71
      ],
      [
        64,
        72
      ],
      [
        77,
        11
      ],
      [
        5,
        20
      ],
      [
        62,
        6
      ],
      [
        81,
        51
      ],
      [
        91,
        92
      ],
      [
        43,
        70
      ],
      [
        45,
        33
      ],
      [
        16,
        96
      ],
      [
        65,
        12
      ],
      [
        2,
        89
      ],
      [
        27,
        54
      ],
      [
        0,
        32
      ],
      [
        4,
        21
      ],
      [
        41,
        17
      ],
      [
        58,
        83
      ],
      [
        13,
        9
      ],
      [
        69,
        79
      ],
      [
        49,
        34
      ],
      [
        48,
        76
      ],
      [
        61,
        22
      ],
      [
        60,
        46
      ],
      [
        88,
        8
      ]
    ],
    "in_cols": [
      29,
      27,
      46,
      47,
      38,
      8,
      37,
      20,
      22,
      18,
      16,
      11,
      42,
      9,
      14,
      17,
      6,
      35,
      26,
      1,
      3,
      15,
      41,
      12,
      43,
      33,
      39,
      5,
      32,
      40,
      45,
      21,
      23,
      10,
      34,
      2,
      13,
      0,
      4,
      19,
      28,
      7,
      36,
      25,
      24,
      31,
      30,
      44
    ],
    "out_cols": [
      25,
      15,
      30,
      40,
      28,
      41,
      38,
      14,
      11,
      46,
      26,
      20,
      44,
      32,
      7,
      29,
      1,
      23,
      13,
      21,
      12,
      19,
      31,
      36,
      34,
      35,
      4,
      8,
      0,
      24,
      45,
      33,
      17,
      47,
      5,
      43,
      27,
      16,
      9,
      6,
      42,
      3,
      39,
      18,
      37,
      10,
      22,
      2
    ]
  }
}