{
  "config": {
    "steps": 900,
    "lr": 0.03,
    "tau_start": 1.0,
    "tau_end": 0.03,
    "sinkhorn_iters": 30,
    "lambda_ent": 0.0003,
    "train_subsample": 4096,
    "seed": 25601,
    "device": "cuda"
  },
  "final": {
    "soft_mse_full": 0.44690242409706116,
    "discrete_mse": 3.8385632038116455,
    "hash_match": false,
    "perm_str": "39,72,37,52,73,55,95,29,42,82,58,78,44,54,94,80,69,7,50,30,86,90,18,26,28,47,15,67,10,19,59,57,87,40,68,63,3,25,48,93,31,36,35,24,1,71,23,38,77,32,14,33,81,75,45,17,64,11,62,83,4,6,43,20,16,70,65,96,91,53,5,79,13,89,27,46,56,21,0,92,49,66,74,8,41,51,84,9,2,76,88,12,61,34,60,22,85",
    "in_cols": [
      18,
      17,
      37,
      47,
      20,
      28,
      22,
      46,
      36,
      26,
      42,
      11,
      14,
      9,
      6,
      29,
      43,
      35,
      3,
      24,
      15,
      16,
      1,
      12,
      39,
      8,
      40,
      23,
      33,
      32,
      4,
      21,
      10,
      34,
      45,
      5,
      7,
      13,
      27,
      0,
      25,
      38,
      19,
      41,
      2,
      44,
      31,
      30
    ],
    "out_cols": [
      35,
      25,
      28,
      14,
      41,
      38,
      27,
      40,
      1,
      15,
      44,
      13,
      23,
      32,
      7,
      29,
      21,
      30,
      12,
      46,
      19,
      11,
      34,
      20,
      16,
      17,
      36,
      6,
      4,
      42,
      0,
      8,
      33,
      47,
      26,
      39,
      43,
      22,
      9,
      45,
      31,
      2,
      24,
      3,
      37,
      5,
      18,
      10
    ]
  },
  "best_seen": {
    "discrete_mse": 4.319690227508545,
    "order": [
      [
        50,
        72
      ],
      [
        59,
        52
      ],
      [
        39,
        55
      ],
      [
        95,
        29
      ],
      [
        74,
        93
      ],
      [
        58,
        78
      ],
      [
        44,
        82
      ],
      [
        94,
        80
      ],
      [
        69,
        7
      ],
      [
        86,
        30
      ],
      [
        68,
        90
      ],
      [
        18,
        26
      ],
      [
        28,
        47
      ],
      [
        15,
        67
      ],
      [
        10,
        19
      ],
      [
        87,
        57
      ],
      [
        73,
        40
      ],
      [
        42,
        63
      ],
      [
        3,
        25
      ],
      [
        48,
        54
      ],
      [
        31,
        36
      ],
      [
        35,
        24
      ],
      [
        1,
        71
      ],
      [
        23,
        38
      ],
      [
        77,
        32
      ],
      [
        14,
        33
      ],
      [
        81,
        75
      ],
      [
        45,
        17
      ],
      [
        64,
        11
      ],
      [
        62,
        83
      ],
      [
        4,
        6
      ],
      [
        37,
        20
      ],
      [
        16,
        70
      ],
      [
        65,
        96
      ],
      [
        91,
        53
      ],
      [
        5,
        79
      ],
      [
        13,
        89
      ],
      [
        27,
        46
      ],
      [
        56,
        21
      ],
      [
        0,
        92
      ],
      [
        49,
        66
      ],
      [
        43,
        8
      ],
      [
        41,
        51
      ],
      [
        84,
        9
      ],
      [
        2,
        76
      ],
      [
        88,
        12
      ],
      [
        61,
        34
      ],
      [
        60,
        22
      ]
    ],
    "in_cols": [
      26,
      29,
      18,
      47,
      38,
      28,
      22,
      46,
      36,
      42,
      35,
      11,
      14,
      9,
      6,
      43,
      37,
      20,
      3,
      24,
      15,
      16,
      1,
      12,
      39,
      8,
      40,
      23,
      33,
      32,
      4,
      17,
      10,
      34,
      45,
      5,
      7,
      13,
      27,
      0,
      25,
      21,
      19,
      41,
      2,
      44,
      31,
      30
    ],
    "out_cols": [
      35,
      25,
      28,
      14,
      46,
      38,
      41,
      40,
      1,
      15,
      44,
      13,
      23,
      32,
      7,
      29,
      21,
      30,
      12,
      27,
      19,
      11,
      34,
      20,
      16,
      17,
      36,
      6,
      4,
      42,
      0,
      8,
      33,
      47,
      26,
      39,
      43,
      22,
      9,
      45,
      31,
      2,
      24,
      3,
      37,
      5,
      18,
      10
    ]
  }
}