{
  "config": {
    "steps": 700,
    "lr": 0.02,
    "tau_start": 1.0,
    "tau_end": 0.03,
    "sinkhorn_iters": 30,
    "lambda_ent": 0.0003,
    "train_subsample": 0,
    "seed": 13003,
    "device": "cuda"
  },
  "final": {
    "soft_mse_full": 0.37976449728012085,
    "discrete_mse": 122.633056640625,
    "hash_match": false,
    "perm_str": "59,52,39,72,95,63,56,30,44,82,60,78,68,80,42,55,88,54,58,29,86,93,18,67,48,47,73,90,50,7,28,19,37,57,15,40,87,71,35,24,3,25,31,36,1,26,0,38,23,11,14,6,64,12,27,51,81,75,5,33,77,92,65,20,16,96,61,53,91,89,62,32,49,21,13,9,74,66,43,70,2,79,41,22,69,83,10,34,94,46,84,17,45,76,4,8,85",
    "in_cols": [
      29,
      18,
      47,
      27,
      22,
      30,
      35,
      20,
      44,
      28,
      42,
      11,
      24,
      37,
      26,
      14,
      17,
      9,
      43,
      16,
      3,
      15,
      1,
      0,
      12,
      8,
      33,
      13,
      40,
      5,
      39,
      34,
      10,
      31,
      45,
      32,
      25,
      7,
      38,
      21,
      2,
      19,
      36,
      6,
      46,
      41,
      23,
      4
    ],
    "out_cols": [
      25,
      35,
      30,
      15,
      41,
      38,
      40,
      28,
      27,
      14,
      46,
      32,
      23,
      44,
      1,
      7,
      29,
      21,
      34,
      11,
      12,
      19,
      13,
      20,
      4,
      0,
      5,
      24,
      36,
      17,
      45,
      8,
      47,
      26,
      43,
      16,
      9,
      3,
      31,
      33,
      39,
      10,
      42,
      18,
      22,
      6,
      37,
      2
    ]
  },
  "best_seen": {
    "discrete_mse": 39.9873161315918,
    "order": [
      [
        35,
        67
      ],
      [
        3,
        52
      ],
      [
        59,
        70
      ],
      [
        13,
        20
      ],
      [
        58,
        8
      ],
      [
        73,
        7
      ],
      [
        95,
        71
      ],
      [
        41,
        55
      ],
      [
        87,
        38
      ],
      [
        84,
        34
      ],
      [
        91,
        83
      ],
      [
        14,
        54
      ],
      [
        5,
        76
      ],
      [
        77,
        89
      ],
      [
        15,
        66
      ],
      [
        0,
        12
      ],
      [
        69,
        96
      ],
      [
        56,
        51
      ],
      [
        44,
        22
      ],
      [
        42,
        19
      ],
      [
        88,
        24
      ],
      [
        31,
        9
      ],
      [
        60,
        25
      ],
      [
        4,
        33
      ],
      [
        37,
        72
      ],
      [
        16,
        93
      ],
      [
        27,
        30
      ],
      [
        39,
        53
      ],
      [
        61,
        90
      ],
      [
        43,
        47
      ],
      [
        50,
        11
      ],
      [
        74,
        6
      ],
      [
        10,
        63
      ],
      [
        94,
        57
      ],
      [
        64,
        78
      ],
      [
        18,
        46
      ],
      [
        49,
        82
      ],
      [
        28,
        80
      ],
      [
        62,
        36
      ],
      [
        48,
        17
      ],
      [
        45,
        75
      ],
      [
        81,
        40
      ],
      [
        86,
        26
      ],
      [
        1,
        21
      ],
      [
        2,
        92
      ],
      [
        23,
        32
      ],
      [
        65,
        29
      ],
      [
        68,
        79
      ]
    ],
    "in_cols": [
      16,
      3,
      29,
      7,
      28,
      37,
      47,
      19,
      43,
      41,
      45,
      8,
      5,
      39,
      9,
      0,
      36,
      27,
      22,
      20,
      44,
      15,
      30,
      4,
      17,
      10,
      13,
      18,
      31,
      21,
      26,
      38,
      6,
      46,
      33,
      11,
      25,
      14,
      32,
      24,
      23,
      40,
      42,
      1,
      2,
      12,
      34,
      35
    ],
    "out_cols": [
      32,
      25,
      33,
      8,
      2,
      1,
      34,
      28,
      20,
      18,
      42,
      27,
      37,
      43,
      31,
      5,
      47,
      24,
      10,
      7,
      11,
      3,
      12,
      17,
      35,
      46,
      15,
      26,
      44,
      23,
      4,
      0,
      30,
      29,
      38,
      22,
      41,
      40,
      19,
      6,
      36,
      21,
      13,
      9,
      45,
      16,
      14,
      39
    ]
  }
}