{
  "config": {
    "steps": 700,
    "lr": 0.02,
    "tau_start": 1.0,
    "tau_end": 0.03,
    "sinkhorn_iters": 30,
    "lambda_ent": 0.0003,
    "train_subsample": 0,
    "seed": 11003,
    "device": "cuda"
  },
  "final": {
    "soft_mse_full": 0.34169623255729675,
    "discrete_mse": 11.433032035827637,
    "hash_match": false,
    "perm_str": "59,52,60,72,39,75,95,78,56,30,44,82,73,80,42,55,58,93,69,67,28,29,18,90,86,47,50,19,35,24,10,7,15,57,37,53,94,38,68,26,3,25,1,40,31,36,87,71,14,17,84,63,81,79,5,11,48,6,65,92,45,33,62,20,16,96,43,70,13,89,77,34,61,9,23,54,74,83,0,76,41,51,2,12,64,22,88,66,91,32,49,8,4,21,27,46,85",
    "in_cols": [
      29,
      30,
      18,
      47,
      27,
      22,
      37,
      20,
      28,
      36,
      14,
      11,
      42,
      26,
      16,
      6,
      9,
      17,
      46,
      35,
      3,
      1,
      15,
      43,
      8,
      41,
      40,
      5,
      24,
      34,
      23,
      32,
      10,
      21,
      7,
      39,
      31,
      12,
      38,
      0,
      19,
      2,
      33,
      44,
      45,
      25,
      4,
      13
    ],
    "out_cols": [
      25,
      35,
      36,
      38,
      15,
      41,
      40,
      28,
      46,
      32,
      14,
      44,
      23,
      7,
      11,
      1,
      29,
      26,
      20,
      13,
      12,
      21,
      19,
      34,
      6,
      30,
      39,
      4,
      0,
      45,
      17,
      8,
      47,
      33,
      43,
      18,
      3,
      27,
      42,
      37,
      24,
      5,
      10,
      31,
      16,
      2,
      9,
      22
    ]
  },
  "best_seen": {
    "discrete_mse": 14.991796493530273,
    "order": [
      [
        39,
        52
      ],
      [
        59,
        72
      ],
      [
        28,
        75
      ],
      [
        95,
        78
      ],
      [
        56,
        30
      ],
      [
        44,
        82
      ],
      [
        73,
        80
      ],
      [
        42,
        55
      ],
      [
        60,
        93
      ],
      [
        69,
        67
      ],
      [
        58,
        29
      ],
      [
        18,
        90
      ],
      [
        86,
        47
      ],
      [
        50,
        19
      ],
      [
        35,
        24
      ],
      [
        10,
        7
      ],
      [
        15,
        57
      ],
      [
        37,
        53
      ],
      [
        94,
        38
      ],
      [
        68,
        26
      ],
      [
        3,
        25
      ],
      [
        1,
        40
      ],
      [
        31,
        36
      ],
      [
        87,
        71
      ],
      [
        14,
        17
      ],
      [
        84,
        63
      ],
      [
        81,
        79
      ],
      [
        5,
        11
      ],
      [
        48,
        6
      ],
      [
        65,
        92
      ],
      [
        45,
        33
      ],
      [
        62,
        20
      ],
      [
        16,
        96
      ],
      [
        43,
        70
      ],
      [
        13,
        89
      ],
      [
        77,
        34
      ],
      [
        61,
        9
      ],
      [
        23,
        54
      ],
      [
        74,
        83
      ],
      [
        0,
        76
      ],
      [
        41,
        51
      ],
      [
        2,
        12
      ],
      [
        64,
        22
      ],
      [
        88,
        66
      ],
      [
        91,
        32
      ],
      [
        49,
        8
      ],
      [
        4,
        21
      ],
      [
        27,
        46
      ]
    ],
    "in_cols": [
      18,
      29,
      14,
      47,
      27,
      22,
      37,
      20,
      30,
      36,
      28,
      11,
      42,
      26,
      16,
      6,
      9,
      17,
      46,
      35,
      3,
      1,
      15,
      43,
      8,
      41,
      40,
      5,
      24,
      34,
      23,
      32,
      10,
      21,
      7,
      39,
      31,
      12,
      38,
      0,
      19,
      2,
      33,
      44,
      45,
      25,
      4,
      13
    ],
    "out_cols": [
      25,
      35,
      36,
      38,
      15,
      41,
      40,
      28,
      46,
      32,
      14,
      44,
      23,
      7,
      11,
      1,
      29,
      26,
      20,
      13,
      12,
      21,
      19,
      34,
      6,
      30,
      39,
      4,
      0,
      45,
      17,
      8,
      47,
      33,
      43,
      18,
      3,
      27,
      42,
      37,
      24,
      5,
      10,
      31,
      16,
      2,
      9,
      22
    ]
  }
}