{
  "config": {
    "steps": 900,
    "lr": 0.03,
    "tau_start": 1.0,
    "tau_end": 0.028,
    "sinkhorn_iters": 30,
    "lambda_ent": 0.0003,
    "train_subsample": 4096,
    "seed": 19902,
    "device": "cuda"
  },
  "final": {
    "soft_mse_full": 0.3781839907169342,
    "discrete_mse": 36.30739212036133,
    "hash_match": false,
    "perm_str": "59,52,39,72,95,63,42,80,74,55,56,30,44,82,68,7,37,93,58,83,4,54,18,29,48,90,15,67,10,47,1,57,3,19,87,71,94,53,35,24,73,25,50,66,31,36,23,38,14,78,64,40,5,11,65,32,81,6,91,51,45,33,62,20,16,96,43,70,0,75,61,76,77,26,13,89,27,17,86,22,69,9,84,79,49,46,2,92,88,34,28,12,60,8,41,21,85",
    "in_cols": [
      29,
      18,
      47,
      20,
      38,
      27,
      22,
      35,
      17,
      28,
      4,
      11,
      24,
      9,
      6,
      1,
      3,
      43,
      46,
      16,
      37,
      26,
      15,
      12,
      8,
      33,
      5,
      34,
      40,
      45,
      23,
      32,
      10,
      21,
      0,
      31,
      39,
      7,
      13,
      42,
      36,
      41,
      25,
      2,
      44,
      14,
      30,
      19
    ],
    "out_cols": [
      25,
      35,
      30,
      40,
      28,
      15,
      41,
      1,
      46,
      42,
      27,
      14,
      44,
      32,
      23,
      29,
      7,
      34,
      26,
      11,
      12,
      31,
      19,
      20,
      38,
      21,
      4,
      16,
      0,
      24,
      17,
      8,
      47,
      33,
      36,
      37,
      13,
      43,
      6,
      10,
      3,
      39,
      22,
      45,
      18,
      5,
      2,
      9
    ]
  },
  "best_seen": {
    "discrete_mse": 2.181382656097412,
    "order": [
      [
        59,
        52
      ],
      [
        39,
        72
      ],
      [
        95,
        63
      ],
      [
        42,
        80
      ],
      [
        74,
        55
      ],
      [
        56,
        30
      ],
      [
        44,
        82
      ],
      [
        68,
        7
      ],
      [
        37,
        93
      ],
      [
        58,
        29
      ],
      [
        69,
        83
      ],
      [
        18,
        26
      ],
      [
        48,
        90
      ],
      [
        15,
        67
      ],
      [
        10,
        47
      ],
      [
        73,
        57
      ],
      [
        3,
        19
      ],
      [
        87,
        71
      ],
      [
        94,
        53
      ],
      [
        35,
        24
      ],
      [
        23,
        25
      ],
      [
        50,
        66
      ],
      [
        31,
        36
      ],
      [
        1,
        38
      ],
      [
        14,
        78
      ],
      [
        49,
        40
      ],
      [
        5,
        11
      ],
      [
        65,
        32
      ],
      [
        81,
        6
      ],
      [
        91,
        51
      ],
      [
        45,
        33
      ],
      [
        62,
        20
      ],
      [
        16,
        96
      ],
      [
        43,
        70
      ],
      [
        0,
        75
      ],
      [
        61,
        76
      ],
      [
        77,
        54
      ],
      [
        84,
        89
      ],
      [
        27,
        17
      ],
      [
        86,
        22
      ],
      [
        13,
        9
      ],
      [
        41,
        79
      ],
      [
        4,
        46
      ],
      [
        2,
        92
      ],
      [
        88,
        34
      ],
      [
        28,
        12
      ],
      [
        60,
        8
      ],
      [
        64,
        21
      ]
    ],
    "in_cols": [
      29,
      18,
      47,
      20,
      38,
      27,
      22,
      35,
      17,
      28,
      36,
      11,
      24,
      9,
      6,
      37,
      3,
      43,
      46,
      16,
      12,
      26,
      15,
      1,
      8,
      25,
      5,
      34,
      40,
      45,
      23,
      32,
      10,
      21,
      0,
      31,
      39,
      41,
      13,
      42,
      7,
      19,
      4,
      2,
      44,
      14,
      30,
      33
    ],
    "out_cols": [
      25,
      35,
      30,
      40,
      28,
      15,
      41,
      1,
      46,
      14,
      42,
      13,
      44,
      32,
      23,
      29,
      7,
      34,
      26,
      11,
      12,
      31,
      19,
      20,
      38,
      21,
      4,
      16,
      0,
      24,
      17,
      8,
      47,
      33,
      36,
      37,
      27,
      43,
      6,
      10,
      3,
      39,
      22,
      45,
      18,
      5,
      2,
      9
    ]
  }
}