{
  "config": {
    "steps": 900,
    "lr": 0.03,
    "tau_start": 1.0,
    "tau_end": 0.03,
    "sinkhorn_iters": 30,
    "lambda_ent": 0.0003,
    "train_subsample": 4096,
    "seed": 13501,
    "device": "cuda"
  },
  "final": {
    "soft_mse_full": 0.3758346438407898,
    "discrete_mse": 8.942373275756836,
    "hash_match": false,
    "perm_str": "59,52,39,30,88,55,95,63,56,82,44,78,74,93,50,90,42,29,69,83,15,67,18,80,28,47,48,19,10,7,37,57,73,36,1,40,35,24,3,53,94,26,31,25,87,71,23,38,14,6,77,72,4,32,5,17,81,11,43,70,65,33,62,51,16,20,86,96,0,76,2,89,91,34,41,75,13,9,49,8,60,22,27,46,61,54,68,66,45,79,84,12,58,92,64,21,85",
    "in_cols": [
      29,
      18,
      44,
      47,
      27,
      22,
      38,
      26,
      20,
      36,
      9,
      11,
      14,
      24,
      6,
      17,
      37,
      1,
      16,
      3,
      46,
      15,
      43,
      12,
      8,
      39,
      4,
      5,
      40,
      21,
      34,
      32,
      10,
      42,
      0,
      2,
      45,
      19,
      7,
      25,
      30,
      13,
      31,
      35,
      23,
      41,
      28,
      33
    ],
    "out_cols": [
      25,
      15,
      28,
      30,
      41,
      38,
      46,
      44,
      14,
      42,
      32,
      40,
      23,
      7,
      1,
      29,
      19,
      21,
      11,
      26,
      13,
      12,
      34,
      20,
      0,
      35,
      16,
      6,
      4,
      33,
      17,
      24,
      8,
      47,
      37,
      43,
      18,
      36,
      3,
      2,
      10,
      22,
      27,
      31,
      39,
      5,
      45,
      9
    ]
  },
  "best_seen": {
    "discrete_mse": 5.0839738845825195,
    "order": [
      [
        59,
        52
      ],
      [
        39,
        30
      ],
      [
        69,
        72
      ],
      [
        95,
        63
      ],
      [
        56,
        82
      ],
      [
        44,
        78
      ],
      [
        10,
        93
      ],
      [
        42,
        55
      ],
      [
        88,
        29
      ],
      [
        58,
        83
      ],
      [
        15,
        67
      ],
      [
        18,
        90
      ],
      [
        28,
        47
      ],
      [
        48,
        19
      ],
      [
        73,
        7
      ],
      [
        37,
        57
      ],
      [
        50,
        36
      ],
      [
        1,
        40
      ],
      [
        35,
        24
      ],
      [
        3,
        53
      ],
      [
        94,
        26
      ],
      [
        31,
        25
      ],
      [
        87,
        71
      ],
      [
        23,
        38
      ],
      [
        14,
        80
      ],
      [
        77,
        11
      ],
      [
        4,
        32
      ],
      [
        5,
        17
      ],
      [
        81,
        6
      ],
      [
        43,
        70
      ],
      [
        65,
        33
      ],
      [
        62,
        51
      ],
      [
        16,
        20
      ],
      [
        86,
        96
      ],
      [
        0,
        76
      ],
      [
        2,
        89
      ],
      [
        91,
        34
      ],
      [
        41,
        75
      ],
      [
        74,
        9
      ],
      [
        49,
        8
      ],
      [
        60,
        22
      ],
      [
        27,
        46
      ],
      [
        61,
        54
      ],
      [
        68,
        66
      ],
      [
        45,
        79
      ],
      [
        84,
        12
      ],
      [
        13,
        92
      ],
      [
        64,
        21
      ]
    ],
    "in_cols": [
      29,
      18,
      36,
      47,
      27,
      22,
      6,
      20,
      44,
      28,
      9,
      11,
      14,
      24,
      37,
      17,
      26,
      1,
      16,
      3,
      46,
      15,
      43,
      12,
      8,
      39,
      4,
      5,
      40,
      21,
      34,
      32,
      10,
      42,
      0,
      2,
      45,
      19,
      38,
      25,
      30,
      13,
      31,
      35,
      23,
      41,
      7,
      33
    ],
    "out_cols": [
      25,
      15,
      35,
      30,
      41,
      38,
      46,
      28,
      14,
      42,
      32,
      44,
      23,
      7,
      1,
      29,
      19,
      21,
      11,
      26,
      13,
      12,
      34,
      20,
      40,
      4,
      16,
      6,
      0,
      33,
      17,
      24,
      8,
      47,
      37,
      43,
      18,
      36,
      3,
      2,
      10,
      22,
      27,
      31,
      39,
      5,
      45,
      9
    ]
  }
}