{
  "config": {
    "steps": 900,
    "lr": 0.03,
    "tau_start": 1.0,
    "tau_end": 0.028,
    "sinkhorn_iters": 30,
    "lambda_ent": 0.0003,
    "train_subsample": 4096,
    "seed": 18902,
    "device": "cuda"
  },
  "final": {
    "soft_mse_full": 0.39023932814598083,
    "discrete_mse": 72.94075775146484,
    "hash_match": false,
    "perm_str": "59,52,73,72,39,55,95,76,44,78,74,82,0,93,42,29,69,83,88,30,94,38,58,36,18,90,15,67,1,7,28,19,37,57,68,47,10,24,50,40,3,26,31,63,87,71,23,25,62,75,43,11,27,51,14,17,5,6,81,33,35,92,91,80,16,20,65,53,48,70,86,66,77,96,60,32,13,54,45,21,4,8,61,22,49,79,2,34,84,9,56,89,64,12,41,46,85",
    "in_cols": [
      29,
      37,
      18,
      47,
      22,
      38,
      0,
      20,
      36,
      44,
      46,
      28,
      11,
      9,
      1,
      14,
      17,
      35,
      6,
      26,
      3,
      15,
      43,
      12,
      32,
      21,
      13,
      8,
      5,
      40,
      16,
      45,
      10,
      34,
      24,
      42,
      39,
      30,
      7,
      23,
      4,
      31,
      25,
      2,
      41,
      27,
      33,
      19
    ],
    "out_cols": [
      25,
      35,
      28,
      37,
      38,
      41,
      46,
      14,
      42,
      15,
      20,
      19,
      44,
      32,
      1,
      7,
      29,
      23,
      11,
      21,
      13,
      30,
      34,
      12,
      36,
      4,
      24,
      6,
      0,
      17,
      45,
      40,
      8,
      26,
      33,
      31,
      47,
      16,
      27,
      9,
      2,
      10,
      39,
      18,
      3,
      43,
      5,
      22
    ]
  },
  "best_seen": {
    "discrete_mse": 7.0083699226379395,
    "order": [
      [
        95,
        52
      ],
      [
        59,
        72
      ],
      [
        39,
        55
      ],
      [
        73,
        78
      ],
      [
        58,
        29
      ],
      [
        44,
        82
      ],
      [
        0,
        93
      ],
      [
        42,
        80
      ],
      [
        69,
        83
      ],
      [
        88,
        30
      ],
      [
        94,
        38
      ],
      [
        86,
        7
      ],
      [
        18,
        90
      ],
      [
        15,
        67
      ],
      [
        1,
        76
      ],
      [
        28,
        19
      ],
      [
        37,
        57
      ],
      [
        68,
        47
      ],
      [
        10,
        24
      ],
      [
        50,
        40
      ],
      [
        3,
        26
      ],
      [
        31,
        63
      ],
      [
        87,
        71
      ],
      [
        23,
        25
      ],
      [
        62,
        75
      ],
      [
        43,
        11
      ],
      [
        27,
        51
      ],
      [
        14,
        17
      ],
      [
        5,
        6
      ],
      [
        13,
        33
      ],
      [
        81,
        92
      ],
      [
        91,
        36
      ],
      [
        16,
        20
      ],
      [
        65,
        53
      ],
      [
        48,
        70
      ],
      [
        35,
        66
      ],
      [
        77,
        96
      ],
      [
        60,
        32
      ],
      [
        74,
        54
      ],
      [
        45,
        21
      ],
      [
        4,
        8
      ],
      [
        61,
        22
      ],
      [
        49,
        79
      ],
      [
        2,
        34
      ],
      [
        84,
        9
      ],
      [
        56,
        89
      ],
      [
        64,
        12
      ],
      [
        41,
        46
      ]
    ],
    "in_cols": [
      47,
      29,
      18,
      37,
      28,
      22,
      0,
      20,
      36,
      44,
      46,
      42,
      11,
      9,
      1,
      14,
      17,
      35,
      6,
      26,
      3,
      15,
      43,
      12,
      32,
      21,
      13,
      8,
      5,
      7,
      40,
      45,
      10,
      34,
      24,
      16,
      39,
      30,
      38,
      23,
      4,
      31,
      25,
      2,
      41,
      27,
      33,
      19
    ],
    "out_cols": [
      25,
      35,
      28,
      38,
      14,
      41,
      46,
      40,
      42,
      15,
      20,
      1,
      44,
      32,
      37,
      7,
      29,
      23,
      11,
      21,
      13,
      30,
      34,
      12,
      36,
      4,
      24,
      6,
      0,
      17,
      45,
      19,
      8,
      26,
      33,
      31,
      47,
      16,
      27,
      9,
      2,
      10,
      39,
      18,
      3,
      43,
      5,
      22
    ]
  }
}