{
  "config": {
    "steps": 700,
    "lr": 0.015,
    "tau_start": 1.0,
    "tau_end": 0.025,
    "sinkhorn_iters": 30,
    "lambda_ent": 0.0001,
    "train_subsample": 0,
    "seed": 22204,
    "device": "cuda"
  },
  "final": {
    "soft_mse_full": 0.32704031467437744,
    "discrete_mse": 1.3674668073654175,
    "hash_match": false,
    "perm_str": "59,52,39,72,95,78,73,63,56,30,74,55,44,82,69,80,42,29,58,93,94,7,86,83,35,25,37,19,10,57,18,24,15,67,68,47,31,36,48,40,3,26,50,66,1,71,87,38,23,21,14,11,5,51,81,6,62,12,77,33,28,20,4,70,16,96,61,53,43,75,91,22,65,90,13,89,64,32,49,8,84,54,60,9,2,92,41,34,45,79,0,76,27,17,88,46,85",
    "in_cols": [
      29,
      18,
      47,
      37,
      27,
      38,
      22,
      36,
      20,
      28,
      46,
      42,
      16,
      17,
      6,
      11,
      9,
      35,
      15,
      24,
      3,
      26,
      1,
      43,
      12,
      8,
      5,
      40,
      32,
      39,
      14,
      4,
      10,
      31,
      21,
      45,
      34,
      7,
      33,
      25,
      41,
      30,
      2,
      19,
      23,
      0,
      13,
      44
    ],
    "out_cols": [
      25,
      35,
      38,
      30,
      15,
      28,
      41,
      40,
      14,
      46,
      1,
      42,
      12,
      7,
      29,
      11,
      32,
      23,
      19,
      21,
      13,
      31,
      34,
      20,
      9,
      4,
      24,
      0,
      5,
      17,
      8,
      33,
      47,
      26,
      36,
      10,
      44,
      43,
      16,
      2,
      27,
      3,
      45,
      18,
      39,
      37,
      6,
      22
    ]
  },
  "best_seen": {
    "discrete_mse": 1.3674668073654175,
    "order": [
      [
        59,
        52
      ],
      [
        39,
        72
      ],
      [
        95,
        78
      ],
      [
        73,
        63
      ],
      [
        56,
        30
      ],
      [
        74,
        55
      ],
      [
        44,
        82
      ],
      [
        69,
        80
      ],
      [
        42,
        29
      ],
      [
        58,
        93
      ],
      [
        94,
        7
      ],
      [
        86,
        83
      ],
      [
        35,
        25
      ],
      [
        37,
        19
      ],
      [
        10,
        57
      ],
      [
        18,
        24
      ],
      [
        15,
        67
      ],
      [
        68,
        47
      ],
      [
        31,
        36
      ],
      [
        48,
        40
      ],
      [
        3,
        26
      ],
      [
        50,
        66
      ],
      [
        1,
        71
      ],
      [
        87,
        38
      ],
      [
        23,
        21
      ],
      [
        14,
        11
      ],
      [
        5,
        51
      ],
      [
        81,
        6
      ],
      [
        62,
        12
      ],
      [
        77,
        33
      ],
      [
        28,
        20
      ],
      [
        4,
        70
      ],
      [
        16,
        96
      ],
      [
        61,
        53
      ],
      [
        43,
        75
      ],
      [
        91,
        22
      ],
      [
        65,
        90
      ],
      [
        13,
        89
      ],
      [
        64,
        32
      ],
      [
        49,
        8
      ],
      [
        84,
        54
      ],
      [
        60,
        9
      ],
      [
        2,
        92
      ],
      [
        41,
        34
      ],
      [
        45,
        79
      ],
      [
        0,
        76
      ],
      [
        27,
        17
      ],
      [
        88,
        46
      ]
    ],
    "in_cols": [
      29,
      18,
      47,
      37,
      27,
      38,
      22,
      36,
      20,
      28,
      46,
      42,
      16,
      17,
      6,
      11,
      9,
      35,
      15,
      24,
      3,
      26,
      1,
      43,
      12,
      8,
      5,
      40,
      32,
      39,
      14,
      4,
      10,
      31,
      21,
      45,
      34,
      7,
      33,
      25,
      41,
      30,
      2,
      19,
      23,
      0,
      13,
      44
    ],
    "out_cols": [
      25,
      35,
      38,
      30,
      15,
      28,
      41,
      40,
      14,
      46,
      1,
      42,
      12,
      7,
      29,
      11,
      32,
      23,
      19,
      21,
      13,
      31,
      34,
      20,
      9,
      4,
      24,
      0,
      5,
      17,
      8,
      33,
      47,
      26,
      36,
      10,
      44,
      43,
      16,
      2,
      27,
      3,
      45,
      18,
      39,
      37,
      6,
      22
    ]
  }
}