{
  "config": {
    "steps": 700,
    "lr": 0.02,
    "tau_start": 1.0,
    "tau_end": 0.03,
    "sinkhorn_iters": 30,
    "lambda_ent": 0.0003,
    "train_subsample": 0,
    "seed": 22803,
    "device": "cuda"
  },
  "final": {
    "soft_mse_full": 0.3332033157348633,
    "discrete_mse": 302.94305419921875,
    "hash_match": false,
    "perm_str": "39,30,86,72,59,52,95,63,74,55,44,82,37,93,42,29,69,83,58,78,94,90,18,67,73,47,23,7,15,57,28,19,48,66,68,40,3,26,35,24,50,25,31,36,87,71,1,38,14,75,77,53,0,17,64,11,4,32,56,6,62,80,5,33,65,20,16,96,10,76,61,70,49,21,13,54,27,79,43,8,84,22,91,51,41,9,81,46,2,12,60,89,45,34,88,92,85",
    "in_cols": [
      18,
      42,
      29,
      47,
      38,
      22,
      17,
      20,
      36,
      28,
      46,
      11,
      37,
      12,
      9,
      14,
      24,
      35,
      3,
      16,
      26,
      15,
      43,
      1,
      8,
      39,
      0,
      33,
      4,
      27,
      32,
      5,
      34,
      10,
      6,
      31,
      25,
      7,
      13,
      21,
      41,
      45,
      19,
      40,
      2,
      30,
      23,
      44
    ],
    "out_cols": [
      15,
      35,
      25,
      30,
      28,
      41,
      46,
      14,
      42,
      38,
      44,
      32,
      23,
      1,
      29,
      7,
      31,
      21,
      13,
      11,
      12,
      19,
      34,
      20,
      36,
      26,
      6,
      4,
      16,
      0,
      40,
      17,
      8,
      47,
      37,
      33,
      9,
      27,
      39,
      2,
      10,
      24,
      3,
      22,
      5,
      43,
      18,
      45
    ]
  },
  "best_seen": {
    "discrete_mse": 65.05877685546875,
    "order": [
      [
        39,
        30
      ],
      [
        16,
        72
      ],
      [
        59,
        52
      ],
      [
        95,
        63
      ],
      [
        74,
        55
      ],
      [
        44,
        82
      ],
      [
        68,
        93
      ],
      [
        42,
        29
      ],
      [
        23,
        83
      ],
      [
        58,
        78
      ],
      [
        94,
        90
      ],
      [
        18,
        67
      ],
      [
        73,
        47
      ],
      [
        37,
        7
      ],
      [
        15,
        66
      ],
      [
        28,
        19
      ],
      [
        48,
        57
      ],
      [
        86,
        40
      ],
      [
        3,
        26
      ],
      [
        35,
        24
      ],
      [
        50,
        25
      ],
      [
        31,
        36
      ],
      [
        87,
        71
      ],
      [
        1,
        38
      ],
      [
        14,
        75
      ],
      [
        77,
        53
      ],
      [
        0,
        17
      ],
      [
        64,
        11
      ],
      [
        4,
        32
      ],
      [
        56,
        6
      ],
      [
        62,
        80
      ],
      [
        5,
        33
      ],
      [
        65,
        20
      ],
      [
        81,
        96
      ],
      [
        10,
        76
      ],
      [
        61,
        70
      ],
      [
        49,
        21
      ],
      [
        13,
        54
      ],
      [
        27,
        79
      ],
      [
        43,
        8
      ],
      [
        84,
        22
      ],
      [
        91,
        51
      ],
      [
        41,
        9
      ],
      [
        60,
        46
      ],
      [
        2,
        12
      ],
      [
        69,
        89
      ],
      [
        45,
        34
      ],
      [
        88,
        92
      ]
    ],
    "in_cols": [
      18,
      10,
      29,
      47,
      38,
      22,
      35,
      20,
      12,
      28,
      46,
      11,
      37,
      17,
      9,
      14,
      24,
      42,
      3,
      16,
      26,
      15,
      43,
      1,
      8,
      39,
      0,
      33,
      4,
      27,
      32,
      5,
      34,
      40,
      6,
      31,
      25,
      7,
      13,
      21,
      41,
      45,
      19,
      30,
      2,
      36,
      23,
      44
    ],
    "out_cols": [
      15,
      35,
      25,
      30,
      28,
      41,
      46,
      14,
      42,
      38,
      44,
      32,
      23,
      1,
      31,
      7,
      29,
      21,
      13,
      11,
      12,
      19,
      34,
      20,
      36,
      26,
      6,
      4,
      16,
      0,
      40,
      17,
      8,
      47,
      37,
      33,
      9,
      27,
      39,
      2,
      10,
      24,
      3,
      22,
      5,
      43,
      18,
      45
    ]
  }
}