{
  "config": {
    "steps": 700,
    "lr": 0.02,
    "tau_start": 1.0,
    "tau_end": 0.03,
    "sinkhorn_iters": 30,
    "lambda_ent": 0.0003,
    "train_subsample": 0,
    "seed": 27803,
    "device": "cuda"
  },
  "final": {
    "soft_mse_full": 0.3615570664405823,
    "discrete_mse": 50.31492614746094,
    "hash_match": false,
    "perm_str": "39,30,59,52,10,72,95,63,44,82,42,78,74,80,88,29,69,93,58,83,18,90,94,53,73,67,28,19,35,24,50,7,37,47,87,57,48,26,15,40,3,25,31,36,1,38,23,71,14,17,5,55,81,11,84,92,43,70,49,6,65,33,4,96,16,20,77,76,0,54,13,75,62,32,27,89,61,9,91,79,68,8,45,46,56,34,41,66,2,51,86,22,60,12,64,21,85",
    "in_cols": [
      18,
      29,
      6,
      47,
      22,
      20,
      38,
      44,
      36,
      28,
      11,
      46,
      37,
      14,
      16,
      26,
      17,
      43,
      24,
      9,
      3,
      15,
      1,
      12,
      8,
      5,
      40,
      41,
      21,
      25,
      34,
      4,
      10,
      39,
      0,
      7,
      32,
      13,
      31,
      45,
      35,
      23,
      27,
      19,
      2,
      42,
      30,
      33
    ],
    "out_cols": [
      15,
      25,
      35,
      30,
      41,
      38,
      40,
      14,
      46,
      42,
      44,
      26,
      32,
      7,
      11,
      1,
      23,
      29,
      13,
      21,
      12,
      19,
      20,
      34,
      6,
      28,
      4,
      45,
      33,
      0,
      17,
      47,
      8,
      37,
      27,
      36,
      16,
      43,
      3,
      39,
      2,
      22,
      18,
      31,
      24,
      10,
      5,
      9
    ]
  },
  "best_seen": {
    "discrete_mse": 21.58417510986328,
    "order": [
      [
        73,
        30
      ],
      [
        59,
        52
      ],
      [
        39,
        72
      ],
      [
        95,
        93
      ],
      [
        44,
        82
      ],
      [
        74,
        78
      ],
      [
        68,
        80
      ],
      [
        42,
        29
      ],
      [
        58,
        55
      ],
      [
        69,
        83
      ],
      [
        86,
        90
      ],
      [
        94,
        53
      ],
      [
        18,
        67
      ],
      [
        28,
        19
      ],
      [
        35,
        24
      ],
      [
        48,
        7
      ],
      [
        15,
        47
      ],
      [
        37,
        57
      ],
      [
        50,
        26
      ],
      [
        10,
        40
      ],
      [
        3,
        25
      ],
      [
        31,
        36
      ],
      [
        1,
        38
      ],
      [
        87,
        71
      ],
      [
        14,
        17
      ],
      [
        5,
        51
      ],
      [
        81,
        11
      ],
      [
        65,
        92
      ],
      [
        43,
        70
      ],
      [
        4,
        6
      ],
      [
        45,
        33
      ],
      [
        16,
        96
      ],
      [
        77,
        20
      ],
      [
        62,
        76
      ],
      [
        0,
        54
      ],
      [
        13,
        75
      ],
      [
        88,
        32
      ],
      [
        27,
        89
      ],
      [
        61,
        9
      ],
      [
        91,
        79
      ],
      [
        49,
        8
      ],
      [
        23,
        46
      ],
      [
        56,
        34
      ],
      [
        41,
        66
      ],
      [
        2,
        63
      ],
      [
        84,
        22
      ],
      [
        60,
        12
      ],
      [
        64,
        21
      ]
    ],
    "in_cols": [
      37,
      29,
      18,
      47,
      22,
      38,
      35,
      20,
      28,
      36,
      42,
      46,
      11,
      14,
      16,
      24,
      9,
      17,
      26,
      6,
      3,
      15,
      1,
      43,
      8,
      5,
      40,
      34,
      21,
      4,
      23,
      10,
      39,
      32,
      0,
      7,
      44,
      13,
      31,
      45,
      25,
      12,
      27,
      19,
      2,
      41,
      30,
      33
    ],
    "out_cols": [
      15,
      25,
      35,
      46,
      41,
      38,
      40,
      14,
      28,
      42,
      44,
      26,
      32,
      7,
      11,
      1,
      23,
      29,
      13,
      21,
      12,
      19,
      20,
      34,
      6,
      24,
      4,
      45,
      33,
      0,
      17,
      47,
      8,
      37,
      27,
      36,
      16,
      43,
      3,
      39,
      2,
      22,
      18,
      31,
      30,
      10,
      5,
      9
    ]
  }
}