{
  "config": {
    "steps": 700,
    "lr": 0.015,
    "tau_start": 1.0,
    "tau_end": 0.025,
    "sinkhorn_iters": 30,
    "lambda_ent": 0.0001,
    "train_subsample": 0,
    "seed": 16004,
    "device": "cuda"
  },
  "final": {
    "soft_mse_full": 0.33135125041007996,
    "discrete_mse": 88.41087341308594,
    "hash_match": false,
    "perm_str": "59,52,39,72,95,75,42,63,56,82,44,78,74,93,94,80,68,29,58,83,10,55,86,90,18,67,73,47,37,7,15,57,28,19,35,24,1,40,50,25,3,26,31,36,27,38,87,71,14,17,4,51,77,30,5,11,45,12,62,6,16,33,48,70,81,20,23,96,91,32,65,53,13,89,2,9,60,8,41,34,0,46,43,54,88,22,49,76,84,66,61,92,64,21,69,79,85",
    "in_cols": [
      29,
      18,
      47,
      20,
      27,
      22,
      38,
      46,
      35,
      28,
      6,
      42,
      11,
      37,
      17,
      9,
      14,
      16,
      1,
      26,
      3,
      15,
      13,
      43,
      8,
      4,
      39,
      5,
      23,
      32,
      10,
      24,
      40,
      12,
      45,
      34,
      7,
      2,
      30,
      19,
      0,
      21,
      44,
      25,
      41,
      31,
      33,
      36
    ],
    "out_cols": [
      25,
      35,
      36,
      30,
      41,
      38,
      46,
      40,
      14,
      42,
      28,
      44,
      32,
      23,
      1,
      29,
      7,
      11,
      21,
      12,
      13,
      19,
      20,
      34,
      6,
      24,
      15,
      4,
      5,
      0,
      17,
      33,
      8,
      47,
      16,
      26,
      43,
      3,
      2,
      18,
      22,
      27,
      10,
      37,
      31,
      45,
      9,
      39
    ]
  },
  "best_seen": {
    "discrete_mse": 10.367871284484863,
    "order": [
      [
        59,
        52
      ],
      [
        39,
        72
      ],
      [
        95,
        75
      ],
      [
        42,
        63
      ],
      [
        56,
        30
      ],
      [
        44,
        78
      ],
      [
        74,
        93
      ],
      [
        94,
        80
      ],
      [
        68,
        55
      ],
      [
        10,
        29
      ],
      [
        58,
        83
      ],
      [
        86,
        90
      ],
      [
        18,
        67
      ],
      [
        73,
        47
      ],
      [
        37,
        7
      ],
      [
        1,
        57
      ],
      [
        28,
        19
      ],
      [
        35,
        24
      ],
      [
        15,
        40
      ],
      [
        50,
        25
      ],
      [
        3,
        26
      ],
      [
        31,
        36
      ],
      [
        27,
        38
      ],
      [
        87,
        71
      ],
      [
        14,
        21
      ],
      [
        4,
        51
      ],
      [
        77,
        17
      ],
      [
        23,
        11
      ],
      [
        45,
        12
      ],
      [
        62,
        6
      ],
      [
        5,
        33
      ],
      [
        48,
        70
      ],
      [
        81,
        20
      ],
      [
        16,
        96
      ],
      [
        91,
        32
      ],
      [
        65,
        53
      ],
      [
        13,
        22
      ],
      [
        2,
        9
      ],
      [
        60,
        8
      ],
      [
        41,
        34
      ],
      [
        0,
        46
      ],
      [
        43,
        54
      ],
      [
        88,
        82
      ],
      [
        49,
        76
      ],
      [
        84,
        66
      ],
      [
        61,
        92
      ],
      [
        64,
        89
      ],
      [
        69,
        79
      ]
    ],
    "in_cols": [
      29,
      18,
      47,
      20,
      27,
      22,
      38,
      46,
      35,
      6,
      28,
      42,
      11,
      37,
      17,
      1,
      14,
      16,
      9,
      26,
      3,
      15,
      13,
      43,
      8,
      4,
      39,
      12,
      23,
      32,
      5,
      24,
      40,
      10,
      45,
      34,
      7,
      2,
      30,
      19,
      0,
      21,
      44,
      25,
      41,
      31,
      33,
      36
    ],
    "out_cols": [
      25,
      35,
      36,
      30,
      15,
      38,
      46,
      40,
      28,
      14,
      42,
      44,
      32,
      23,
      1,
      29,
      7,
      11,
      21,
      12,
      13,
      19,
      20,
      34,
      9,
      24,
      6,
      4,
      5,
      0,
      17,
      33,
      8,
      47,
      16,
      26,
      10,
      3,
      2,
      18,
      22,
      27,
      41,
      37,
      31,
      45,
      43,
      39
    ]
  }
}