{
  "config": {
    "steps": 700,
    "lr": 0.02,
    "tau_start": 1.0,
    "tau_end": 0.03,
    "sinkhorn_iters": 30,
    "lambda_ent": 0.0003,
    "train_subsample": 0,
    "seed": 15203,
    "device": "cuda"
  },
  "final": {
    "soft_mse_full": 0.32615524530410767,
    "discrete_mse": 23.390214920043945,
    "hash_match": false,
    "perm_str": "59,30,3,72,39,55,95,52,58,78,44,82,74,80,42,29,37,93,18,83,94,7,28,25,86,90,73,24,35,19,15,67,5,57,68,47,10,40,14,63,87,26,31,36,50,38,1,71,49,17,4,51,65,20,43,32,81,6,77,11,62,12,16,96,45,33,61,53,48,70,13,75,84,34,23,54,60,8,27,46,56,92,91,66,2,9,41,22,88,76,69,79,64,89,0,21,85",
    "in_cols": [
      29,
      3,
      18,
      47,
      28,
      22,
      38,
      20,
      17,
      11,
      46,
      14,
      42,
      37,
      16,
      9,
      5,
      35,
      6,
      8,
      43,
      15,
      26,
      1,
      25,
      4,
      34,
      21,
      40,
      39,
      32,
      10,
      23,
      31,
      24,
      7,
      41,
      12,
      30,
      13,
      27,
      45,
      2,
      19,
      44,
      36,
      33,
      0
    ],
    "out_cols": [
      15,
      35,
      28,
      25,
      38,
      41,
      40,
      14,
      46,
      42,
      1,
      12,
      44,
      11,
      7,
      32,
      29,
      23,
      21,
      30,
      13,
      19,
      20,
      34,
      6,
      24,
      8,
      16,
      0,
      4,
      5,
      47,
      17,
      26,
      33,
      36,
      18,
      27,
      2,
      22,
      45,
      31,
      3,
      10,
      37,
      39,
      43,
      9
    ]
  },
  "best_seen": {
    "discrete_mse": 47.838871002197266,
    "order": [
      [
        59,
        30
      ],
      [
        27,
        72
      ],
      [
        73,
        55
      ],
      [
        95,
        52
      ],
      [
        58,
        78
      ],
      [
        44,
        82
      ],
      [
        74,
        80
      ],
      [
        42,
        29
      ],
      [
        37,
        93
      ],
      [
        39,
        83
      ],
      [
        94,
        7
      ],
      [
        86,
        25
      ],
      [
        18,
        90
      ],
      [
        35,
        24
      ],
      [
        10,
        19
      ],
      [
        15,
        67
      ],
      [
        88,
        57
      ],
      [
        68,
        47
      ],
      [
        87,
        40
      ],
      [
        1,
        63
      ],
      [
        3,
        26
      ],
      [
        31,
        36
      ],
      [
        50,
        38
      ],
      [
        28,
        71
      ],
      [
        14,
        17
      ],
      [
        4,
        51
      ],
      [
        65,
        96
      ],
      [
        43,
        32
      ],
      [
        81,
        6
      ],
      [
        77,
        11
      ],
      [
        62,
        20
      ],
      [
        16,
        76
      ],
      [
        45,
        33
      ],
      [
        61,
        53
      ],
      [
        48,
        70
      ],
      [
        5,
        75
      ],
      [
        84,
        34
      ],
      [
        23,
        54
      ],
      [
        60,
        8
      ],
      [
        49,
        46
      ],
      [
        56,
        92
      ],
      [
        0,
        66
      ],
      [
        13,
        9
      ],
      [
        41,
        22
      ],
      [
        91,
        12
      ],
      [
        69,
        79
      ],
      [
        64,
        89
      ],
      [
        2,
        21
      ]
    ],
    "in_cols": [
      29,
      13,
      37,
      47,
      28,
      22,
      38,
      20,
      17,
      18,
      46,
      42,
      11,
      16,
      6,
      9,
      44,
      35,
      43,
      1,
      3,
      15,
      26,
      14,
      8,
      4,
      34,
      21,
      40,
      39,
      32,
      10,
      23,
      31,
      24,
      5,
      41,
      12,
      30,
      25,
      27,
      0,
      7,
      19,
      45,
      36,
      33,
      2
    ],
    "out_cols": [
      15,
      35,
      28,
      25,
      38,
      41,
      40,
      14,
      46,
      42,
      1,
      12,
      44,
      11,
      7,
      32,
      29,
      23,
      21,
      30,
      13,
      19,
      20,
      34,
      6,
      24,
      47,
      16,
      0,
      4,
      8,
      37,
      17,
      26,
      33,
      36,
      18,
      27,
      2,
      22,
      45,
      31,
      3,
      10,
      5,
      39,
      43,
      9
    ]
  }
}