{
  "config": {
    "steps": 900,
    "lr": 0.03,
    "tau_start": 1.0,
    "tau_end": 0.028,
    "sinkhorn_iters": 30,
    "lambda_ent": 0.0003,
    "train_subsample": 4096,
    "seed": 21002,
    "device": "cuda"
  },
  "final": {
    "soft_mse_full": 0.40120163559913635,
    "discrete_mse": 7.283140659332275,
    "hash_match": false,
    "perm_str": "95,30,86,52,39,55,58,7,74,82,56,93,44,78,42,29,94,80,18,71,59,40,68,26,87,19,3,53,15,67,35,57,73,36,48,47,28,12,10,24,14,63,50,66,1,38,23,75,37,25,16,20,62,90,5,11,81,51,4,6,91,92,45,33,2,96,43,70,13,83,60,89,41,9,77,76,84,22,0,79,61,54,31,32,65,46,88,34,64,72,69,17,49,21,27,8,85",
    "in_cols": [
      47,
      42,
      18,
      28,
      38,
      27,
      22,
      20,
      46,
      11,
      29,
      35,
      43,
      3,
      9,
      16,
      37,
      24,
      14,
      6,
      8,
      26,
      1,
      12,
      17,
      10,
      32,
      5,
      40,
      4,
      45,
      23,
      2,
      21,
      7,
      30,
      19,
      39,
      41,
      0,
      31,
      15,
      34,
      44,
      33,
      36,
      25,
      13
    ],
    "out_cols": [
      15,
      25,
      28,
      1,
      41,
      46,
      38,
      14,
      40,
      34,
      21,
      13,
      7,
      26,
      32,
      29,
      19,
      23,
      5,
      11,
      30,
      31,
      20,
      36,
      12,
      8,
      44,
      4,
      24,
      0,
      45,
      17,
      47,
      33,
      42,
      43,
      3,
      37,
      10,
      39,
      27,
      16,
      22,
      18,
      35,
      6,
      9,
      2
    ]
  },
  "best_seen": {
    "discrete_mse": 7.283140659332275,
    "order": [
      [
        95,
        30
      ],
      [
        86,
        52
      ],
      [
        39,
        55
      ],
      [
        58,
        7
      ],
      [
        74,
        82
      ],
      [
        56,
        93
      ],
      [
        44,
        78
      ],
      [
        42,
        29
      ],
      [
        94,
        80
      ],
      [
        18,
        71
      ],
      [
        59,
        40
      ],
      [
        68,
        26
      ],
      [
        87,
        19
      ],
      [
        3,
        53
      ],
      [
        15,
        67
      ],
      [
        35,
        57
      ],
      [
        73,
        36
      ],
      [
        48,
        47
      ],
      [
        28,
        12
      ],
      [
        10,
        24
      ],
      [
        14,
        63
      ],
      [
        50,
        66
      ],
      [
        1,
        38
      ],
      [
        23,
        75
      ],
      [
        37,
        25
      ],
      [
        16,
        20
      ],
      [
        62,
        90
      ],
      [
        5,
        11
      ],
      [
        81,
        51
      ],
      [
        4,
        6
      ],
      [
        91,
        92
      ],
      [
        45,
        33
      ],
      [
        2,
        96
      ],
      [
        43,
        70
      ],
      [
        13,
        83
      ],
      [
        60,
        89
      ],
      [
        41,
        9
      ],
      [
        77,
        76
      ],
      [
        84,
        22
      ],
      [
        0,
        79
      ],
      [
        61,
        54
      ],
      [
        31,
        32
      ],
      [
        65,
        46
      ],
      [
        88,
        34
      ],
      [
        64,
        72
      ],
      [
        69,
        17
      ],
      [
        49,
        21
      ],
      [
        27,
        8
      ]
    ],
    "in_cols": [
      47,
      42,
      18,
      28,
      38,
      27,
      22,
      20,
      46,
      11,
      29,
      35,
      43,
      3,
      9,
      16,
      37,
      24,
      14,
      6,
      8,
      26,
      1,
      12,
      17,
      10,
      32,
      5,
      40,
      4,
      45,
      23,
      2,
      21,
      7,
      30,
      19,
      39,
      41,
      0,
      31,
      15,
      34,
      44,
      33,
      36,
      25,
      13
    ],
    "out_cols": [
      15,
      25,
      28,
      1,
      41,
      46,
      38,
      14,
      40,
      34,
      21,
      13,
      7,
      26,
      32,
      29,
      19,
      23,
      5,
      11,
      30,
      31,
      20,
      36,
      12,
      8,
      44,
      4,
      24,
      0,
      45,
      17,
      47,
      33,
      42,
      43,
      3,
      37,
      10,
      39,
      27,
      16,
      22,
      18,
      35,
      6,
      9,
      2
    ]
  }
}