{
  "config": {
    "steps": 900,
    "lr": 0.03,
    "tau_start": 1.0,
    "tau_end": 0.03,
    "sinkhorn_iters": 30,
    "lambda_ent": 0.0003,
    "train_subsample": 4096,
    "seed": 20001,
    "device": "cuda"
  },
  "final": {
    "soft_mse_full": 0.3884945809841156,
    "discrete_mse": 2.988579511642456,
    "hash_match": false,
    "perm_str": "59,52,39,30,74,72,43,55,95,26,68,93,44,82,88,54,42,29,86,80,58,78,18,47,28,19,1,90,37,67,15,57,48,7,73,40,35,24,94,63,3,25,31,36,87,71,23,38,62,75,4,32,14,17,77,11,5,12,91,92,81,6,16,20,50,70,65,96,84,83,64,53,60,51,49,66,56,21,45,8,27,79,0,22,10,76,41,34,2,46,61,9,13,89,69,33,85",
    "in_cols": [
      29,
      18,
      38,
      21,
      47,
      35,
      22,
      44,
      20,
      42,
      28,
      11,
      14,
      1,
      17,
      9,
      24,
      37,
      16,
      46,
      3,
      15,
      43,
      12,
      32,
      4,
      8,
      39,
      5,
      45,
      40,
      10,
      26,
      34,
      41,
      33,
      30,
      25,
      27,
      23,
      13,
      0,
      6,
      19,
      2,
      31,
      7,
      36
    ],
    "out_cols": [
      25,
      15,
      35,
      28,
      13,
      46,
      41,
      27,
      14,
      40,
      38,
      23,
      7,
      44,
      32,
      29,
      1,
      21,
      11,
      30,
      12,
      19,
      34,
      20,
      36,
      16,
      6,
      4,
      5,
      45,
      0,
      8,
      33,
      47,
      42,
      26,
      24,
      31,
      9,
      2,
      39,
      10,
      37,
      18,
      22,
      3,
      43,
      17
    ]
  },
  "best_seen": {
    "discrete_mse": 2.988579511642456,
    "order": [
      [
        59,
        52
      ],
      [
        39,
        30
      ],
      [
        74,
        72
      ],
      [
        43,
        55
      ],
      [
        95,
        26
      ],
      [
        68,
        93
      ],
      [
        44,
        82
      ],
      [
        88,
        54
      ],
      [
        42,
        29
      ],
      [
        86,
        80
      ],
      [
        58,
        78
      ],
      [
        18,
        47
      ],
      [
        28,
        19
      ],
      [
        1,
        90
      ],
      [
        37,
        67
      ],
      [
        15,
        57
      ],
      [
        48,
        7
      ],
      [
        73,
        40
      ],
      [
        35,
        24
      ],
      [
        94,
        63
      ],
      [
        3,
        25
      ],
      [
        31,
        36
      ],
      [
        87,
        71
      ],
      [
        23,
        38
      ],
      [
        62,
        75
      ],
      [
        4,
        32
      ],
      [
        14,
        17
      ],
      [
        77,
        11
      ],
      [
        5,
        12
      ],
      [
        91,
        92
      ],
      [
        81,
        6
      ],
      [
        16,
        20
      ],
      [
        50,
        70
      ],
      [
        65,
        96
      ],
      [
        84,
        83
      ],
      [
        64,
        53
      ],
      [
        60,
        51
      ],
      [
        49,
        66
      ],
      [
        56,
        21
      ],
      [
        45,
        8
      ],
      [
        27,
        79
      ],
      [
        0,
        22
      ],
      [
        10,
        76
      ],
      [
        41,
        34
      ],
      [
        2,
        46
      ],
      [
        61,
        9
      ],
      [
        13,
        89
      ],
      [
        69,
        33
      ]
    ],
    "in_cols": [
      29,
      18,
      38,
      21,
      47,
      35,
      22,
      44,
      20,
      42,
      28,
      11,
      14,
      1,
      17,
      9,
      24,
      37,
      16,
      46,
      3,
      15,
      43,
      12,
      32,
      4,
      8,
      39,
      5,
      45,
      40,
      10,
      26,
      34,
      41,
      33,
      30,
      25,
      27,
      23,
      13,
      0,
      6,
      19,
      2,
      31,
      7,
      36
    ],
    "out_cols": [
      25,
      15,
      35,
      28,
      13,
      46,
      41,
      27,
      14,
      40,
      38,
      23,
      7,
      44,
      32,
      29,
      1,
      21,
      11,
      30,
      12,
      19,
      34,
      20,
      36,
      16,
      6,
      4,
      5,
      45,
      0,
      8,
      33,
      47,
      42,
      26,
      24,
      31,
      9,
      2,
      39,
      10,
      37,
      18,
      22,
      3,
      43,
      17
    ]
  }
}