{
  "config": {
    "steps": 700,
    "lr": 0.015,
    "tau_start": 1.0,
    "tau_end": 0.025,
    "sinkhorn_iters": 30,
    "lambda_ent": 0.0001,
    "train_subsample": 0,
    "seed": 18604,
    "device": "cuda"
  },
  "final": {
    "soft_mse_full": 0.3393474519252777,
    "discrete_mse": 151.37879943847656,
    "hash_match": false,
    "perm_str": "73,75,59,52,48,72,95,63,56,82,44,78,74,80,42,29,39,55,58,93,88,90,69,67,18,83,10,19,50,7,37,57,15,40,68,47,35,24,94,53,3,26,31,36,1,38,87,71,84,25,14,17,77,11,5,6,65,30,62,33,4,32,61,70,81,96,16,20,0,76,13,89,49,21,43,66,86,22,60,9,91,34,41,51,27,46,28,12,64,54,2,92,45,79,23,8,85",
    "in_cols": [
      37,
      29,
      24,
      47,
      27,
      22,
      38,
      20,
      18,
      28,
      44,
      36,
      11,
      6,
      26,
      17,
      9,
      35,
      16,
      46,
      3,
      15,
      1,
      43,
      41,
      8,
      39,
      5,
      34,
      32,
      4,
      31,
      40,
      10,
      0,
      7,
      25,
      21,
      42,
      30,
      45,
      19,
      13,
      14,
      33,
      2,
      23,
      12
    ],
    "out_cols": [
      36,
      25,
      35,
      30,
      41,
      38,
      40,
      14,
      28,
      46,
      44,
      32,
      42,
      7,
      1,
      29,
      21,
      23,
      11,
      26,
      13,
      19,
      20,
      34,
      12,
      6,
      4,
      0,
      15,
      17,
      16,
      33,
      47,
      8,
      37,
      43,
      9,
      31,
      10,
      3,
      18,
      24,
      22,
      5,
      27,
      45,
      39,
      2
    ]
  },
  "best_seen": {
    "discrete_mse": 128.47206115722656,
    "order": [
      [
        77,
        11
      ],
      [
        44,
        93
      ],
      [
        56,
        72
      ],
      [
        3,
        30
      ],
      [
        73,
        7
      ],
      [
        39,
        24
      ],
      [
        74,
        19
      ],
      [
        59,
        55
      ],
      [
        94,
        63
      ],
      [
        18,
        29
      ],
      [
        95,
        80
      ],
      [
        58,
        83
      ],
      [
        50,
        90
      ],
      [
        10,
        82
      ],
      [
        86,
        78
      ],
      [
        37,
        52
      ],
      [
        35,
        36
      ],
      [
        1,
        67
      ],
      [
        87,
        47
      ],
      [
        42,
        66
      ],
      [
        91,
        26
      ],
      [
        14,
        38
      ],
      [
        62,
        40
      ],
      [
        15,
        57
      ],
      [
        23,
        25
      ],
      [
        64,
        71
      ],
      [
        5,
        53
      ],
      [
        4,
        76
      ],
      [
        0,
        92
      ],
      [
        16,
        20
      ],
      [
        48,
        33
      ],
      [
        81,
        6
      ],
      [
        27,
        9
      ],
      [
        45,
        89
      ],
      [
        2,
        96
      ],
      [
        31,
        70
      ],
      [
        88,
        75
      ],
      [
        60,
        32
      ],
      [
        65,
        8
      ],
      [
        84,
        54
      ],
      [
        68,
        22
      ],
      [
        41,
        51
      ],
      [
        28,
        46
      ],
      [
        49,
        21
      ],
      [
        69,
        79
      ],
      [
        43,
        34
      ],
      [
        61,
        17
      ],
      [
        13,
        12
      ]
    ],
    "in_cols": [
      39,
      22,
      27,
      3,
      37,
      18,
      38,
      29,
      46,
      11,
      47,
      28,
      26,
      6,
      42,
      17,
      16,
      1,
      43,
      20,
      45,
      8,
      32,
      9,
      12,
      33,
      5,
      4,
      0,
      10,
      24,
      40,
      13,
      23,
      2,
      15,
      44,
      30,
      34,
      41,
      35,
      19,
      14,
      25,
      36,
      21,
      31,
      7
    ],
    "out_cols": [
      4,
      46,
      35,
      15,
      1,
      11,
      7,
      28,
      30,
      14,
      40,
      42,
      44,
      41,
      38,
      25,
      19,
      32,
      23,
      31,
      13,
      20,
      21,
      29,
      12,
      34,
      26,
      37,
      45,
      8,
      17,
      0,
      3,
      43,
      47,
      33,
      36,
      16,
      2,
      27,
      10,
      24,
      22,
      9,
      39,
      18,
      6,
      5
    ]
  }
}