{
  "config": {
    "steps": 700,
    "lr": 0.015,
    "tau_start": 1.0,
    "tau_end": 0.025,
    "sinkhorn_iters": 30,
    "lambda_ent": 0.0001,
    "train_subsample": 0,
    "seed": 25704,
    "device": "cuda"
  },
  "final": {
    "soft_mse_full": 0.3422063887119293,
    "discrete_mse": 602.8025512695312,
    "hash_match": false,
    "perm_str": "86,52,59,30,73,72,95,63,56,82,44,78,74,80,42,29,39,83,58,93,35,53,94,90,18,67,28,19,37,7,10,24,15,57,68,47,87,40,31,36,3,25,50,26,1,38,23,71,14,11,77,17,5,51,43,66,91,33,48,6,81,55,4,20,2,70,16,96,60,89,13,75,62,76,27,22,0,54,49,34,65,8,61,9,84,79,45,92,41,32,88,12,69,46,64,21,85",
    "in_cols": [
      42,
      29,
      37,
      47,
      27,
      22,
      38,
      20,
      18,
      28,
      16,
      46,
      11,
      14,
      17,
      6,
      9,
      35,
      43,
      15,
      3,
      26,
      1,
      12,
      8,
      39,
      5,
      21,
      45,
      24,
      40,
      4,
      2,
      10,
      30,
      7,
      32,
      13,
      0,
      25,
      34,
      31,
      41,
      23,
      19,
      44,
      36,
      33
    ],
    "out_cols": [
      25,
      15,
      35,
      30,
      41,
      38,
      40,
      14,
      42,
      46,
      26,
      44,
      32,
      7,
      1,
      11,
      29,
      23,
      21,
      19,
      12,
      13,
      20,
      34,
      4,
      6,
      24,
      31,
      17,
      0,
      28,
      8,
      33,
      47,
      43,
      36,
      37,
      10,
      27,
      18,
      2,
      3,
      39,
      45,
      16,
      5,
      22,
      9
    ]
  },
  "best_seen": {
    "discrete_mse": 53.24824905395508,
    "order": [
      [
        48,
        55
      ],
      [
        14,
        51
      ],
      [
        81,
        66
      ],
      [
        3,
        53
      ],
      [
        84,
        47
      ],
      [
        42,
        32
      ],
      [
        56,
        80
      ],
      [
        50,
        96
      ],
      [
        18,
        34
      ],
      [
        69,
        63
      ],
      [
        91,
        79
      ],
      [
        13,
        83
      ],
      [
        39,
        25
      ],
      [
        65,
        71
      ],
      [
        94,
        19
      ],
      [
        44,
        46
      ],
      [
        15,
        22
      ],
      [
        74,
        29
      ],
      [
        5,
        8
      ],
      [
        41,
        70
      ],
      [
        88,
        75
      ],
      [
        95,
        24
      ],
      [
        23,
        40
      ],
      [
        43,
        30
      ],
      [
        60,
        7
      ],
      [
        62,
        93
      ],
      [
        68,
        33
      ],
      [
        27,
        78
      ],
      [
        16,
        76
      ],
      [
        58,
        6
      ],
      [
        61,
        54
      ],
      [
        77,
        26
      ],
      [
        31,
        90
      ],
      [
        4,
        89
      ],
      [
        73,
        20
      ],
      [
        0,
        12
      ],
      [
        2,
        36
      ],
      [
        1,
        17
      ],
      [
        87,
        67
      ],
      [
        49,
        38
      ],
      [
        10,
        52
      ],
      [
        37,
        72
      ],
      [
        45,
        11
      ],
      [
        86,
        92
      ],
      [
        59,
        57
      ],
      [
        64,
        9
      ],
      [
        28,
        21
      ],
      [
        35,
        82
      ]
    ],
    "in_cols": [
      24,
      8,
      40,
      3,
      41,
      20,
      27,
      26,
      11,
      36,
      45,
      7,
      18,
      34,
      46,
      22,
      9,
      38,
      5,
      19,
      44,
      47,
      12,
      21,
      30,
      32,
      35,
      13,
      10,
      28,
      31,
      39,
      15,
      4,
      37,
      0,
      2,
      1,
      43,
      25,
      6,
      17,
      23,
      42,
      29,
      33,
      14,
      16
    ],
    "out_cols": [
      28,
      24,
      31,
      26,
      23,
      16,
      40,
      47,
      18,
      30,
      39,
      42,
      12,
      34,
      7,
      22,
      10,
      14,
      2,
      33,
      36,
      11,
      21,
      15,
      1,
      46,
      17,
      38,
      37,
      0,
      27,
      13,
      44,
      43,
      8,
      5,
      19,
      6,
      32,
      20,
      25,
      35,
      4,
      45,
      29,
      3,
      9,
      41
    ]
  }
}