{
  "config": {
    "steps": 700,
    "lr": 0.015,
    "tau_start": 1.0,
    "tau_end": 0.025,
    "sinkhorn_iters": 30,
    "lambda_ent": 0.0001,
    "train_subsample": 0,
    "seed": 19604,
    "device": "cuda"
  },
  "final": {
    "soft_mse_full": 0.3545384109020233,
    "discrete_mse": 222.2731475830078,
    "hash_match": false,
    "perm_str": "59,30,86,72,60,52,39,76,44,82,73,78,74,55,68,80,42,29,88,93,18,67,94,90,28,19,37,20,15,57,50,7,48,47,1,26,35,24,31,36,3,25,95,63,27,38,87,71,23,40,64,11,5,32,14,17,4,33,77,92,43,70,16,96,81,6,91,53,65,54,62,83,56,34,41,75,84,79,13,66,61,9,69,51,58,89,45,22,2,12,0,8,10,46,49,21,85",
    "in_cols": [
      29,
      42,
      30,
      18,
      22,
      37,
      38,
      35,
      20,
      44,
      11,
      46,
      14,
      17,
      9,
      26,
      24,
      1,
      16,
      15,
      3,
      47,
      13,
      43,
      12,
      33,
      5,
      8,
      4,
      39,
      21,
      10,
      40,
      45,
      34,
      32,
      27,
      19,
      41,
      7,
      31,
      36,
      28,
      23,
      2,
      0,
      6,
      25
    ],
    "out_cols": [
      15,
      35,
      25,
      37,
      41,
      38,
      28,
      40,
      14,
      46,
      32,
      44,
      7,
      8,
      29,
      1,
      23,
      13,
      11,
      19,
      12,
      30,
      20,
      34,
      21,
      4,
      16,
      6,
      17,
      45,
      33,
      47,
      0,
      26,
      27,
      42,
      18,
      36,
      39,
      31,
      3,
      24,
      43,
      10,
      5,
      2,
      22,
      9
    ]
  },
  "best_seen": {
    "discrete_mse": 51.455177307128906,
    "order": [
      [
        1,
        19
      ],
      [
        64,
        33
      ],
      [
        0,
        21
      ],
      [
        73,
        34
      ],
      [
        84,
        89
      ],
      [
        15,
        92
      ],
      [
        10,
        72
      ],
      [
        23,
        54
      ],
      [
        28,
        20
      ],
      [
        5,
        80
      ],
      [
        50,
        11
      ],
      [
        13,
        40
      ],
      [
        88,
        25
      ],
      [
        60,
        75
      ],
      [
        44,
        7
      ],
      [
        91,
        82
      ],
      [
        4,
        30
      ],
      [
        87,
        51
      ],
      [
        35,
        47
      ],
      [
        81,
        9
      ],
      [
        31,
        66
      ],
      [
        86,
        32
      ],
      [
        3,
        52
      ],
      [
        74,
        70
      ],
      [
        65,
        71
      ],
      [
        77,
        22
      ],
      [
        61,
        12
      ],
      [
        62,
        63
      ],
      [
        43,
        79
      ],
      [
        41,
        29
      ],
      [
        37,
        17
      ],
      [
        39,
        53
      ],
      [
        94,
        57
      ],
      [
        16,
        90
      ],
      [
        69,
        93
      ],
      [
        48,
        8
      ],
      [
        58,
        38
      ],
      [
        2,
        6
      ],
      [
        95,
        76
      ],
      [
        27,
        96
      ],
      [
        68,
        36
      ],
      [
        49,
        26
      ],
      [
        45,
        78
      ],
      [
        14,
        55
      ],
      [
        18,
        83
      ],
      [
        42,
        67
      ],
      [
        59,
        46
      ],
      [
        56,
        24
      ]
    ],
    "in_cols": [
      1,
      33,
      0,
      37,
      41,
      9,
      6,
      12,
      14,
      5,
      26,
      7,
      44,
      30,
      22,
      45,
      4,
      43,
      16,
      40,
      15,
      42,
      3,
      38,
      34,
      39,
      31,
      32,
      21,
      19,
      17,
      18,
      46,
      10,
      36,
      24,
      28,
      2,
      47,
      13,
      35,
      25,
      23,
      8,
      11,
      20,
      29,
      27
    ],
    "out_cols": [
      7,
      17,
      9,
      18,
      43,
      45,
      35,
      27,
      8,
      40,
      4,
      21,
      12,
      36,
      1,
      41,
      15,
      24,
      23,
      3,
      31,
      16,
      25,
      33,
      34,
      10,
      5,
      30,
      39,
      14,
      6,
      26,
      29,
      44,
      46,
      2,
      20,
      0,
      37,
      47,
      19,
      13,
      38,
      28,
      42,
      32,
      22,
      11
    ]
  }
}