{
  "config": {
    "steps": 900,
    "lr": 0.03,
    "tau_start": 1.0,
    "tau_end": 0.03,
    "sinkhorn_iters": 30,
    "lambda_ent": 0.0003,
    "train_subsample": 4096,
    "seed": 22501,
    "device": "cuda"
  },
  "final": {
    "soft_mse_full": 0.5770250558853149,
    "discrete_mse": 20.523378372192383,
    "hash_match": false,
    "perm_str": "59,52,95,72,39,30,42,80,74,55,44,82,18,78,86,38,87,93,58,29,94,83,35,26,10,67,28,19,73,36,37,7,50,24,68,47,48,40,1,90,3,25,31,63,15,57,23,71,64,75,5,12,77,11,0,32,62,20,45,33,4,6,81,96,16,51,43,70,91,89,61,53,49,54,60,21,65,22,14,9,13,66,56,34,2,46,41,79,69,76,27,17,88,8,84,92,85",
    "in_cols": [
      29,
      47,
      18,
      20,
      38,
      22,
      11,
      42,
      43,
      28,
      46,
      16,
      6,
      14,
      37,
      17,
      26,
      35,
      24,
      1,
      3,
      15,
      9,
      12,
      33,
      5,
      39,
      0,
      32,
      23,
      4,
      40,
      10,
      21,
      45,
      31,
      25,
      30,
      34,
      8,
      7,
      27,
      2,
      19,
      36,
      13,
      44,
      41
    ],
    "out_cols": [
      25,
      35,
      15,
      40,
      28,
      41,
      38,
      20,
      46,
      14,
      42,
      13,
      32,
      7,
      19,
      1,
      11,
      23,
      21,
      44,
      12,
      30,
      29,
      34,
      36,
      5,
      4,
      16,
      8,
      17,
      0,
      47,
      24,
      33,
      43,
      26,
      27,
      9,
      10,
      3,
      31,
      18,
      22,
      39,
      37,
      6,
      2,
      45
    ]
  },
  "best_seen": {
    "discrete_mse": 2.695842981338501,
    "order": [
      [
        59,
        52
      ],
      [
        95,
        72
      ],
      [
        39,
        30
      ],
      [
        87,
        80
      ],
      [
        74,
        55
      ],
      [
        44,
        82
      ],
      [
        86,
        78
      ],
      [
        42,
        38
      ],
      [
        37,
        93
      ],
      [
        10,
        29
      ],
      [
        94,
        83
      ],
      [
        18,
        90
      ],
      [
        35,
        67
      ],
      [
        28,
        19
      ],
      [
        73,
        36
      ],
      [
        1,
        7
      ],
      [
        15,
        24
      ],
      [
        68,
        47
      ],
      [
        48,
        40
      ],
      [
        65,
        25
      ],
      [
        3,
        26
      ],
      [
        31,
        63
      ],
      [
        50,
        57
      ],
      [
        23,
        71
      ],
      [
        64,
        75
      ],
      [
        5,
        12
      ],
      [
        77,
        11
      ],
      [
        0,
        32
      ],
      [
        62,
        51
      ],
      [
        45,
        33
      ],
      [
        4,
        6
      ],
      [
        81,
        96
      ],
      [
        16,
        20
      ],
      [
        43,
        70
      ],
      [
        91,
        89
      ],
      [
        61,
        53
      ],
      [
        49,
        54
      ],
      [
        60,
        21
      ],
      [
        41,
        22
      ],
      [
        14,
        9
      ],
      [
        13,
        66
      ],
      [
        56,
        34
      ],
      [
        2,
        46
      ],
      [
        84,
        79
      ],
      [
        69,
        76
      ],
      [
        27,
        17
      ],
      [
        88,
        8
      ],
      [
        58,
        92
      ]
    ],
    "in_cols": [
      29,
      47,
      18,
      43,
      38,
      22,
      42,
      20,
      17,
      6,
      46,
      11,
      16,
      14,
      37,
      1,
      9,
      35,
      24,
      34,
      3,
      15,
      26,
      12,
      33,
      5,
      39,
      0,
      32,
      23,
      4,
      40,
      10,
      21,
      45,
      31,
      25,
      30,
      19,
      8,
      7,
      27,
      2,
      41,
      36,
      13,
      44,
      28
    ],
    "out_cols": [
      25,
      35,
      15,
      40,
      28,
      41,
      38,
      20,
      46,
      14,
      42,
      44,
      32,
      7,
      19,
      1,
      11,
      23,
      21,
      12,
      13,
      30,
      29,
      34,
      36,
      5,
      4,
      16,
      24,
      17,
      0,
      47,
      8,
      33,
      43,
      26,
      27,
      9,
      10,
      3,
      31,
      18,
      22,
      39,
      37,
      6,
      2,
      45
    ]
  }
}