{
  "config": {
    "steps": 900,
    "lr": 0.03,
    "tau_start": 1.0,
    "tau_end": 0.028,
    "sinkhorn_iters": 30,
    "lambda_ent": 0.0003,
    "train_subsample": 4096,
    "seed": 19202,
    "device": "cuda"
  },
  "final": {
    "soft_mse_full": 0.43720394372940063,
    "discrete_mse": 12.893279075622559,
    "hash_match": false,
    "perm_str": "95,75,39,72,59,30,73,78,56,82,74,55,37,93,42,29,3,53,88,83,18,90,94,38,86,67,28,36,10,7,35,24,15,57,68,47,48,80,87,71,84,19,1,40,50,26,23,8,31,25,60,11,4,17,14,63,77,20,81,6,16,96,62,51,5,12,91,89,65,32,0,70,44,76,2,34,27,52,13,66,64,54,45,33,58,46,41,9,49,21,43,92,69,79,61,22,85",
    "in_cols": [
      47,
      18,
      29,
      37,
      27,
      38,
      17,
      20,
      3,
      44,
      11,
      46,
      42,
      14,
      6,
      16,
      9,
      35,
      24,
      43,
      41,
      1,
      26,
      12,
      15,
      30,
      4,
      8,
      39,
      40,
      10,
      32,
      5,
      45,
      34,
      0,
      22,
      2,
      13,
      7,
      33,
      23,
      28,
      19,
      25,
      21,
      36,
      31
    ],
    "out_cols": [
      36,
      35,
      15,
      38,
      41,
      28,
      46,
      14,
      26,
      42,
      44,
      20,
      32,
      19,
      1,
      11,
      29,
      23,
      40,
      34,
      7,
      21,
      13,
      2,
      12,
      4,
      6,
      30,
      8,
      0,
      47,
      24,
      5,
      43,
      16,
      33,
      37,
      18,
      25,
      31,
      27,
      17,
      22,
      3,
      9,
      45,
      39,
      10
    ]
  },
  "best_seen": {
    "discrete_mse": 6.707087993621826,
    "order": [
      [
        39,
        75
      ],
      [
        86,
        72
      ],
      [
        59,
        52
      ],
      [
        58,
        78
      ],
      [
        56,
        82
      ],
      [
        74,
        55
      ],
      [
        37,
        93
      ],
      [
        42,
        29
      ],
      [
        3,
        53
      ],
      [
        88,
        83
      ],
      [
        18,
        90
      ],
      [
        94,
        38
      ],
      [
        73,
        67
      ],
      [
        28,
        36
      ],
      [
        10,
        7
      ],
      [
        35,
        24
      ],
      [
        50,
        57
      ],
      [
        68,
        47
      ],
      [
        15,
        80
      ],
      [
        48,
        71
      ],
      [
        84,
        19
      ],
      [
        1,
        40
      ],
      [
        95,
        26
      ],
      [
        87,
        8
      ],
      [
        23,
        25
      ],
      [
        60,
        11
      ],
      [
        4,
        17
      ],
      [
        14,
        63
      ],
      [
        77,
        20
      ],
      [
        81,
        6
      ],
      [
        16,
        96
      ],
      [
        62,
        51
      ],
      [
        5,
        12
      ],
      [
        91,
        89
      ],
      [
        65,
        32
      ],
      [
        0,
        70
      ],
      [
        44,
        76
      ],
      [
        2,
        34
      ],
      [
        27,
        46
      ],
      [
        13,
        66
      ],
      [
        64,
        54
      ],
      [
        45,
        33
      ],
      [
        41,
        30
      ],
      [
        31,
        9
      ],
      [
        49,
        21
      ],
      [
        43,
        92
      ],
      [
        69,
        79
      ],
      [
        61,
        22
      ]
    ],
    "in_cols": [
      18,
      42,
      29,
      28,
      27,
      38,
      17,
      20,
      3,
      44,
      11,
      46,
      37,
      14,
      6,
      16,
      26,
      35,
      9,
      24,
      41,
      1,
      47,
      43,
      12,
      30,
      4,
      8,
      39,
      40,
      10,
      32,
      5,
      45,
      34,
      0,
      22,
      2,
      13,
      7,
      33,
      23,
      19,
      15,
      25,
      21,
      36,
      31
    ],
    "out_cols": [
      36,
      35,
      25,
      38,
      41,
      28,
      46,
      14,
      26,
      42,
      44,
      20,
      32,
      19,
      1,
      11,
      29,
      23,
      40,
      34,
      7,
      21,
      13,
      2,
      12,
      4,
      6,
      30,
      8,
      0,
      47,
      24,
      5,
      43,
      16,
      33,
      37,
      18,
      22,
      31,
      27,
      17,
      15,
      3,
      9,
      45,
      39,
      10
    ]
  }
}