{
  "config": {
    "steps": 700,
    "lr": 0.015,
    "tau_start": 1.0,
    "tau_end": 0.025,
    "sinkhorn_iters": 30,
    "lambda_ent": 0.0001,
    "train_subsample": 0,
    "seed": 19504,
    "device": "cuda"
  },
  "final": {
    "soft_mse_full": 0.31174343824386597,
    "discrete_mse": 12.075213432312012,
    "hash_match": false,
    "perm_str": "59,30,86,52,27,72,95,63,56,80,73,93,44,82,39,55,42,29,58,78,65,90,94,53,18,67,35,24,15,19,28,47,68,7,37,57,3,26,48,40,50,25,31,36,1,38,87,71,23,51,64,11,14,33,45,32,5,70,77,92,81,6,16,96,4,20,91,89,62,75,13,83,0,17,74,22,43,9,61,79,60,8,69,54,41,76,84,66,88,34,49,12,2,21,10,46,85",
    "in_cols": [
      29,
      42,
      13,
      47,
      27,
      37,
      22,
      18,
      20,
      28,
      34,
      46,
      11,
      16,
      9,
      14,
      35,
      17,
      3,
      24,
      26,
      15,
      1,
      43,
      12,
      33,
      8,
      23,
      5,
      39,
      40,
      10,
      4,
      45,
      32,
      7,
      0,
      38,
      21,
      31,
      30,
      36,
      19,
      41,
      44,
      25,
      2,
      6
    ],
    "out_cols": [
      15,
      25,
      35,
      30,
      40,
      46,
      41,
      28,
      14,
      38,
      44,
      26,
      32,
      11,
      7,
      23,
      1,
      29,
      13,
      21,
      12,
      19,
      20,
      34,
      24,
      4,
      17,
      16,
      33,
      45,
      0,
      47,
      8,
      43,
      36,
      42,
      6,
      10,
      3,
      39,
      2,
      27,
      37,
      31,
      18,
      5,
      9,
      22
    ]
  },
  "best_seen": {
    "discrete_mse": 5.001636028289795,
    "order": [
      [
        59,
        30
      ],
      [
        86,
        52
      ],
      [
        39,
        63
      ],
      [
        95,
        55
      ],
      [
        56,
        89
      ],
      [
        73,
        93
      ],
      [
        44,
        72
      ],
      [
        43,
        80
      ],
      [
        42,
        29
      ],
      [
        58,
        78
      ],
      [
        18,
        90
      ],
      [
        94,
        7
      ],
      [
        23,
        67
      ],
      [
        35,
        24
      ],
      [
        15,
        19
      ],
      [
        28,
        47
      ],
      [
        68,
        82
      ],
      [
        37,
        57
      ],
      [
        3,
        26
      ],
      [
        48,
        40
      ],
      [
        50,
        25
      ],
      [
        31,
        36
      ],
      [
        1,
        38
      ],
      [
        87,
        71
      ],
      [
        64,
        51
      ],
      [
        14,
        11
      ],
      [
        77,
        33
      ],
      [
        45,
        32
      ],
      [
        5,
        70
      ],
      [
        91,
        92
      ],
      [
        81,
        6
      ],
      [
        16,
        96
      ],
      [
        4,
        20
      ],
      [
        65,
        53
      ],
      [
        62,
        75
      ],
      [
        13,
        83
      ],
      [
        0,
        17
      ],
      [
        74,
        22
      ],
      [
        41,
        9
      ],
      [
        69,
        79
      ],
      [
        10,
        8
      ],
      [
        60,
        54
      ],
      [
        61,
        76
      ],
      [
        84,
        66
      ],
      [
        88,
        34
      ],
      [
        49,
        12
      ],
      [
        2,
        21
      ],
      [
        27,
        46
      ]
    ],
    "in_cols": [
      29,
      42,
      18,
      47,
      27,
      37,
      22,
      21,
      20,
      28,
      11,
      46,
      12,
      16,
      9,
      14,
      35,
      17,
      3,
      24,
      26,
      15,
      1,
      43,
      33,
      8,
      39,
      23,
      5,
      45,
      40,
      10,
      4,
      34,
      32,
      7,
      0,
      38,
      19,
      36,
      6,
      30,
      31,
      41,
      44,
      25,
      2,
      13
    ],
    "out_cols": [
      15,
      25,
      30,
      28,
      43,
      46,
      35,
      40,
      14,
      38,
      44,
      1,
      32,
      11,
      7,
      23,
      41,
      29,
      13,
      21,
      12,
      19,
      20,
      34,
      24,
      4,
      17,
      16,
      33,
      45,
      0,
      47,
      8,
      26,
      36,
      42,
      6,
      10,
      3,
      39,
      2,
      27,
      37,
      31,
      18,
      5,
      9,
      22
    ]
  }
}