{
  "config": {
    "steps": 700,
    "lr": 0.02,
    "tau_start": 1.0,
    "tau_end": 0.03,
    "sinkhorn_iters": 30,
    "lambda_ent": 0.0003,
    "train_subsample": 0,
    "seed": 10103,
    "device": "cuda"
  },
  "final": {
    "soft_mse_full": 0.3331909775733948,
    "discrete_mse": 201.03854370117188,
    "hash_match": false,
    "perm_str": "59,52,39,72,95,93,77,63,44,82,18,78,73,80,42,55,69,29,94,83,35,30,58,90,10,24,28,19,50,7,37,57,15,67,86,47,68,70,87,26,3,25,31,36,23,38,1,40,14,11,0,75,4,17,81,6,65,12,5,92,48,71,45,33,16,96,62,20,61,89,41,53,49,54,27,32,60,34,56,21,74,22,13,9,91,46,2,51,84,66,64,79,43,76,88,8,85",
    "in_cols": [
      29,
      18,
      47,
      39,
      22,
      11,
      37,
      20,
      36,
      46,
      16,
      28,
      6,
      14,
      26,
      17,
      9,
      42,
      35,
      43,
      3,
      15,
      12,
      1,
      8,
      0,
      4,
      40,
      34,
      5,
      24,
      23,
      10,
      32,
      31,
      19,
      25,
      13,
      30,
      27,
      38,
      7,
      45,
      2,
      41,
      33,
      21,
      44
    ],
    "out_cols": [
      25,
      35,
      46,
      30,
      41,
      38,
      40,
      28,
      14,
      42,
      15,
      44,
      11,
      7,
      1,
      29,
      32,
      23,
      33,
      13,
      12,
      19,
      20,
      21,
      4,
      36,
      6,
      0,
      5,
      45,
      34,
      17,
      47,
      8,
      43,
      26,
      27,
      16,
      18,
      9,
      10,
      3,
      22,
      24,
      31,
      39,
      37,
      2
    ]
  },
  "best_seen": {
    "discrete_mse": 9.05714225769043,
    "order": [
      [
        45,
        32
      ],
      [
        62,
        67
      ],
      [
        84,
        66
      ],
      [
        15,
        75
      ],
      [
        43,
        38
      ],
      [
        14,
        20
      ],
      [
        41,
        80
      ],
      [
        91,
        19
      ],
      [
        86,
        96
      ],
      [
        0,
        78
      ],
      [
        68,
        53
      ],
      [
        88,
        36
      ],
      [
        59,
        82
      ],
      [
        48,
        22
      ],
      [
        23,
        72
      ],
      [
        94,
        21
      ],
      [
        10,
        90
      ],
      [
        56,
        40
      ],
      [
        4,
        76
      ],
      [
        44,
        24
      ],
      [
        28,
        71
      ],
      [
        60,
        79
      ],
      [
        18,
        26
      ],
      [
        61,
        92
      ],
      [
        16,
        29
      ],
      [
        50,
        70
      ],
      [
        65,
        52
      ],
      [
        5,
        57
      ],
      [
        73,
        6
      ],
      [
        27,
        11
      ],
      [
        1,
        7
      ],
      [
        37,
        83
      ],
      [
        74,
        12
      ],
      [
        35,
        8
      ],
      [
        58,
        46
      ],
      [
        77,
        33
      ],
      [
        81,
        25
      ],
      [
        95,
        47
      ],
      [
        69,
        30
      ],
      [
        39,
        34
      ],
      [
        49,
        9
      ],
      [
        42,
        55
      ],
      [
        64,
        17
      ],
      [
        3,
        51
      ],
      [
        2,
        54
      ],
      [
        87,
        89
      ],
      [
        31,
        63
      ],
      [
        13,
        93
      ]
    ],
    "in_cols": [
      23,
      32,
      41,
      9,
      21,
      8,
      19,
      45,
      42,
      0,
      35,
      44,
      29,
      24,
      12,
      46,
      6,
      27,
      4,
      22,
      14,
      30,
      11,
      31,
      10,
      26,
      34,
      5,
      37,
      13,
      1,
      17,
      38,
      16,
      28,
      39,
      40,
      47,
      36,
      18,
      25,
      20,
      33,
      3,
      2,
      43,
      15,
      7
    ],
    "out_cols": [
      16,
      32,
      31,
      36,
      20,
      8,
      40,
      7,
      47,
      38,
      26,
      19,
      41,
      10,
      35,
      9,
      44,
      21,
      37,
      11,
      34,
      39,
      13,
      45,
      14,
      33,
      25,
      29,
      0,
      4,
      1,
      42,
      5,
      2,
      22,
      17,
      12,
      23,
      15,
      18,
      3,
      28,
      6,
      24,
      27,
      43,
      30,
      46
    ]
  }
}