{
  "config": {
    "steps": 700,
    "lr": 0.015,
    "tau_start": 1.0,
    "tau_end": 0.025,
    "sinkhorn_iters": 30,
    "lambda_ent": 0.0001,
    "train_subsample": 0,
    "seed": 17104,
    "device": "cuda"
  },
  "final": {
    "soft_mse_full": 0.35309135913848877,
    "discrete_mse": 121.01210021972656,
    "hash_match": false,
    "perm_str": "59,52,86,72,42,78,95,55,56,30,44,82,37,80,39,29,94,83,88,54,58,90,18,67,28,19,50,7,35,24,10,57,73,47,68,26,48,71,87,63,3,25,31,36,1,40,91,38,23,11,14,17,64,51,4,12,13,92,77,33,81,6,62,20,16,96,5,70,15,53,61,32,65,89,74,75,49,34,84,93,41,76,60,79,69,66,2,9,43,8,45,22,0,21,27,46,85",
    "in_cols": [
      29,
      42,
      20,
      47,
      27,
      22,
      17,
      18,
      46,
      44,
      28,
      11,
      14,
      26,
      16,
      6,
      37,
      35,
      24,
      43,
      3,
      15,
      1,
      45,
      12,
      8,
      33,
      4,
      7,
      39,
      40,
      32,
      10,
      5,
      9,
      31,
      34,
      38,
      25,
      41,
      19,
      30,
      36,
      2,
      21,
      23,
      0,
      13
    ],
    "out_cols": [
      25,
      35,
      38,
      28,
      15,
      41,
      40,
      14,
      42,
      27,
      44,
      32,
      7,
      1,
      11,
      29,
      23,
      13,
      34,
      30,
      12,
      19,
      21,
      20,
      4,
      6,
      24,
      5,
      45,
      17,
      0,
      8,
      47,
      33,
      26,
      16,
      43,
      36,
      18,
      46,
      37,
      39,
      31,
      3,
      2,
      10,
      9,
      22
    ]
  },
  "best_seen": {
    "discrete_mse": 1.753091812133789,
    "order": [
      [
        59,
        52
      ],
      [
        39,
        72
      ],
      [
        86,
        78
      ],
      [
        95,
        55
      ],
      [
        56,
        30
      ],
      [
        44,
        82
      ],
      [
        74,
        80
      ],
      [
        42,
        29
      ],
      [
        94,
        93
      ],
      [
        88,
        54
      ],
      [
        58,
        90
      ],
      [
        18,
        67
      ],
      [
        28,
        19
      ],
      [
        37,
        7
      ],
      [
        35,
        24
      ],
      [
        73,
        57
      ],
      [
        15,
        71
      ],
      [
        68,
        47
      ],
      [
        87,
        40
      ],
      [
        48,
        63
      ],
      [
        3,
        25
      ],
      [
        31,
        36
      ],
      [
        50,
        26
      ],
      [
        1,
        38
      ],
      [
        23,
        11
      ],
      [
        14,
        17
      ],
      [
        45,
        51
      ],
      [
        4,
        32
      ],
      [
        77,
        92
      ],
      [
        65,
        33
      ],
      [
        81,
        6
      ],
      [
        62,
        20
      ],
      [
        16,
        96
      ],
      [
        5,
        70
      ],
      [
        61,
        53
      ],
      [
        0,
        83
      ],
      [
        13,
        89
      ],
      [
        43,
        75
      ],
      [
        10,
        34
      ],
      [
        60,
        22
      ],
      [
        91,
        76
      ],
      [
        2,
        79
      ],
      [
        41,
        66
      ],
      [
        69,
        9
      ],
      [
        84,
        8
      ],
      [
        49,
        12
      ],
      [
        64,
        21
      ],
      [
        27,
        46
      ]
    ],
    "in_cols": [
      29,
      18,
      42,
      47,
      27,
      22,
      38,
      20,
      46,
      44,
      28,
      11,
      14,
      17,
      16,
      37,
      9,
      35,
      43,
      24,
      3,
      15,
      26,
      1,
      12,
      8,
      23,
      4,
      39,
      34,
      40,
      32,
      10,
      5,
      31,
      0,
      7,
      21,
      6,
      30,
      45,
      2,
      19,
      36,
      41,
      25,
      33,
      13
    ],
    "out_cols": [
      25,
      35,
      38,
      28,
      15,
      41,
      40,
      14,
      46,
      27,
      44,
      32,
      7,
      1,
      11,
      29,
      34,
      23,
      21,
      30,
      12,
      19,
      13,
      20,
      4,
      6,
      24,
      16,
      45,
      17,
      0,
      8,
      47,
      33,
      26,
      42,
      43,
      36,
      18,
      10,
      37,
      39,
      31,
      3,
      2,
      5,
      9,
      22
    ]
  }
}