{
  "config": {
    "steps": 900,
    "lr": 0.03,
    "tau_start": 1.0,
    "tau_end": 0.028,
    "sinkhorn_iters": 30,
    "lambda_ent": 0.0003,
    "train_subsample": 4096,
    "seed": 6602,
    "device": "cuda"
  },
  "final": {
    "soft_mse_full": 0.4140143096446991,
    "discrete_mse": 19.601789474487305,
    "hash_match": false,
    "perm_str": "95,63,59,52,3,72,58,78,74,55,56,30,84,80,44,82,86,25,18,67,39,29,88,54,94,90,28,19,10,93,73,7,37,47,48,26,87,71,15,57,35,24,31,36,50,66,1,38,23,40,81,11,0,76,14,17,4,32,62,6,65,20,77,70,16,96,60,89,13,75,41,83,61,53,49,79,27,8,5,12,91,51,68,92,43,9,2,34,45,46,42,22,69,33,64,21,85",
    "in_cols": [
      47,
      29,
      3,
      28,
      38,
      27,
      41,
      22,
      42,
      11,
      18,
      44,
      46,
      14,
      6,
      37,
      17,
      24,
      43,
      9,
      16,
      15,
      26,
      1,
      12,
      40,
      0,
      8,
      4,
      32,
      34,
      39,
      10,
      30,
      7,
      19,
      31,
      25,
      13,
      5,
      45,
      35,
      21,
      2,
      23,
      20,
      36,
      33
    ],
    "out_cols": [
      30,
      25,
      35,
      38,
      28,
      15,
      40,
      41,
      12,
      32,
      14,
      27,
      44,
      7,
      46,
      1,
      23,
      13,
      34,
      29,
      11,
      19,
      31,
      20,
      21,
      4,
      37,
      6,
      16,
      0,
      8,
      33,
      47,
      43,
      36,
      42,
      26,
      39,
      2,
      5,
      24,
      45,
      3,
      18,
      22,
      10,
      17,
      9
    ]
  },
  "best_seen": {
    "discrete_mse": 8.833069801330566,
    "order": [
      [
        95,
        75
      ],
      [
        59,
        52
      ],
      [
        3,
        72
      ],
      [
        58,
        78
      ],
      [
        42,
        55
      ],
      [
        56,
        30
      ],
      [
        84,
        63
      ],
      [
        74,
        93
      ],
      [
        86,
        80
      ],
      [
        18,
        67
      ],
      [
        39,
        29
      ],
      [
        88,
        54
      ],
      [
        94,
        90
      ],
      [
        28,
        19
      ],
      [
        10,
        82
      ],
      [
        73,
        7
      ],
      [
        37,
        47
      ],
      [
        48,
        26
      ],
      [
        87,
        71
      ],
      [
        5,
        57
      ],
      [
        35,
        24
      ],
      [
        31,
        36
      ],
      [
        50,
        66
      ],
      [
        1,
        38
      ],
      [
        23,
        40
      ],
      [
        81,
        11
      ],
      [
        0,
        32
      ],
      [
        14,
        17
      ],
      [
        4,
        25
      ],
      [
        62,
        6
      ],
      [
        65,
        20
      ],
      [
        77,
        70
      ],
      [
        16,
        96
      ],
      [
        44,
        89
      ],
      [
        13,
        76
      ],
      [
        41,
        83
      ],
      [
        61,
        53
      ],
      [
        49,
        79
      ],
      [
        27,
        8
      ],
      [
        15,
        12
      ],
      [
        91,
        51
      ],
      [
        68,
        92
      ],
      [
        43,
        9
      ],
      [
        2,
        34
      ],
      [
        45,
        46
      ],
      [
        60,
        22
      ],
      [
        69,
        33
      ],
      [
        64,
        21
      ]
    ],
    "in_cols": [
      47,
      29,
      3,
      28,
      20,
      27,
      41,
      38,
      42,
      11,
      18,
      44,
      46,
      14,
      6,
      37,
      17,
      24,
      43,
      5,
      16,
      15,
      26,
      1,
      12,
      40,
      0,
      8,
      4,
      32,
      34,
      39,
      10,
      22,
      7,
      19,
      31,
      25,
      13,
      9,
      45,
      35,
      21,
      2,
      23,
      30,
      36,
      33
    ],
    "out_cols": [
      36,
      25,
      35,
      38,
      28,
      15,
      30,
      46,
      40,
      32,
      14,
      27,
      44,
      7,
      41,
      1,
      23,
      13,
      34,
      29,
      11,
      19,
      31,
      20,
      21,
      4,
      16,
      6,
      12,
      0,
      8,
      33,
      47,
      43,
      37,
      42,
      26,
      39,
      2,
      5,
      24,
      45,
      3,
      18,
      22,
      10,
      17,
      9
    ]
  }
}