{
  "config": {
    "steps": 700,
    "lr": 0.02,
    "tau_start": 1.0,
    "tau_end": 0.03,
    "sinkhorn_iters": 30,
    "lambda_ent": 0.0003,
    "train_subsample": 0,
    "seed": 27303,
    "device": "cuda"
  },
  "final": {
    "soft_mse_full": 0.3410891890525818,
    "discrete_mse": 128.43295288085938,
    "hash_match": false,
    "perm_str": "73,75,39,30,59,52,95,93,56,82,44,29,68,80,88,55,42,72,58,78,94,53,18,83,86,90,28,19,37,47,50,7,15,67,35,24,48,26,31,36,3,38,81,63,1,40,87,71,23,25,77,11,5,6,14,17,62,57,65,92,45,33,16,20,4,96,61,70,60,34,41,32,13,54,2,9,0,76,74,89,10,8,91,51,49,12,43,22,84,66,69,46,64,21,27,79,85",
    "in_cols": [
      37,
      18,
      29,
      47,
      27,
      22,
      35,
      44,
      20,
      28,
      46,
      11,
      42,
      14,
      17,
      26,
      9,
      16,
      24,
      15,
      3,
      40,
      1,
      43,
      12,
      39,
      5,
      8,
      32,
      34,
      23,
      10,
      4,
      31,
      30,
      19,
      7,
      2,
      0,
      38,
      6,
      45,
      25,
      21,
      41,
      36,
      33,
      13
    ],
    "out_cols": [
      36,
      15,
      25,
      46,
      41,
      14,
      40,
      28,
      35,
      38,
      26,
      42,
      44,
      7,
      23,
      1,
      32,
      11,
      13,
      19,
      20,
      30,
      21,
      34,
      12,
      4,
      0,
      6,
      29,
      45,
      17,
      8,
      47,
      33,
      18,
      16,
      27,
      3,
      37,
      43,
      2,
      24,
      5,
      10,
      31,
      22,
      9,
      39
    ]
  },
  "best_seen": {
    "discrete_mse": 12.47900104522705,
    "order": [
      [
        37,
        82
      ],
      [
        58,
        78
      ],
      [
        86,
        32
      ],
      [
        59,
        53
      ],
      [
        77,
        34
      ],
      [
        84,
        52
      ],
      [
        4,
        8
      ],
      [
        41,
        40
      ],
      [
        3,
        17
      ],
      [
        73,
        55
      ],
      [
        23,
        25
      ],
      [
        69,
        29
      ],
      [
        39,
        70
      ],
      [
        1,
        33
      ],
      [
        68,
        46
      ],
      [
        60,
        67
      ],
      [
        61,
        80
      ],
      [
        64,
        63
      ],
      [
        94,
        76
      ],
      [
        10,
        38
      ],
      [
        44,
        12
      ],
      [
        45,
        96
      ],
      [
        13,
        47
      ],
      [
        5,
        89
      ],
      [
        95,
        30
      ],
      [
        35,
        75
      ],
      [
        16,
        26
      ],
      [
        49,
        22
      ],
      [
        2,
        7
      ],
      [
        56,
        9
      ],
      [
        50,
        19
      ],
      [
        0,
        6
      ],
      [
        18,
        24
      ],
      [
        48,
        83
      ],
      [
        43,
        66
      ],
      [
        28,
        57
      ],
      [
        62,
        21
      ],
      [
        31,
        90
      ],
      [
        15,
        20
      ],
      [
        91,
        93
      ],
      [
        81,
        71
      ],
      [
        88,
        54
      ],
      [
        14,
        79
      ],
      [
        65,
        36
      ],
      [
        87,
        51
      ],
      [
        74,
        92
      ],
      [
        27,
        11
      ],
      [
        42,
        72
      ]
    ],
    "in_cols": [
      17,
      28,
      42,
      29,
      39,
      41,
      4,
      19,
      3,
      37,
      12,
      36,
      18,
      1,
      35,
      30,
      31,
      33,
      46,
      6,
      22,
      23,
      7,
      5,
      47,
      16,
      10,
      25,
      2,
      27,
      26,
      0,
      11,
      24,
      21,
      14,
      32,
      15,
      9,
      45,
      40,
      44,
      8,
      34,
      43,
      38,
      13,
      20
    ],
    "out_cols": [
      41,
      38,
      16,
      26,
      18,
      25,
      2,
      21,
      6,
      28,
      12,
      14,
      33,
      17,
      22,
      32,
      40,
      30,
      37,
      20,
      5,
      47,
      23,
      43,
      15,
      36,
      13,
      10,
      1,
      3,
      7,
      0,
      11,
      42,
      31,
      29,
      9,
      44,
      8,
      46,
      34,
      27,
      39,
      19,
      24,
      45,
      4,
      35
    ]
  }
}