{
  "config": {
    "steps": 700,
    "lr": 0.02,
    "tau_start": 1.0,
    "tau_end": 0.03,
    "sinkhorn_iters": 30,
    "lambda_ent": 0.0003,
    "train_subsample": 0,
    "seed": 7503,
    "device": "cuda"
  },
  "final": {
    "soft_mse_full": 0.3789460361003876,
    "discrete_mse": 28.20462989807129,
    "hash_match": false,
    "perm_str": "59,52,39,30,35,72,95,63,74,78,42,80,44,82,68,55,18,29,58,93,86,90,69,67,48,40,28,19,37,7,15,57,73,47,87,24,10,26,94,53,3,25,31,36,23,38,1,71,27,75,14,17,81,11,4,32,45,20,77,33,62,6,91,92,16,70,50,96,65,89,0,83,49,54,5,12,84,34,13,22,61,76,43,66,56,79,41,51,60,9,2,46,64,21,88,8,85",
    "in_cols": [
      29,
      18,
      16,
      47,
      38,
      20,
      22,
      35,
      11,
      28,
      42,
      36,
      24,
      14,
      17,
      9,
      37,
      43,
      6,
      46,
      3,
      15,
      12,
      1,
      13,
      8,
      40,
      4,
      23,
      39,
      32,
      45,
      10,
      26,
      34,
      0,
      25,
      5,
      41,
      7,
      31,
      21,
      27,
      19,
      30,
      2,
      33,
      44
    ],
    "out_cols": [
      25,
      15,
      35,
      30,
      38,
      40,
      41,
      28,
      14,
      46,
      44,
      32,
      21,
      7,
      1,
      29,
      23,
      11,
      13,
      26,
      12,
      19,
      20,
      34,
      36,
      6,
      4,
      16,
      8,
      17,
      0,
      45,
      33,
      47,
      43,
      42,
      27,
      5,
      18,
      10,
      37,
      31,
      39,
      24,
      3,
      22,
      9,
      2
    ]
  },
  "best_seen": {
    "discrete_mse": 35.169212341308594,
    "order": [
      [
        59,
        52
      ],
      [
        39,
        30
      ],
      [
        35,
        72
      ],
      [
        95,
        63
      ],
      [
        74,
        78
      ],
      [
        86,
        80
      ],
      [
        44,
        82
      ],
      [
        42,
        55
      ],
      [
        18,
        29
      ],
      [
        58,
        93
      ],
      [
        68,
        90
      ],
      [
        69,
        67
      ],
      [
        48,
        40
      ],
      [
        10,
        19
      ],
      [
        37,
        7
      ],
      [
        15,
        57
      ],
      [
        73,
        47
      ],
      [
        87,
        24
      ],
      [
        50,
        26
      ],
      [
        94,
        53
      ],
      [
        3,
        25
      ],
      [
        31,
        36
      ],
      [
        23,
        38
      ],
      [
        1,
        71
      ],
      [
        27,
        75
      ],
      [
        14,
        17
      ],
      [
        81,
        11
      ],
      [
        28,
        32
      ],
      [
        45,
        20
      ],
      [
        77,
        33
      ],
      [
        62,
        6
      ],
      [
        91,
        92
      ],
      [
        16,
        70
      ],
      [
        4,
        96
      ],
      [
        65,
        89
      ],
      [
        0,
        83
      ],
      [
        49,
        54
      ],
      [
        5,
        12
      ],
      [
        84,
        34
      ],
      [
        13,
        22
      ],
      [
        61,
        76
      ],
      [
        43,
        66
      ],
      [
        56,
        79
      ],
      [
        41,
        51
      ],
      [
        60,
        9
      ],
      [
        2,
        46
      ],
      [
        64,
        21
      ],
      [
        88,
        8
      ]
    ],
    "in_cols": [
      29,
      18,
      16,
      47,
      38,
      42,
      22,
      20,
      11,
      28,
      35,
      36,
      24,
      6,
      17,
      9,
      37,
      43,
      26,
      46,
      3,
      15,
      12,
      1,
      13,
      8,
      40,
      14,
      23,
      39,
      32,
      45,
      10,
      4,
      34,
      0,
      25,
      5,
      41,
      7,
      31,
      21,
      27,
      19,
      30,
      2,
      33,
      44
    ],
    "out_cols": [
      25,
      15,
      35,
      30,
      38,
      40,
      41,
      28,
      14,
      46,
      44,
      32,
      21,
      7,
      1,
      29,
      23,
      11,
      13,
      26,
      12,
      19,
      20,
      34,
      36,
      6,
      4,
      16,
      8,
      17,
      0,
      45,
      33,
      47,
      43,
      42,
      27,
      5,
      18,
      10,
      37,
      31,
      39,
      24,
      3,
      22,
      9,
      2
    ]
  }
}