{
  "config": {
    "steps": 700,
    "lr": 0.02,
    "tau_start": 1.0,
    "tau_end": 0.03,
    "sinkhorn_iters": 30,
    "lambda_ent": 0.0003,
    "train_subsample": 0,
    "seed": 19903,
    "device": "cuda"
  },
  "final": {
    "soft_mse_full": 0.3254735767841339,
    "discrete_mse": 36.43850326538086,
    "hash_match": false,
    "perm_str": "59,52,5,30,73,72,95,93,56,82,44,78,74,80,39,90,42,38,58,29,18,83,86,67,10,19,35,24,50,7,15,51,37,57,68,47,94,53,1,63,3,25,31,36,28,75,87,71,14,40,81,20,45,33,65,12,77,11,4,6,91,92,62,70,16,96,48,22,27,89,61,9,13,76,0,32,41,17,23,46,49,54,43,26,2,34,84,66,60,79,88,55,64,21,69,8,85",
    "in_cols": [
      29,
      5,
      37,
      47,
      27,
      22,
      38,
      18,
      20,
      28,
      11,
      42,
      6,
      16,
      26,
      9,
      17,
      35,
      46,
      1,
      3,
      15,
      14,
      43,
      8,
      40,
      23,
      34,
      39,
      4,
      45,
      32,
      10,
      24,
      13,
      31,
      7,
      0,
      19,
      12,
      25,
      21,
      2,
      41,
      30,
      44,
      33,
      36
    ],
    "out_cols": [
      25,
      15,
      35,
      46,
      41,
      38,
      40,
      44,
      20,
      14,
      42,
      32,
      7,
      11,
      1,
      24,
      29,
      23,
      26,
      30,
      12,
      19,
      36,
      34,
      21,
      8,
      17,
      5,
      4,
      0,
      45,
      33,
      47,
      10,
      43,
      3,
      37,
      16,
      6,
      22,
      27,
      13,
      18,
      31,
      39,
      28,
      9,
      2
    ]
  },
  "best_seen": {
    "discrete_mse": 0.8185117840766907,
    "order": [
      [
        59,
        52
      ],
      [
        65,
        72
      ],
      [
        73,
        82
      ],
      [
        95,
        93
      ],
      [
        56,
        30
      ],
      [
        44,
        78
      ],
      [
        74,
        80
      ],
      [
        39,
        90
      ],
      [
        42,
        38
      ],
      [
        58,
        29
      ],
      [
        86,
        83
      ],
      [
        18,
        67
      ],
      [
        10,
        19
      ],
      [
        35,
        24
      ],
      [
        50,
        7
      ],
      [
        15,
        51
      ],
      [
        37,
        57
      ],
      [
        68,
        47
      ],
      [
        94,
        53
      ],
      [
        1,
        63
      ],
      [
        3,
        25
      ],
      [
        31,
        36
      ],
      [
        28,
        75
      ],
      [
        87,
        71
      ],
      [
        14,
        40
      ],
      [
        81,
        20
      ],
      [
        16,
        33
      ],
      [
        5,
        12
      ],
      [
        45,
        11
      ],
      [
        4,
        6
      ],
      [
        91,
        92
      ],
      [
        62,
        70
      ],
      [
        77,
        96
      ],
      [
        48,
        22
      ],
      [
        27,
        89
      ],
      [
        61,
        9
      ],
      [
        13,
        76
      ],
      [
        0,
        32
      ],
      [
        41,
        17
      ],
      [
        23,
        46
      ],
      [
        49,
        54
      ],
      [
        43,
        26
      ],
      [
        2,
        34
      ],
      [
        84,
        66
      ],
      [
        60,
        79
      ],
      [
        88,
        55
      ],
      [
        64,
        21
      ],
      [
        69,
        8
      ]
    ],
    "in_cols": [
      29,
      34,
      37,
      47,
      27,
      22,
      38,
      18,
      20,
      28,
      42,
      11,
      6,
      16,
      26,
      9,
      17,
      35,
      46,
      1,
      3,
      15,
      14,
      43,
      8,
      40,
      10,
      5,
      23,
      4,
      45,
      32,
      39,
      24,
      13,
      31,
      7,
      0,
      19,
      12,
      25,
      21,
      2,
      41,
      30,
      44,
      33,
      36
    ],
    "out_cols": [
      25,
      35,
      41,
      46,
      15,
      38,
      40,
      44,
      20,
      14,
      42,
      32,
      7,
      11,
      1,
      24,
      29,
      23,
      26,
      30,
      12,
      19,
      36,
      34,
      21,
      8,
      17,
      5,
      4,
      0,
      45,
      33,
      47,
      10,
      43,
      3,
      37,
      16,
      6,
      22,
      27,
      13,
      18,
      31,
      39,
      28,
      9,
      2
    ]
  }
}