{
  "config": {
    "steps": 900,
    "lr": 0.03,
    "tau_start": 1.0,
    "tau_end": 0.028,
    "sinkhorn_iters": 30,
    "lambda_ent": 0.0003,
    "train_subsample": 4096,
    "seed": 24502,
    "device": "cuda"
  },
  "final": {
    "soft_mse_full": 0.40624764561653137,
    "discrete_mse": 93.96440887451172,
    "hash_match": false,
    "perm_str": "39,72,95,93,59,52,56,30,73,78,74,80,44,82,42,29,88,54,58,55,18,47,94,38,86,36,28,19,10,57,37,7,15,67,35,24,3,26,50,66,87,63,1,12,0,40,23,71,84,25,14,75,81,20,5,11,62,6,91,92,77,33,69,70,16,96,13,89,31,9,48,53,41,76,65,83,2,32,4,17,43,90,68,46,49,34,60,22,27,8,61,51,64,21,45,79,85",
    "in_cols": [
      18,
      47,
      29,
      27,
      37,
      38,
      22,
      20,
      44,
      28,
      11,
      46,
      42,
      14,
      6,
      17,
      9,
      16,
      3,
      26,
      43,
      1,
      0,
      12,
      41,
      8,
      40,
      5,
      32,
      45,
      39,
      36,
      10,
      7,
      15,
      24,
      19,
      34,
      2,
      4,
      21,
      35,
      25,
      30,
      13,
      31,
      33,
      23
    ],
    "out_cols": [
      35,
      46,
      25,
      15,
      38,
      40,
      41,
      14,
      27,
      28,
      23,
      20,
      19,
      7,
      29,
      1,
      32,
      11,
      13,
      31,
      30,
      5,
      21,
      34,
      12,
      36,
      8,
      4,
      0,
      45,
      17,
      33,
      47,
      43,
      3,
      26,
      37,
      42,
      16,
      6,
      44,
      22,
      18,
      10,
      2,
      24,
      9,
      39
    ]
  },
  "best_seen": {
    "discrete_mse": 8.548626899719238,
    "order": [
      [
        94,
        80
      ],
      [
        13,
        70
      ],
      [
        62,
        75
      ],
      [
        74,
        26
      ],
      [
        5,
        34
      ],
      [
        59,
        22
      ],
      [
        91,
        6
      ],
      [
        77,
        46
      ],
      [
        43,
        12
      ],
      [
        56,
        25
      ],
      [
        48,
        19
      ],
      [
        60,
        24
      ],
      [
        4,
        30
      ],
      [
        88,
        93
      ],
      [
        28,
        96
      ],
      [
        86,
        38
      ],
      [
        45,
        8
      ],
      [
        50,
        53
      ],
      [
        27,
        82
      ],
      [
        81,
        20
      ],
      [
        44,
        29
      ],
      [
        73,
        90
      ],
      [
        37,
        76
      ],
      [
        65,
        55
      ],
      [
        58,
        54
      ],
      [
        15,
        47
      ],
      [
        14,
        7
      ],
      [
        35,
        72
      ],
      [
        0,
        36
      ],
      [
        61,
        32
      ],
      [
        18,
        11
      ],
      [
        31,
        78
      ],
      [
        3,
        33
      ],
      [
        2,
        57
      ],
      [
        69,
        67
      ],
      [
        64,
        79
      ],
      [
        42,
        17
      ],
      [
        41,
        51
      ],
      [
        23,
        83
      ],
      [
        87,
        89
      ],
      [
        68,
        52
      ],
      [
        49,
        71
      ],
      [
        84,
        63
      ],
      [
        39,
        66
      ],
      [
        1,
        40
      ],
      [
        16,
        92
      ],
      [
        10,
        9
      ],
      [
        95,
        21
      ]
    ],
    "in_cols": [
      46,
      7,
      32,
      38,
      5,
      29,
      45,
      39,
      21,
      27,
      24,
      30,
      4,
      44,
      14,
      42,
      23,
      26,
      13,
      40,
      22,
      37,
      17,
      34,
      28,
      9,
      8,
      16,
      0,
      31,
      11,
      15,
      3,
      2,
      36,
      33,
      20,
      19,
      12,
      43,
      35,
      25,
      41,
      18,
      1,
      10,
      6,
      47
    ],
    "out_cols": [
      40,
      33,
      36,
      13,
      18,
      10,
      0,
      22,
      5,
      12,
      7,
      11,
      15,
      46,
      47,
      20,
      2,
      26,
      41,
      8,
      14,
      44,
      37,
      28,
      27,
      23,
      1,
      35,
      19,
      16,
      4,
      38,
      17,
      29,
      32,
      39,
      6,
      24,
      42,
      43,
      25,
      34,
      30,
      31,
      21,
      45,
      3,
      9
    ]
  }
}