{
  "config": {
    "steps": 900,
    "lr": 0.03,
    "tau_start": 1.0,
    "tau_end": 0.028,
    "sinkhorn_iters": 30,
    "lambda_ent": 0.0003,
    "train_subsample": 4096,
    "seed": 21602,
    "device": "cuda"
  },
  "final": {
    "soft_mse_full": 0.39184296131134033,
    "discrete_mse": 111.61103820800781,
    "hash_match": false,
    "perm_str": "59,30,23,72,39,75,95,52,14,78,73,55,74,82,94,80,42,29,58,93,3,53,44,54,86,26,18,90,15,67,1,57,10,7,37,24,65,40,35,63,28,19,50,66,31,36,27,38,87,71,5,92,77,6,60,89,81,11,64,33,45,20,16,12,56,96,91,32,62,83,13,9,4,70,0,76,69,47,48,51,49,21,2,8,84,79,88,34,61,22,43,25,68,17,41,46,85",
    "in_cols": [
      29,
      12,
      18,
      47,
      8,
      37,
      38,
      46,
      20,
      28,
      3,
      22,
      42,
      11,
      9,
      1,
      6,
      17,
      34,
      16,
      14,
      26,
      15,
      13,
      43,
      5,
      39,
      30,
      40,
      33,
      23,
      10,
      27,
      45,
      32,
      7,
      4,
      0,
      36,
      24,
      25,
      2,
      41,
      44,
      31,
      21,
      35,
      19
    ],
    "out_cols": [
      15,
      35,
      36,
      25,
      38,
      28,
      41,
      40,
      14,
      46,
      26,
      27,
      13,
      44,
      32,
      29,
      1,
      11,
      21,
      30,
      7,
      31,
      19,
      20,
      34,
      45,
      0,
      43,
      4,
      17,
      8,
      5,
      47,
      16,
      42,
      3,
      33,
      37,
      23,
      24,
      9,
      2,
      39,
      18,
      10,
      12,
      6,
      22
    ]
  },
  "best_seen": {
    "discrete_mse": 3.1238057613372803,
    "order": [
      [
        59,
        30
      ],
      [
        73,
        72
      ],
      [
        39,
        52
      ],
      [
        95,
        90
      ],
      [
        14,
        78
      ],
      [
        42,
        55
      ],
      [
        74,
        82
      ],
      [
        94,
        80
      ],
      [
        27,
        29
      ],
      [
        58,
        93
      ],
      [
        3,
        53
      ],
      [
        44,
        54
      ],
      [
        86,
        26
      ],
      [
        35,
        25
      ],
      [
        18,
        67
      ],
      [
        15,
        57
      ],
      [
        10,
        7
      ],
      [
        37,
        24
      ],
      [
        65,
        40
      ],
      [
        28,
        63
      ],
      [
        84,
        19
      ],
      [
        50,
        66
      ],
      [
        31,
        36
      ],
      [
        1,
        38
      ],
      [
        87,
        71
      ],
      [
        5,
        92
      ],
      [
        81,
        6
      ],
      [
        60,
        89
      ],
      [
        23,
        11
      ],
      [
        64,
        33
      ],
      [
        45,
        20
      ],
      [
        16,
        12
      ],
      [
        77,
        96
      ],
      [
        91,
        32
      ],
      [
        62,
        83
      ],
      [
        13,
        47
      ],
      [
        4,
        70
      ],
      [
        0,
        76
      ],
      [
        69,
        9
      ],
      [
        48,
        75
      ],
      [
        49,
        21
      ],
      [
        2,
        8
      ],
      [
        56,
        79
      ],
      [
        88,
        34
      ],
      [
        61,
        22
      ],
      [
        43,
        51
      ],
      [
        68,
        17
      ],
      [
        41,
        46
      ]
    ],
    "in_cols": [
      29,
      37,
      18,
      47,
      8,
      20,
      38,
      46,
      13,
      28,
      3,
      22,
      42,
      16,
      11,
      9,
      6,
      17,
      34,
      14,
      41,
      26,
      15,
      1,
      43,
      5,
      40,
      30,
      12,
      33,
      23,
      10,
      39,
      45,
      32,
      7,
      4,
      0,
      36,
      24,
      25,
      2,
      27,
      44,
      31,
      21,
      35,
      19
    ],
    "out_cols": [
      15,
      35,
      25,
      44,
      38,
      28,
      41,
      40,
      14,
      46,
      26,
      27,
      13,
      12,
      32,
      29,
      1,
      11,
      21,
      30,
      7,
      31,
      19,
      20,
      34,
      45,
      0,
      43,
      4,
      17,
      8,
      5,
      47,
      16,
      42,
      23,
      33,
      37,
      3,
      36,
      9,
      2,
      39,
      18,
      10,
      24,
      6,
      22
    ]
  }
}