{
  "config": {
    "steps": 900,
    "lr": 0.03,
    "tau_start": 1.0,
    "tau_end": 0.028,
    "sinkhorn_iters": 30,
    "lambda_ent": 0.0003,
    "train_subsample": 4096,
    "seed": 16102,
    "device": "cuda"
  },
  "final": {
    "soft_mse_full": 0.41890251636505127,
    "discrete_mse": 0.6868191361427307,
    "hash_match": false,
    "perm_str": "59,52,39,72,74,55,95,53,42,82,44,78,68,19,10,29,37,93,56,30,94,38,86,90,18,80,43,47,15,67,73,57,1,7,35,24,87,71,31,36,3,26,65,63,28,40,50,76,14,25,64,75,4,17,27,51,62,6,81,11,5,70,77,33,16,96,91,89,48,20,60,83,2,34,13,9,41,46,23,54,61,66,69,32,0,12,45,79,58,21,84,8,88,92,49,22,85",
    "in_cols": [
      29,
      18,
      38,
      47,
      20,
      22,
      35,
      6,
      17,
      27,
      46,
      42,
      11,
      21,
      9,
      37,
      1,
      16,
      43,
      15,
      3,
      34,
      14,
      26,
      8,
      33,
      4,
      13,
      32,
      40,
      5,
      39,
      10,
      45,
      24,
      30,
      2,
      7,
      19,
      12,
      31,
      36,
      0,
      23,
      28,
      41,
      44,
      25
    ],
    "out_cols": [
      25,
      35,
      28,
      26,
      41,
      38,
      7,
      14,
      46,
      15,
      20,
      44,
      40,
      23,
      32,
      29,
      1,
      11,
      34,
      19,
      13,
      30,
      21,
      37,
      12,
      36,
      6,
      24,
      0,
      4,
      33,
      17,
      47,
      43,
      8,
      42,
      18,
      3,
      22,
      27,
      31,
      16,
      5,
      39,
      9,
      2,
      45,
      10
    ]
  },
  "best_seen": {
    "discrete_mse": 0.6868191361427307,
    "order": [
      [
        59,
        52
      ],
      [
        39,
        72
      ],
      [
        74,
        55
      ],
      [
        95,
        53
      ],
      [
        42,
        82
      ],
      [
        44,
        78
      ],
      [
        68,
        19
      ],
      [
        10,
        29
      ],
      [
        37,
        93
      ],
      [
        56,
        30
      ],
      [
        94,
        38
      ],
      [
        86,
        90
      ],
      [
        18,
        80
      ],
      [
        43,
        47
      ],
      [
        15,
        67
      ],
      [
        73,
        57
      ],
      [
        1,
        7
      ],
      [
        35,
        24
      ],
      [
        87,
        71
      ],
      [
        31,
        36
      ],
      [
        3,
        26
      ],
      [
        65,
        63
      ],
      [
        28,
        40
      ],
      [
        50,
        76
      ],
      [
        14,
        25
      ],
      [
        64,
        75
      ],
      [
        4,
        17
      ],
      [
        27,
        51
      ],
      [
        62,
        6
      ],
      [
        81,
        11
      ],
      [
        5,
        70
      ],
      [
        77,
        33
      ],
      [
        16,
        96
      ],
      [
        91,
        89
      ],
      [
        48,
        20
      ],
      [
        60,
        83
      ],
      [
        2,
        34
      ],
      [
        13,
        9
      ],
      [
        41,
        46
      ],
      [
        23,
        54
      ],
      [
        61,
        66
      ],
      [
        69,
        32
      ],
      [
        0,
        12
      ],
      [
        45,
        79
      ],
      [
        58,
        21
      ],
      [
        84,
        8
      ],
      [
        88,
        92
      ],
      [
        49,
        22
      ]
    ],
    "in_cols": [
      29,
      18,
      38,
      47,
      20,
      22,
      35,
      6,
      17,
      27,
      46,
      42,
      11,
      21,
      9,
      37,
      1,
      16,
      43,
      15,
      3,
      34,
      14,
      26,
      8,
      33,
      4,
      13,
      32,
      40,
      5,
      39,
      10,
      45,
      24,
      30,
      2,
      7,
      19,
      12,
      31,
      36,
      0,
      23,
      28,
      41,
      44,
      25
    ],
    "out_cols": [
      25,
      35,
      28,
      26,
      41,
      38,
      7,
      14,
      46,
      15,
      20,
      44,
      40,
      23,
      32,
      29,
      1,
      11,
      34,
      19,
      13,
      30,
      21,
      37,
      12,
      36,
      6,
      24,
      0,
      4,
      33,
      17,
      47,
      43,
      8,
      42,
      18,
      3,
      22,
      27,
      31,
      16,
      5,
      39,
      9,
      2,
      45,
      10
    ]
  }
}