{
  "config": {
    "steps": 700,
    "lr": 0.02,
    "tau_start": 1.0,
    "tau_end": 0.03,
    "sinkhorn_iters": 30,
    "lambda_ent": 0.0003,
    "train_subsample": 0,
    "seed": 15403,
    "device": "cuda"
  },
  "final": {
    "soft_mse_full": 0.40153416991233826,
    "discrete_mse": 131.8056182861328,
    "hash_match": false,
    "perm_str": "39,52,95,75,59,72,42,63,56,82,10,78,44,29,68,55,37,93,94,30,58,90,18,80,28,19,35,24,50,7,15,57,73,67,86,47,3,53,87,40,62,12,31,36,23,71,1,38,84,25,14,17,64,26,5,6,77,11,4,32,16,20,48,70,81,96,43,76,65,66,60,54,13,89,49,21,74,83,45,92,2,79,91,51,41,9,88,22,0,33,27,46,61,34,69,8,85",
    "in_cols": [
      18,
      47,
      29,
      20,
      27,
      6,
      22,
      35,
      17,
      46,
      28,
      11,
      14,
      16,
      26,
      9,
      37,
      42,
      3,
      43,
      32,
      15,
      12,
      1,
      41,
      8,
      33,
      5,
      39,
      4,
      10,
      24,
      40,
      21,
      34,
      30,
      7,
      25,
      38,
      23,
      2,
      45,
      19,
      44,
      0,
      13,
      31,
      36
    ],
    "out_cols": [
      25,
      36,
      35,
      30,
      41,
      38,
      14,
      28,
      46,
      15,
      44,
      40,
      7,
      11,
      1,
      29,
      32,
      23,
      26,
      21,
      5,
      19,
      34,
      20,
      12,
      6,
      13,
      0,
      4,
      16,
      8,
      33,
      47,
      37,
      31,
      27,
      43,
      9,
      42,
      45,
      39,
      24,
      3,
      10,
      17,
      22,
      18,
      2
    ]
  },
  "best_seen": {
    "discrete_mse": 22.997817993164062,
    "order": [
      [
        59,
        52
      ],
      [
        39,
        75
      ],
      [
        88,
        72
      ],
      [
        95,
        63
      ],
      [
        56,
        82
      ],
      [
        58,
        78
      ],
      [
        44,
        29
      ],
      [
        42,
        55
      ],
      [
        37,
        93
      ],
      [
        94,
        30
      ],
      [
        86,
        90
      ],
      [
        18,
        80
      ],
      [
        28,
        19
      ],
      [
        35,
        24
      ],
      [
        73,
        7
      ],
      [
        2,
        57
      ],
      [
        15,
        67
      ],
      [
        50,
        47
      ],
      [
        3,
        53
      ],
      [
        48,
        40
      ],
      [
        1,
        12
      ],
      [
        31,
        36
      ],
      [
        87,
        71
      ],
      [
        27,
        38
      ],
      [
        23,
        25
      ],
      [
        14,
        17
      ],
      [
        65,
        33
      ],
      [
        5,
        6
      ],
      [
        77,
        11
      ],
      [
        4,
        32
      ],
      [
        62,
        20
      ],
      [
        16,
        70
      ],
      [
        81,
        96
      ],
      [
        43,
        76
      ],
      [
        84,
        66
      ],
      [
        0,
        54
      ],
      [
        64,
        89
      ],
      [
        49,
        21
      ],
      [
        74,
        83
      ],
      [
        45,
        92
      ],
      [
        41,
        79
      ],
      [
        91,
        51
      ],
      [
        13,
        9
      ],
      [
        60,
        22
      ],
      [
        69,
        26
      ],
      [
        10,
        46
      ],
      [
        61,
        34
      ],
      [
        68,
        8
      ]
    ],
    "in_cols": [
      29,
      18,
      44,
      47,
      27,
      28,
      22,
      20,
      17,
      46,
      42,
      11,
      14,
      16,
      37,
      2,
      9,
      26,
      3,
      24,
      1,
      15,
      43,
      13,
      12,
      8,
      34,
      5,
      39,
      4,
      32,
      10,
      40,
      21,
      41,
      0,
      33,
      25,
      38,
      23,
      19,
      45,
      7,
      30,
      36,
      6,
      31,
      35
    ],
    "out_cols": [
      25,
      36,
      35,
      30,
      41,
      38,
      14,
      28,
      46,
      15,
      44,
      40,
      7,
      11,
      1,
      29,
      32,
      23,
      26,
      21,
      5,
      19,
      34,
      20,
      12,
      6,
      17,
      0,
      4,
      16,
      8,
      33,
      47,
      37,
      31,
      27,
      43,
      9,
      42,
      45,
      39,
      24,
      3,
      10,
      13,
      22,
      18,
      2
    ]
  }
}