{
  "config": {
    "steps": 900,
    "lr": 0.03,
    "tau_start": 1.0,
    "tau_end": 0.028,
    "sinkhorn_iters": 30,
    "lambda_ent": 0.0003,
    "train_subsample": 4096,
    "seed": 7402,
    "device": "cuda"
  },
  "final": {
    "soft_mse_full": 0.46731820702552795,
    "discrete_mse": 15.58762264251709,
    "hash_match": false,
    "perm_str": "59,52,39,72,3,55,74,82,95,7,44,19,68,78,42,29,58,93,56,30,37,83,86,90,35,24,10,47,18,67,50,80,73,57,87,71,94,26,31,63,84,25,28,36,1,40,0,38,23,11,77,32,14,76,15,17,81,6,45,33,48,20,62,51,4,96,16,70,65,9,5,53,49,21,27,46,69,79,41,54,91,89,61,12,13,66,60,22,64,92,43,75,2,8,88,34,85",
    "in_cols": [
      29,
      18,
      3,
      38,
      47,
      22,
      35,
      20,
      28,
      27,
      17,
      42,
      16,
      6,
      11,
      26,
      37,
      43,
      46,
      15,
      41,
      14,
      1,
      0,
      12,
      39,
      8,
      9,
      40,
      23,
      24,
      32,
      4,
      10,
      34,
      5,
      25,
      13,
      36,
      19,
      45,
      31,
      7,
      30,
      33,
      21,
      2,
      44
    ],
    "out_cols": [
      25,
      35,
      28,
      41,
      1,
      7,
      38,
      14,
      46,
      15,
      42,
      44,
      11,
      23,
      32,
      40,
      29,
      34,
      13,
      30,
      12,
      19,
      21,
      20,
      4,
      16,
      37,
      6,
      0,
      17,
      8,
      24,
      47,
      33,
      3,
      26,
      9,
      22,
      39,
      27,
      43,
      5,
      31,
      10,
      45,
      36,
      2,
      18
    ]
  },
  "best_seen": {
    "discrete_mse": 15.58762264251709,
    "order": [
      [
        59,
        52
      ],
      [
        39,
        72
      ],
      [
        3,
        55
      ],
      [
        74,
        82
      ],
      [
        95,
        7
      ],
      [
        44,
        19
      ],
      [
        68,
        78
      ],
      [
        42,
        29
      ],
      [
        58,
        93
      ],
      [
        56,
        30
      ],
      [
        37,
        83
      ],
      [
        86,
        90
      ],
      [
        35,
        24
      ],
      [
        10,
        47
      ],
      [
        18,
        67
      ],
      [
        50,
        80
      ],
      [
        73,
        57
      ],
      [
        87,
        71
      ],
      [
        94,
        26
      ],
      [
        31,
        63
      ],
      [
        84,
        25
      ],
      [
        28,
        36
      ],
      [
        1,
        40
      ],
      [
        0,
        38
      ],
      [
        23,
        11
      ],
      [
        77,
        32
      ],
      [
        14,
        76
      ],
      [
        15,
        17
      ],
      [
        81,
        6
      ],
      [
        45,
        33
      ],
      [
        48,
        20
      ],
      [
        62,
        51
      ],
      [
        4,
        96
      ],
      [
        16,
        70
      ],
      [
        65,
        9
      ],
      [
        5,
        53
      ],
      [
        49,
        21
      ],
      [
        27,
        46
      ],
      [
        69,
        79
      ],
      [
        41,
        54
      ],
      [
        91,
        89
      ],
      [
        61,
        12
      ],
      [
        13,
        66
      ],
      [
        60,
        22
      ],
      [
        64,
        92
      ],
      [
        43,
        75
      ],
      [
        2,
        8
      ],
      [
        88,
        34
      ]
    ],
    "in_cols": [
      29,
      18,
      3,
      38,
      47,
      22,
      35,
      20,
      28,
      27,
      17,
      42,
      16,
      6,
      11,
      26,
      37,
      43,
      46,
      15,
      41,
      14,
      1,
      0,
      12,
      39,
      8,
      9,
      40,
      23,
      24,
      32,
      4,
      10,
      34,
      5,
      25,
      13,
      36,
      19,
      45,
      31,
      7,
      30,
      33,
      21,
      2,
      44
    ],
    "out_cols": [
      25,
      35,
      28,
      41,
      1,
      7,
      38,
      14,
      46,
      15,
      42,
      44,
      11,
      23,
      32,
      40,
      29,
      34,
      13,
      30,
      12,
      19,
      21,
      20,
      4,
      16,
      37,
      6,
      0,
      17,
      8,
      24,
      47,
      33,
      3,
      26,
      9,
      22,
      39,
      27,
      43,
      5,
      31,
      10,
      45,
      36,
      2,
      18
    ]
  }
}