{
  "config": {
    "steps": 900,
    "lr": 0.03,
    "tau_start": 1.0,
    "tau_end": 0.03,
    "sinkhorn_iters": 30,
    "lambda_ent": 0.0003,
    "train_subsample": 4096,
    "seed": 5501,
    "device": "cuda"
  },
  "final": {
    "soft_mse_full": 0.4682767391204834,
    "discrete_mse": 23.733993530273438,
    "hash_match": false,
    "perm_str": "59,52,73,75,39,72,95,80,56,30,74,82,94,55,88,29,37,93,58,83,18,67,86,90,28,19,35,24,60,36,68,7,15,47,10,40,48,26,50,57,42,63,3,53,87,71,1,38,77,11,84,66,14,78,4,17,62,6,31,34,81,20,16,70,45,33,65,96,13,54,49,21,44,22,0,25,41,79,27,51,43,32,5,89,91,46,61,9,69,12,2,92,64,76,23,8,85",
    "in_cols": [
      29,
      37,
      18,
      47,
      27,
      38,
      46,
      44,
      17,
      28,
      11,
      42,
      14,
      16,
      30,
      35,
      9,
      6,
      24,
      26,
      20,
      3,
      43,
      1,
      39,
      41,
      8,
      4,
      32,
      15,
      40,
      10,
      23,
      34,
      7,
      25,
      22,
      0,
      19,
      13,
      21,
      5,
      45,
      31,
      36,
      2,
      33,
      12
    ],
    "out_cols": [
      25,
      36,
      35,
      40,
      15,
      41,
      28,
      14,
      46,
      42,
      32,
      44,
      7,
      11,
      19,
      1,
      23,
      21,
      13,
      29,
      30,
      26,
      34,
      20,
      4,
      31,
      38,
      6,
      0,
      18,
      8,
      33,
      17,
      47,
      27,
      9,
      10,
      12,
      39,
      24,
      16,
      43,
      22,
      3,
      5,
      45,
      37,
      2
    ]
  },
  "best_seen": {
    "discrete_mse": 5.277575492858887,
    "order": [
      [
        77,
        24
      ],
      [
        58,
        83
      ],
      [
        10,
        30
      ],
      [
        4,
        82
      ],
      [
        0,
        20
      ],
      [
        81,
        90
      ],
      [
        88,
        75
      ],
      [
        23,
        53
      ],
      [
        61,
        25
      ],
      [
        50,
        89
      ],
      [
        42,
        38
      ],
      [
        86,
        63
      ],
      [
        43,
        78
      ],
      [
        37,
        93
      ],
      [
        2,
        7
      ],
      [
        73,
        34
      ],
      [
        94,
        66
      ],
      [
        45,
        76
      ],
      [
        64,
        54
      ],
      [
        44,
        11
      ],
      [
        48,
        21
      ],
      [
        31,
        29
      ],
      [
        41,
        8
      ],
      [
        60,
        92
      ],
      [
        3,
        36
      ],
      [
        74,
        46
      ],
      [
        14,
        96
      ],
      [
        27,
        55
      ],
      [
        16,
        80
      ],
      [
        18,
        12
      ],
      [
        35,
        6
      ],
      [
        28,
        57
      ],
      [
        91,
        17
      ],
      [
        15,
        70
      ],
      [
        1,
        19
      ],
      [
        39,
        32
      ],
      [
        68,
        79
      ],
      [
        62,
        71
      ],
      [
        69,
        33
      ],
      [
        56,
        51
      ],
      [
        5,
        26
      ],
      [
        13,
        9
      ],
      [
        59,
        47
      ],
      [
        87,
        22
      ],
      [
        65,
        52
      ],
      [
        49,
        67
      ],
      [
        95,
        40
      ],
      [
        84,
        72
      ]
    ],
    "in_cols": [
      39,
      28,
      6,
      4,
      0,
      40,
      44,
      12,
      31,
      26,
      20,
      42,
      21,
      17,
      2,
      37,
      46,
      23,
      33,
      22,
      24,
      15,
      19,
      30,
      3,
      38,
      8,
      13,
      10,
      11,
      16,
      14,
      45,
      9,
      1,
      18,
      35,
      32,
      36,
      27,
      5,
      7,
      29,
      43,
      34,
      25,
      47,
      41
    ],
    "out_cols": [
      11,
      42,
      15,
      41,
      8,
      44,
      36,
      26,
      12,
      43,
      20,
      30,
      38,
      46,
      1,
      18,
      31,
      37,
      27,
      4,
      9,
      14,
      2,
      45,
      19,
      22,
      47,
      28,
      40,
      5,
      0,
      29,
      6,
      33,
      7,
      16,
      39,
      34,
      17,
      24,
      13,
      3,
      23,
      10,
      25,
      32,
      21,
      35
    ]
  }
}