{
  "config": {
    "steps": 900,
    "lr": 0.03,
    "tau_start": 1.0,
    "tau_end": 0.028,
    "sinkhorn_iters": 30,
    "lambda_ent": 0.0003,
    "train_subsample": 4096,
    "seed": 18802,
    "device": "cuda"
  },
  "final": {
    "soft_mse_full": 0.41218748688697815,
    "discrete_mse": 6.452269077301025,
    "hash_match": false,
    "perm_str": "59,52,39,72,88,55,74,82,95,80,44,78,42,29,68,93,50,26,18,83,94,53,69,30,3,90,15,67,28,19,48,7,86,47,73,24,87,71,10,40,31,36,1,38,35,33,23,75,5,11,37,25,81,6,0,17,14,32,84,63,65,20,77,70,16,57,62,96,13,89,91,76,43,66,2,34,56,21,4,8,61,51,49,54,41,12,60,22,45,46,27,79,58,92,64,9,85",
    "in_cols": [
      29,
      18,
      44,
      38,
      47,
      22,
      20,
      35,
      26,
      11,
      46,
      36,
      3,
      9,
      14,
      24,
      42,
      37,
      43,
      6,
      15,
      1,
      16,
      12,
      5,
      17,
      40,
      0,
      8,
      41,
      34,
      39,
      10,
      32,
      7,
      45,
      21,
      2,
      27,
      4,
      31,
      25,
      19,
      30,
      23,
      13,
      28,
      33
    ],
    "out_cols": [
      25,
      35,
      28,
      41,
      40,
      38,
      14,
      46,
      13,
      42,
      26,
      15,
      44,
      32,
      7,
      1,
      23,
      11,
      34,
      21,
      19,
      20,
      17,
      36,
      4,
      12,
      0,
      6,
      16,
      30,
      8,
      33,
      29,
      47,
      43,
      37,
      31,
      18,
      9,
      2,
      24,
      27,
      5,
      10,
      22,
      39,
      45,
      3
    ]
  },
  "best_seen": {
    "discrete_mse": 8.344474792480469,
    "order": [
      [
        59,
        52
      ],
      [
        39,
        72
      ],
      [
        88,
        55
      ],
      [
        74,
        82
      ],
      [
        95,
        80
      ],
      [
        58,
        78
      ],
      [
        42,
        29
      ],
      [
        68,
        93
      ],
      [
        50,
        26
      ],
      [
        18,
        83
      ],
      [
        94,
        53
      ],
      [
        69,
        30
      ],
      [
        3,
        90
      ],
      [
        15,
        67
      ],
      [
        28,
        19
      ],
      [
        48,
        7
      ],
      [
        86,
        47
      ],
      [
        73,
        24
      ],
      [
        87,
        71
      ],
      [
        10,
        40
      ],
      [
        31,
        36
      ],
      [
        1,
        38
      ],
      [
        35,
        33
      ],
      [
        23,
        75
      ],
      [
        5,
        11
      ],
      [
        44,
        25
      ],
      [
        81,
        6
      ],
      [
        0,
        17
      ],
      [
        14,
        32
      ],
      [
        84,
        63
      ],
      [
        65,
        20
      ],
      [
        77,
        70
      ],
      [
        16,
        57
      ],
      [
        62,
        96
      ],
      [
        13,
        89
      ],
      [
        91,
        76
      ],
      [
        43,
        66
      ],
      [
        2,
        34
      ],
      [
        56,
        21
      ],
      [
        4,
        8
      ],
      [
        61,
        51
      ],
      [
        49,
        54
      ],
      [
        41,
        12
      ],
      [
        60,
        22
      ],
      [
        45,
        46
      ],
      [
        27,
        79
      ],
      [
        37,
        92
      ],
      [
        64,
        9
      ]
    ],
    "in_cols": [
      29,
      18,
      44,
      38,
      47,
      28,
      20,
      35,
      26,
      11,
      46,
      36,
      3,
      9,
      14,
      24,
      42,
      37,
      43,
      6,
      15,
      1,
      16,
      12,
      5,
      22,
      40,
      0,
      8,
      41,
      34,
      39,
      10,
      32,
      7,
      45,
      21,
      2,
      27,
      4,
      31,
      25,
      19,
      30,
      23,
      13,
      17,
      33
    ],
    "out_cols": [
      25,
      35,
      28,
      41,
      40,
      38,
      14,
      46,
      13,
      42,
      26,
      15,
      44,
      32,
      7,
      1,
      23,
      11,
      34,
      21,
      19,
      20,
      17,
      36,
      4,
      12,
      0,
      6,
      16,
      30,
      8,
      33,
      29,
      47,
      43,
      37,
      31,
      18,
      9,
      2,
      24,
      27,
      5,
      10,
      22,
      39,
      45,
      3
    ]
  }
}