{
  "config": {
    "steps": 900,
    "lr": 0.03,
    "tau_start": 1.0,
    "tau_end": 0.028,
    "sinkhorn_iters": 30,
    "lambda_ent": 0.0003,
    "train_subsample": 4096,
    "seed": 14302,
    "device": "cuda"
  },
  "final": {
    "soft_mse_full": 0.3595498502254486,
    "discrete_mse": 32.436031341552734,
    "hash_match": false,
    "perm_str": "39,72,59,52,64,55,42,51,95,63,44,82,74,78,88,29,37,93,69,67,58,90,18,25,94,7,28,19,86,80,87,26,68,47,35,57,73,24,31,36,3,53,50,66,23,38,1,40,84,75,15,12,81,11,77,30,4,32,65,6,62,20,16,96,48,70,45,33,61,89,60,22,91,71,41,83,27,54,5,46,49,17,43,9,13,21,10,8,56,79,14,76,2,34,0,92,85",
    "in_cols": [
      18,
      29,
      33,
      20,
      47,
      22,
      38,
      44,
      17,
      36,
      28,
      11,
      46,
      14,
      42,
      43,
      35,
      16,
      37,
      15,
      3,
      26,
      12,
      1,
      41,
      9,
      40,
      39,
      4,
      34,
      32,
      10,
      24,
      23,
      31,
      30,
      45,
      19,
      13,
      5,
      25,
      21,
      7,
      6,
      27,
      8,
      2,
      0
    ],
    "out_cols": [
      35,
      25,
      28,
      24,
      30,
      41,
      38,
      14,
      46,
      32,
      44,
      12,
      1,
      7,
      40,
      13,
      23,
      29,
      11,
      19,
      26,
      31,
      20,
      21,
      36,
      5,
      4,
      15,
      16,
      0,
      8,
      47,
      33,
      17,
      43,
      10,
      34,
      42,
      27,
      22,
      6,
      3,
      9,
      2,
      39,
      37,
      18,
      45
    ]
  },
  "best_seen": {
    "discrete_mse": 11.062764167785645,
    "order": [
      [
        43,
        72
      ],
      [
        59,
        52
      ],
      [
        73,
        55
      ],
      [
        39,
        17
      ],
      [
        95,
        63
      ],
      [
        44,
        82
      ],
      [
        74,
        78
      ],
      [
        42,
        29
      ],
      [
        37,
        93
      ],
      [
        69,
        67
      ],
      [
        58,
        90
      ],
      [
        18,
        25
      ],
      [
        94,
        7
      ],
      [
        28,
        19
      ],
      [
        86,
        80
      ],
      [
        87,
        71
      ],
      [
        68,
        47
      ],
      [
        35,
        57
      ],
      [
        15,
        24
      ],
      [
        31,
        36
      ],
      [
        3,
        26
      ],
      [
        50,
        66
      ],
      [
        65,
        38
      ],
      [
        1,
        40
      ],
      [
        23,
        75
      ],
      [
        5,
        12
      ],
      [
        14,
        11
      ],
      [
        77,
        30
      ],
      [
        4,
        32
      ],
      [
        81,
        6
      ],
      [
        62,
        20
      ],
      [
        16,
        96
      ],
      [
        48,
        70
      ],
      [
        45,
        33
      ],
      [
        61,
        53
      ],
      [
        84,
        22
      ],
      [
        91,
        89
      ],
      [
        41,
        83
      ],
      [
        27,
        54
      ],
      [
        49,
        46
      ],
      [
        10,
        51
      ],
      [
        64,
        9
      ],
      [
        13,
        21
      ],
      [
        60,
        8
      ],
      [
        56,
        79
      ],
      [
        88,
        76
      ],
      [
        2,
        34
      ],
      [
        0,
        92
      ]
    ],
    "in_cols": [
      21,
      29,
      37,
      18,
      47,
      22,
      38,
      20,
      17,
      36,
      28,
      11,
      46,
      14,
      42,
      43,
      35,
      16,
      9,
      15,
      3,
      26,
      34,
      1,
      12,
      5,
      8,
      39,
      4,
      40,
      32,
      10,
      24,
      23,
      31,
      41,
      45,
      19,
      13,
      25,
      6,
      33,
      7,
      30,
      27,
      44,
      2,
      0
    ],
    "out_cols": [
      35,
      25,
      28,
      6,
      30,
      41,
      38,
      14,
      46,
      32,
      44,
      12,
      1,
      7,
      40,
      34,
      23,
      29,
      11,
      19,
      13,
      31,
      20,
      21,
      36,
      5,
      4,
      15,
      16,
      0,
      8,
      47,
      33,
      17,
      26,
      10,
      43,
      42,
      27,
      22,
      24,
      3,
      9,
      2,
      39,
      37,
      18,
      45
    ]
  }
}