{
  "config": {
    "steps": 700,
    "lr": 0.015,
    "tau_start": 1.0,
    "tau_end": 0.025,
    "sinkhorn_iters": 30,
    "lambda_ent": 0.0001,
    "train_subsample": 0,
    "seed": 10304,
    "device": "cuda"
  },
  "final": {
    "soft_mse_full": 0.3231549859046936,
    "discrete_mse": 330.9342956542969,
    "hash_match": false,
    "perm_str": "39,52,59,30,73,72,95,93,56,82,44,78,74,80,42,55,58,29,69,67,86,83,35,90,50,40,18,24,37,7,28,19,15,57,68,47,94,71,48,63,3,26,31,36,1,25,23,38,87,11,14,17,5,51,81,20,4,6,91,33,45,92,77,76,16,96,61,70,62,75,27,53,49,54,13,34,2,32,41,22,65,12,10,8,43,9,84,66,0,46,60,79,88,21,64,89,85",
    "in_cols": [
      18,
      29,
      37,
      47,
      27,
      22,
      38,
      20,
      28,
      36,
      42,
      16,
      26,
      11,
      17,
      14,
      9,
      35,
      46,
      24,
      3,
      15,
      1,
      12,
      43,
      8,
      5,
      40,
      4,
      45,
      23,
      39,
      10,
      31,
      32,
      13,
      25,
      7,
      2,
      19,
      34,
      6,
      21,
      41,
      0,
      30,
      44,
      33
    ],
    "out_cols": [
      25,
      15,
      35,
      46,
      41,
      38,
      40,
      28,
      14,
      32,
      42,
      44,
      21,
      11,
      1,
      7,
      29,
      23,
      34,
      30,
      13,
      19,
      12,
      20,
      4,
      6,
      24,
      8,
      0,
      17,
      45,
      37,
      47,
      33,
      36,
      26,
      27,
      18,
      16,
      10,
      5,
      2,
      3,
      31,
      22,
      39,
      9,
      43
    ]
  },
  "best_seen": {
    "discrete_mse": 5.868823528289795,
    "order": [
      [
        59,
        30
      ],
      [
        39,
        52
      ],
      [
        73,
        72
      ],
      [
        95,
        93
      ],
      [
        56,
        82
      ],
      [
        44,
        78
      ],
      [
        74,
        80
      ],
      [
        42,
        55
      ],
      [
        88,
        29
      ],
      [
        69,
        67
      ],
      [
        86,
        83
      ],
      [
        35,
        90
      ],
      [
        18,
        40
      ],
      [
        48,
        24
      ],
      [
        37,
        7
      ],
      [
        28,
        19
      ],
      [
        15,
        57
      ],
      [
        68,
        47
      ],
      [
        94,
        71
      ],
      [
        50,
        63
      ],
      [
        3,
        26
      ],
      [
        31,
        36
      ],
      [
        87,
        25
      ],
      [
        1,
        38
      ],
      [
        23,
        11
      ],
      [
        14,
        17
      ],
      [
        5,
        51
      ],
      [
        81,
        20
      ],
      [
        4,
        6
      ],
      [
        91,
        33
      ],
      [
        77,
        92
      ],
      [
        62,
        76
      ],
      [
        16,
        96
      ],
      [
        61,
        70
      ],
      [
        65,
        75
      ],
      [
        64,
        54
      ],
      [
        27,
        53
      ],
      [
        13,
        34
      ],
      [
        2,
        32
      ],
      [
        41,
        22
      ],
      [
        45,
        12
      ],
      [
        10,
        8
      ],
      [
        43,
        9
      ],
      [
        84,
        66
      ],
      [
        0,
        46
      ],
      [
        49,
        79
      ],
      [
        60,
        21
      ],
      [
        58,
        89
      ]
    ],
    "in_cols": [
      29,
      18,
      37,
      47,
      27,
      22,
      38,
      20,
      44,
      36,
      42,
      16,
      11,
      24,
      17,
      14,
      9,
      35,
      46,
      26,
      3,
      15,
      43,
      1,
      12,
      8,
      5,
      40,
      4,
      45,
      39,
      32,
      10,
      31,
      34,
      33,
      13,
      7,
      2,
      19,
      23,
      6,
      21,
      41,
      0,
      25,
      30,
      28
    ],
    "out_cols": [
      15,
      25,
      35,
      46,
      41,
      38,
      40,
      28,
      14,
      32,
      42,
      44,
      21,
      11,
      1,
      7,
      29,
      23,
      34,
      30,
      13,
      19,
      12,
      20,
      4,
      6,
      24,
      8,
      0,
      17,
      45,
      37,
      47,
      33,
      36,
      27,
      26,
      18,
      16,
      10,
      5,
      2,
      3,
      31,
      22,
      39,
      9,
      43
    ]
  }
}