{
  "config": {
    "steps": 900,
    "lr": 0.03,
    "tau_start": 1.0,
    "tau_end": 0.028,
    "sinkhorn_iters": 30,
    "lambda_ent": 0.0003,
    "train_subsample": 4096,
    "seed": 9102,
    "device": "cuda"
  },
  "final": {
    "soft_mse_full": 0.39812561869621277,
    "discrete_mse": 33.14759063720703,
    "hash_match": false,
    "perm_str": "59,52,39,72,95,55,42,78,44,82,3,80,69,19,68,29,37,93,56,30,86,54,58,7,18,67,35,24,43,90,94,26,73,47,15,40,28,63,1,57,50,66,64,25,31,36,87,71,77,76,14,75,27,51,81,11,5,33,4,6,16,20,62,96,0,83,91,53,48,70,65,32,13,9,49,21,84,22,60,8,61,79,74,92,2,12,41,46,23,38,88,89,45,17,10,34,85",
    "in_cols": [
      29,
      18,
      47,
      20,
      22,
      3,
      36,
      35,
      17,
      27,
      42,
      28,
      11,
      16,
      21,
      46,
      37,
      9,
      14,
      1,
      26,
      33,
      15,
      43,
      39,
      8,
      13,
      40,
      5,
      4,
      10,
      32,
      0,
      45,
      24,
      34,
      7,
      25,
      41,
      30,
      31,
      38,
      2,
      19,
      12,
      44,
      23,
      6
    ],
    "out_cols": [
      25,
      35,
      28,
      38,
      41,
      40,
      7,
      14,
      46,
      15,
      27,
      1,
      32,
      11,
      44,
      13,
      23,
      21,
      30,
      29,
      31,
      12,
      19,
      34,
      37,
      36,
      24,
      4,
      17,
      0,
      8,
      47,
      42,
      26,
      33,
      16,
      3,
      9,
      10,
      2,
      39,
      45,
      5,
      22,
      20,
      43,
      6,
      18
    ]
  },
  "best_seen": {
    "discrete_mse": 24.9993896484375,
    "order": [
      [
        59,
        52
      ],
      [
        39,
        72
      ],
      [
        95,
        55
      ],
      [
        42,
        78
      ],
      [
        44,
        82
      ],
      [
        3,
        80
      ],
      [
        69,
        19
      ],
      [
        68,
        29
      ],
      [
        37,
        93
      ],
      [
        56,
        30
      ],
      [
        86,
        38
      ],
      [
        58,
        7
      ],
      [
        18,
        67
      ],
      [
        35,
        24
      ],
      [
        43,
        90
      ],
      [
        94,
        26
      ],
      [
        73,
        47
      ],
      [
        15,
        40
      ],
      [
        28,
        63
      ],
      [
        1,
        57
      ],
      [
        50,
        66
      ],
      [
        64,
        25
      ],
      [
        31,
        36
      ],
      [
        87,
        71
      ],
      [
        77,
        76
      ],
      [
        14,
        75
      ],
      [
        27,
        51
      ],
      [
        81,
        11
      ],
      [
        5,
        33
      ],
      [
        4,
        6
      ],
      [
        16,
        20
      ],
      [
        62,
        96
      ],
      [
        0,
        83
      ],
      [
        91,
        53
      ],
      [
        48,
        70
      ],
      [
        65,
        32
      ],
      [
        13,
        9
      ],
      [
        49,
        21
      ],
      [
        84,
        22
      ],
      [
        60,
        8
      ],
      [
        61,
        79
      ],
      [
        74,
        92
      ],
      [
        2,
        12
      ],
      [
        41,
        46
      ],
      [
        23,
        54
      ],
      [
        88,
        89
      ],
      [
        45,
        17
      ],
      [
        10,
        34
      ]
    ],
    "in_cols": [
      29,
      18,
      47,
      20,
      22,
      3,
      36,
      35,
      17,
      27,
      42,
      28,
      11,
      16,
      21,
      46,
      37,
      9,
      14,
      1,
      26,
      33,
      15,
      43,
      39,
      8,
      13,
      40,
      5,
      4,
      10,
      32,
      0,
      45,
      24,
      34,
      7,
      25,
      41,
      30,
      31,
      38,
      2,
      19,
      12,
      44,
      23,
      6
    ],
    "out_cols": [
      25,
      35,
      28,
      38,
      41,
      40,
      7,
      14,
      46,
      15,
      20,
      1,
      32,
      11,
      44,
      13,
      23,
      21,
      30,
      29,
      31,
      12,
      19,
      34,
      37,
      36,
      24,
      4,
      17,
      0,
      8,
      47,
      42,
      26,
      33,
      16,
      3,
      9,
      10,
      2,
      39,
      45,
      5,
      22,
      27,
      43,
      6,
      18
    ]
  }
}