{
  "config": {
    "steps": 900,
    "lr": 0.03,
    "tau_start": 1.0,
    "tau_end": 0.03,
    "sinkhorn_iters": 30,
    "lambda_ent": 0.0003,
    "train_subsample": 4096,
    "seed": 17801,
    "device": "cuda"
  },
  "final": {
    "soft_mse_full": 0.37037649750709534,
    "discrete_mse": 6.116628170013428,
    "hash_match": false,
    "perm_str": "59,30,95,75,39,52,74,55,87,63,91,78,44,82,68,80,42,29,18,93,69,83,94,90,28,19,10,40,37,7,15,67,73,47,35,24,50,72,48,26,3,25,31,36,1,38,23,71,60,57,14,11,4,32,77,17,0,6,27,92,5,33,16,70,62,20,81,96,65,76,61,53,13,22,49,54,58,89,56,21,86,8,41,46,2,12,88,34,43,51,64,9,84,66,45,79,85",
    "in_cols": [
      29,
      47,
      18,
      38,
      43,
      45,
      22,
      35,
      20,
      11,
      36,
      46,
      14,
      6,
      17,
      9,
      37,
      16,
      26,
      24,
      3,
      15,
      1,
      12,
      30,
      8,
      4,
      39,
      0,
      13,
      5,
      10,
      32,
      40,
      34,
      31,
      7,
      25,
      28,
      27,
      42,
      19,
      2,
      44,
      21,
      33,
      41,
      23
    ],
    "out_cols": [
      15,
      36,
      25,
      28,
      30,
      38,
      41,
      40,
      14,
      46,
      42,
      44,
      7,
      21,
      1,
      32,
      23,
      11,
      35,
      13,
      12,
      19,
      20,
      34,
      29,
      4,
      16,
      6,
      0,
      45,
      17,
      33,
      8,
      47,
      37,
      26,
      10,
      27,
      43,
      9,
      2,
      22,
      5,
      18,
      24,
      3,
      31,
      39
    ]
  },
  "best_seen": {
    "discrete_mse": 1.119975209236145,
    "order": [
      [
        59,
        30
      ],
      [
        3,
        75
      ],
      [
        95,
        52
      ],
      [
        39,
        55
      ],
      [
        73,
        63
      ],
      [
        74,
        78
      ],
      [
        44,
        82
      ],
      [
        68,
        80
      ],
      [
        42,
        29
      ],
      [
        18,
        93
      ],
      [
        16,
        83
      ],
      [
        94,
        90
      ],
      [
        28,
        19
      ],
      [
        10,
        57
      ],
      [
        48,
        7
      ],
      [
        15,
        67
      ],
      [
        37,
        47
      ],
      [
        35,
        24
      ],
      [
        50,
        72
      ],
      [
        5,
        26
      ],
      [
        87,
        25
      ],
      [
        31,
        36
      ],
      [
        1,
        38
      ],
      [
        23,
        71
      ],
      [
        27,
        40
      ],
      [
        14,
        11
      ],
      [
        4,
        32
      ],
      [
        77,
        17
      ],
      [
        0,
        6
      ],
      [
        91,
        92
      ],
      [
        64,
        33
      ],
      [
        43,
        70
      ],
      [
        62,
        20
      ],
      [
        81,
        96
      ],
      [
        65,
        76
      ],
      [
        61,
        53
      ],
      [
        13,
        22
      ],
      [
        49,
        54
      ],
      [
        58,
        89
      ],
      [
        56,
        21
      ],
      [
        86,
        8
      ],
      [
        41,
        46
      ],
      [
        2,
        12
      ],
      [
        88,
        34
      ],
      [
        69,
        51
      ],
      [
        60,
        9
      ],
      [
        84,
        66
      ],
      [
        45,
        79
      ]
    ],
    "in_cols": [
      29,
      3,
      47,
      18,
      37,
      38,
      22,
      35,
      20,
      11,
      10,
      46,
      14,
      6,
      24,
      9,
      17,
      16,
      26,
      5,
      43,
      15,
      1,
      12,
      13,
      8,
      4,
      39,
      0,
      45,
      33,
      21,
      32,
      40,
      34,
      31,
      7,
      25,
      28,
      27,
      42,
      19,
      2,
      44,
      36,
      30,
      41,
      23
    ],
    "out_cols": [
      15,
      36,
      25,
      28,
      30,
      38,
      41,
      40,
      14,
      46,
      42,
      44,
      7,
      29,
      1,
      32,
      23,
      11,
      35,
      13,
      12,
      19,
      20,
      34,
      21,
      4,
      16,
      6,
      0,
      45,
      17,
      33,
      8,
      47,
      37,
      26,
      10,
      27,
      43,
      9,
      2,
      22,
      5,
      18,
      24,
      3,
      31,
      39
    ]
  }
}