{
  "config": {
    "steps": 700,
    "lr": 0.015,
    "tau_start": 1.0,
    "tau_end": 0.025,
    "sinkhorn_iters": 30,
    "lambda_ent": 0.0001,
    "train_subsample": 0,
    "seed": 14704,
    "device": "cuda"
  },
  "final": {
    "soft_mse_full": 0.37645331025123596,
    "discrete_mse": 10.5401611328125,
    "hash_match": false,
    "perm_str": "59,52,39,30,95,80,42,78,44,82,74,55,4,72,68,29,18,83,58,93,86,90,94,26,1,67,28,19,35,24,73,7,15,57,37,47,87,71,14,63,3,25,31,36,50,38,23,40,56,21,64,70,27,51,77,17,62,6,48,33,81,11,43,20,65,96,0,32,61,53,16,9,5,75,13,54,84,92,49,46,10,8,2,66,91,76,45,22,41,79,69,34,60,89,88,12,85",
    "in_cols": [
      29,
      18,
      47,
      20,
      22,
      38,
      4,
      35,
      11,
      28,
      42,
      46,
      1,
      14,
      16,
      37,
      9,
      17,
      43,
      8,
      3,
      15,
      26,
      12,
      27,
      33,
      13,
      39,
      32,
      24,
      40,
      21,
      34,
      0,
      31,
      10,
      5,
      7,
      41,
      25,
      6,
      2,
      45,
      23,
      19,
      36,
      30,
      44
    ],
    "out_cols": [
      25,
      15,
      40,
      38,
      41,
      28,
      35,
      14,
      42,
      46,
      44,
      13,
      32,
      7,
      11,
      1,
      29,
      23,
      34,
      30,
      12,
      19,
      20,
      21,
      9,
      33,
      24,
      6,
      0,
      17,
      4,
      8,
      47,
      16,
      26,
      3,
      36,
      27,
      45,
      22,
      2,
      31,
      37,
      10,
      39,
      18,
      43,
      5
    ]
  },
  "best_seen": {
    "discrete_mse": 8.107643127441406,
    "order": [
      [
        59,
        52
      ],
      [
        39,
        30
      ],
      [
        95,
        80
      ],
      [
        42,
        78
      ],
      [
        44,
        82
      ],
      [
        74,
        55
      ],
      [
        27,
        72
      ],
      [
        68,
        29
      ],
      [
        18,
        83
      ],
      [
        58,
        93
      ],
      [
        86,
        90
      ],
      [
        94,
        26
      ],
      [
        1,
        67
      ],
      [
        28,
        19
      ],
      [
        35,
        24
      ],
      [
        73,
        7
      ],
      [
        15,
        57
      ],
      [
        37,
        47
      ],
      [
        87,
        71
      ],
      [
        14,
        63
      ],
      [
        3,
        25
      ],
      [
        31,
        36
      ],
      [
        50,
        38
      ],
      [
        23,
        40
      ],
      [
        56,
        21
      ],
      [
        64,
        70
      ],
      [
        4,
        51
      ],
      [
        77,
        17
      ],
      [
        62,
        6
      ],
      [
        48,
        33
      ],
      [
        81,
        11
      ],
      [
        43,
        20
      ],
      [
        65,
        96
      ],
      [
        0,
        32
      ],
      [
        61,
        53
      ],
      [
        16,
        9
      ],
      [
        5,
        75
      ],
      [
        13,
        54
      ],
      [
        84,
        92
      ],
      [
        41,
        46
      ],
      [
        10,
        8
      ],
      [
        69,
        66
      ],
      [
        91,
        76
      ],
      [
        45,
        22
      ],
      [
        2,
        79
      ],
      [
        49,
        34
      ],
      [
        60,
        89
      ],
      [
        88,
        12
      ]
    ],
    "in_cols": [
      29,
      18,
      47,
      20,
      22,
      38,
      13,
      35,
      11,
      28,
      42,
      46,
      1,
      14,
      16,
      37,
      9,
      17,
      43,
      8,
      3,
      15,
      26,
      12,
      27,
      33,
      4,
      39,
      32,
      24,
      40,
      21,
      34,
      0,
      31,
      10,
      5,
      7,
      41,
      19,
      6,
      36,
      45,
      23,
      2,
      25,
      30,
      44
    ],
    "out_cols": [
      25,
      15,
      40,
      38,
      41,
      28,
      35,
      14,
      42,
      46,
      44,
      13,
      32,
      7,
      11,
      1,
      29,
      23,
      34,
      30,
      12,
      19,
      20,
      21,
      9,
      33,
      24,
      6,
      0,
      17,
      4,
      8,
      47,
      16,
      26,
      3,
      36,
      27,
      45,
      22,
      2,
      31,
      37,
      10,
      39,
      18,
      43,
      5
    ]
  }
}