{
  "config": {
    "steps": 900,
    "lr": 0.03,
    "tau_start": 1.0,
    "tau_end": 0.03,
    "sinkhorn_iters": 30,
    "lambda_ent": 0.0003,
    "train_subsample": 4096,
    "seed": 14701,
    "device": "cuda"
  },
  "final": {
    "soft_mse_full": 0.36593225598335266,
    "discrete_mse": 381.27392578125,
    "hash_match": false,
    "perm_str": "59,52,69,72,95,75,39,93,73,78,74,55,44,82,37,29,42,54,18,30,86,67,94,7,35,25,45,24,28,19,0,57,3,53,68,47,48,40,15,63,87,36,50,66,1,26,23,38,60,71,77,11,4,17,14,51,56,90,81,6,91,33,65,20,16,96,64,70,31,76,5,32,62,80,49,21,41,34,10,8,84,46,27,92,61,79,43,83,58,89,88,22,13,9,2,12,85",
    "in_cols": [
      29,
      36,
      47,
      18,
      37,
      38,
      22,
      17,
      20,
      11,
      42,
      46,
      16,
      23,
      14,
      0,
      3,
      35,
      24,
      9,
      43,
      26,
      1,
      12,
      30,
      39,
      4,
      8,
      27,
      40,
      45,
      34,
      10,
      33,
      15,
      5,
      32,
      25,
      19,
      6,
      41,
      13,
      31,
      21,
      28,
      44,
      7,
      2
    ],
    "out_cols": [
      25,
      35,
      36,
      46,
      38,
      28,
      41,
      14,
      27,
      15,
      32,
      1,
      12,
      11,
      7,
      29,
      26,
      23,
      21,
      30,
      19,
      31,
      13,
      20,
      34,
      4,
      6,
      24,
      44,
      0,
      17,
      8,
      47,
      33,
      37,
      16,
      40,
      9,
      18,
      2,
      22,
      45,
      39,
      42,
      43,
      10,
      3,
      5
    ]
  },
  "best_seen": {
    "discrete_mse": 42.692752838134766,
    "order": [
      [
        23,
        90
      ],
      [
        35,
        29
      ],
      [
        39,
        54
      ],
      [
        74,
        32
      ],
      [
        84,
        51
      ],
      [
        56,
        8
      ],
      [
        37,
        7
      ],
      [
        68,
        67
      ],
      [
        59,
        55
      ],
      [
        87,
        19
      ],
      [
        50,
        57
      ],
      [
        62,
        66
      ],
      [
        42,
        92
      ],
      [
        61,
        21
      ],
      [
        31,
        93
      ],
      [
        81,
        71
      ],
      [
        15,
        40
      ],
      [
        95,
        52
      ],
      [
        91,
        80
      ],
      [
        0,
        26
      ],
      [
        58,
        89
      ],
      [
        4,
        47
      ],
      [
        88,
        46
      ],
      [
        60,
        72
      ],
      [
        5,
        76
      ],
      [
        18,
        34
      ],
      [
        43,
        17
      ],
      [
        49,
        82
      ],
      [
        86,
        33
      ],
      [
        73,
        22
      ],
      [
        64,
        96
      ],
      [
        2,
        12
      ],
      [
        94,
        75
      ],
      [
        13,
        63
      ],
      [
        69,
        11
      ],
      [
        28,
        79
      ],
      [
        10,
        36
      ],
      [
        41,
        70
      ],
      [
        3,
        25
      ],
      [
        45,
        38
      ],
      [
        14,
        24
      ],
      [
        1,
        9
      ],
      [
        48,
        30
      ],
      [
        77,
        78
      ],
      [
        27,
        6
      ],
      [
        16,
        20
      ],
      [
        44,
        53
      ],
      [
        65,
        83
      ]
    ],
    "in_cols": [
      12,
      16,
      18,
      38,
      41,
      27,
      17,
      35,
      29,
      43,
      26,
      32,
      20,
      31,
      15,
      40,
      9,
      47,
      45,
      0,
      28,
      4,
      44,
      30,
      5,
      11,
      21,
      25,
      42,
      37,
      33,
      2,
      46,
      7,
      36,
      14,
      6,
      19,
      3,
      23,
      8,
      1,
      24,
      39,
      13,
      10,
      22,
      34
    ],
    "out_cols": [
      44,
      14,
      27,
      16,
      24,
      2,
      1,
      32,
      28,
      7,
      29,
      31,
      45,
      9,
      46,
      34,
      21,
      25,
      40,
      13,
      43,
      23,
      22,
      35,
      37,
      18,
      6,
      41,
      17,
      10,
      47,
      5,
      36,
      30,
      4,
      39,
      19,
      33,
      12,
      20,
      11,
      3,
      15,
      38,
      0,
      8,
      26,
      42
    ]
  }
}