{
  "config": {
    "steps": 700,
    "lr": 0.02,
    "tau_start": 1.0,
    "tau_end": 0.03,
    "sinkhorn_iters": 30,
    "lambda_ent": 0.0003,
    "train_subsample": 0,
    "seed": 9003,
    "device": "cuda"
  },
  "final": {
    "soft_mse_full": 0.3428727090358734,
    "discrete_mse": 11.156245231628418,
    "hash_match": false,
    "perm_str": "59,52,74,72,39,63,95,93,42,82,44,78,68,29,94,80,18,75,58,55,56,30,86,90,1,67,28,19,73,24,15,57,37,47,65,7,50,40,87,71,3,53,31,36,16,38,91,26,84,25,14,51,4,32,77,11,64,33,5,6,35,20,81,96,48,70,61,76,60,89,43,9,27,54,62,83,10,8,41,79,45,46,2,21,23,34,88,22,13,66,0,92,49,12,69,17,85",
    "in_cols": [
      29,
      38,
      18,
      47,
      20,
      22,
      35,
      46,
      11,
      28,
      27,
      42,
      1,
      14,
      37,
      9,
      17,
      34,
      26,
      43,
      3,
      15,
      10,
      45,
      41,
      8,
      4,
      39,
      33,
      5,
      16,
      40,
      24,
      31,
      30,
      21,
      13,
      32,
      6,
      19,
      23,
      2,
      12,
      44,
      7,
      0,
      25,
      36
    ],
    "out_cols": [
      25,
      35,
      30,
      46,
      41,
      38,
      14,
      40,
      36,
      28,
      15,
      44,
      32,
      7,
      11,
      29,
      23,
      1,
      21,
      34,
      26,
      19,
      20,
      13,
      12,
      24,
      16,
      4,
      17,
      0,
      8,
      47,
      33,
      37,
      43,
      3,
      27,
      42,
      2,
      39,
      22,
      9,
      18,
      10,
      31,
      45,
      5,
      6
    ]
  },
  "best_seen": {
    "discrete_mse": 11.156245231628418,
    "order": [
      [
        59,
        52
      ],
      [
        74,
        72
      ],
      [
        39,
        63
      ],
      [
        95,
        93
      ],
      [
        42,
        82
      ],
      [
        44,
        78
      ],
      [
        68,
        29
      ],
      [
        94,
        80
      ],
      [
        18,
        75
      ],
      [
        58,
        55
      ],
      [
        56,
        30
      ],
      [
        86,
        90
      ],
      [
        1,
        67
      ],
      [
        28,
        19
      ],
      [
        73,
        24
      ],
      [
        15,
        57
      ],
      [
        37,
        47
      ],
      [
        65,
        7
      ],
      [
        50,
        40
      ],
      [
        87,
        71
      ],
      [
        3,
        53
      ],
      [
        31,
        36
      ],
      [
        16,
        38
      ],
      [
        91,
        26
      ],
      [
        84,
        25
      ],
      [
        14,
        51
      ],
      [
        4,
        32
      ],
      [
        77,
        11
      ],
      [
        64,
        33
      ],
      [
        5,
        6
      ],
      [
        35,
        20
      ],
      [
        81,
        96
      ],
      [
        48,
        70
      ],
      [
        61,
        76
      ],
      [
        60,
        89
      ],
      [
        43,
        9
      ],
      [
        27,
        54
      ],
      [
        62,
        83
      ],
      [
        10,
        8
      ],
      [
        41,
        79
      ],
      [
        45,
        46
      ],
      [
        2,
        21
      ],
      [
        23,
        34
      ],
      [
        88,
        22
      ],
      [
        13,
        66
      ],
      [
        0,
        92
      ],
      [
        49,
        12
      ],
      [
        69,
        17
      ]
    ],
    "in_cols": [
      29,
      38,
      18,
      47,
      20,
      22,
      35,
      46,
      11,
      28,
      27,
      42,
      1,
      14,
      37,
      9,
      17,
      34,
      26,
      43,
      3,
      15,
      10,
      45,
      41,
      8,
      4,
      39,
      33,
      5,
      16,
      40,
      24,
      31,
      30,
      21,
      13,
      32,
      6,
      19,
      23,
      2,
      12,
      44,
      7,
      0,
      25,
      36
    ],
    "out_cols": [
      25,
      35,
      30,
      46,
      41,
      38,
      14,
      40,
      36,
      28,
      15,
      44,
      32,
      7,
      11,
      29,
      23,
      1,
      21,
      34,
      26,
      19,
      20,
      13,
      12,
      24,
      16,
      4,
      17,
      0,
      8,
      47,
      33,
      37,
      43,
      3,
      27,
      42,
      2,
      39,
      22,
      9,
      18,
      10,
      31,
      45,
      5,
      6
    ]
  }
}