{
  "config": {
    "steps": 900,
    "lr": 0.03,
    "tau_start": 1.0,
    "tau_end": 0.028,
    "sinkhorn_iters": 30,
    "lambda_ent": 0.0003,
    "train_subsample": 4096,
    "seed": 26502,
    "device": "cuda"
  },
  "final": {
    "soft_mse_full": 0.4537695050239563,
    "discrete_mse": 3.613029956817627,
    "hash_match": false,
    "perm_str": "59,52,39,30,73,55,18,63,95,80,58,78,44,82,42,29,88,93,69,83,94,90,86,40,48,19,15,67,28,7,37,57,1,36,68,47,35,24,50,26,3,53,31,12,87,71,23,38,91,75,62,6,14,17,77,11,81,20,16,33,4,96,5,70,65,76,13,89,0,72,27,32,49,54,56,21,60,22,74,25,45,66,84,8,43,92,41,34,61,46,2,51,10,79,64,9,85",
    "in_cols": [
      29,
      18,
      37,
      11,
      47,
      28,
      22,
      20,
      44,
      36,
      46,
      42,
      24,
      9,
      14,
      17,
      1,
      35,
      16,
      26,
      3,
      15,
      43,
      12,
      45,
      32,
      8,
      39,
      40,
      10,
      4,
      5,
      34,
      7,
      0,
      13,
      25,
      27,
      30,
      38,
      23,
      41,
      21,
      19,
      31,
      2,
      6,
      33
    ],
    "out_cols": [
      25,
      15,
      28,
      30,
      40,
      38,
      41,
      14,
      46,
      42,
      44,
      21,
      7,
      32,
      1,
      29,
      19,
      23,
      11,
      13,
      26,
      5,
      34,
      20,
      36,
      0,
      6,
      4,
      8,
      17,
      47,
      33,
      37,
      43,
      35,
      16,
      27,
      9,
      10,
      12,
      31,
      2,
      45,
      18,
      22,
      24,
      39,
      3
    ]
  },
  "best_seen": {
    "discrete_mse": 1.7120059728622437,
    "order": [
      [
        59,
        52
      ],
      [
        39,
        30
      ],
      [
        73,
        55
      ],
      [
        42,
        63
      ],
      [
        95,
        80
      ],
      [
        58,
        78
      ],
      [
        44,
        82
      ],
      [
        14,
        29
      ],
      [
        88,
        93
      ],
      [
        69,
        83
      ],
      [
        94,
        90
      ],
      [
        86,
        40
      ],
      [
        48,
        19
      ],
      [
        15,
        67
      ],
      [
        28,
        7
      ],
      [
        37,
        57
      ],
      [
        1,
        36
      ],
      [
        68,
        47
      ],
      [
        35,
        24
      ],
      [
        50,
        26
      ],
      [
        3,
        53
      ],
      [
        31,
        12
      ],
      [
        87,
        71
      ],
      [
        23,
        38
      ],
      [
        91,
        75
      ],
      [
        62,
        6
      ],
      [
        4,
        32
      ],
      [
        77,
        11
      ],
      [
        81,
        20
      ],
      [
        16,
        33
      ],
      [
        18,
        96
      ],
      [
        5,
        70
      ],
      [
        65,
        76
      ],
      [
        13,
        89
      ],
      [
        0,
        72
      ],
      [
        27,
        17
      ],
      [
        49,
        54
      ],
      [
        56,
        21
      ],
      [
        60,
        22
      ],
      [
        74,
        25
      ],
      [
        45,
        66
      ],
      [
        84,
        8
      ],
      [
        43,
        92
      ],
      [
        41,
        34
      ],
      [
        61,
        46
      ],
      [
        2,
        51
      ],
      [
        10,
        79
      ],
      [
        64,
        9
      ]
    ],
    "in_cols": [
      29,
      18,
      37,
      20,
      47,
      28,
      22,
      8,
      44,
      36,
      46,
      42,
      24,
      9,
      14,
      17,
      1,
      35,
      16,
      26,
      3,
      15,
      43,
      12,
      45,
      32,
      4,
      39,
      40,
      10,
      11,
      5,
      34,
      7,
      0,
      13,
      25,
      27,
      30,
      38,
      23,
      41,
      21,
      19,
      31,
      2,
      6,
      33
    ],
    "out_cols": [
      25,
      15,
      28,
      30,
      40,
      38,
      41,
      14,
      46,
      42,
      44,
      21,
      7,
      32,
      1,
      29,
      19,
      23,
      11,
      13,
      26,
      5,
      34,
      20,
      36,
      0,
      16,
      4,
      8,
      17,
      47,
      33,
      37,
      43,
      35,
      6,
      27,
      9,
      10,
      12,
      31,
      2,
      45,
      18,
      22,
      24,
      39,
      3
    ]
  }
}