{
  "config": {
    "steps": 900,
    "lr": 0.03,
    "tau_start": 1.0,
    "tau_end": 0.03,
    "sinkhorn_iters": 30,
    "lambda_ent": 0.0003,
    "train_subsample": 4096,
    "seed": 24301,
    "device": "cuda"
  },
  "final": {
    "soft_mse_full": 0.49301621317863464,
    "discrete_mse": 512.8341674804688,
    "hash_match": false,
    "perm_str": "59,30,39,72,88,52,74,55,95,80,44,82,69,93,68,29,18,38,58,78,86,90,37,71,28,19,35,24,15,67,5,7,73,36,48,47,94,53,50,57,3,25,31,63,87,40,1,26,77,20,62,6,27,51,0,11,81,96,14,17,65,92,91,33,43,70,16,79,4,75,13,9,41,89,56,21,42,76,61,66,84,83,10,46,45,32,49,8,23,54,64,12,60,22,2,34,85",
    "in_cols": [
      29,
      18,
      44,
      38,
      47,
      22,
      36,
      35,
      11,
      28,
      42,
      17,
      14,
      16,
      9,
      5,
      37,
      24,
      46,
      26,
      3,
      15,
      43,
      1,
      39,
      32,
      13,
      0,
      40,
      8,
      34,
      45,
      21,
      10,
      4,
      7,
      19,
      27,
      20,
      31,
      41,
      6,
      23,
      25,
      12,
      33,
      30,
      2
    ],
    "out_cols": [
      15,
      35,
      25,
      28,
      40,
      41,
      46,
      14,
      20,
      38,
      44,
      34,
      7,
      11,
      32,
      1,
      19,
      23,
      26,
      29,
      12,
      30,
      21,
      13,
      8,
      0,
      24,
      4,
      47,
      6,
      45,
      17,
      33,
      39,
      36,
      3,
      43,
      9,
      37,
      31,
      42,
      22,
      16,
      2,
      27,
      5,
      10,
      18
    ]
  },
  "best_seen": {
    "discrete_mse": 120.15679931640625,
    "order": [
      [
        59,
        30
      ],
      [
        39,
        72
      ],
      [
        88,
        52
      ],
      [
        74,
        55
      ],
      [
        95,
        80
      ],
      [
        44,
        82
      ],
      [
        68,
        93
      ],
      [
        42,
        29
      ],
      [
        18,
        38
      ],
      [
        69,
        83
      ],
      [
        58,
        90
      ],
      [
        37,
        71
      ],
      [
        28,
        19
      ],
      [
        35,
        24
      ],
      [
        15,
        67
      ],
      [
        48,
        7
      ],
      [
        73,
        36
      ],
      [
        86,
        47
      ],
      [
        94,
        78
      ],
      [
        50,
        57
      ],
      [
        3,
        53
      ],
      [
        1,
        63
      ],
      [
        87,
        40
      ],
      [
        91,
        26
      ],
      [
        77,
        20
      ],
      [
        62,
        6
      ],
      [
        27,
        51
      ],
      [
        0,
        11
      ],
      [
        81,
        96
      ],
      [
        14,
        17
      ],
      [
        65,
        92
      ],
      [
        31,
        33
      ],
      [
        5,
        70
      ],
      [
        16,
        76
      ],
      [
        4,
        75
      ],
      [
        13,
        9
      ],
      [
        41,
        25
      ],
      [
        56,
        21
      ],
      [
        43,
        12
      ],
      [
        61,
        66
      ],
      [
        84,
        79
      ],
      [
        10,
        46
      ],
      [
        45,
        32
      ],
      [
        49,
        8
      ],
      [
        23,
        54
      ],
      [
        64,
        89
      ],
      [
        60,
        22
      ],
      [
        2,
        34
      ]
    ],
    "in_cols": [
      29,
      18,
      44,
      38,
      47,
      22,
      35,
      20,
      11,
      36,
      28,
      17,
      14,
      16,
      9,
      24,
      37,
      42,
      46,
      26,
      3,
      1,
      43,
      45,
      39,
      32,
      13,
      0,
      40,
      8,
      34,
      15,
      5,
      10,
      4,
      7,
      19,
      27,
      21,
      31,
      41,
      6,
      23,
      25,
      12,
      33,
      30,
      2
    ],
    "out_cols": [
      15,
      35,
      25,
      28,
      40,
      41,
      46,
      14,
      20,
      42,
      44,
      34,
      7,
      11,
      32,
      1,
      19,
      23,
      38,
      29,
      26,
      30,
      21,
      13,
      8,
      0,
      24,
      4,
      47,
      6,
      45,
      17,
      33,
      37,
      36,
      3,
      12,
      9,
      5,
      31,
      39,
      22,
      16,
      2,
      27,
      43,
      10,
      18
    ]
  }
}