{
  "config": {
    "steps": 700,
    "lr": 0.02,
    "tau_start": 1.0,
    "tau_end": 0.03,
    "sinkhorn_iters": 30,
    "lambda_ent": 0.0003,
    "train_subsample": 0,
    "seed": 21403,
    "device": "cuda"
  },
  "final": {
    "soft_mse_full": 0.6113519668579102,
    "discrete_mse": 294.4752197265625,
    "hash_match": false,
    "perm_str": "59,52,49,72,95,93,39,55,56,82,44,78,73,80,86,38,42,83,58,29,18,54,94,67,28,19,50,7,35,24,10,36,15,57,68,47,37,40,1,63,3,26,87,90,84,25,23,71,64,75,14,30,77,17,5,11,62,6,43,70,16,20,4,33,65,96,81,53,0,32,13,89,27,8,45,12,60,79,74,76,2,34,48,92,69,22,61,9,41,51,91,46,31,21,88,66,85",
    "in_cols": [
      29,
      25,
      47,
      18,
      27,
      22,
      37,
      42,
      20,
      28,
      11,
      46,
      14,
      26,
      16,
      6,
      9,
      35,
      17,
      1,
      3,
      43,
      41,
      12,
      33,
      8,
      39,
      5,
      32,
      21,
      10,
      4,
      34,
      40,
      0,
      7,
      13,
      23,
      30,
      38,
      2,
      24,
      36,
      31,
      19,
      45,
      15,
      44
    ],
    "out_cols": [
      25,
      35,
      46,
      28,
      41,
      38,
      40,
      20,
      42,
      14,
      27,
      32,
      7,
      1,
      11,
      19,
      29,
      23,
      21,
      30,
      13,
      44,
      12,
      34,
      36,
      15,
      6,
      4,
      0,
      33,
      8,
      17,
      47,
      26,
      16,
      43,
      2,
      5,
      39,
      37,
      18,
      45,
      10,
      3,
      24,
      22,
      9,
      31
    ]
  },
  "best_seen": {
    "discrete_mse": 223.68238830566406,
    "order": [
      [
        35,
        93
      ],
      [
        0,
        80
      ],
      [
        2,
        57
      ],
      [
        95,
        25
      ],
      [
        49,
        79
      ],
      [
        69,
        51
      ],
      [
        14,
        24
      ],
      [
        58,
        30
      ],
      [
        65,
        63
      ],
      [
        43,
        52
      ],
      [
        42,
        96
      ],
      [
        87,
        40
      ],
      [
        41,
        29
      ],
      [
        18,
        9
      ],
      [
        13,
        22
      ],
      [
        27,
        55
      ],
      [
        1,
        92
      ],
      [
        50,
        76
      ],
      [
        15,
        83
      ],
      [
        60,
        67
      ],
      [
        64,
        78
      ],
      [
        77,
        53
      ],
      [
        3,
        8
      ],
      [
        48,
        6
      ],
      [
        94,
        19
      ],
      [
        10,
        47
      ],
      [
        61,
        20
      ],
      [
        56,
        7
      ],
      [
        86,
        36
      ],
      [
        84,
        11
      ],
      [
        37,
        21
      ],
      [
        68,
        17
      ],
      [
        73,
        89
      ],
      [
        16,
        38
      ],
      [
        23,
        70
      ],
      [
        28,
        66
      ],
      [
        81,
        71
      ],
      [
        88,
        34
      ],
      [
        62,
        82
      ],
      [
        5,
        26
      ],
      [
        45,
        32
      ],
      [
        44,
        72
      ],
      [
        4,
        54
      ],
      [
        91,
        90
      ],
      [
        39,
        12
      ],
      [
        31,
        75
      ],
      [
        74,
        46
      ],
      [
        59,
        33
      ]
    ],
    "in_cols": [
      16,
      0,
      2,
      47,
      25,
      36,
      8,
      28,
      34,
      21,
      20,
      43,
      19,
      11,
      7,
      13,
      1,
      26,
      9,
      30,
      33,
      39,
      3,
      24,
      46,
      6,
      31,
      27,
      42,
      41,
      17,
      35,
      37,
      10,
      12,
      14,
      40,
      44,
      32,
      5,
      23,
      22,
      4,
      45,
      18,
      15,
      38,
      29
    ],
    "out_cols": [
      46,
      40,
      29,
      12,
      39,
      24,
      11,
      15,
      30,
      25,
      47,
      21,
      14,
      3,
      10,
      28,
      45,
      37,
      42,
      32,
      38,
      26,
      2,
      0,
      7,
      23,
      8,
      1,
      19,
      4,
      9,
      6,
      43,
      20,
      33,
      31,
      34,
      18,
      41,
      13,
      16,
      35,
      27,
      44,
      5,
      36,
      22,
      17
    ]
  }
}