{
  "config": {
    "steps": 900,
    "lr": 0.03,
    "tau_start": 1.0,
    "tau_end": 0.028,
    "sinkhorn_iters": 30,
    "lambda_ent": 0.0003,
    "train_subsample": 4096,
    "seed": 27202,
    "device": "cuda"
  },
  "final": {
    "soft_mse_full": 0.36473241448402405,
    "discrete_mse": 10.718016624450684,
    "hash_match": false,
    "perm_str": "39,52,95,75,88,55,42,63,56,30,44,78,68,93,94,80,74,29,86,90,81,67,18,72,59,7,35,24,73,36,28,19,37,47,1,40,23,57,3,53,31,82,50,66,27,38,87,71,84,25,16,21,14,11,77,32,5,20,62,96,45,33,4,6,91,92,60,89,48,70,13,9,65,26,58,83,15,51,49,54,10,17,0,8,43,76,2,46,64,34,61,22,69,12,41,79,85",
    "in_cols": [
      18,
      47,
      44,
      20,
      27,
      22,
      35,
      46,
      38,
      42,
      40,
      11,
      29,
      16,
      37,
      14,
      17,
      1,
      12,
      3,
      15,
      26,
      13,
      43,
      41,
      10,
      8,
      39,
      5,
      32,
      23,
      4,
      45,
      30,
      24,
      7,
      34,
      28,
      9,
      25,
      6,
      0,
      21,
      2,
      33,
      31,
      36,
      19
    ],
    "out_cols": [
      25,
      36,
      28,
      30,
      15,
      38,
      46,
      40,
      14,
      44,
      32,
      35,
      1,
      11,
      19,
      7,
      23,
      21,
      29,
      26,
      41,
      31,
      20,
      34,
      12,
      9,
      4,
      16,
      8,
      47,
      17,
      0,
      45,
      43,
      33,
      3,
      13,
      42,
      24,
      27,
      6,
      2,
      37,
      22,
      18,
      10,
      5,
      39
    ]
  },
  "best_seen": {
    "discrete_mse": 10.718016624450684,
    "order": [
      [
        39,
        52
      ],
      [
        95,
        75
      ],
      [
        88,
        55
      ],
      [
        42,
        63
      ],
      [
        56,
        30
      ],
      [
        44,
        78
      ],
      [
        68,
        93
      ],
      [
        94,
        80
      ],
      [
        74,
        29
      ],
      [
        86,
        90
      ],
      [
        81,
        67
      ],
      [
        18,
        72
      ],
      [
        59,
        7
      ],
      [
        35,
        24
      ],
      [
        73,
        36
      ],
      [
        28,
        19
      ],
      [
        37,
        47
      ],
      [
        1,
        40
      ],
      [
        23,
        57
      ],
      [
        3,
        53
      ],
      [
        31,
        82
      ],
      [
        50,
        66
      ],
      [
        27,
        38
      ],
      [
        87,
        71
      ],
      [
        84,
        25
      ],
      [
        16,
        21
      ],
      [
        14,
        11
      ],
      [
        77,
        32
      ],
      [
        5,
        20
      ],
      [
        62,
        96
      ],
      [
        45,
        33
      ],
      [
        4,
        6
      ],
      [
        91,
        92
      ],
      [
        60,
        89
      ],
      [
        48,
        70
      ],
      [
        13,
        9
      ],
      [
        65,
        26
      ],
      [
        58,
        83
      ],
      [
        15,
        51
      ],
      [
        49,
        54
      ],
      [
        10,
        17
      ],
      [
        0,
        8
      ],
      [
        43,
        76
      ],
      [
        2,
        46
      ],
      [
        64,
        34
      ],
      [
        61,
        22
      ],
      [
        69,
        12
      ],
      [
        41,
        79
      ]
    ],
    "in_cols": [
      18,
      47,
      44,
      20,
      27,
      22,
      35,
      46,
      38,
      42,
      40,
      11,
      29,
      16,
      37,
      14,
      17,
      1,
      12,
      3,
      15,
      26,
      13,
      43,
      41,
      10,
      8,
      39,
      5,
      32,
      23,
      4,
      45,
      30,
      24,
      7,
      34,
      28,
      9,
      25,
      6,
      0,
      21,
      2,
      33,
      31,
      36,
      19
    ],
    "out_cols": [
      25,
      36,
      28,
      30,
      15,
      38,
      46,
      40,
      14,
      44,
      32,
      35,
      1,
      11,
      19,
      7,
      23,
      21,
      29,
      26,
      41,
      31,
      20,
      34,
      12,
      9,
      4,
      16,
      8,
      47,
      17,
      0,
      45,
      43,
      33,
      3,
      13,
      42,
      24,
      27,
      6,
      2,
      37,
      22,
      18,
      10,
      5,
      39
    ]
  }
}