{
  "config": {
    "steps": 900,
    "lr": 0.03,
    "tau_start": 1.0,
    "tau_end": 0.03,
    "sinkhorn_iters": 30,
    "lambda_ent": 0.0003,
    "train_subsample": 4096,
    "seed": 27201,
    "device": "cuda"
  },
  "final": {
    "soft_mse_full": 0.3235003352165222,
    "discrete_mse": 32.88677215576172,
    "hash_match": false,
    "perm_str": "39,75,59,30,95,52,42,29,58,55,44,82,73,78,94,93,43,72,3,53,69,67,86,90,18,80,35,24,10,40,28,19,37,57,87,71,15,26,68,47,1,25,50,66,31,36,23,38,60,11,14,17,4,32,65,33,62,6,84,92,5,63,81,7,77,70,91,20,16,96,13,83,48,34,0,22,45,9,61,54,49,12,41,51,74,76,88,79,2,8,56,21,27,46,64,89,85",
    "in_cols": [
      18,
      29,
      47,
      20,
      28,
      22,
      37,
      46,
      21,
      3,
      36,
      42,
      11,
      16,
      6,
      14,
      17,
      43,
      9,
      35,
      1,
      26,
      15,
      12,
      30,
      8,
      4,
      34,
      32,
      41,
      5,
      40,
      39,
      45,
      10,
      7,
      24,
      0,
      23,
      31,
      25,
      19,
      38,
      44,
      2,
      27,
      13,
      33
    ],
    "out_cols": [
      36,
      15,
      25,
      14,
      28,
      41,
      38,
      46,
      35,
      26,
      32,
      44,
      40,
      11,
      21,
      7,
      29,
      34,
      13,
      23,
      12,
      31,
      19,
      20,
      4,
      6,
      16,
      17,
      0,
      45,
      30,
      1,
      33,
      8,
      47,
      42,
      18,
      10,
      3,
      27,
      5,
      24,
      37,
      39,
      2,
      9,
      22,
      43
    ]
  },
  "best_seen": {
    "discrete_mse": 27.258953094482422,
    "order": [
      [
        39,
        63
      ],
      [
        59,
        30
      ],
      [
        95,
        52
      ],
      [
        42,
        29
      ],
      [
        58,
        55
      ],
      [
        44,
        82
      ],
      [
        73,
        78
      ],
      [
        94,
        93
      ],
      [
        43,
        72
      ],
      [
        3,
        53
      ],
      [
        69,
        67
      ],
      [
        86,
        90
      ],
      [
        18,
        80
      ],
      [
        35,
        24
      ],
      [
        10,
        40
      ],
      [
        28,
        19
      ],
      [
        37,
        57
      ],
      [
        87,
        71
      ],
      [
        15,
        26
      ],
      [
        68,
        47
      ],
      [
        1,
        25
      ],
      [
        50,
        66
      ],
      [
        31,
        36
      ],
      [
        23,
        38
      ],
      [
        60,
        11
      ],
      [
        14,
        17
      ],
      [
        4,
        32
      ],
      [
        65,
        33
      ],
      [
        62,
        51
      ],
      [
        84,
        92
      ],
      [
        5,
        7
      ],
      [
        81,
        6
      ],
      [
        77,
        70
      ],
      [
        91,
        20
      ],
      [
        16,
        96
      ],
      [
        13,
        83
      ],
      [
        48,
        34
      ],
      [
        0,
        22
      ],
      [
        45,
        9
      ],
      [
        61,
        54
      ],
      [
        49,
        12
      ],
      [
        41,
        75
      ],
      [
        74,
        76
      ],
      [
        88,
        79
      ],
      [
        2,
        8
      ],
      [
        56,
        21
      ],
      [
        27,
        46
      ],
      [
        64,
        89
      ]
    ],
    "in_cols": [
      18,
      29,
      47,
      20,
      28,
      22,
      37,
      46,
      21,
      3,
      36,
      42,
      11,
      16,
      6,
      14,
      17,
      43,
      9,
      35,
      1,
      26,
      15,
      12,
      30,
      8,
      4,
      34,
      32,
      41,
      5,
      40,
      39,
      45,
      10,
      7,
      24,
      0,
      23,
      31,
      25,
      19,
      38,
      44,
      2,
      27,
      13,
      33
    ],
    "out_cols": [
      30,
      15,
      25,
      14,
      28,
      41,
      38,
      46,
      35,
      26,
      32,
      44,
      40,
      11,
      21,
      7,
      29,
      34,
      13,
      23,
      12,
      31,
      19,
      20,
      4,
      6,
      16,
      17,
      24,
      45,
      1,
      0,
      33,
      8,
      47,
      42,
      18,
      10,
      3,
      27,
      5,
      36,
      37,
      39,
      2,
      9,
      22,
      43
    ]
  }
}