{
  "config": {
    "steps": 900,
    "lr": 0.03,
    "tau_start": 1.0,
    "tau_end": 0.03,
    "sinkhorn_iters": 30,
    "lambda_ent": 0.0003,
    "train_subsample": 4096,
    "seed": 25501,
    "device": "cuda"
  },
  "final": {
    "soft_mse_full": 0.38805046677589417,
    "discrete_mse": 33.47764587402344,
    "hash_match": false,
    "perm_str": "59,52,60,30,39,72,95,29,42,80,64,55,74,82,94,7,44,78,69,83,15,54,86,90,18,67,10,20,28,19,73,57,1,40,68,47,35,24,3,93,27,26,50,66,87,71,23,38,84,25,81,75,14,17,37,63,45,33,56,6,4,32,48,70,77,11,62,96,16,36,2,21,0,76,5,53,13,9,41,46,43,89,91,51,58,22,61,12,65,8,88,92,31,34,49,79,85",
    "in_cols": [
      29,
      30,
      18,
      47,
      20,
      33,
      38,
      46,
      22,
      36,
      9,
      42,
      11,
      6,
      14,
      37,
      1,
      35,
      16,
      3,
      13,
      26,
      43,
      12,
      41,
      40,
      8,
      17,
      23,
      27,
      4,
      24,
      39,
      32,
      10,
      2,
      0,
      5,
      7,
      19,
      21,
      45,
      28,
      31,
      34,
      44,
      15,
      25
    ],
    "out_cols": [
      25,
      15,
      35,
      14,
      40,
      28,
      41,
      1,
      38,
      42,
      27,
      44,
      32,
      8,
      7,
      29,
      21,
      23,
      11,
      46,
      13,
      31,
      34,
      20,
      12,
      36,
      6,
      30,
      17,
      0,
      16,
      33,
      4,
      47,
      19,
      9,
      37,
      26,
      3,
      22,
      43,
      24,
      10,
      5,
      2,
      45,
      18,
      39
    ]
  },
  "best_seen": {
    "discrete_mse": 4.990598201751709,
    "order": [
      [
        59,
        52
      ],
      [
        39,
        30
      ],
      [
        95,
        72
      ],
      [
        74,
        29
      ],
      [
        42,
        80
      ],
      [
        64,
        55
      ],
      [
        44,
        82
      ],
      [
        68,
        24
      ],
      [
        58,
        78
      ],
      [
        86,
        83
      ],
      [
        15,
        54
      ],
      [
        94,
        90
      ],
      [
        18,
        67
      ],
      [
        73,
        20
      ],
      [
        28,
        19
      ],
      [
        37,
        57
      ],
      [
        1,
        40
      ],
      [
        10,
        47
      ],
      [
        35,
        7
      ],
      [
        3,
        93
      ],
      [
        27,
        26
      ],
      [
        50,
        66
      ],
      [
        87,
        71
      ],
      [
        23,
        38
      ],
      [
        84,
        25
      ],
      [
        81,
        75
      ],
      [
        14,
        17
      ],
      [
        4,
        63
      ],
      [
        45,
        33
      ],
      [
        56,
        6
      ],
      [
        62,
        32
      ],
      [
        48,
        70
      ],
      [
        77,
        11
      ],
      [
        65,
        96
      ],
      [
        16,
        89
      ],
      [
        2,
        21
      ],
      [
        0,
        76
      ],
      [
        5,
        53
      ],
      [
        43,
        9
      ],
      [
        41,
        46
      ],
      [
        13,
        36
      ],
      [
        91,
        51
      ],
      [
        60,
        22
      ],
      [
        61,
        12
      ],
      [
        69,
        8
      ],
      [
        88,
        92
      ],
      [
        31,
        34
      ],
      [
        49,
        79
      ]
    ],
    "in_cols": [
      29,
      18,
      47,
      38,
      20,
      33,
      22,
      35,
      28,
      42,
      9,
      46,
      11,
      37,
      14,
      17,
      1,
      6,
      16,
      3,
      13,
      26,
      43,
      12,
      41,
      40,
      8,
      4,
      23,
      27,
      32,
      24,
      39,
      34,
      10,
      2,
      0,
      5,
      21,
      19,
      7,
      45,
      30,
      31,
      36,
      44,
      15,
      25
    ],
    "out_cols": [
      25,
      15,
      35,
      14,
      40,
      28,
      41,
      11,
      38,
      42,
      27,
      44,
      32,
      8,
      7,
      29,
      21,
      23,
      1,
      46,
      13,
      31,
      34,
      20,
      12,
      36,
      6,
      30,
      17,
      0,
      16,
      33,
      4,
      47,
      43,
      9,
      37,
      26,
      3,
      22,
      19,
      24,
      10,
      5,
      2,
      45,
      18,
      39
    ]
  }
}