{
  "config": {
    "steps": 700,
    "lr": 0.02,
    "tau_start": 1.0,
    "tau_end": 0.03,
    "sinkhorn_iters": 30,
    "lambda_ent": 0.0003,
    "train_subsample": 0,
    "seed": 12103,
    "device": "cuda"
  },
  "final": {
    "soft_mse_full": 0.40404465794563293,
    "discrete_mse": 37.84765625,
    "hash_match": false,
    "perm_str": "95,52,59,30,39,57,42,63,56,82,44,93,68,80,10,55,58,78,88,83,94,29,86,90,35,25,18,19,50,7,15,67,28,47,73,24,48,26,1,40,3,53,31,36,23,38,87,71,14,21,77,76,27,51,5,6,81,11,62,20,65,92,16,96,91,33,4,72,61,32,60,89,0,75,2,70,49,46,37,9,74,54,41,34,13,22,84,66,45,8,43,79,64,12,69,17,85",
    "in_cols": [
      47,
      29,
      18,
      20,
      27,
      22,
      35,
      6,
      28,
      44,
      46,
      42,
      16,
      11,
      26,
      9,
      14,
      37,
      24,
      1,
      3,
      15,
      12,
      43,
      8,
      39,
      13,
      5,
      40,
      32,
      34,
      10,
      45,
      4,
      31,
      30,
      0,
      2,
      25,
      17,
      38,
      19,
      7,
      41,
      23,
      21,
      33,
      36
    ],
    "out_cols": [
      25,
      15,
      29,
      30,
      41,
      46,
      40,
      28,
      38,
      42,
      14,
      44,
      12,
      7,
      1,
      32,
      23,
      11,
      13,
      21,
      26,
      19,
      20,
      34,
      9,
      37,
      24,
      0,
      4,
      8,
      45,
      47,
      17,
      35,
      16,
      43,
      36,
      33,
      22,
      3,
      27,
      18,
      10,
      31,
      2,
      39,
      5,
      6
    ]
  },
  "best_seen": {
    "discrete_mse": 15.825249671936035,
    "order": [
      [
        59,
        52
      ],
      [
        39,
        30
      ],
      [
        95,
        93
      ],
      [
        73,
        63
      ],
      [
        56,
        82
      ],
      [
        44,
        72
      ],
      [
        94,
        80
      ],
      [
        42,
        55
      ],
      [
        58,
        78
      ],
      [
        88,
        83
      ],
      [
        86,
        90
      ],
      [
        18,
        29
      ],
      [
        37,
        57
      ],
      [
        35,
        19
      ],
      [
        50,
        7
      ],
      [
        15,
        67
      ],
      [
        28,
        47
      ],
      [
        68,
        24
      ],
      [
        48,
        26
      ],
      [
        27,
        40
      ],
      [
        3,
        25
      ],
      [
        31,
        36
      ],
      [
        1,
        38
      ],
      [
        87,
        71
      ],
      [
        14,
        21
      ],
      [
        77,
        76
      ],
      [
        4,
        51
      ],
      [
        5,
        6
      ],
      [
        81,
        11
      ],
      [
        62,
        32
      ],
      [
        65,
        92
      ],
      [
        16,
        20
      ],
      [
        91,
        33
      ],
      [
        23,
        96
      ],
      [
        61,
        53
      ],
      [
        60,
        89
      ],
      [
        49,
        75
      ],
      [
        2,
        70
      ],
      [
        10,
        46
      ],
      [
        43,
        9
      ],
      [
        74,
        54
      ],
      [
        41,
        34
      ],
      [
        13,
        22
      ],
      [
        84,
        66
      ],
      [
        45,
        8
      ],
      [
        0,
        79
      ],
      [
        64,
        12
      ],
      [
        69,
        17
      ]
    ],
    "in_cols": [
      29,
      18,
      47,
      37,
      27,
      22,
      46,
      20,
      28,
      44,
      42,
      11,
      17,
      16,
      26,
      9,
      14,
      35,
      24,
      13,
      3,
      15,
      1,
      43,
      8,
      39,
      4,
      5,
      40,
      32,
      34,
      10,
      45,
      12,
      31,
      30,
      25,
      2,
      6,
      21,
      38,
      19,
      7,
      41,
      23,
      0,
      33,
      36
    ],
    "out_cols": [
      25,
      15,
      46,
      30,
      41,
      35,
      40,
      28,
      38,
      42,
      44,
      14,
      29,
      7,
      1,
      32,
      23,
      11,
      13,
      21,
      12,
      19,
      20,
      34,
      9,
      37,
      24,
      0,
      4,
      16,
      45,
      8,
      17,
      47,
      26,
      43,
      36,
      33,
      22,
      3,
      27,
      18,
      10,
      31,
      2,
      39,
      5,
      6
    ]
  }
}