{
  "config": {
    "steps": 700,
    "lr": 0.02,
    "tau_start": 1.0,
    "tau_end": 0.03,
    "sinkhorn_iters": 30,
    "lambda_ent": 0.0003,
    "train_subsample": 0,
    "seed": 16803,
    "device": "cuda"
  },
  "final": {
    "soft_mse_full": 0.4331941306591034,
    "discrete_mse": 27.673908233642578,
    "hash_match": false,
    "perm_str": "59,52,39,55,3,72,95,80,74,78,44,82,73,11,42,29,88,93,18,83,58,90,94,30,28,19,2,7,15,67,37,57,68,47,87,26,35,24,56,25,31,36,50,66,1,71,23,38,5,40,14,63,27,51,4,32,77,33,45,92,81,6,62,20,16,96,91,53,65,75,48,70,0,17,43,9,10,8,41,22,13,76,61,89,69,79,84,54,86,12,49,34,64,21,60,46,85",
    "in_cols": [
      29,
      18,
      3,
      47,
      38,
      22,
      37,
      20,
      44,
      11,
      28,
      46,
      14,
      2,
      9,
      17,
      35,
      43,
      16,
      27,
      15,
      26,
      1,
      12,
      5,
      8,
      13,
      4,
      39,
      23,
      40,
      32,
      10,
      45,
      34,
      24,
      0,
      21,
      6,
      19,
      7,
      31,
      36,
      41,
      42,
      25,
      33,
      30
    ],
    "out_cols": [
      25,
      28,
      35,
      40,
      38,
      41,
      4,
      14,
      46,
      42,
      44,
      15,
      7,
      1,
      32,
      29,
      23,
      13,
      11,
      12,
      19,
      31,
      34,
      20,
      21,
      30,
      24,
      16,
      17,
      45,
      0,
      8,
      47,
      26,
      36,
      33,
      6,
      3,
      2,
      10,
      37,
      43,
      39,
      27,
      5,
      18,
      9,
      22
    ]
  },
  "best_seen": {
    "discrete_mse": 10.413168907165527,
    "order": [
      [
        59,
        52
      ],
      [
        39,
        11
      ],
      [
        3,
        72
      ],
      [
        95,
        80
      ],
      [
        49,
        78
      ],
      [
        44,
        82
      ],
      [
        74,
        55
      ],
      [
        42,
        29
      ],
      [
        58,
        93
      ],
      [
        18,
        83
      ],
      [
        86,
        30
      ],
      [
        94,
        90
      ],
      [
        28,
        19
      ],
      [
        73,
        7
      ],
      [
        15,
        67
      ],
      [
        37,
        57
      ],
      [
        68,
        47
      ],
      [
        87,
        26
      ],
      [
        35,
        24
      ],
      [
        56,
        25
      ],
      [
        31,
        36
      ],
      [
        50,
        66
      ],
      [
        1,
        71
      ],
      [
        23,
        38
      ],
      [
        5,
        40
      ],
      [
        14,
        63
      ],
      [
        27,
        51
      ],
      [
        4,
        32
      ],
      [
        45,
        33
      ],
      [
        77,
        92
      ],
      [
        81,
        6
      ],
      [
        62,
        20
      ],
      [
        16,
        96
      ],
      [
        91,
        53
      ],
      [
        65,
        75
      ],
      [
        48,
        70
      ],
      [
        0,
        17
      ],
      [
        43,
        9
      ],
      [
        10,
        8
      ],
      [
        41,
        22
      ],
      [
        13,
        76
      ],
      [
        61,
        89
      ],
      [
        69,
        79
      ],
      [
        84,
        54
      ],
      [
        2,
        12
      ],
      [
        88,
        34
      ],
      [
        64,
        21
      ],
      [
        60,
        46
      ]
    ],
    "in_cols": [
      29,
      18,
      3,
      47,
      25,
      22,
      38,
      20,
      28,
      11,
      42,
      46,
      14,
      37,
      9,
      17,
      35,
      43,
      16,
      27,
      15,
      26,
      1,
      12,
      5,
      8,
      13,
      4,
      23,
      39,
      40,
      32,
      10,
      45,
      34,
      24,
      0,
      21,
      6,
      19,
      7,
      31,
      36,
      41,
      2,
      44,
      33,
      30
    ],
    "out_cols": [
      25,
      4,
      35,
      40,
      38,
      41,
      28,
      14,
      46,
      42,
      15,
      44,
      7,
      1,
      32,
      29,
      23,
      13,
      11,
      12,
      19,
      31,
      34,
      20,
      21,
      30,
      24,
      16,
      17,
      45,
      0,
      8,
      47,
      26,
      36,
      33,
      6,
      3,
      2,
      10,
      37,
      43,
      39,
      27,
      5,
      18,
      9,
      22
    ]
  }
}