{
  "config": {
    "steps": 700,
    "lr": 0.02,
    "tau_start": 1.0,
    "tau_end": 0.03,
    "sinkhorn_iters": 30,
    "lambda_ent": 0.0003,
    "train_subsample": 0,
    "seed": 4703,
    "device": "cuda"
  },
  "final": {
    "soft_mse_full": 0.4206952154636383,
    "discrete_mse": 27.93734359741211,
    "hash_match": false,
    "perm_str": "59,52,39,30,42,72,95,63,18,78,44,82,87,80,68,55,69,83,58,29,56,7,86,90,37,40,10,24,15,67,35,19,48,57,73,47,50,26,94,93,3,25,31,36,1,38,23,71,60,76,77,11,27,51,16,32,43,70,4,20,5,33,65,96,81,6,91,53,0,75,62,12,14,17,49,21,41,8,2,34,61,22,74,54,13,9,64,92,84,66,28,46,88,89,45,79,85",
    "in_cols": [
      29,
      18,
      20,
      47,
      11,
      22,
      43,
      35,
      36,
      28,
      27,
      42,
      17,
      6,
      9,
      16,
      24,
      37,
      26,
      46,
      3,
      15,
      1,
      12,
      30,
      39,
      13,
      10,
      21,
      4,
      5,
      34,
      40,
      45,
      0,
      32,
      8,
      25,
      19,
      2,
      31,
      38,
      7,
      33,
      41,
      14,
      44,
      23
    ],
    "out_cols": [
      25,
      15,
      35,
      30,
      38,
      41,
      40,
      28,
      42,
      14,
      1,
      44,
      21,
      11,
      32,
      7,
      29,
      23,
      13,
      46,
      12,
      19,
      20,
      34,
      37,
      4,
      24,
      16,
      33,
      8,
      17,
      47,
      0,
      26,
      36,
      5,
      6,
      9,
      2,
      18,
      10,
      27,
      3,
      45,
      31,
      22,
      43,
      39
    ]
  },
  "best_seen": {
    "discrete_mse": 4.166147232055664,
    "order": [
      [
        59,
        52
      ],
      [
        39,
        30
      ],
      [
        23,
        72
      ],
      [
        95,
        63
      ],
      [
        74,
        78
      ],
      [
        44,
        82
      ],
      [
        68,
        80
      ],
      [
        42,
        55
      ],
      [
        69,
        83
      ],
      [
        58,
        29
      ],
      [
        86,
        90
      ],
      [
        18,
        67
      ],
      [
        37,
        40
      ],
      [
        73,
        24
      ],
      [
        15,
        57
      ],
      [
        35,
        19
      ],
      [
        48,
        7
      ],
      [
        28,
        47
      ],
      [
        50,
        26
      ],
      [
        94,
        93
      ],
      [
        3,
        25
      ],
      [
        31,
        36
      ],
      [
        1,
        38
      ],
      [
        87,
        71
      ],
      [
        77,
        76
      ],
      [
        14,
        11
      ],
      [
        27,
        51
      ],
      [
        4,
        32
      ],
      [
        43,
        70
      ],
      [
        65,
        20
      ],
      [
        5,
        33
      ],
      [
        16,
        96
      ],
      [
        81,
        6
      ],
      [
        91,
        53
      ],
      [
        0,
        75
      ],
      [
        62,
        12
      ],
      [
        60,
        17
      ],
      [
        49,
        21
      ],
      [
        10,
        8
      ],
      [
        2,
        34
      ],
      [
        41,
        22
      ],
      [
        45,
        54
      ],
      [
        13,
        9
      ],
      [
        56,
        92
      ],
      [
        84,
        66
      ],
      [
        61,
        46
      ],
      [
        64,
        89
      ],
      [
        88,
        79
      ]
    ],
    "in_cols": [
      29,
      18,
      12,
      47,
      38,
      22,
      35,
      20,
      36,
      28,
      42,
      11,
      17,
      37,
      9,
      16,
      24,
      14,
      26,
      46,
      3,
      15,
      1,
      43,
      39,
      8,
      13,
      4,
      21,
      34,
      5,
      10,
      40,
      45,
      0,
      32,
      30,
      25,
      6,
      2,
      19,
      23,
      7,
      27,
      41,
      31,
      33,
      44
    ],
    "out_cols": [
      25,
      15,
      35,
      30,
      38,
      41,
      40,
      28,
      42,
      14,
      44,
      32,
      21,
      11,
      29,
      7,
      1,
      23,
      13,
      46,
      12,
      19,
      20,
      34,
      37,
      4,
      24,
      16,
      33,
      8,
      17,
      47,
      0,
      26,
      36,
      5,
      6,
      9,
      2,
      18,
      10,
      27,
      3,
      45,
      31,
      22,
      43,
      39
    ]
  }
}