{
  "config": {
    "steps": 900,
    "lr": 0.03,
    "tau_start": 1.0,
    "tau_end": 0.028,
    "sinkhorn_iters": 30,
    "lambda_ent": 0.0003,
    "train_subsample": 4096,
    "seed": 23902,
    "device": "cuda"
  },
  "final": {
    "soft_mse_full": 0.4367040991783142,
    "discrete_mse": 36.27405548095703,
    "hash_match": false,
    "perm_str": "39,75,59,52,73,90,86,30,56,82,87,93,44,78,42,55,94,80,58,29,18,83,15,67,37,40,74,57,10,7,28,19,35,24,48,26,3,53,84,47,31,25,50,66,1,38,60,36,23,21,14,72,27,17,5,11,4,32,81,51,62,6,77,76,65,20,16,96,0,70,45,54,2,9,43,92,13,79,68,34,61,63,95,89,91,71,88,33,64,22,41,46,49,12,69,8,85",
    "in_cols": [
      18,
      29,
      37,
      42,
      27,
      43,
      22,
      20,
      46,
      28,
      11,
      9,
      17,
      38,
      6,
      14,
      16,
      24,
      3,
      41,
      15,
      26,
      1,
      30,
      12,
      8,
      13,
      5,
      4,
      40,
      32,
      39,
      34,
      10,
      0,
      23,
      2,
      21,
      7,
      35,
      31,
      47,
      45,
      44,
      33,
      19,
      25,
      36
    ],
    "out_cols": [
      36,
      25,
      44,
      15,
      41,
      46,
      38,
      28,
      40,
      14,
      42,
      32,
      21,
      29,
      1,
      7,
      11,
      13,
      26,
      23,
      12,
      31,
      20,
      19,
      9,
      35,
      6,
      4,
      16,
      24,
      0,
      37,
      8,
      47,
      33,
      27,
      3,
      45,
      39,
      18,
      30,
      43,
      34,
      17,
      10,
      22,
      5,
      2
    ]
  },
  "best_seen": {
    "discrete_mse": 0.7856669425964355,
    "order": [
      [
        39,
        75
      ],
      [
        59,
        52
      ],
      [
        58,
        57
      ],
      [
        95,
        30
      ],
      [
        56,
        82
      ],
      [
        73,
        93
      ],
      [
        44,
        78
      ],
      [
        42,
        55
      ],
      [
        94,
        80
      ],
      [
        88,
        29
      ],
      [
        86,
        83
      ],
      [
        15,
        67
      ],
      [
        37,
        40
      ],
      [
        18,
        90
      ],
      [
        10,
        7
      ],
      [
        28,
        19
      ],
      [
        35,
        24
      ],
      [
        48,
        26
      ],
      [
        3,
        53
      ],
      [
        84,
        47
      ],
      [
        31,
        25
      ],
      [
        50,
        66
      ],
      [
        1,
        71
      ],
      [
        60,
        36
      ],
      [
        23,
        21
      ],
      [
        14,
        72
      ],
      [
        27,
        17
      ],
      [
        5,
        11
      ],
      [
        4,
        32
      ],
      [
        81,
        38
      ],
      [
        62,
        6
      ],
      [
        77,
        76
      ],
      [
        65,
        20
      ],
      [
        16,
        96
      ],
      [
        0,
        70
      ],
      [
        45,
        54
      ],
      [
        74,
        9
      ],
      [
        43,
        92
      ],
      [
        13,
        79
      ],
      [
        68,
        34
      ],
      [
        61,
        63
      ],
      [
        2,
        89
      ],
      [
        91,
        51
      ],
      [
        87,
        33
      ],
      [
        64,
        22
      ],
      [
        41,
        46
      ],
      [
        49,
        12
      ],
      [
        69,
        8
      ]
    ],
    "in_cols": [
      18,
      29,
      28,
      47,
      27,
      37,
      22,
      20,
      46,
      44,
      42,
      9,
      17,
      11,
      6,
      14,
      16,
      24,
      3,
      41,
      15,
      26,
      1,
      30,
      12,
      8,
      13,
      5,
      4,
      40,
      32,
      39,
      34,
      10,
      0,
      23,
      38,
      21,
      7,
      35,
      31,
      2,
      45,
      43,
      33,
      19,
      25,
      36
    ],
    "out_cols": [
      36,
      25,
      29,
      15,
      41,
      46,
      38,
      28,
      40,
      14,
      42,
      32,
      21,
      44,
      1,
      7,
      11,
      13,
      26,
      23,
      12,
      31,
      34,
      19,
      9,
      35,
      6,
      4,
      16,
      20,
      0,
      37,
      8,
      47,
      33,
      27,
      3,
      45,
      39,
      18,
      30,
      43,
      24,
      17,
      10,
      22,
      5,
      2
    ]
  }
}