{
  "config": {
    "steps": 700,
    "lr": 0.015,
    "tau_start": 1.0,
    "tau_end": 0.025,
    "sinkhorn_iters": 30,
    "lambda_ent": 0.0001,
    "train_subsample": 0,
    "seed": 21204,
    "device": "cuda"
  },
  "final": {
    "soft_mse_full": 0.40741944313049316,
    "discrete_mse": 238.1345977783203,
    "hash_match": false,
    "perm_str": "59,52,28,72,39,93,14,78,56,30,44,82,95,80,42,83,18,51,88,55,58,7,86,90,35,24,48,19,15,57,37,67,73,47,50,71,1,40,94,29,3,26,31,36,91,63,87,38,84,25,77,11,5,17,81,6,4,20,65,92,45,33,16,70,62,96,2,9,61,53,0,54,69,75,64,21,74,34,27,79,10,46,49,66,41,32,68,12,60,8,43,76,13,89,23,22,85",
    "in_cols": [
      29,
      14,
      18,
      8,
      27,
      22,
      47,
      20,
      11,
      44,
      28,
      42,
      16,
      24,
      9,
      17,
      37,
      26,
      1,
      46,
      3,
      15,
      45,
      43,
      41,
      39,
      5,
      40,
      4,
      34,
      23,
      10,
      32,
      2,
      31,
      0,
      36,
      33,
      38,
      13,
      6,
      25,
      19,
      35,
      30,
      21,
      7,
      12
    ],
    "out_cols": [
      25,
      35,
      46,
      38,
      15,
      41,
      40,
      42,
      24,
      28,
      1,
      44,
      11,
      7,
      29,
      32,
      23,
      34,
      21,
      14,
      13,
      19,
      30,
      20,
      12,
      4,
      6,
      0,
      8,
      45,
      17,
      33,
      47,
      3,
      26,
      27,
      36,
      9,
      18,
      39,
      22,
      31,
      16,
      5,
      2,
      37,
      43,
      10
    ]
  },
  "best_seen": {
    "discrete_mse": 38.82084274291992,
    "order": [
      [
        10,
        70
      ],
      [
        16,
        6
      ],
      [
        3,
        20
      ],
      [
        39,
        55
      ],
      [
        45,
        19
      ],
      [
        50,
        7
      ],
      [
        41,
        21
      ],
      [
        31,
        30
      ],
      [
        18,
        26
      ],
      [
        27,
        54
      ],
      [
        68,
        93
      ],
      [
        60,
        82
      ],
      [
        15,
        72
      ],
      [
        61,
        11
      ],
      [
        14,
        32
      ],
      [
        84,
        80
      ],
      [
        77,
        12
      ],
      [
        64,
        52
      ],
      [
        2,
        47
      ],
      [
        44,
        34
      ],
      [
        91,
        22
      ],
      [
        87,
        90
      ],
      [
        5,
        29
      ],
      [
        1,
        67
      ],
      [
        49,
        79
      ],
      [
        23,
        96
      ],
      [
        88,
        53
      ],
      [
        94,
        8
      ],
      [
        69,
        17
      ],
      [
        43,
        89
      ],
      [
        4,
        24
      ],
      [
        65,
        78
      ],
      [
        86,
        66
      ],
      [
        95,
        76
      ],
      [
        81,
        25
      ],
      [
        13,
        75
      ],
      [
        35,
        92
      ],
      [
        37,
        46
      ],
      [
        48,
        36
      ],
      [
        56,
        38
      ],
      [
        73,
        9
      ],
      [
        59,
        33
      ],
      [
        28,
        51
      ],
      [
        62,
        63
      ],
      [
        74,
        57
      ],
      [
        0,
        71
      ],
      [
        58,
        40
      ],
      [
        42,
        83
      ]
    ],
    "in_cols": [
      6,
      10,
      3,
      18,
      23,
      26,
      19,
      15,
      11,
      13,
      35,
      30,
      9,
      31,
      8,
      41,
      39,
      33,
      2,
      22,
      45,
      43,
      5,
      1,
      25,
      12,
      44,
      46,
      36,
      21,
      4,
      34,
      42,
      47,
      40,
      7,
      16,
      17,
      24,
      27,
      37,
      29,
      14,
      32,
      38,
      0,
      28,
      20
    ],
    "out_cols": [
      33,
      0,
      8,
      28,
      7,
      1,
      9,
      15,
      13,
      27,
      46,
      41,
      35,
      4,
      16,
      40,
      5,
      25,
      23,
      18,
      10,
      44,
      14,
      32,
      39,
      47,
      26,
      2,
      6,
      43,
      11,
      38,
      31,
      37,
      12,
      36,
      45,
      22,
      19,
      20,
      3,
      17,
      24,
      30,
      29,
      34,
      21,
      42
    ]
  }
}