{
  "config": {
    "steps": 700,
    "lr": 0.02,
    "tau_start": 1.0,
    "tau_end": 0.03,
    "sinkhorn_iters": 30,
    "lambda_ent": 0.0003,
    "train_subsample": 0,
    "seed": 14403,
    "device": "cuda"
  },
  "final": {
    "soft_mse_full": 0.32803431153297424,
    "discrete_mse": 221.33314514160156,
    "hash_match": false,
    "perm_str": "59,52,3,72,95,55,87,63,56,30,44,82,74,93,68,80,39,83,88,29,18,67,58,90,28,40,10,19,42,47,15,57,73,7,86,71,35,24,94,26,1,25,50,66,31,36,27,38,23,75,77,11,5,51,14,17,65,70,81,6,62,20,16,33,4,96,37,53,91,32,60,54,13,89,45,9,43,12,41,34,84,22,69,79,0,78,2,21,49,8,48,92,61,76,64,46,85",
    "in_cols": [
      29,
      3,
      47,
      43,
      27,
      22,
      38,
      35,
      18,
      44,
      11,
      28,
      14,
      6,
      20,
      9,
      37,
      42,
      16,
      46,
      1,
      26,
      15,
      13,
      12,
      39,
      5,
      8,
      34,
      40,
      32,
      10,
      4,
      17,
      45,
      30,
      7,
      23,
      21,
      19,
      41,
      36,
      0,
      2,
      25,
      24,
      31,
      33
    ],
    "out_cols": [
      25,
      35,
      28,
      30,
      15,
      41,
      46,
      40,
      42,
      14,
      32,
      44,
      21,
      7,
      23,
      29,
      1,
      34,
      11,
      13,
      12,
      31,
      19,
      20,
      36,
      4,
      24,
      6,
      33,
      0,
      8,
      17,
      47,
      26,
      16,
      27,
      43,
      3,
      5,
      18,
      10,
      39,
      38,
      9,
      2,
      45,
      37,
      22
    ]
  },
  "best_seen": {
    "discrete_mse": 5.999584197998047,
    "order": [
      [
        59,
        52
      ],
      [
        3,
        72
      ],
      [
        39,
        78
      ],
      [
        95,
        63
      ],
      [
        56,
        30
      ],
      [
        44,
        82
      ],
      [
        68,
        93
      ],
      [
        94,
        80
      ],
      [
        42,
        83
      ],
      [
        88,
        55
      ],
      [
        18,
        67
      ],
      [
        58,
        90
      ],
      [
        28,
        40
      ],
      [
        10,
        19
      ],
      [
        73,
        47
      ],
      [
        15,
        57
      ],
      [
        37,
        7
      ],
      [
        86,
        71
      ],
      [
        35,
        24
      ],
      [
        48,
        26
      ],
      [
        87,
        25
      ],
      [
        50,
        66
      ],
      [
        31,
        36
      ],
      [
        1,
        38
      ],
      [
        23,
        75
      ],
      [
        77,
        11
      ],
      [
        5,
        51
      ],
      [
        14,
        17
      ],
      [
        43,
        70
      ],
      [
        81,
        6
      ],
      [
        62,
        20
      ],
      [
        16,
        33
      ],
      [
        65,
        96
      ],
      [
        61,
        53
      ],
      [
        91,
        29
      ],
      [
        60,
        54
      ],
      [
        13,
        89
      ],
      [
        45,
        9
      ],
      [
        64,
        12
      ],
      [
        41,
        34
      ],
      [
        74,
        22
      ],
      [
        4,
        79
      ],
      [
        69,
        32
      ],
      [
        2,
        21
      ],
      [
        27,
        8
      ],
      [
        84,
        92
      ],
      [
        0,
        76
      ],
      [
        49,
        46
      ]
    ],
    "in_cols": [
      29,
      3,
      18,
      47,
      27,
      22,
      35,
      46,
      20,
      44,
      11,
      28,
      14,
      6,
      37,
      9,
      17,
      42,
      16,
      24,
      43,
      26,
      15,
      1,
      12,
      39,
      5,
      8,
      21,
      40,
      32,
      10,
      34,
      31,
      45,
      30,
      7,
      23,
      33,
      19,
      38,
      4,
      36,
      2,
      13,
      41,
      0,
      25
    ],
    "out_cols": [
      25,
      35,
      38,
      30,
      15,
      41,
      46,
      40,
      42,
      28,
      32,
      44,
      21,
      7,
      23,
      29,
      1,
      34,
      11,
      13,
      12,
      31,
      19,
      20,
      36,
      4,
      24,
      6,
      33,
      0,
      8,
      17,
      47,
      26,
      14,
      27,
      43,
      3,
      5,
      18,
      10,
      39,
      16,
      9,
      2,
      45,
      37,
      22
    ]
  }
}