{
  "config": {
    "steps": 700,
    "lr": 0.015,
    "tau_start": 1.0,
    "tau_end": 0.025,
    "sinkhorn_iters": 30,
    "lambda_ent": 0.0001,
    "train_subsample": 0,
    "seed": 7904,
    "device": "cuda"
  },
  "final": {
    "soft_mse_full": 0.340713232755661,
    "discrete_mse": 157.52987670898438,
    "hash_match": false,
    "perm_str": "59,52,18,75,39,72,95,63,56,30,44,78,94,80,74,55,42,83,65,29,58,90,3,53,28,19,10,7,35,24,15,67,73,47,86,26,68,40,37,57,31,36,87,25,50,38,1,71,14,11,0,17,27,51,81,6,5,12,45,33,4,32,16,96,48,70,77,20,62,76,60,89,41,54,13,9,49,46,23,21,88,8,84,82,2,22,91,66,43,93,69,79,61,34,64,92,85",
    "in_cols": [
      29,
      11,
      18,
      47,
      27,
      22,
      46,
      38,
      20,
      34,
      28,
      3,
      14,
      6,
      16,
      9,
      37,
      42,
      35,
      17,
      15,
      43,
      26,
      1,
      8,
      0,
      13,
      40,
      5,
      23,
      4,
      10,
      24,
      39,
      32,
      30,
      19,
      7,
      25,
      12,
      44,
      41,
      2,
      45,
      21,
      36,
      31,
      33
    ],
    "out_cols": [
      25,
      36,
      35,
      30,
      15,
      38,
      40,
      28,
      42,
      14,
      44,
      26,
      7,
      1,
      11,
      32,
      23,
      13,
      21,
      29,
      19,
      12,
      20,
      34,
      4,
      6,
      24,
      0,
      5,
      17,
      16,
      47,
      33,
      8,
      37,
      43,
      27,
      3,
      22,
      9,
      2,
      41,
      10,
      31,
      46,
      39,
      18,
      45
    ]
  },
  "best_seen": {
    "discrete_mse": 31.005287170410156,
    "order": [
      [
        27,
        57
      ],
      [
        43,
        89
      ],
      [
        62,
        12
      ],
      [
        64,
        17
      ],
      [
        68,
        67
      ],
      [
        37,
        40
      ],
      [
        31,
        55
      ],
      [
        95,
        71
      ],
      [
        5,
        21
      ],
      [
        2,
        66
      ],
      [
        1,
        47
      ],
      [
        28,
        79
      ],
      [
        49,
        54
      ],
      [
        10,
        7
      ],
      [
        56,
        90
      ],
      [
        45,
        75
      ],
      [
        60,
        8
      ],
      [
        15,
        36
      ],
      [
        13,
        33
      ],
      [
        81,
        96
      ],
      [
        39,
        83
      ],
      [
        48,
        82
      ],
      [
        61,
        25
      ],
      [
        58,
        63
      ],
      [
        69,
        9
      ],
      [
        41,
        29
      ],
      [
        59,
        24
      ],
      [
        42,
        93
      ],
      [
        35,
        76
      ],
      [
        74,
        20
      ],
      [
        88,
        46
      ],
      [
        77,
        11
      ],
      [
        94,
        78
      ],
      [
        86,
        6
      ],
      [
        44,
        22
      ],
      [
        23,
        32
      ],
      [
        14,
        30
      ],
      [
        65,
        80
      ],
      [
        87,
        19
      ],
      [
        18,
        53
      ],
      [
        0,
        70
      ],
      [
        73,
        52
      ],
      [
        84,
        38
      ],
      [
        91,
        26
      ],
      [
        16,
        92
      ],
      [
        4,
        72
      ],
      [
        3,
        34
      ],
      [
        50,
        51
      ]
    ],
    "in_cols": [
      13,
      21,
      32,
      33,
      35,
      17,
      15,
      47,
      5,
      2,
      1,
      14,
      25,
      6,
      27,
      23,
      30,
      9,
      7,
      40,
      18,
      24,
      31,
      28,
      36,
      19,
      29,
      20,
      16,
      38,
      44,
      39,
      46,
      42,
      22,
      12,
      8,
      34,
      43,
      11,
      0,
      37,
      41,
      45,
      10,
      4,
      3,
      26
    ],
    "out_cols": [
      29,
      43,
      5,
      6,
      32,
      21,
      28,
      34,
      9,
      31,
      23,
      39,
      27,
      1,
      44,
      36,
      2,
      19,
      17,
      47,
      42,
      41,
      12,
      30,
      3,
      14,
      11,
      46,
      37,
      8,
      22,
      4,
      38,
      0,
      10,
      16,
      15,
      40,
      7,
      26,
      33,
      25,
      20,
      13,
      45,
      35,
      18,
      24
    ]
  }
}