{
  "config": {
    "steps": 900,
    "lr": 0.03,
    "tau_start": 1.0,
    "tau_end": 0.028,
    "sinkhorn_iters": 30,
    "lambda_ent": 0.0003,
    "train_subsample": 4096,
    "seed": 7802,
    "device": "cuda"
  },
  "final": {
    "soft_mse_full": 0.3984624445438385,
    "discrete_mse": 30.798133850097656,
    "hash_match": false,
    "perm_str": "59,52,39,72,42,63,95,29,56,30,44,82,74,80,68,55,81,93,69,67,18,78,35,24,73,90,37,57,28,7,10,36,86,47,87,71,3,53,61,19,1,25,50,66,77,75,23,38,14,11,5,20,27,51,4,17,64,32,91,6,31,33,62,40,65,96,0,26,48,83,16,70,49,54,13,76,2,79,15,12,45,46,43,9,60,22,84,34,41,21,58,92,88,8,94,89,85",
    "in_cols": [
      29,
      18,
      20,
      47,
      27,
      22,
      38,
      35,
      40,
      36,
      11,
      16,
      37,
      17,
      14,
      6,
      42,
      43,
      3,
      31,
      1,
      26,
      39,
      12,
      8,
      5,
      13,
      4,
      33,
      45,
      15,
      32,
      34,
      0,
      24,
      10,
      25,
      7,
      2,
      9,
      23,
      21,
      30,
      41,
      19,
      28,
      44,
      46
    ],
    "out_cols": [
      25,
      35,
      30,
      14,
      15,
      41,
      40,
      28,
      46,
      32,
      38,
      11,
      44,
      29,
      1,
      19,
      23,
      34,
      26,
      7,
      12,
      31,
      36,
      20,
      4,
      8,
      24,
      6,
      16,
      0,
      17,
      21,
      47,
      13,
      42,
      33,
      27,
      37,
      39,
      5,
      22,
      3,
      10,
      18,
      9,
      45,
      2,
      43
    ]
  },
  "best_seen": {
    "discrete_mse": 9.474472045898438,
    "order": [
      [
        59,
        52
      ],
      [
        39,
        72
      ],
      [
        42,
        63
      ],
      [
        95,
        29
      ],
      [
        56,
        30
      ],
      [
        44,
        82
      ],
      [
        74,
        80
      ],
      [
        68,
        55
      ],
      [
        10,
        93
      ],
      [
        69,
        67
      ],
      [
        18,
        26
      ],
      [
        35,
        24
      ],
      [
        73,
        90
      ],
      [
        37,
        57
      ],
      [
        86,
        7
      ],
      [
        77,
        36
      ],
      [
        81,
        47
      ],
      [
        87,
        71
      ],
      [
        3,
        53
      ],
      [
        28,
        19
      ],
      [
        1,
        25
      ],
      [
        50,
        66
      ],
      [
        31,
        75
      ],
      [
        23,
        38
      ],
      [
        14,
        11
      ],
      [
        5,
        20
      ],
      [
        27,
        51
      ],
      [
        4,
        17
      ],
      [
        64,
        32
      ],
      [
        91,
        6
      ],
      [
        45,
        33
      ],
      [
        62,
        40
      ],
      [
        65,
        96
      ],
      [
        0,
        78
      ],
      [
        48,
        83
      ],
      [
        16,
        70
      ],
      [
        49,
        54
      ],
      [
        13,
        76
      ],
      [
        2,
        79
      ],
      [
        15,
        12
      ],
      [
        61,
        46
      ],
      [
        43,
        9
      ],
      [
        60,
        22
      ],
      [
        84,
        34
      ],
      [
        41,
        21
      ],
      [
        58,
        92
      ],
      [
        88,
        8
      ],
      [
        94,
        89
      ]
    ],
    "in_cols": [
      29,
      18,
      20,
      47,
      27,
      22,
      38,
      35,
      6,
      36,
      11,
      16,
      37,
      17,
      42,
      39,
      40,
      43,
      3,
      14,
      1,
      26,
      15,
      12,
      8,
      5,
      13,
      4,
      33,
      45,
      23,
      32,
      34,
      0,
      24,
      10,
      25,
      7,
      2,
      9,
      31,
      21,
      30,
      41,
      19,
      28,
      44,
      46
    ],
    "out_cols": [
      25,
      35,
      30,
      14,
      15,
      41,
      40,
      28,
      46,
      32,
      13,
      11,
      44,
      29,
      1,
      19,
      23,
      34,
      26,
      7,
      12,
      31,
      36,
      20,
      4,
      8,
      24,
      6,
      16,
      0,
      17,
      21,
      47,
      38,
      42,
      33,
      27,
      37,
      39,
      5,
      22,
      3,
      10,
      18,
      9,
      45,
      2,
      43
    ]
  }
}