{
  "config": {
    "steps": 700,
    "lr": 0.02,
    "tau_start": 1.0,
    "tau_end": 0.03,
    "sinkhorn_iters": 30,
    "lambda_ent": 0.0003,
    "train_subsample": 0,
    "seed": 5703,
    "device": "cuda"
  },
  "final": {
    "soft_mse_full": 0.3459436297416687,
    "discrete_mse": 4.8267083168029785,
    "hash_match": false,
    "perm_str": "39,52,59,72,95,82,74,55,56,30,44,78,73,19,42,80,18,29,58,93,69,67,94,83,86,90,35,24,37,7,10,57,68,38,15,47,48,26,1,63,3,53,50,66,31,36,87,71,23,25,14,76,64,75,81,11,77,92,4,6,45,12,65,20,5,33,16,96,60,70,62,32,91,40,27,17,49,54,13,9,84,22,0,34,2,21,28,8,88,79,61,51,41,46,43,89,85",
    "in_cols": [
      18,
      29,
      47,
      38,
      27,
      22,
      37,
      20,
      11,
      28,
      36,
      46,
      42,
      16,
      17,
      6,
      35,
      9,
      24,
      1,
      3,
      26,
      15,
      43,
      12,
      8,
      33,
      40,
      39,
      4,
      23,
      34,
      5,
      10,
      30,
      32,
      45,
      13,
      25,
      7,
      41,
      0,
      2,
      14,
      44,
      31,
      19,
      21
    ],
    "out_cols": [
      25,
      35,
      41,
      28,
      15,
      38,
      7,
      40,
      14,
      46,
      32,
      42,
      44,
      11,
      1,
      29,
      20,
      23,
      13,
      30,
      26,
      31,
      19,
      34,
      12,
      37,
      36,
      4,
      45,
      0,
      5,
      8,
      17,
      47,
      33,
      16,
      21,
      6,
      27,
      3,
      10,
      18,
      9,
      2,
      39,
      24,
      22,
      43
    ]
  },
  "best_seen": {
    "discrete_mse": 6.831883430480957,
    "order": [
      [
        39,
        52
      ],
      [
        59,
        72
      ],
      [
        95,
        82
      ],
      [
        74,
        55
      ],
      [
        56,
        30
      ],
      [
        44,
        78
      ],
      [
        73,
        19
      ],
      [
        86,
        80
      ],
      [
        42,
        29
      ],
      [
        58,
        93
      ],
      [
        69,
        67
      ],
      [
        94,
        83
      ],
      [
        18,
        90
      ],
      [
        35,
        24
      ],
      [
        37,
        7
      ],
      [
        10,
        57
      ],
      [
        68,
        38
      ],
      [
        15,
        47
      ],
      [
        48,
        26
      ],
      [
        1,
        63
      ],
      [
        3,
        53
      ],
      [
        50,
        66
      ],
      [
        31,
        36
      ],
      [
        87,
        71
      ],
      [
        23,
        25
      ],
      [
        14,
        76
      ],
      [
        81,
        75
      ],
      [
        64,
        11
      ],
      [
        77,
        92
      ],
      [
        4,
        6
      ],
      [
        45,
        12
      ],
      [
        65,
        20
      ],
      [
        5,
        33
      ],
      [
        16,
        96
      ],
      [
        60,
        70
      ],
      [
        62,
        32
      ],
      [
        91,
        40
      ],
      [
        27,
        17
      ],
      [
        49,
        54
      ],
      [
        13,
        9
      ],
      [
        84,
        22
      ],
      [
        0,
        34
      ],
      [
        2,
        21
      ],
      [
        28,
        8
      ],
      [
        88,
        79
      ],
      [
        61,
        51
      ],
      [
        41,
        46
      ],
      [
        43,
        89
      ]
    ],
    "in_cols": [
      18,
      29,
      47,
      38,
      27,
      22,
      37,
      42,
      20,
      28,
      36,
      46,
      11,
      16,
      17,
      6,
      35,
      9,
      24,
      1,
      3,
      26,
      15,
      43,
      12,
      8,
      40,
      33,
      39,
      4,
      23,
      34,
      5,
      10,
      30,
      32,
      45,
      13,
      25,
      7,
      41,
      0,
      2,
      14,
      44,
      31,
      19,
      21
    ],
    "out_cols": [
      25,
      35,
      41,
      28,
      15,
      38,
      7,
      40,
      14,
      46,
      32,
      42,
      44,
      11,
      1,
      29,
      20,
      23,
      13,
      30,
      26,
      31,
      19,
      34,
      12,
      37,
      36,
      4,
      45,
      0,
      5,
      8,
      17,
      47,
      33,
      16,
      21,
      6,
      27,
      3,
      10,
      18,
      9,
      2,
      39,
      24,
      22,
      43
    ]
  }
}