{
  "config": {
    "steps": 900,
    "lr": 0.03,
    "tau_start": 1.0,
    "tau_end": 0.03,
    "sinkhorn_iters": 30,
    "lambda_ent": 0.0003,
    "train_subsample": 4096,
    "seed": 13201,
    "device": "cuda"
  },
  "final": {
    "soft_mse_full": 0.32836464047431946,
    "discrete_mse": 77.21900939941406,
    "hash_match": false,
    "perm_str": "84,52,59,30,39,72,95,63,74,80,73,55,44,82,42,29,58,78,94,93,18,83,86,90,35,53,28,19,15,57,41,67,37,36,68,47,3,40,31,25,50,26,23,38,1,12,87,71,5,33,14,17,64,11,4,32,77,92,81,6,56,96,16,76,91,20,48,70,65,89,27,51,62,75,88,21,10,46,0,79,60,8,61,9,13,22,45,24,43,54,49,34,2,7,69,66,85",
    "in_cols": [
      41,
      29,
      18,
      47,
      38,
      37,
      22,
      20,
      28,
      46,
      11,
      42,
      16,
      14,
      9,
      19,
      17,
      35,
      3,
      15,
      26,
      12,
      1,
      43,
      5,
      8,
      33,
      4,
      39,
      40,
      27,
      10,
      45,
      24,
      34,
      13,
      32,
      44,
      6,
      0,
      30,
      31,
      7,
      23,
      21,
      25,
      2,
      36
    ],
    "out_cols": [
      25,
      15,
      35,
      30,
      40,
      28,
      41,
      14,
      38,
      46,
      42,
      44,
      26,
      7,
      29,
      32,
      19,
      23,
      21,
      12,
      13,
      20,
      5,
      34,
      17,
      6,
      4,
      16,
      45,
      0,
      47,
      37,
      8,
      33,
      43,
      24,
      36,
      9,
      22,
      39,
      2,
      3,
      10,
      11,
      27,
      18,
      1,
      31
    ]
  },
  "best_seen": {
    "discrete_mse": 6.614379405975342,
    "order": [
      [
        50,
        83
      ],
      [
        74,
        9
      ],
      [
        43,
        22
      ],
      [
        81,
        92
      ],
      [
        23,
        47
      ],
      [
        45,
        57
      ],
      [
        84,
        90
      ],
      [
        10,
        54
      ],
      [
        37,
        63
      ],
      [
        58,
        26
      ],
      [
        16,
        29
      ],
      [
        4,
        19
      ],
      [
        39,
        17
      ],
      [
        48,
        67
      ],
      [
        91,
        7
      ],
      [
        94,
        25
      ],
      [
        13,
        80
      ],
      [
        1,
        21
      ],
      [
        2,
        82
      ],
      [
        3,
        78
      ],
      [
        62,
        32
      ],
      [
        88,
        79
      ],
      [
        68,
        36
      ],
      [
        87,
        75
      ],
      [
        59,
        12
      ],
      [
        0,
        71
      ],
      [
        27,
        76
      ],
      [
        15,
        11
      ],
      [
        49,
        40
      ],
      [
        77,
        96
      ],
      [
        86,
        72
      ],
      [
        65,
        24
      ],
      [
        69,
        38
      ],
      [
        44,
        89
      ],
      [
        5,
        8
      ],
      [
        42,
        66
      ],
      [
        35,
        55
      ],
      [
        61,
        30
      ],
      [
        14,
        6
      ],
      [
        64,
        51
      ],
      [
        18,
        33
      ],
      [
        56,
        20
      ],
      [
        73,
        34
      ],
      [
        41,
        70
      ],
      [
        31,
        52
      ],
      [
        95,
        46
      ],
      [
        28,
        53
      ],
      [
        60,
        93
      ]
    ],
    "in_cols": [
      26,
      38,
      21,
      40,
      12,
      23,
      41,
      6,
      17,
      28,
      10,
      4,
      18,
      24,
      45,
      46,
      7,
      1,
      2,
      3,
      32,
      44,
      35,
      43,
      29,
      0,
      13,
      9,
      25,
      39,
      42,
      34,
      36,
      22,
      5,
      20,
      16,
      31,
      8,
      33,
      11,
      27,
      37,
      19,
      15,
      47,
      14,
      30
    ],
    "out_cols": [
      42,
      3,
      10,
      45,
      23,
      29,
      44,
      27,
      30,
      13,
      14,
      7,
      6,
      32,
      1,
      12,
      40,
      9,
      41,
      38,
      16,
      39,
      19,
      36,
      5,
      34,
      37,
      4,
      21,
      47,
      35,
      11,
      20,
      43,
      2,
      31,
      28,
      15,
      0,
      24,
      17,
      8,
      18,
      33,
      25,
      22,
      26,
      46
    ]
  }
}