{
  "config": {
    "steps": 700,
    "lr": 0.015,
    "tau_start": 1.0,
    "tau_end": 0.025,
    "sinkhorn_iters": 30,
    "lambda_ent": 0.0001,
    "train_subsample": 0,
    "seed": 28004,
    "device": "cuda"
  },
  "final": {
    "soft_mse_full": 0.34656229615211487,
    "discrete_mse": 159.57688903808594,
    "hash_match": false,
    "perm_str": "59,52,3,72,39,55,73,63,56,30,44,82,95,80,42,29,58,93,86,83,94,53,18,90,35,25,28,19,74,24,10,7,15,67,37,47,68,26,48,40,50,66,31,36,1,38,87,71,23,78,14,11,5,51,4,6,45,12,65,92,81,20,77,96,16,76,91,33,41,75,49,34,13,89,2,70,43,57,84,54,0,46,62,17,64,22,88,9,61,32,69,79,60,8,27,21,85",
    "in_cols": [
      29,
      3,
      18,
      37,
      27,
      22,
      47,
      20,
      28,
      42,
      46,
      11,
      16,
      14,
      38,
      6,
      9,
      17,
      35,
      24,
      26,
      15,
      1,
      43,
      12,
      8,
      5,
      4,
      23,
      34,
      40,
      39,
      10,
      45,
      19,
      25,
      7,
      2,
      21,
      41,
      0,
      32,
      33,
      44,
      31,
      36,
      30,
      13
    ],
    "out_cols": [
      25,
      35,
      28,
      30,
      15,
      41,
      40,
      14,
      46,
      42,
      26,
      44,
      12,
      7,
      11,
      1,
      32,
      23,
      13,
      21,
      31,
      19,
      20,
      34,
      38,
      4,
      24,
      0,
      5,
      45,
      8,
      47,
      37,
      17,
      36,
      18,
      43,
      33,
      29,
      27,
      22,
      6,
      10,
      3,
      16,
      39,
      2,
      9
    ]
  },
  "best_seen": {
    "discrete_mse": 27.696205139160156,
    "order": [
      [
        59,
        52
      ],
      [
        39,
        72
      ],
      [
        95,
        93
      ],
      [
        73,
        63
      ],
      [
        56,
        82
      ],
      [
        44,
        78
      ],
      [
        68,
        80
      ],
      [
        42,
        29
      ],
      [
        88,
        55
      ],
      [
        58,
        30
      ],
      [
        94,
        53
      ],
      [
        18,
        90
      ],
      [
        35,
        24
      ],
      [
        28,
        19
      ],
      [
        37,
        7
      ],
      [
        10,
        57
      ],
      [
        15,
        67
      ],
      [
        86,
        47
      ],
      [
        3,
        26
      ],
      [
        48,
        40
      ],
      [
        50,
        25
      ],
      [
        31,
        36
      ],
      [
        1,
        38
      ],
      [
        87,
        71
      ],
      [
        23,
        21
      ],
      [
        14,
        11
      ],
      [
        5,
        51
      ],
      [
        81,
        6
      ],
      [
        45,
        12
      ],
      [
        91,
        33
      ],
      [
        4,
        20
      ],
      [
        16,
        96
      ],
      [
        77,
        76
      ],
      [
        65,
        89
      ],
      [
        13,
        75
      ],
      [
        49,
        54
      ],
      [
        62,
        83
      ],
      [
        0,
        70
      ],
      [
        60,
        22
      ],
      [
        74,
        92
      ],
      [
        41,
        66
      ],
      [
        69,
        17
      ],
      [
        64,
        79
      ],
      [
        84,
        9
      ],
      [
        61,
        32
      ],
      [
        2,
        46
      ],
      [
        43,
        34
      ],
      [
        27,
        8
      ]
    ],
    "in_cols": [
      29,
      18,
      47,
      37,
      27,
      22,
      35,
      20,
      44,
      28,
      46,
      11,
      16,
      14,
      17,
      6,
      9,
      42,
      3,
      24,
      26,
      15,
      1,
      43,
      12,
      8,
      5,
      40,
      23,
      45,
      4,
      10,
      39,
      34,
      7,
      25,
      32,
      0,
      30,
      38,
      19,
      36,
      33,
      41,
      31,
      2,
      21,
      13
    ],
    "out_cols": [
      25,
      35,
      46,
      30,
      41,
      38,
      40,
      14,
      28,
      15,
      26,
      44,
      11,
      7,
      1,
      29,
      32,
      23,
      13,
      21,
      12,
      19,
      20,
      34,
      9,
      4,
      24,
      0,
      5,
      17,
      8,
      47,
      37,
      43,
      36,
      27,
      42,
      33,
      10,
      45,
      31,
      6,
      39,
      3,
      16,
      22,
      18,
      2
    ]
  }
}