{
  "config": {
    "steps": 900,
    "lr": 0.03,
    "tau_start": 1.0,
    "tau_end": 0.03,
    "sinkhorn_iters": 30,
    "lambda_ent": 0.0003,
    "train_subsample": 4096,
    "seed": 14301,
    "device": "cuda"
  },
  "final": {
    "soft_mse_full": 0.4883384704589844,
    "discrete_mse": 3.8061599731445312,
    "hash_match": false,
    "perm_str": "39,52,3,72,59,78,95,63,74,55,56,30,44,82,42,29,18,80,58,93,94,83,50,90,73,47,15,67,10,57,28,19,87,7,86,40,35,24,48,26,23,36,31,25,37,38,1,71,5,11,64,75,14,17,62,32,27,51,45,20,4,6,81,22,65,96,77,92,13,53,91,89,2,9,68,34,16,70,41,12,49,54,0,66,60,21,88,8,61,46,84,79,43,76,69,33,85",
    "in_cols": [
      18,
      3,
      29,
      47,
      38,
      27,
      22,
      20,
      11,
      28,
      46,
      26,
      37,
      9,
      6,
      14,
      43,
      42,
      16,
      24,
      12,
      15,
      17,
      1,
      5,
      33,
      8,
      32,
      13,
      23,
      4,
      40,
      34,
      39,
      7,
      45,
      2,
      35,
      10,
      19,
      25,
      0,
      30,
      44,
      31,
      41,
      21,
      36
    ],
    "out_cols": [
      25,
      35,
      38,
      30,
      28,
      15,
      41,
      14,
      40,
      46,
      42,
      44,
      23,
      32,
      29,
      7,
      1,
      21,
      11,
      13,
      19,
      12,
      20,
      34,
      4,
      36,
      6,
      16,
      24,
      8,
      0,
      10,
      47,
      45,
      26,
      43,
      3,
      18,
      33,
      5,
      27,
      31,
      9,
      2,
      22,
      39,
      37,
      17
    ]
  },
  "best_seen": {
    "discrete_mse": 1.369105339050293,
    "order": [
      [
        59,
        52
      ],
      [
        95,
        72
      ],
      [
        73,
        78
      ],
      [
        39,
        63
      ],
      [
        74,
        55
      ],
      [
        56,
        30
      ],
      [
        44,
        82
      ],
      [
        42,
        29
      ],
      [
        81,
        80
      ],
      [
        58,
        93
      ],
      [
        94,
        83
      ],
      [
        18,
        90
      ],
      [
        48,
        47
      ],
      [
        15,
        67
      ],
      [
        10,
        57
      ],
      [
        28,
        19
      ],
      [
        50,
        7
      ],
      [
        86,
        40
      ],
      [
        35,
        24
      ],
      [
        3,
        26
      ],
      [
        31,
        36
      ],
      [
        87,
        25
      ],
      [
        37,
        38
      ],
      [
        1,
        71
      ],
      [
        5,
        11
      ],
      [
        64,
        75
      ],
      [
        14,
        17
      ],
      [
        62,
        32
      ],
      [
        27,
        51
      ],
      [
        45,
        20
      ],
      [
        4,
        6
      ],
      [
        43,
        12
      ],
      [
        65,
        96
      ],
      [
        77,
        92
      ],
      [
        13,
        53
      ],
      [
        91,
        89
      ],
      [
        2,
        9
      ],
      [
        68,
        34
      ],
      [
        16,
        70
      ],
      [
        41,
        22
      ],
      [
        49,
        54
      ],
      [
        0,
        66
      ],
      [
        60,
        21
      ],
      [
        88,
        8
      ],
      [
        61,
        46
      ],
      [
        84,
        79
      ],
      [
        23,
        76
      ],
      [
        69,
        33
      ]
    ],
    "in_cols": [
      29,
      47,
      37,
      18,
      38,
      27,
      22,
      20,
      40,
      28,
      46,
      11,
      24,
      9,
      6,
      14,
      26,
      42,
      16,
      3,
      15,
      43,
      17,
      1,
      5,
      33,
      8,
      32,
      13,
      23,
      4,
      21,
      34,
      39,
      7,
      45,
      2,
      35,
      10,
      19,
      25,
      0,
      30,
      44,
      31,
      41,
      12,
      36
    ],
    "out_cols": [
      25,
      35,
      38,
      30,
      28,
      15,
      41,
      14,
      40,
      46,
      42,
      44,
      23,
      32,
      29,
      7,
      1,
      21,
      11,
      13,
      19,
      12,
      20,
      34,
      4,
      36,
      6,
      16,
      24,
      8,
      0,
      5,
      47,
      45,
      26,
      43,
      3,
      18,
      33,
      10,
      27,
      31,
      9,
      2,
      22,
      39,
      37,
      17
    ]
  }
}