{
  "config": {
    "steps": 700,
    "lr": 0.015,
    "tau_start": 1.0,
    "tau_end": 0.025,
    "sinkhorn_iters": 30,
    "lambda_ent": 0.0001,
    "train_subsample": 0,
    "seed": 26704,
    "device": "cuda"
  },
  "final": {
    "soft_mse_full": 0.3228469789028168,
    "discrete_mse": 688.4540405273438,
    "hash_match": false,
    "perm_str": "59,30,39,75,74,72,95,93,56,82,44,78,68,55,42,29,88,54,94,7,86,80,18,83,35,90,28,19,73,57,15,67,37,47,3,26,87,71,65,63,50,66,31,25,1,36,23,38,27,40,14,17,77,11,5,32,45,33,48,70,4,6,91,20,81,89,16,96,61,53,62,51,13,9,49,21,64,12,60,79,10,34,84,24,58,22,41,46,43,76,2,52,0,92,69,8,85",
    "in_cols": [
      29,
      18,
      38,
      47,
      27,
      22,
      35,
      20,
      44,
      46,
      42,
      11,
      16,
      14,
      37,
      9,
      17,
      3,
      43,
      34,
      26,
      15,
      1,
      12,
      13,
      8,
      39,
      5,
      23,
      24,
      4,
      45,
      40,
      10,
      31,
      32,
      7,
      25,
      33,
      30,
      6,
      41,
      28,
      19,
      21,
      2,
      0,
      36
    ],
    "out_cols": [
      15,
      36,
      35,
      46,
      41,
      38,
      28,
      14,
      27,
      1,
      40,
      42,
      44,
      7,
      29,
      32,
      23,
      13,
      34,
      30,
      31,
      12,
      19,
      20,
      21,
      6,
      4,
      16,
      17,
      33,
      0,
      8,
      43,
      47,
      26,
      24,
      3,
      9,
      5,
      39,
      18,
      11,
      10,
      22,
      37,
      25,
      45,
      2
    ]
  },
  "best_seen": {
    "discrete_mse": 36.58710479736328,
    "order": [
      [
        59,
        52
      ],
      [
        31,
        75
      ],
      [
        74,
        72
      ],
      [
        95,
        29
      ],
      [
        68,
        82
      ],
      [
        44,
        78
      ],
      [
        39,
        55
      ],
      [
        42,
        7
      ],
      [
        88,
        54
      ],
      [
        58,
        93
      ],
      [
        86,
        80
      ],
      [
        18,
        83
      ],
      [
        35,
        90
      ],
      [
        10,
        19
      ],
      [
        73,
        57
      ],
      [
        15,
        67
      ],
      [
        37,
        47
      ],
      [
        3,
        26
      ],
      [
        87,
        71
      ],
      [
        65,
        63
      ],
      [
        50,
        66
      ],
      [
        28,
        25
      ],
      [
        1,
        36
      ],
      [
        23,
        38
      ],
      [
        2,
        40
      ],
      [
        49,
        17
      ],
      [
        77,
        11
      ],
      [
        14,
        32
      ],
      [
        45,
        33
      ],
      [
        48,
        70
      ],
      [
        4,
        6
      ],
      [
        16,
        20
      ],
      [
        81,
        89
      ],
      [
        5,
        96
      ],
      [
        61,
        53
      ],
      [
        62,
        51
      ],
      [
        13,
        9
      ],
      [
        56,
        21
      ],
      [
        64,
        12
      ],
      [
        60,
        79
      ],
      [
        27,
        34
      ],
      [
        84,
        24
      ],
      [
        41,
        22
      ],
      [
        91,
        46
      ],
      [
        94,
        76
      ],
      [
        43,
        30
      ],
      [
        0,
        92
      ],
      [
        69,
        8
      ]
    ],
    "in_cols": [
      29,
      15,
      38,
      47,
      35,
      22,
      18,
      20,
      44,
      28,
      42,
      11,
      16,
      6,
      37,
      9,
      17,
      3,
      43,
      34,
      26,
      14,
      1,
      12,
      2,
      25,
      39,
      8,
      23,
      24,
      4,
      10,
      40,
      5,
      31,
      32,
      7,
      27,
      33,
      30,
      13,
      41,
      19,
      45,
      46,
      21,
      0,
      36
    ],
    "out_cols": [
      25,
      36,
      35,
      14,
      41,
      38,
      28,
      1,
      27,
      46,
      40,
      42,
      44,
      7,
      29,
      32,
      23,
      13,
      34,
      30,
      31,
      12,
      19,
      20,
      21,
      6,
      4,
      16,
      17,
      33,
      0,
      8,
      43,
      47,
      26,
      24,
      3,
      9,
      5,
      39,
      18,
      11,
      10,
      22,
      37,
      15,
      45,
      2
    ]
  }
}