{
  "config": {
    "steps": 900,
    "lr": 0.03,
    "tau_start": 1.0,
    "tau_end": 0.03,
    "sinkhorn_iters": 30,
    "lambda_ent": 0.0003,
    "train_subsample": 4096,
    "seed": 10201,
    "device": "cuda"
  },
  "final": {
    "soft_mse_full": 0.36676299571990967,
    "discrete_mse": 14.864150047302246,
    "hash_match": false,
    "perm_str": "95,52,69,72,73,55,59,63,56,30,44,82,74,19,42,80,37,93,58,78,18,90,94,83,15,67,35,24,1,7,3,57,50,47,86,40,48,26,28,12,65,25,31,36,87,71,27,38,49,21,5,51,14,17,64,11,81,29,45,33,77,20,39,6,2,70,16,96,91,76,13,53,0,75,62,32,60,46,84,34,41,22,68,54,43,9,61,79,4,66,10,8,88,89,23,92,85",
    "in_cols": [
      47,
      36,
      37,
      29,
      27,
      22,
      38,
      20,
      17,
      28,
      11,
      46,
      9,
      16,
      1,
      3,
      26,
      42,
      24,
      14,
      34,
      15,
      43,
      13,
      25,
      5,
      8,
      33,
      40,
      23,
      39,
      18,
      2,
      10,
      45,
      7,
      0,
      32,
      30,
      41,
      19,
      35,
      21,
      31,
      4,
      6,
      44,
      12
    ],
    "out_cols": [
      25,
      35,
      28,
      30,
      15,
      41,
      7,
      40,
      46,
      38,
      44,
      42,
      32,
      11,
      1,
      29,
      23,
      21,
      13,
      5,
      12,
      19,
      34,
      20,
      9,
      24,
      6,
      4,
      14,
      17,
      8,
      0,
      33,
      47,
      37,
      26,
      36,
      16,
      22,
      18,
      10,
      27,
      3,
      39,
      31,
      2,
      43,
      45
    ]
  },
  "best_seen": {
    "discrete_mse": 2.8906633853912354,
    "order": [
      [
        59,
        55
      ],
      [
        39,
        72
      ],
      [
        95,
        52
      ],
      [
        42,
        63
      ],
      [
        56,
        30
      ],
      [
        44,
        82
      ],
      [
        74,
        19
      ],
      [
        88,
        80
      ],
      [
        37,
        93
      ],
      [
        58,
        78
      ],
      [
        18,
        90
      ],
      [
        94,
        83
      ],
      [
        15,
        67
      ],
      [
        35,
        24
      ],
      [
        1,
        7
      ],
      [
        68,
        57
      ],
      [
        73,
        40
      ],
      [
        86,
        47
      ],
      [
        3,
        26
      ],
      [
        10,
        12
      ],
      [
        50,
        25
      ],
      [
        31,
        36
      ],
      [
        87,
        71
      ],
      [
        27,
        38
      ],
      [
        23,
        21
      ],
      [
        5,
        51
      ],
      [
        14,
        17
      ],
      [
        64,
        11
      ],
      [
        81,
        29
      ],
      [
        45,
        33
      ],
      [
        77,
        20
      ],
      [
        4,
        6
      ],
      [
        48,
        70
      ],
      [
        16,
        96
      ],
      [
        91,
        76
      ],
      [
        60,
        53
      ],
      [
        0,
        75
      ],
      [
        62,
        32
      ],
      [
        41,
        46
      ],
      [
        84,
        34
      ],
      [
        49,
        22
      ],
      [
        69,
        54
      ],
      [
        13,
        9
      ],
      [
        61,
        79
      ],
      [
        43,
        66
      ],
      [
        28,
        8
      ],
      [
        2,
        89
      ],
      [
        65,
        92
      ]
    ],
    "in_cols": [
      29,
      18,
      47,
      20,
      27,
      22,
      38,
      44,
      17,
      28,
      11,
      46,
      9,
      16,
      1,
      35,
      37,
      42,
      3,
      6,
      26,
      15,
      43,
      13,
      12,
      5,
      8,
      33,
      40,
      23,
      39,
      4,
      24,
      10,
      45,
      30,
      0,
      32,
      19,
      41,
      25,
      36,
      7,
      31,
      21,
      14,
      2,
      34
    ],
    "out_cols": [
      28,
      35,
      25,
      30,
      15,
      41,
      7,
      40,
      46,
      38,
      44,
      42,
      32,
      11,
      1,
      29,
      21,
      23,
      13,
      5,
      12,
      19,
      34,
      20,
      9,
      24,
      6,
      4,
      14,
      17,
      8,
      0,
      33,
      47,
      37,
      26,
      36,
      16,
      22,
      18,
      10,
      27,
      3,
      39,
      31,
      2,
      43,
      45
    ]
  }
}