{
  "config": {
    "steps": 900,
    "lr": 0.03,
    "tau_start": 1.0,
    "tau_end": 0.028,
    "sinkhorn_iters": 30,
    "lambda_ent": 0.0003,
    "train_subsample": 4096,
    "seed": 16302,
    "device": "cuda"
  },
  "final": {
    "soft_mse_full": 0.3475213646888733,
    "discrete_mse": 19.281463623046875,
    "hash_match": false,
    "perm_str": "59,30,69,72,95,75,39,52,56,55,77,78,44,82,42,80,74,29,94,93,15,67,18,38,68,47,10,7,73,57,28,19,86,26,35,24,87,71,37,63,31,36,50,66,1,40,23,11,60,25,16,21,14,17,62,20,81,6,5,33,48,70,65,96,91,51,13,89,61,9,27,53,41,83,49,54,45,34,43,76,2,32,64,46,0,79,84,22,4,90,88,12,3,8,58,92,85",
    "in_cols": [
      29,
      36,
      47,
      18,
      27,
      39,
      22,
      20,
      38,
      46,
      9,
      11,
      35,
      6,
      37,
      14,
      42,
      16,
      43,
      17,
      15,
      26,
      1,
      12,
      30,
      10,
      8,
      32,
      40,
      5,
      24,
      34,
      45,
      7,
      31,
      13,
      19,
      25,
      23,
      21,
      2,
      33,
      0,
      41,
      4,
      44,
      3,
      28
    ],
    "out_cols": [
      15,
      35,
      36,
      25,
      28,
      38,
      41,
      40,
      14,
      46,
      32,
      20,
      23,
      1,
      29,
      7,
      13,
      11,
      34,
      30,
      19,
      31,
      21,
      4,
      12,
      9,
      6,
      8,
      0,
      17,
      33,
      47,
      24,
      43,
      3,
      26,
      42,
      27,
      18,
      37,
      16,
      22,
      39,
      10,
      44,
      5,
      2,
      45
    ]
  },
  "best_seen": {
    "discrete_mse": 8.721559524536133,
    "order": [
      [
        59,
        52
      ],
      [
        69,
        72
      ],
      [
        95,
        75
      ],
      [
        39,
        29
      ],
      [
        56,
        82
      ],
      [
        74,
        78
      ],
      [
        44,
        93
      ],
      [
        87,
        80
      ],
      [
        42,
        55
      ],
      [
        94,
        30
      ],
      [
        15,
        67
      ],
      [
        18,
        38
      ],
      [
        68,
        47
      ],
      [
        50,
        7
      ],
      [
        73,
        57
      ],
      [
        28,
        19
      ],
      [
        86,
        26
      ],
      [
        35,
        24
      ],
      [
        48,
        71
      ],
      [
        37,
        63
      ],
      [
        31,
        36
      ],
      [
        3,
        66
      ],
      [
        1,
        40
      ],
      [
        23,
        11
      ],
      [
        60,
        25
      ],
      [
        16,
        21
      ],
      [
        14,
        17
      ],
      [
        62,
        20
      ],
      [
        81,
        6
      ],
      [
        5,
        33
      ],
      [
        77,
        70
      ],
      [
        65,
        96
      ],
      [
        91,
        51
      ],
      [
        13,
        89
      ],
      [
        2,
        9
      ],
      [
        27,
        53
      ],
      [
        41,
        83
      ],
      [
        49,
        54
      ],
      [
        45,
        34
      ],
      [
        43,
        76
      ],
      [
        61,
        32
      ],
      [
        64,
        46
      ],
      [
        0,
        79
      ],
      [
        10,
        22
      ],
      [
        4,
        90
      ],
      [
        88,
        12
      ],
      [
        84,
        8
      ],
      [
        58,
        92
      ]
    ],
    "in_cols": [
      29,
      36,
      47,
      18,
      27,
      38,
      22,
      43,
      20,
      46,
      9,
      11,
      35,
      26,
      37,
      14,
      42,
      16,
      24,
      17,
      15,
      3,
      1,
      12,
      30,
      10,
      8,
      32,
      40,
      5,
      39,
      34,
      45,
      7,
      2,
      13,
      19,
      25,
      23,
      21,
      31,
      33,
      0,
      6,
      4,
      44,
      41,
      28
    ],
    "out_cols": [
      25,
      35,
      36,
      14,
      41,
      38,
      46,
      40,
      28,
      15,
      32,
      20,
      23,
      1,
      29,
      7,
      13,
      11,
      34,
      30,
      19,
      31,
      21,
      4,
      12,
      9,
      6,
      8,
      0,
      17,
      33,
      47,
      24,
      43,
      3,
      26,
      42,
      27,
      18,
      37,
      16,
      22,
      39,
      10,
      44,
      5,
      2,
      45
    ]
  }
}