{
  "config": {
    "steps": 700,
    "lr": 0.02,
    "tau_start": 1.0,
    "tau_end": 0.03,
    "sinkhorn_iters": 30,
    "lambda_ent": 0.0003,
    "train_subsample": 0,
    "seed": 5203,
    "device": "cuda"
  },
  "final": {
    "soft_mse_full": 0.3517080843448639,
    "discrete_mse": 48.555484771728516,
    "hash_match": false,
    "perm_str": "59,30,35,72,95,52,86,63,74,80,44,82,39,55,42,29,58,78,69,93,94,83,18,38,48,90,28,19,50,7,15,67,73,47,37,57,68,24,31,36,3,25,14,26,1,40,87,71,49,17,4,75,5,6,43,70,81,11,62,33,56,66,65,20,16,96,61,53,91,32,77,34,27,89,60,8,45,9,84,54,41,22,10,46,13,92,23,76,2,51,64,21,88,12,0,79,85",
    "in_cols": [
      29,
      16,
      47,
      42,
      38,
      22,
      18,
      20,
      28,
      36,
      46,
      11,
      24,
      14,
      26,
      9,
      37,
      17,
      35,
      15,
      3,
      8,
      1,
      43,
      25,
      4,
      5,
      21,
      40,
      32,
      27,
      34,
      10,
      31,
      45,
      39,
      13,
      30,
      23,
      41,
      19,
      6,
      7,
      12,
      2,
      33,
      44,
      0
    ],
    "out_cols": [
      15,
      35,
      25,
      30,
      40,
      41,
      28,
      14,
      38,
      46,
      42,
      20,
      44,
      7,
      1,
      32,
      23,
      29,
      11,
      19,
      12,
      13,
      21,
      34,
      6,
      36,
      0,
      33,
      4,
      17,
      31,
      8,
      47,
      26,
      16,
      18,
      43,
      2,
      3,
      27,
      10,
      22,
      45,
      37,
      24,
      9,
      5,
      39
    ]
  },
  "best_seen": {
    "discrete_mse": 46.704288482666016,
    "order": [
      [
        59,
        52
      ],
      [
        39,
        72
      ],
      [
        95,
        93
      ],
      [
        74,
        78
      ],
      [
        56,
        82
      ],
      [
        44,
        19
      ],
      [
        42,
        29
      ],
      [
        88,
        80
      ],
      [
        86,
        55
      ],
      [
        58,
        30
      ],
      [
        94,
        83
      ],
      [
        18,
        90
      ],
      [
        37,
        67
      ],
      [
        28,
        7
      ],
      [
        35,
        24
      ],
      [
        15,
        36
      ],
      [
        73,
        47
      ],
      [
        87,
        57
      ],
      [
        68,
        40
      ],
      [
        31,
        63
      ],
      [
        3,
        25
      ],
      [
        50,
        26
      ],
      [
        1,
        38
      ],
      [
        23,
        71
      ],
      [
        14,
        17
      ],
      [
        4,
        6
      ],
      [
        5,
        12
      ],
      [
        65,
        32
      ],
      [
        81,
        11
      ],
      [
        77,
        20
      ],
      [
        48,
        33
      ],
      [
        62,
        96
      ],
      [
        16,
        70
      ],
      [
        91,
        53
      ],
      [
        0,
        75
      ],
      [
        13,
        54
      ],
      [
        41,
        89
      ],
      [
        60,
        8
      ],
      [
        61,
        9
      ],
      [
        49,
        66
      ],
      [
        84,
        22
      ],
      [
        10,
        46
      ],
      [
        43,
        34
      ],
      [
        45,
        92
      ],
      [
        2,
        51
      ],
      [
        64,
        79
      ],
      [
        27,
        21
      ],
      [
        69,
        76
      ]
    ],
    "in_cols": [
      29,
      18,
      47,
      38,
      27,
      22,
      20,
      44,
      42,
      28,
      46,
      11,
      17,
      14,
      16,
      9,
      37,
      43,
      35,
      15,
      3,
      26,
      1,
      12,
      8,
      4,
      5,
      34,
      40,
      39,
      24,
      32,
      10,
      45,
      0,
      7,
      19,
      30,
      31,
      25,
      41,
      6,
      21,
      23,
      2,
      33,
      13,
      36
    ],
    "out_cols": [
      25,
      35,
      46,
      38,
      41,
      7,
      14,
      40,
      28,
      15,
      42,
      44,
      32,
      1,
      11,
      19,
      23,
      29,
      21,
      30,
      12,
      13,
      20,
      34,
      6,
      0,
      5,
      16,
      4,
      8,
      17,
      47,
      33,
      26,
      36,
      27,
      43,
      2,
      3,
      31,
      10,
      22,
      18,
      45,
      24,
      39,
      9,
      37
    ]
  }
}