{
  "config": {
    "steps": 700,
    "lr": 0.015,
    "tau_start": 1.0,
    "tau_end": 0.025,
    "sinkhorn_iters": 30,
    "lambda_ent": 0.0001,
    "train_subsample": 0,
    "seed": 22704,
    "device": "cuda"
  },
  "final": {
    "soft_mse_full": 0.32687270641326904,
    "discrete_mse": 459.4130859375,
    "hash_match": false,
    "perm_str": "59,30,86,52,95,63,49,72,56,82,44,78,50,80,39,55,42,29,58,93,74,83,18,26,94,90,28,19,37,7,15,67,73,47,10,57,35,24,48,40,3,53,31,36,1,38,87,71,64,75,14,11,81,12,27,51,62,6,5,20,16,96,91,92,65,70,77,33,61,89,0,17,13,54,68,34,4,66,2,25,41,9,23,32,84,79,45,8,60,46,43,76,69,21,88,22,85",
    "in_cols": [
      29,
      42,
      47,
      25,
      27,
      22,
      26,
      18,
      20,
      28,
      38,
      11,
      46,
      14,
      17,
      9,
      37,
      6,
      16,
      24,
      3,
      15,
      1,
      43,
      33,
      8,
      40,
      13,
      32,
      5,
      10,
      45,
      34,
      39,
      31,
      0,
      7,
      35,
      4,
      2,
      19,
      12,
      41,
      23,
      30,
      21,
      36,
      44
    ],
    "out_cols": [
      15,
      25,
      30,
      35,
      41,
      38,
      40,
      28,
      14,
      46,
      42,
      13,
      44,
      7,
      1,
      32,
      23,
      29,
      11,
      21,
      26,
      19,
      20,
      34,
      36,
      4,
      5,
      24,
      0,
      8,
      47,
      45,
      33,
      17,
      43,
      6,
      27,
      18,
      31,
      12,
      3,
      16,
      39,
      2,
      22,
      37,
      9,
      10
    ]
  },
  "best_seen": {
    "discrete_mse": 115.25981903076172,
    "order": [
      [
        39,
        30
      ],
      [
        59,
        52
      ],
      [
        95,
        63
      ],
      [
        94,
        72
      ],
      [
        56,
        82
      ],
      [
        44,
        93
      ],
      [
        50,
        80
      ],
      [
        42,
        29
      ],
      [
        68,
        55
      ],
      [
        58,
        78
      ],
      [
        74,
        83
      ],
      [
        18,
        26
      ],
      [
        86,
        90
      ],
      [
        28,
        19
      ],
      [
        37,
        7
      ],
      [
        15,
        67
      ],
      [
        73,
        47
      ],
      [
        10,
        57
      ],
      [
        35,
        24
      ],
      [
        48,
        40
      ],
      [
        3,
        53
      ],
      [
        31,
        36
      ],
      [
        1,
        38
      ],
      [
        87,
        71
      ],
      [
        23,
        75
      ],
      [
        43,
        17
      ],
      [
        45,
        11
      ],
      [
        27,
        51
      ],
      [
        81,
        6
      ],
      [
        62,
        20
      ],
      [
        16,
        96
      ],
      [
        65,
        92
      ],
      [
        5,
        70
      ],
      [
        77,
        33
      ],
      [
        91,
        89
      ],
      [
        14,
        32
      ],
      [
        13,
        54
      ],
      [
        60,
        34
      ],
      [
        4,
        66
      ],
      [
        2,
        25
      ],
      [
        41,
        9
      ],
      [
        61,
        46
      ],
      [
        84,
        79
      ],
      [
        0,
        12
      ],
      [
        64,
        8
      ],
      [
        49,
        76
      ],
      [
        69,
        21
      ],
      [
        88,
        22
      ]
    ],
    "in_cols": [
      18,
      29,
      47,
      46,
      27,
      22,
      26,
      20,
      35,
      28,
      38,
      11,
      42,
      14,
      17,
      9,
      37,
      6,
      16,
      24,
      3,
      15,
      1,
      43,
      12,
      21,
      23,
      13,
      40,
      32,
      10,
      34,
      5,
      39,
      45,
      8,
      7,
      30,
      4,
      2,
      19,
      31,
      41,
      0,
      33,
      25,
      36,
      44
    ],
    "out_cols": [
      15,
      25,
      30,
      35,
      41,
      46,
      40,
      14,
      28,
      38,
      42,
      13,
      44,
      7,
      1,
      32,
      23,
      29,
      11,
      21,
      26,
      19,
      20,
      34,
      36,
      6,
      4,
      24,
      0,
      8,
      47,
      45,
      33,
      17,
      43,
      16,
      27,
      18,
      31,
      12,
      3,
      22,
      39,
      5,
      2,
      37,
      9,
      10
    ]
  }
}