{
  "config": {
    "steps": 700,
    "lr": 0.02,
    "tau_start": 1.0,
    "tau_end": 0.03,
    "sinkhorn_iters": 30,
    "lambda_ent": 0.0003,
    "train_subsample": 0,
    "seed": 23103,
    "device": "cuda"
  },
  "final": {
    "soft_mse_full": 0.3430972695350647,
    "discrete_mse": 707.191162109375,
    "hash_match": false,
    "perm_str": "59,52,39,30,3,72,95,55,56,82,10,63,44,93,94,80,42,29,58,78,18,67,5,90,28,19,35,24,73,47,37,57,50,7,86,26,68,40,48,53,1,25,31,36,23,71,14,38,87,76,27,75,4,32,65,51,81,11,77,33,62,6,91,96,16,20,61,92,43,70,0,83,60,66,13,9,15,12,74,22,49,46,45,54,41,89,88,34,69,8,84,79,2,21,64,17,85",
    "in_cols": [
      29,
      18,
      3,
      47,
      27,
      6,
      22,
      46,
      20,
      28,
      11,
      5,
      14,
      16,
      37,
      17,
      26,
      42,
      35,
      24,
      1,
      15,
      12,
      8,
      43,
      13,
      4,
      34,
      40,
      39,
      32,
      45,
      10,
      31,
      21,
      0,
      30,
      7,
      9,
      38,
      25,
      23,
      19,
      44,
      36,
      41,
      2,
      33
    ],
    "out_cols": [
      25,
      15,
      35,
      28,
      41,
      30,
      46,
      40,
      14,
      38,
      32,
      44,
      7,
      11,
      23,
      29,
      1,
      13,
      21,
      26,
      12,
      19,
      34,
      20,
      37,
      36,
      16,
      24,
      4,
      17,
      0,
      47,
      8,
      45,
      33,
      42,
      31,
      3,
      5,
      10,
      22,
      27,
      43,
      18,
      2,
      39,
      9,
      6
    ]
  },
  "best_seen": {
    "discrete_mse": 44.59370040893555,
    "order": [
      [
        59,
        52
      ],
      [
        39,
        75
      ],
      [
        3,
        72
      ],
      [
        95,
        93
      ],
      [
        56,
        30
      ],
      [
        1,
        63
      ],
      [
        44,
        82
      ],
      [
        94,
        80
      ],
      [
        42,
        55
      ],
      [
        58,
        78
      ],
      [
        18,
        29
      ],
      [
        65,
        90
      ],
      [
        28,
        19
      ],
      [
        35,
        24
      ],
      [
        73,
        47
      ],
      [
        37,
        57
      ],
      [
        50,
        7
      ],
      [
        86,
        26
      ],
      [
        68,
        40
      ],
      [
        48,
        53
      ],
      [
        14,
        25
      ],
      [
        31,
        36
      ],
      [
        23,
        71
      ],
      [
        27,
        38
      ],
      [
        10,
        76
      ],
      [
        64,
        51
      ],
      [
        4,
        32
      ],
      [
        16,
        92
      ],
      [
        81,
        11
      ],
      [
        77,
        33
      ],
      [
        62,
        6
      ],
      [
        91,
        96
      ],
      [
        5,
        20
      ],
      [
        61,
        67
      ],
      [
        43,
        70
      ],
      [
        0,
        83
      ],
      [
        87,
        66
      ],
      [
        13,
        9
      ],
      [
        15,
        12
      ],
      [
        74,
        22
      ],
      [
        49,
        46
      ],
      [
        45,
        54
      ],
      [
        41,
        89
      ],
      [
        88,
        34
      ],
      [
        60,
        8
      ],
      [
        84,
        79
      ],
      [
        2,
        21
      ],
      [
        69,
        17
      ]
    ],
    "in_cols": [
      29,
      18,
      3,
      47,
      27,
      1,
      22,
      46,
      20,
      28,
      11,
      34,
      14,
      16,
      37,
      17,
      26,
      42,
      35,
      24,
      8,
      15,
      12,
      13,
      6,
      33,
      4,
      10,
      40,
      39,
      32,
      45,
      5,
      31,
      21,
      0,
      43,
      7,
      9,
      38,
      25,
      23,
      19,
      44,
      30,
      41,
      2,
      36
    ],
    "out_cols": [
      25,
      36,
      35,
      46,
      15,
      30,
      41,
      40,
      28,
      38,
      14,
      44,
      7,
      11,
      23,
      29,
      1,
      13,
      21,
      26,
      12,
      19,
      34,
      20,
      37,
      24,
      16,
      45,
      4,
      17,
      0,
      47,
      8,
      32,
      33,
      42,
      31,
      3,
      5,
      10,
      22,
      27,
      43,
      18,
      2,
      39,
      9,
      6
    ]
  }
}