{
  "config": {
    "steps": 700,
    "lr": 0.015,
    "tau_start": 1.0,
    "tau_end": 0.025,
    "sinkhorn_iters": 30,
    "lambda_ent": 0.0001,
    "train_subsample": 0,
    "seed": 28404,
    "device": "cuda"
  },
  "final": {
    "soft_mse_full": 0.33228498697280884,
    "discrete_mse": 58.13916778564453,
    "hash_match": false,
    "perm_str": "39,52,73,75,42,72,95,93,56,30,44,82,74,55,88,29,68,83,58,78,94,90,18,67,59,63,28,19,35,24,10,7,15,47,86,26,37,57,1,40,3,25,31,36,23,71,50,38,14,11,64,80,77,17,62,12,45,33,81,6,48,70,4,20,16,96,65,32,91,53,27,89,13,34,2,9,5,21,84,66,0,79,49,54,60,22,41,51,43,76,87,8,69,92,61,46,85",
    "in_cols": [
      18,
      37,
      20,
      47,
      27,
      22,
      38,
      44,
      35,
      28,
      46,
      11,
      29,
      14,
      16,
      6,
      9,
      42,
      17,
      1,
      3,
      15,
      12,
      26,
      8,
      33,
      39,
      32,
      23,
      40,
      24,
      4,
      10,
      34,
      45,
      13,
      7,
      2,
      5,
      41,
      0,
      25,
      30,
      19,
      21,
      43,
      36,
      31
    ],
    "out_cols": [
      25,
      36,
      35,
      46,
      15,
      41,
      28,
      14,
      42,
      38,
      44,
      32,
      30,
      7,
      11,
      1,
      23,
      13,
      29,
      21,
      12,
      19,
      34,
      20,
      4,
      40,
      6,
      5,
      17,
      0,
      33,
      8,
      47,
      16,
      26,
      43,
      18,
      3,
      9,
      31,
      39,
      27,
      10,
      24,
      37,
      2,
      45,
      22
    ]
  },
  "best_seen": {
    "discrete_mse": 14.561538696289062,
    "order": [
      [
        59,
        52
      ],
      [
        73,
        75
      ],
      [
        39,
        72
      ],
      [
        95,
        93
      ],
      [
        56,
        30
      ],
      [
        44,
        82
      ],
      [
        74,
        55
      ],
      [
        68,
        80
      ],
      [
        42,
        29
      ],
      [
        58,
        78
      ],
      [
        94,
        90
      ],
      [
        18,
        67
      ],
      [
        48,
        63
      ],
      [
        28,
        19
      ],
      [
        35,
        24
      ],
      [
        37,
        7
      ],
      [
        15,
        47
      ],
      [
        86,
        26
      ],
      [
        50,
        57
      ],
      [
        10,
        40
      ],
      [
        3,
        25
      ],
      [
        31,
        36
      ],
      [
        87,
        71
      ],
      [
        1,
        38
      ],
      [
        23,
        11
      ],
      [
        4,
        83
      ],
      [
        77,
        17
      ],
      [
        5,
        12
      ],
      [
        45,
        33
      ],
      [
        81,
        6
      ],
      [
        14,
        70
      ],
      [
        62,
        20
      ],
      [
        16,
        96
      ],
      [
        65,
        32
      ],
      [
        61,
        53
      ],
      [
        27,
        89
      ],
      [
        13,
        34
      ],
      [
        2,
        9
      ],
      [
        49,
        21
      ],
      [
        84,
        66
      ],
      [
        0,
        79
      ],
      [
        69,
        54
      ],
      [
        60,
        22
      ],
      [
        41,
        51
      ],
      [
        43,
        76
      ],
      [
        88,
        8
      ],
      [
        64,
        92
      ],
      [
        91,
        46
      ]
    ],
    "in_cols": [
      29,
      37,
      18,
      47,
      27,
      22,
      38,
      35,
      20,
      28,
      46,
      11,
      24,
      14,
      16,
      17,
      9,
      42,
      26,
      6,
      3,
      15,
      43,
      1,
      12,
      4,
      39,
      5,
      23,
      40,
      8,
      32,
      10,
      34,
      31,
      13,
      7,
      2,
      25,
      41,
      0,
      36,
      30,
      19,
      21,
      44,
      33,
      45
    ],
    "out_cols": [
      25,
      36,
      35,
      46,
      15,
      41,
      28,
      40,
      14,
      38,
      44,
      32,
      30,
      7,
      11,
      1,
      23,
      13,
      29,
      21,
      12,
      19,
      34,
      20,
      4,
      42,
      6,
      5,
      17,
      0,
      33,
      8,
      47,
      16,
      26,
      43,
      18,
      3,
      9,
      31,
      39,
      27,
      10,
      24,
      37,
      2,
      45,
      22
    ]
  }
}