{
  "config": {
    "steps": 900,
    "lr": 0.03,
    "tau_start": 1.0,
    "tau_end": 0.028,
    "sinkhorn_iters": 30,
    "lambda_ent": 0.0003,
    "train_subsample": 4096,
    "seed": 6702,
    "device": "cuda"
  },
  "final": {
    "soft_mse_full": 0.4713515639305115,
    "discrete_mse": 1.1010693311691284,
    "hash_match": false,
    "perm_str": "59,52,74,30,88,55,39,78,56,9,44,82,95,29,37,93,42,36,69,67,94,40,86,80,18,90,28,19,10,7,73,57,68,47,35,24,31,63,1,25,3,26,50,66,87,71,23,38,27,75,14,11,61,17,62,12,81,6,4,96,5,20,16,89,77,33,48,51,65,53,2,34,60,70,84,54,0,8,15,32,41,79,64,83,43,22,49,21,13,92,45,76,58,72,91,46,85",
    "in_cols": [
      29,
      38,
      44,
      18,
      27,
      22,
      47,
      17,
      20,
      36,
      46,
      42,
      11,
      14,
      6,
      37,
      35,
      16,
      15,
      1,
      3,
      26,
      43,
      12,
      13,
      8,
      31,
      32,
      40,
      4,
      5,
      10,
      39,
      24,
      34,
      2,
      30,
      41,
      0,
      9,
      19,
      33,
      21,
      25,
      7,
      23,
      28,
      45
    ],
    "out_cols": [
      25,
      15,
      28,
      38,
      3,
      41,
      14,
      46,
      19,
      32,
      21,
      40,
      44,
      7,
      1,
      29,
      23,
      11,
      30,
      12,
      13,
      31,
      34,
      20,
      36,
      4,
      6,
      5,
      0,
      47,
      8,
      43,
      17,
      24,
      26,
      18,
      33,
      27,
      2,
      16,
      39,
      42,
      10,
      9,
      45,
      37,
      35,
      22
    ]
  },
  "best_seen": {
    "discrete_mse": 1.1010693311691284,
    "order": [
      [
        59,
        52
      ],
      [
        74,
        30
      ],
      [
        88,
        55
      ],
      [
        39,
        78
      ],
      [
        56,
        9
      ],
      [
        44,
        82
      ],
      [
        95,
        29
      ],
      [
        37,
        93
      ],
      [
        42,
        36
      ],
      [
        69,
        67
      ],
      [
        94,
        40
      ],
      [
        86,
        80
      ],
      [
        18,
        90
      ],
      [
        28,
        19
      ],
      [
        10,
        7
      ],
      [
        73,
        57
      ],
      [
        68,
        47
      ],
      [
        35,
        24
      ],
      [
        31,
        63
      ],
      [
        1,
        25
      ],
      [
        3,
        26
      ],
      [
        50,
        66
      ],
      [
        87,
        71
      ],
      [
        23,
        38
      ],
      [
        27,
        75
      ],
      [
        14,
        11
      ],
      [
        61,
        17
      ],
      [
        62,
        12
      ],
      [
        81,
        6
      ],
      [
        4,
        96
      ],
      [
        5,
        20
      ],
      [
        16,
        89
      ],
      [
        77,
        33
      ],
      [
        48,
        51
      ],
      [
        65,
        53
      ],
      [
        2,
        34
      ],
      [
        60,
        70
      ],
      [
        84,
        54
      ],
      [
        0,
        8
      ],
      [
        15,
        32
      ],
      [
        41,
        79
      ],
      [
        64,
        83
      ],
      [
        43,
        22
      ],
      [
        49,
        21
      ],
      [
        13,
        92
      ],
      [
        45,
        76
      ],
      [
        58,
        72
      ],
      [
        91,
        46
      ]
    ],
    "in_cols": [
      29,
      38,
      44,
      18,
      27,
      22,
      47,
      17,
      20,
      36,
      46,
      42,
      11,
      14,
      6,
      37,
      35,
      16,
      15,
      1,
      3,
      26,
      43,
      12,
      13,
      8,
      31,
      32,
      40,
      4,
      5,
      10,
      39,
      24,
      34,
      2,
      30,
      41,
      0,
      9,
      19,
      33,
      21,
      25,
      7,
      23,
      28,
      45
    ],
    "out_cols": [
      25,
      15,
      28,
      38,
      3,
      41,
      14,
      46,
      19,
      32,
      21,
      40,
      44,
      7,
      1,
      29,
      23,
      11,
      30,
      12,
      13,
      31,
      34,
      20,
      36,
      4,
      6,
      5,
      0,
      47,
      8,
      43,
      17,
      24,
      26,
      18,
      33,
      27,
      2,
      16,
      39,
      42,
      10,
      9,
      45,
      37,
      35,
      22
    ]
  }
}