{
  "config": {
    "steps": 900,
    "lr": 0.03,
    "tau_start": 1.0,
    "tau_end": 0.028,
    "sinkhorn_iters": 30,
    "lambda_ent": 0.0003,
    "train_subsample": 4096,
    "seed": 8002,
    "device": "cuda"
  },
  "final": {
    "soft_mse_full": 0.4526671767234802,
    "discrete_mse": 421.67340087890625,
    "hash_match": false,
    "perm_str": "95,63,59,72,39,55,58,82,74,80,44,78,31,93,42,29,94,7,73,30,88,54,86,90,37,47,18,25,10,75,15,67,48,19,35,24,1,57,50,40,3,26,28,36,87,71,23,38,14,33,77,11,27,17,64,32,62,6,13,89,81,92,4,20,43,70,16,96,61,53,84,66,65,9,49,46,56,21,45,22,91,51,5,76,41,79,0,52,60,83,2,12,68,34,69,8,85",
    "in_cols": [
      47,
      29,
      18,
      28,
      38,
      22,
      15,
      20,
      46,
      37,
      44,
      42,
      17,
      11,
      6,
      9,
      24,
      16,
      1,
      26,
      3,
      14,
      43,
      12,
      8,
      39,
      13,
      33,
      32,
      7,
      40,
      4,
      21,
      10,
      31,
      41,
      34,
      25,
      27,
      23,
      45,
      5,
      19,
      0,
      30,
      2,
      35,
      36
    ],
    "out_cols": [
      30,
      35,
      28,
      41,
      40,
      38,
      46,
      14,
      1,
      15,
      27,
      44,
      23,
      12,
      36,
      32,
      7,
      11,
      29,
      21,
      13,
      19,
      34,
      20,
      17,
      4,
      6,
      16,
      0,
      43,
      45,
      8,
      33,
      47,
      26,
      31,
      3,
      22,
      9,
      10,
      24,
      37,
      39,
      25,
      42,
      5,
      18,
      2
    ]
  },
  "best_seen": {
    "discrete_mse": 12.569588661193848,
    "order": [
      [
        95,
        63
      ],
      [
        39,
        72
      ],
      [
        73,
        55
      ],
      [
        58,
        52
      ],
      [
        74,
        80
      ],
      [
        44,
        82
      ],
      [
        37,
        93
      ],
      [
        42,
        29
      ],
      [
        94,
        7
      ],
      [
        56,
        30
      ],
      [
        88,
        54
      ],
      [
        86,
        90
      ],
      [
        18,
        47
      ],
      [
        59,
        25
      ],
      [
        10,
        20
      ],
      [
        15,
        67
      ],
      [
        28,
        19
      ],
      [
        35,
        24
      ],
      [
        50,
        57
      ],
      [
        1,
        40
      ],
      [
        3,
        26
      ],
      [
        31,
        36
      ],
      [
        87,
        71
      ],
      [
        23,
        38
      ],
      [
        14,
        33
      ],
      [
        77,
        76
      ],
      [
        27,
        17
      ],
      [
        65,
        32
      ],
      [
        81,
        6
      ],
      [
        64,
        11
      ],
      [
        5,
        78
      ],
      [
        62,
        83
      ],
      [
        48,
        70
      ],
      [
        16,
        96
      ],
      [
        61,
        53
      ],
      [
        84,
        89
      ],
      [
        43,
        66
      ],
      [
        4,
        46
      ],
      [
        49,
        21
      ],
      [
        45,
        22
      ],
      [
        13,
        9
      ],
      [
        91,
        51
      ],
      [
        41,
        75
      ],
      [
        0,
        92
      ],
      [
        60,
        79
      ],
      [
        2,
        12
      ],
      [
        68,
        34
      ],
      [
        69,
        8
      ]
    ],
    "in_cols": [
      47,
      18,
      37,
      28,
      38,
      22,
      17,
      20,
      46,
      27,
      44,
      42,
      11,
      29,
      6,
      9,
      14,
      16,
      26,
      1,
      3,
      15,
      43,
      12,
      8,
      39,
      13,
      34,
      40,
      33,
      5,
      32,
      24,
      10,
      31,
      41,
      21,
      4,
      25,
      23,
      7,
      45,
      19,
      0,
      30,
      2,
      35,
      36
    ],
    "out_cols": [
      30,
      35,
      28,
      25,
      40,
      41,
      46,
      14,
      1,
      15,
      27,
      44,
      23,
      12,
      8,
      32,
      7,
      11,
      29,
      21,
      13,
      19,
      34,
      20,
      17,
      37,
      6,
      16,
      0,
      4,
      38,
      42,
      33,
      47,
      26,
      43,
      31,
      22,
      9,
      10,
      3,
      24,
      36,
      45,
      39,
      5,
      18,
      2
    ]
  }
}