{
  "config": {
    "steps": 900,
    "lr": 0.03,
    "tau_start": 1.0,
    "tau_end": 0.028,
    "sinkhorn_iters": 30,
    "lambda_ent": 0.0003,
    "train_subsample": 4096,
    "seed": 9902,
    "device": "cuda"
  },
  "final": {
    "soft_mse_full": 0.3815229833126068,
    "discrete_mse": 2.892435073852539,
    "hash_match": false,
    "perm_str": "59,52,39,72,81,55,95,63,44,82,58,78,74,80,42,29,37,93,86,83,35,30,94,26,61,90,18,24,10,7,15,67,73,40,68,47,50,57,3,53,31,36,23,38,28,66,1,71,84,25,14,32,4,17,5,51,77,11,48,70,62,6,16,20,45,33,65,96,13,75,87,9,2,21,27,79,91,92,43,54,60,22,41,46,0,76,56,19,49,12,88,34,69,8,64,89,85",
    "in_cols": [
      29,
      18,
      40,
      47,
      22,
      28,
      38,
      20,
      17,
      42,
      16,
      46,
      31,
      11,
      6,
      9,
      37,
      35,
      26,
      3,
      15,
      12,
      14,
      1,
      41,
      8,
      4,
      5,
      39,
      24,
      32,
      10,
      23,
      34,
      7,
      43,
      2,
      13,
      45,
      21,
      30,
      19,
      0,
      27,
      25,
      44,
      36,
      33
    ],
    "out_cols": [
      25,
      35,
      28,
      30,
      41,
      38,
      40,
      14,
      46,
      42,
      15,
      13,
      44,
      11,
      1,
      32,
      21,
      23,
      29,
      26,
      19,
      20,
      31,
      34,
      12,
      16,
      6,
      24,
      4,
      33,
      0,
      8,
      17,
      47,
      36,
      3,
      9,
      39,
      45,
      27,
      10,
      22,
      37,
      7,
      5,
      18,
      2,
      43
    ]
  },
  "best_seen": {
    "discrete_mse": 0.8284997940063477,
    "order": [
      [
        59,
        52
      ],
      [
        39,
        72
      ],
      [
        81,
        55
      ],
      [
        95,
        63
      ],
      [
        44,
        82
      ],
      [
        58,
        78
      ],
      [
        74,
        80
      ],
      [
        42,
        29
      ],
      [
        37,
        93
      ],
      [
        86,
        83
      ],
      [
        35,
        30
      ],
      [
        94,
        26
      ],
      [
        61,
        90
      ],
      [
        18,
        24
      ],
      [
        10,
        7
      ],
      [
        15,
        67
      ],
      [
        73,
        40
      ],
      [
        68,
        47
      ],
      [
        50,
        57
      ],
      [
        3,
        53
      ],
      [
        31,
        36
      ],
      [
        23,
        38
      ],
      [
        28,
        66
      ],
      [
        1,
        71
      ],
      [
        84,
        25
      ],
      [
        14,
        32
      ],
      [
        4,
        11
      ],
      [
        5,
        51
      ],
      [
        77,
        6
      ],
      [
        48,
        70
      ],
      [
        62,
        22
      ],
      [
        16,
        20
      ],
      [
        45,
        33
      ],
      [
        65,
        96
      ],
      [
        13,
        75
      ],
      [
        87,
        89
      ],
      [
        2,
        21
      ],
      [
        27,
        79
      ],
      [
        91,
        92
      ],
      [
        43,
        54
      ],
      [
        60,
        9
      ],
      [
        41,
        46
      ],
      [
        0,
        76
      ],
      [
        56,
        19
      ],
      [
        49,
        12
      ],
      [
        88,
        34
      ],
      [
        69,
        8
      ],
      [
        64,
        17
      ]
    ],
    "in_cols": [
      29,
      18,
      40,
      47,
      22,
      28,
      38,
      20,
      17,
      42,
      16,
      46,
      31,
      11,
      6,
      9,
      37,
      35,
      26,
      3,
      15,
      12,
      14,
      1,
      41,
      8,
      4,
      5,
      39,
      24,
      32,
      10,
      23,
      34,
      7,
      43,
      2,
      13,
      45,
      21,
      30,
      19,
      0,
      27,
      25,
      44,
      36,
      33
    ],
    "out_cols": [
      25,
      35,
      28,
      30,
      41,
      38,
      40,
      14,
      46,
      42,
      15,
      13,
      44,
      11,
      1,
      32,
      21,
      23,
      29,
      26,
      19,
      20,
      31,
      34,
      12,
      16,
      4,
      24,
      0,
      33,
      10,
      8,
      17,
      47,
      36,
      43,
      9,
      39,
      45,
      27,
      3,
      22,
      37,
      7,
      5,
      18,
      2,
      6
    ]
  }
}