{
  "config": {
    "steps": 700,
    "lr": 0.02,
    "tau_start": 1.0,
    "tau_end": 0.03,
    "sinkhorn_iters": 30,
    "lambda_ent": 0.0003,
    "train_subsample": 0,
    "seed": 5903,
    "device": "cuda"
  },
  "final": {
    "soft_mse_full": 0.3538210988044739,
    "discrete_mse": 35.98568344116211,
    "hash_match": false,
    "perm_str": "59,52,42,72,73,63,95,55,56,30,44,82,74,93,94,80,39,38,58,78,18,29,86,90,37,47,28,19,15,67,48,57,50,7,10,33,1,26,35,24,3,25,31,36,23,75,87,71,16,40,4,6,81,51,14,11,45,12,62,20,5,70,65,96,77,92,91,32,2,83,60,53,41,54,27,17,13,22,69,79,61,46,0,76,68,9,43,34,84,66,49,89,64,21,88,8,85",
    "in_cols": [
      29,
      20,
      37,
      47,
      27,
      22,
      38,
      46,
      18,
      28,
      11,
      42,
      17,
      14,
      9,
      24,
      26,
      6,
      1,
      16,
      3,
      15,
      12,
      43,
      10,
      4,
      40,
      8,
      23,
      32,
      5,
      34,
      39,
      45,
      2,
      30,
      19,
      13,
      7,
      36,
      31,
      0,
      35,
      21,
      41,
      25,
      33,
      44
    ],
    "out_cols": [
      25,
      35,
      30,
      28,
      15,
      41,
      46,
      40,
      20,
      38,
      14,
      44,
      23,
      7,
      32,
      29,
      1,
      17,
      13,
      11,
      12,
      19,
      36,
      34,
      21,
      0,
      24,
      4,
      5,
      8,
      33,
      47,
      45,
      16,
      42,
      26,
      27,
      6,
      10,
      39,
      22,
      37,
      3,
      18,
      31,
      43,
      9,
      2
    ]
  },
  "best_seen": {
    "discrete_mse": 37.95539474487305,
    "order": [
      [
        59,
        52
      ],
      [
        39,
        72
      ],
      [
        95,
        63
      ],
      [
        74,
        55
      ],
      [
        56,
        30
      ],
      [
        37,
        82
      ],
      [
        44,
        93
      ],
      [
        94,
        80
      ],
      [
        42,
        38
      ],
      [
        58,
        78
      ],
      [
        18,
        29
      ],
      [
        86,
        90
      ],
      [
        73,
        47
      ],
      [
        28,
        19
      ],
      [
        15,
        67
      ],
      [
        48,
        57
      ],
      [
        50,
        7
      ],
      [
        10,
        12
      ],
      [
        1,
        26
      ],
      [
        35,
        24
      ],
      [
        3,
        25
      ],
      [
        31,
        36
      ],
      [
        23,
        75
      ],
      [
        87,
        71
      ],
      [
        16,
        40
      ],
      [
        4,
        6
      ],
      [
        14,
        51
      ],
      [
        81,
        11
      ],
      [
        45,
        33
      ],
      [
        77,
        20
      ],
      [
        2,
        70
      ],
      [
        68,
        96
      ],
      [
        5,
        92
      ],
      [
        91,
        32
      ],
      [
        62,
        83
      ],
      [
        65,
        53
      ],
      [
        41,
        54
      ],
      [
        27,
        17
      ],
      [
        13,
        22
      ],
      [
        69,
        79
      ],
      [
        61,
        46
      ],
      [
        0,
        76
      ],
      [
        60,
        9
      ],
      [
        43,
        34
      ],
      [
        84,
        66
      ],
      [
        49,
        89
      ],
      [
        64,
        21
      ],
      [
        88,
        8
      ]
    ],
    "in_cols": [
      29,
      18,
      47,
      38,
      27,
      17,
      22,
      46,
      20,
      28,
      11,
      42,
      37,
      14,
      9,
      24,
      26,
      6,
      1,
      16,
      3,
      15,
      12,
      43,
      10,
      4,
      8,
      40,
      23,
      39,
      2,
      35,
      5,
      45,
      32,
      34,
      19,
      13,
      7,
      36,
      31,
      0,
      30,
      21,
      41,
      25,
      33,
      44
    ],
    "out_cols": [
      25,
      35,
      30,
      28,
      15,
      41,
      46,
      40,
      20,
      38,
      14,
      44,
      23,
      7,
      32,
      29,
      1,
      5,
      13,
      11,
      12,
      19,
      36,
      34,
      21,
      0,
      24,
      4,
      17,
      8,
      33,
      47,
      45,
      16,
      42,
      26,
      27,
      6,
      10,
      39,
      22,
      37,
      3,
      18,
      31,
      43,
      9,
      2
    ]
  }
}