{
  "config": {
    "steps": 700,
    "lr": 0.015,
    "tau_start": 1.0,
    "tau_end": 0.025,
    "sinkhorn_iters": 30,
    "lambda_ent": 0.0001,
    "train_subsample": 0,
    "seed": 27204,
    "device": "cuda"
  },
  "final": {
    "soft_mse_full": 0.30923694372177124,
    "discrete_mse": 38.03353500366211,
    "hash_match": false,
    "perm_str": "59,52,42,72,73,78,95,63,56,30,44,82,94,80,39,29,88,93,10,7,69,67,58,90,28,19,35,24,50,20,15,57,68,47,86,26,87,71,48,40,3,25,31,36,1,38,23,75,27,17,14,11,5,12,81,79,77,70,91,6,45,55,16,33,37,96,65,53,0,54,18,83,62,32,60,46,74,92,43,22,49,76,41,34,13,9,84,66,61,8,2,51,4,21,64,89,85",
    "in_cols": [
      29,
      20,
      37,
      47,
      27,
      22,
      46,
      18,
      44,
      6,
      36,
      28,
      14,
      16,
      26,
      9,
      35,
      42,
      43,
      24,
      3,
      15,
      1,
      12,
      13,
      8,
      5,
      40,
      39,
      45,
      23,
      10,
      17,
      34,
      0,
      11,
      32,
      30,
      38,
      21,
      25,
      19,
      7,
      41,
      31,
      2,
      4,
      33
    ],
    "out_cols": [
      25,
      35,
      38,
      30,
      15,
      41,
      40,
      14,
      46,
      1,
      32,
      44,
      7,
      11,
      8,
      29,
      23,
      13,
      34,
      21,
      12,
      19,
      20,
      36,
      6,
      4,
      5,
      39,
      33,
      0,
      28,
      17,
      47,
      26,
      27,
      42,
      16,
      22,
      45,
      10,
      37,
      18,
      3,
      31,
      2,
      24,
      9,
      43
    ]
  },
  "best_seen": {
    "discrete_mse": 4.382436752319336,
    "order": [
      [
        59,
        52
      ],
      [
        39,
        72
      ],
      [
        73,
        78
      ],
      [
        95,
        63
      ],
      [
        56,
        30
      ],
      [
        44,
        82
      ],
      [
        10,
        80
      ],
      [
        42,
        55
      ],
      [
        88,
        93
      ],
      [
        94,
        7
      ],
      [
        69,
        67
      ],
      [
        58,
        90
      ],
      [
        28,
        19
      ],
      [
        35,
        24
      ],
      [
        50,
        20
      ],
      [
        15,
        57
      ],
      [
        68,
        47
      ],
      [
        86,
        26
      ],
      [
        87,
        71
      ],
      [
        48,
        40
      ],
      [
        3,
        25
      ],
      [
        31,
        36
      ],
      [
        1,
        38
      ],
      [
        23,
        89
      ],
      [
        27,
        17
      ],
      [
        14,
        11
      ],
      [
        5,
        12
      ],
      [
        81,
        75
      ],
      [
        77,
        70
      ],
      [
        91,
        6
      ],
      [
        45,
        29
      ],
      [
        16,
        33
      ],
      [
        18,
        96
      ],
      [
        65,
        53
      ],
      [
        0,
        54
      ],
      [
        37,
        83
      ],
      [
        62,
        32
      ],
      [
        60,
        46
      ],
      [
        74,
        92
      ],
      [
        43,
        22
      ],
      [
        49,
        76
      ],
      [
        41,
        34
      ],
      [
        13,
        9
      ],
      [
        84,
        66
      ],
      [
        61,
        8
      ],
      [
        2,
        51
      ],
      [
        4,
        21
      ],
      [
        64,
        79
      ]
    ],
    "in_cols": [
      29,
      18,
      37,
      47,
      27,
      22,
      6,
      20,
      44,
      46,
      36,
      28,
      14,
      16,
      26,
      9,
      35,
      42,
      43,
      24,
      3,
      15,
      1,
      12,
      13,
      8,
      5,
      40,
      39,
      45,
      23,
      10,
      11,
      34,
      0,
      17,
      32,
      30,
      38,
      21,
      25,
      19,
      7,
      41,
      31,
      2,
      4,
      33
    ],
    "out_cols": [
      25,
      35,
      38,
      30,
      15,
      41,
      40,
      28,
      46,
      1,
      32,
      44,
      7,
      11,
      8,
      29,
      23,
      13,
      34,
      21,
      12,
      19,
      20,
      43,
      6,
      4,
      5,
      36,
      33,
      0,
      14,
      17,
      47,
      26,
      27,
      42,
      16,
      22,
      45,
      10,
      37,
      18,
      3,
      31,
      2,
      24,
      9,
      39
    ]
  }
}