{
  "config": {
    "steps": 700,
    "lr": 0.015,
    "tau_start": 1.0,
    "tau_end": 0.025,
    "sinkhorn_iters": 30,
    "lambda_ent": 0.0001,
    "train_subsample": 0,
    "seed": 22804,
    "device": "cuda"
  },
  "final": {
    "soft_mse_full": 0.36899739503860474,
    "discrete_mse": 4.9704484939575195,
    "hash_match": false,
    "perm_str": "59,52,39,82,44,72,95,55,56,30,87,63,74,78,94,80,88,54,58,93,18,29,15,71,28,19,10,24,37,67,73,7,35,90,86,47,68,26,3,40,1,25,50,66,31,36,23,38,16,21,14,11,5,92,27,51,4,32,81,57,48,6,62,20,77,70,65,96,61,53,0,75,49,8,84,34,41,9,2,33,13,83,60,22,43,17,91,89,45,79,69,76,64,12,42,46,85",
    "in_cols": [
      29,
      18,
      22,
      47,
      27,
      43,
      38,
      46,
      44,
      28,
      11,
      9,
      14,
      6,
      17,
      37,
      16,
      42,
      35,
      3,
      1,
      26,
      15,
      12,
      10,
      8,
      5,
      13,
      4,
      40,
      24,
      32,
      39,
      34,
      31,
      0,
      25,
      41,
      19,
      2,
      7,
      30,
      21,
      45,
      23,
      36,
      33,
      20
    ],
    "out_cols": [
      25,
      41,
      35,
      28,
      15,
      30,
      38,
      40,
      27,
      46,
      14,
      34,
      7,
      11,
      32,
      1,
      44,
      23,
      13,
      21,
      12,
      31,
      19,
      20,
      9,
      4,
      45,
      24,
      16,
      29,
      0,
      8,
      33,
      47,
      26,
      36,
      2,
      18,
      3,
      17,
      42,
      10,
      6,
      43,
      39,
      37,
      5,
      22
    ]
  },
  "best_seen": {
    "discrete_mse": 2.6256372928619385,
    "order": [
      [
        95,
        52
      ],
      [
        59,
        82
      ],
      [
        39,
        72
      ],
      [
        74,
        55
      ],
      [
        56,
        30
      ],
      [
        87,
        63
      ],
      [
        44,
        78
      ],
      [
        94,
        80
      ],
      [
        88,
        54
      ],
      [
        58,
        93
      ],
      [
        18,
        29
      ],
      [
        15,
        71
      ],
      [
        28,
        19
      ],
      [
        10,
        24
      ],
      [
        37,
        67
      ],
      [
        73,
        7
      ],
      [
        35,
        90
      ],
      [
        86,
        47
      ],
      [
        68,
        26
      ],
      [
        3,
        40
      ],
      [
        1,
        25
      ],
      [
        50,
        66
      ],
      [
        31,
        36
      ],
      [
        23,
        38
      ],
      [
        16,
        21
      ],
      [
        14,
        11
      ],
      [
        5,
        92
      ],
      [
        27,
        51
      ],
      [
        4,
        32
      ],
      [
        81,
        57
      ],
      [
        48,
        6
      ],
      [
        62,
        20
      ],
      [
        77,
        70
      ],
      [
        65,
        96
      ],
      [
        61,
        53
      ],
      [
        0,
        75
      ],
      [
        49,
        8
      ],
      [
        84,
        34
      ],
      [
        41,
        9
      ],
      [
        60,
        33
      ],
      [
        13,
        83
      ],
      [
        2,
        22
      ],
      [
        43,
        17
      ],
      [
        91,
        89
      ],
      [
        45,
        79
      ],
      [
        69,
        76
      ],
      [
        64,
        12
      ],
      [
        42,
        46
      ]
    ],
    "in_cols": [
      47,
      29,
      18,
      38,
      27,
      43,
      22,
      46,
      44,
      28,
      11,
      9,
      14,
      6,
      17,
      37,
      16,
      42,
      35,
      3,
      1,
      26,
      15,
      12,
      10,
      8,
      5,
      13,
      4,
      40,
      24,
      32,
      39,
      34,
      31,
      0,
      25,
      41,
      19,
      30,
      7,
      2,
      21,
      45,
      23,
      36,
      33,
      20
    ],
    "out_cols": [
      25,
      41,
      35,
      28,
      15,
      30,
      38,
      40,
      27,
      46,
      14,
      34,
      7,
      11,
      32,
      1,
      44,
      23,
      13,
      21,
      12,
      31,
      19,
      20,
      9,
      4,
      45,
      24,
      16,
      29,
      0,
      8,
      33,
      47,
      26,
      36,
      2,
      18,
      3,
      17,
      42,
      10,
      6,
      43,
      39,
      37,
      5,
      22
    ]
  }
}