{
  "config": {
    "steps": 700,
    "lr": 0.015,
    "tau_start": 1.0,
    "tau_end": 0.025,
    "sinkhorn_iters": 30,
    "lambda_ent": 0.0001,
    "train_subsample": 0,
    "seed": 19804,
    "device": "cuda"
  },
  "final": {
    "soft_mse_full": 0.31735557317733765,
    "discrete_mse": 10.144333839416504,
    "hash_match": false,
    "perm_str": "39,72,59,52,73,78,95,93,56,30,44,82,60,55,42,80,69,83,58,29,94,7,86,54,18,90,10,19,35,24,37,57,68,47,15,67,31,63,50,25,3,26,28,36,23,38,87,71,16,40,77,11,5,51,4,17,14,32,48,6,45,33,81,20,65,12,1,96,62,75,61,70,13,89,91,76,74,53,27,46,43,92,2,9,84,66,41,34,0,22,64,79,88,8,49,21,85",
    "in_cols": [
      18,
      29,
      37,
      47,
      27,
      22,
      30,
      20,
      36,
      28,
      46,
      42,
      11,
      6,
      16,
      17,
      35,
      9,
      15,
      26,
      3,
      14,
      12,
      43,
      10,
      39,
      5,
      4,
      8,
      24,
      23,
      40,
      34,
      1,
      32,
      31,
      7,
      45,
      38,
      13,
      21,
      2,
      41,
      19,
      0,
      33,
      44,
      25
    ],
    "out_cols": [
      35,
      25,
      38,
      46,
      15,
      41,
      28,
      40,
      42,
      14,
      1,
      27,
      44,
      7,
      11,
      29,
      23,
      32,
      30,
      12,
      13,
      19,
      20,
      34,
      21,
      4,
      24,
      6,
      16,
      0,
      17,
      8,
      5,
      47,
      36,
      33,
      43,
      37,
      26,
      22,
      45,
      3,
      31,
      18,
      10,
      39,
      2,
      9
    ]
  },
  "best_seen": {
    "discrete_mse": 8.679123878479004,
    "order": [
      [
        39,
        72
      ],
      [
        59,
        52
      ],
      [
        73,
        78
      ],
      [
        95,
        93
      ],
      [
        56,
        30
      ],
      [
        44,
        82
      ],
      [
        60,
        55
      ],
      [
        42,
        80
      ],
      [
        69,
        83
      ],
      [
        58,
        29
      ],
      [
        94,
        7
      ],
      [
        86,
        54
      ],
      [
        18,
        90
      ],
      [
        10,
        19
      ],
      [
        35,
        24
      ],
      [
        37,
        57
      ],
      [
        68,
        47
      ],
      [
        15,
        67
      ],
      [
        31,
        63
      ],
      [
        50,
        25
      ],
      [
        3,
        53
      ],
      [
        28,
        36
      ],
      [
        23,
        38
      ],
      [
        87,
        71
      ],
      [
        16,
        40
      ],
      [
        77,
        11
      ],
      [
        5,
        51
      ],
      [
        4,
        17
      ],
      [
        14,
        32
      ],
      [
        48,
        6
      ],
      [
        45,
        33
      ],
      [
        81,
        20
      ],
      [
        65,
        12
      ],
      [
        1,
        96
      ],
      [
        62,
        75
      ],
      [
        61,
        70
      ],
      [
        13,
        89
      ],
      [
        91,
        76
      ],
      [
        74,
        26
      ],
      [
        27,
        46
      ],
      [
        43,
        92
      ],
      [
        2,
        9
      ],
      [
        84,
        66
      ],
      [
        41,
        34
      ],
      [
        0,
        22
      ],
      [
        64,
        79
      ],
      [
        88,
        8
      ],
      [
        49,
        21
      ]
    ],
    "in_cols": [
      18,
      29,
      37,
      47,
      27,
      22,
      30,
      20,
      36,
      28,
      46,
      42,
      11,
      6,
      16,
      17,
      35,
      9,
      15,
      26,
      3,
      14,
      12,
      43,
      10,
      39,
      5,
      4,
      8,
      24,
      23,
      40,
      34,
      1,
      32,
      31,
      7,
      45,
      38,
      13,
      21,
      2,
      41,
      19,
      0,
      33,
      44,
      25
    ],
    "out_cols": [
      35,
      25,
      38,
      46,
      15,
      41,
      28,
      40,
      42,
      14,
      1,
      27,
      44,
      7,
      11,
      29,
      23,
      32,
      30,
      12,
      26,
      19,
      20,
      34,
      21,
      4,
      24,
      6,
      16,
      0,
      17,
      8,
      5,
      47,
      36,
      33,
      43,
      37,
      13,
      22,
      45,
      3,
      31,
      18,
      10,
      39,
      2,
      9
    ]
  }
}