{
  "config": {
    "steps": 900,
    "lr": 0.03,
    "tau_start": 1.0,
    "tau_end": 0.03,
    "sinkhorn_iters": 30,
    "lambda_ent": 0.0003,
    "train_subsample": 4096,
    "seed": 4101,
    "device": "cuda"
  },
  "final": {
    "soft_mse_full": 0.4713302552700043,
    "discrete_mse": 78.90702819824219,
    "hash_match": false,
    "perm_str": "59,30,39,72,95,52,42,63,56,82,44,78,94,93,74,55,69,83,58,29,77,7,86,80,35,90,18,47,73,36,87,57,15,67,37,24,28,71,31,19,50,66,3,26,1,40,91,38,84,25,14,17,81,11,4,51,5,6,43,70,62,20,60,96,65,33,16,76,48,53,49,75,13,32,10,8,27,79,41,46,45,9,23,54,61,89,2,12,68,22,0,92,88,34,64,21,85",
    "in_cols": [
      29,
      18,
      47,
      20,
      27,
      22,
      46,
      38,
      36,
      28,
      39,
      42,
      16,
      11,
      37,
      43,
      9,
      17,
      14,
      15,
      26,
      3,
      1,
      45,
      41,
      8,
      40,
      4,
      5,
      21,
      32,
      30,
      34,
      10,
      24,
      25,
      7,
      6,
      13,
      19,
      23,
      12,
      31,
      2,
      35,
      0,
      44,
      33
    ],
    "out_cols": [
      15,
      35,
      25,
      30,
      41,
      38,
      46,
      28,
      42,
      14,
      1,
      40,
      44,
      23,
      19,
      29,
      32,
      11,
      34,
      7,
      31,
      13,
      21,
      20,
      12,
      6,
      4,
      24,
      0,
      33,
      8,
      47,
      17,
      37,
      26,
      36,
      16,
      2,
      39,
      22,
      3,
      27,
      43,
      5,
      10,
      45,
      18,
      9
    ]
  },
  "best_seen": {
    "discrete_mse": 7.218728542327881,
    "order": [
      [
        59,
        52
      ],
      [
        39,
        72
      ],
      [
        77,
        55
      ],
      [
        95,
        63
      ],
      [
        56,
        82
      ],
      [
        44,
        78
      ],
      [
        74,
        80
      ],
      [
        42,
        29
      ],
      [
        69,
        83
      ],
      [
        68,
        93
      ],
      [
        58,
        7
      ],
      [
        86,
        30
      ],
      [
        35,
        90
      ],
      [
        18,
        47
      ],
      [
        73,
        36
      ],
      [
        37,
        57
      ],
      [
        15,
        67
      ],
      [
        94,
        24
      ],
      [
        28,
        71
      ],
      [
        31,
        19
      ],
      [
        50,
        66
      ],
      [
        3,
        26
      ],
      [
        1,
        40
      ],
      [
        87,
        38
      ],
      [
        84,
        25
      ],
      [
        14,
        17
      ],
      [
        81,
        11
      ],
      [
        4,
        51
      ],
      [
        5,
        6
      ],
      [
        43,
        70
      ],
      [
        62,
        20
      ],
      [
        60,
        96
      ],
      [
        65,
        33
      ],
      [
        16,
        76
      ],
      [
        48,
        53
      ],
      [
        49,
        34
      ],
      [
        13,
        75
      ],
      [
        10,
        8
      ],
      [
        27,
        79
      ],
      [
        41,
        46
      ],
      [
        45,
        9
      ],
      [
        23,
        54
      ],
      [
        91,
        32
      ],
      [
        2,
        12
      ],
      [
        61,
        22
      ],
      [
        0,
        92
      ],
      [
        88,
        89
      ],
      [
        64,
        21
      ]
    ],
    "in_cols": [
      29,
      18,
      39,
      47,
      27,
      22,
      38,
      20,
      36,
      35,
      28,
      42,
      16,
      11,
      37,
      17,
      9,
      46,
      14,
      15,
      26,
      3,
      1,
      43,
      41,
      8,
      40,
      4,
      5,
      21,
      32,
      30,
      34,
      10,
      24,
      25,
      7,
      6,
      13,
      19,
      23,
      12,
      45,
      2,
      31,
      0,
      44,
      33
    ],
    "out_cols": [
      25,
      35,
      28,
      30,
      41,
      38,
      40,
      14,
      42,
      46,
      1,
      15,
      44,
      23,
      19,
      29,
      32,
      11,
      34,
      7,
      31,
      13,
      21,
      20,
      12,
      6,
      4,
      24,
      0,
      33,
      8,
      47,
      17,
      37,
      26,
      18,
      36,
      2,
      39,
      22,
      3,
      27,
      16,
      5,
      10,
      45,
      43,
      9
    ]
  }
}