{
  "config": {
    "steps": 700,
    "lr": 0.015,
    "tau_start": 1.0,
    "tau_end": 0.025,
    "sinkhorn_iters": 30,
    "lambda_ent": 0.0001,
    "train_subsample": 0,
    "seed": 6104,
    "device": "cuda"
  },
  "final": {
    "soft_mse_full": 0.34996917843818665,
    "discrete_mse": 19.044458389282227,
    "hash_match": false,
    "perm_str": "86,52,59,30,95,78,73,63,56,80,44,82,74,55,42,29,39,83,69,93,58,90,18,67,28,19,35,24,10,20,37,57,68,47,94,72,3,26,15,40,50,25,31,36,1,38,87,71,14,11,23,75,4,7,16,32,77,17,48,6,45,33,5,70,60,53,81,96,62,76,13,54,65,89,2,9,27,79,64,92,91,22,43,34,84,66,41,51,61,12,0,46,49,21,88,8,85",
    "in_cols": [
      42,
      29,
      47,
      37,
      27,
      22,
      38,
      20,
      18,
      36,
      28,
      11,
      14,
      16,
      6,
      17,
      35,
      46,
      3,
      9,
      26,
      15,
      1,
      43,
      8,
      12,
      4,
      10,
      39,
      24,
      23,
      5,
      30,
      40,
      32,
      7,
      34,
      2,
      13,
      33,
      45,
      21,
      41,
      19,
      31,
      0,
      25,
      44
    ],
    "out_cols": [
      25,
      15,
      38,
      30,
      40,
      41,
      28,
      14,
      42,
      46,
      44,
      32,
      7,
      11,
      8,
      29,
      23,
      35,
      13,
      21,
      12,
      19,
      20,
      34,
      4,
      36,
      1,
      16,
      6,
      0,
      17,
      33,
      26,
      47,
      37,
      27,
      43,
      3,
      39,
      45,
      10,
      18,
      31,
      24,
      5,
      22,
      9,
      2
    ]
  },
  "best_seen": {
    "discrete_mse": 8.14477825164795,
    "order": [
      [
        59,
        52
      ],
      [
        39,
        25
      ],
      [
        73,
        78
      ],
      [
        95,
        63
      ],
      [
        56,
        30
      ],
      [
        44,
        82
      ],
      [
        74,
        55
      ],
      [
        42,
        29
      ],
      [
        94,
        83
      ],
      [
        58,
        93
      ],
      [
        18,
        90
      ],
      [
        16,
        67
      ],
      [
        28,
        19
      ],
      [
        35,
        24
      ],
      [
        10,
        20
      ],
      [
        37,
        57
      ],
      [
        68,
        47
      ],
      [
        86,
        72
      ],
      [
        3,
        26
      ],
      [
        15,
        40
      ],
      [
        50,
        7
      ],
      [
        31,
        36
      ],
      [
        1,
        38
      ],
      [
        87,
        71
      ],
      [
        14,
        11
      ],
      [
        23,
        75
      ],
      [
        4,
        17
      ],
      [
        65,
        32
      ],
      [
        77,
        80
      ],
      [
        48,
        6
      ],
      [
        45,
        33
      ],
      [
        5,
        70
      ],
      [
        60,
        53
      ],
      [
        81,
        96
      ],
      [
        62,
        76
      ],
      [
        49,
        54
      ],
      [
        13,
        89
      ],
      [
        2,
        9
      ],
      [
        27,
        79
      ],
      [
        0,
        92
      ],
      [
        91,
        22
      ],
      [
        43,
        34
      ],
      [
        84,
        66
      ],
      [
        41,
        51
      ],
      [
        69,
        12
      ],
      [
        61,
        46
      ],
      [
        64,
        21
      ],
      [
        88,
        8
      ]
    ],
    "in_cols": [
      29,
      18,
      37,
      47,
      27,
      22,
      38,
      20,
      46,
      28,
      11,
      10,
      14,
      16,
      6,
      17,
      35,
      42,
      3,
      9,
      26,
      15,
      1,
      43,
      8,
      12,
      4,
      34,
      39,
      24,
      23,
      5,
      30,
      40,
      32,
      25,
      7,
      2,
      13,
      0,
      45,
      21,
      41,
      19,
      36,
      31,
      33,
      44
    ],
    "out_cols": [
      25,
      12,
      38,
      30,
      15,
      41,
      28,
      14,
      42,
      46,
      44,
      32,
      7,
      11,
      8,
      29,
      23,
      35,
      13,
      21,
      1,
      19,
      20,
      34,
      4,
      36,
      6,
      16,
      40,
      0,
      17,
      33,
      26,
      47,
      37,
      27,
      43,
      3,
      39,
      45,
      10,
      18,
      31,
      24,
      5,
      22,
      9,
      2
    ]
  }
}