{
  "config": {
    "steps": 900,
    "lr": 0.03,
    "tau_start": 1.0,
    "tau_end": 0.03,
    "sinkhorn_iters": 30,
    "lambda_ent": 0.0003,
    "train_subsample": 4096,
    "seed": 15401,
    "device": "cuda"
  },
  "final": {
    "soft_mse_full": 0.5733762383460999,
    "discrete_mse": 5.72571325302124,
    "hash_match": false,
    "perm_str": "95,52,39,72,74,63,88,75,58,78,56,82,42,55,3,80,94,38,69,83,44,54,18,67,86,90,35,24,59,19,73,36,37,47,87,57,68,7,1,71,31,40,65,30,91,26,5,51,84,25,77,76,14,11,15,32,0,17,81,6,45,33,62,20,16,96,48,70,43,29,60,89,2,34,4,66,27,8,13,9,10,53,41,46,50,79,28,12,61,93,49,92,23,22,64,21,85",
    "in_cols": [
      47,
      18,
      38,
      44,
      28,
      27,
      20,
      3,
      46,
      36,
      22,
      11,
      42,
      16,
      29,
      37,
      17,
      43,
      35,
      1,
      15,
      34,
      45,
      5,
      41,
      39,
      8,
      9,
      0,
      40,
      23,
      32,
      10,
      24,
      21,
      30,
      2,
      4,
      13,
      7,
      6,
      19,
      26,
      14,
      31,
      25,
      12,
      33
    ],
    "out_cols": [
      25,
      35,
      30,
      36,
      38,
      41,
      28,
      40,
      20,
      42,
      27,
      32,
      44,
      11,
      7,
      19,
      23,
      29,
      1,
      34,
      21,
      15,
      13,
      24,
      12,
      37,
      4,
      16,
      6,
      0,
      17,
      8,
      47,
      33,
      14,
      43,
      18,
      31,
      2,
      3,
      26,
      22,
      39,
      5,
      46,
      45,
      10,
      9
    ]
  },
  "best_seen": {
    "discrete_mse": 1.2710076570510864,
    "order": [
      [
        59,
        52
      ],
      [
        39,
        75
      ],
      [
        95,
        93
      ],
      [
        88,
        29
      ],
      [
        58,
        78
      ],
      [
        56,
        82
      ],
      [
        42,
        55
      ],
      [
        3,
        80
      ],
      [
        74,
        38
      ],
      [
        94,
        53
      ],
      [
        44,
        54
      ],
      [
        18,
        67
      ],
      [
        86,
        90
      ],
      [
        35,
        24
      ],
      [
        48,
        19
      ],
      [
        73,
        36
      ],
      [
        37,
        47
      ],
      [
        50,
        57
      ],
      [
        68,
        7
      ],
      [
        1,
        71
      ],
      [
        31,
        63
      ],
      [
        87,
        40
      ],
      [
        91,
        26
      ],
      [
        5,
        51
      ],
      [
        84,
        25
      ],
      [
        77,
        30
      ],
      [
        14,
        11
      ],
      [
        15,
        32
      ],
      [
        0,
        17
      ],
      [
        81,
        6
      ],
      [
        45,
        33
      ],
      [
        62,
        20
      ],
      [
        16,
        96
      ],
      [
        61,
        70
      ],
      [
        65,
        83
      ],
      [
        60,
        89
      ],
      [
        2,
        34
      ],
      [
        4,
        66
      ],
      [
        27,
        8
      ],
      [
        13,
        9
      ],
      [
        10,
        72
      ],
      [
        41,
        46
      ],
      [
        69,
        79
      ],
      [
        28,
        12
      ],
      [
        43,
        76
      ],
      [
        49,
        92
      ],
      [
        23,
        22
      ],
      [
        64,
        21
      ]
    ],
    "in_cols": [
      29,
      18,
      47,
      44,
      28,
      27,
      20,
      3,
      38,
      46,
      22,
      11,
      42,
      16,
      24,
      37,
      17,
      26,
      35,
      1,
      15,
      43,
      45,
      5,
      41,
      39,
      8,
      9,
      0,
      40,
      23,
      32,
      10,
      31,
      34,
      30,
      2,
      4,
      13,
      7,
      6,
      19,
      36,
      14,
      21,
      25,
      12,
      33
    ],
    "out_cols": [
      25,
      36,
      46,
      14,
      38,
      41,
      28,
      40,
      20,
      26,
      27,
      32,
      44,
      11,
      7,
      19,
      23,
      29,
      1,
      34,
      30,
      21,
      13,
      24,
      12,
      15,
      4,
      16,
      6,
      0,
      17,
      8,
      47,
      33,
      42,
      43,
      18,
      31,
      2,
      3,
      35,
      22,
      39,
      5,
      37,
      45,
      10,
      9
    ]
  }
}