{
  "config": {
    "steps": 700,
    "lr": 0.02,
    "tau_start": 1.0,
    "tau_end": 0.03,
    "sinkhorn_iters": 30,
    "lambda_ent": 0.0003,
    "train_subsample": 0,
    "seed": 13103,
    "device": "cuda"
  },
  "final": {
    "soft_mse_full": 0.36174944043159485,
    "discrete_mse": 46.06258010864258,
    "hash_match": false,
    "perm_str": "59,52,39,30,41,72,95,63,44,82,74,55,86,80,42,29,88,54,58,78,94,7,18,67,35,53,81,90,28,19,15,57,73,47,37,24,68,26,50,40,3,25,31,36,87,71,1,38,23,66,77,11,5,93,14,17,4,32,45,12,65,6,62,20,43,92,16,96,13,89,48,70,64,75,84,9,10,8,49,79,0,83,91,51,60,22,56,34,61,33,27,46,69,76,2,21,85",
    "in_cols": [
      29,
      18,
      19,
      47,
      22,
      38,
      42,
      20,
      44,
      28,
      46,
      11,
      16,
      40,
      14,
      9,
      37,
      17,
      35,
      26,
      3,
      15,
      43,
      1,
      12,
      39,
      5,
      8,
      4,
      23,
      34,
      32,
      21,
      10,
      7,
      24,
      33,
      41,
      6,
      25,
      0,
      45,
      30,
      27,
      31,
      13,
      36,
      2
    ],
    "out_cols": [
      25,
      15,
      35,
      30,
      41,
      28,
      40,
      14,
      27,
      38,
      1,
      32,
      26,
      44,
      7,
      29,
      23,
      11,
      13,
      21,
      12,
      19,
      34,
      20,
      31,
      4,
      46,
      6,
      16,
      5,
      0,
      8,
      45,
      47,
      43,
      33,
      36,
      3,
      2,
      39,
      42,
      24,
      10,
      18,
      17,
      22,
      37,
      9
    ]
  },
  "best_seen": {
    "discrete_mse": 24.41684341430664,
    "order": [
      [
        59,
        52
      ],
      [
        39,
        30
      ],
      [
        74,
        72
      ],
      [
        95,
        63
      ],
      [
        44,
        82
      ],
      [
        73,
        78
      ],
      [
        86,
        80
      ],
      [
        42,
        55
      ],
      [
        88,
        54
      ],
      [
        58,
        29
      ],
      [
        94,
        7
      ],
      [
        18,
        67
      ],
      [
        35,
        53
      ],
      [
        50,
        90
      ],
      [
        28,
        19
      ],
      [
        15,
        57
      ],
      [
        48,
        47
      ],
      [
        37,
        24
      ],
      [
        68,
        26
      ],
      [
        10,
        40
      ],
      [
        3,
        25
      ],
      [
        31,
        36
      ],
      [
        87,
        71
      ],
      [
        1,
        38
      ],
      [
        23,
        66
      ],
      [
        77,
        11
      ],
      [
        27,
        51
      ],
      [
        14,
        17
      ],
      [
        4,
        32
      ],
      [
        45,
        12
      ],
      [
        62,
        6
      ],
      [
        81,
        20
      ],
      [
        5,
        92
      ],
      [
        16,
        96
      ],
      [
        65,
        89
      ],
      [
        60,
        70
      ],
      [
        49,
        75
      ],
      [
        2,
        9
      ],
      [
        41,
        8
      ],
      [
        43,
        79
      ],
      [
        13,
        83
      ],
      [
        91,
        76
      ],
      [
        61,
        22
      ],
      [
        56,
        34
      ],
      [
        0,
        33
      ],
      [
        84,
        46
      ],
      [
        69,
        93
      ],
      [
        64,
        21
      ]
    ],
    "in_cols": [
      29,
      18,
      38,
      47,
      22,
      37,
      42,
      20,
      44,
      28,
      46,
      11,
      16,
      26,
      14,
      9,
      24,
      17,
      35,
      6,
      3,
      15,
      43,
      1,
      12,
      39,
      13,
      8,
      4,
      23,
      32,
      40,
      5,
      10,
      34,
      30,
      25,
      2,
      19,
      21,
      7,
      45,
      31,
      27,
      0,
      41,
      36,
      33
    ],
    "out_cols": [
      25,
      15,
      35,
      30,
      41,
      38,
      40,
      28,
      27,
      14,
      1,
      32,
      26,
      44,
      7,
      29,
      23,
      11,
      13,
      21,
      12,
      19,
      34,
      20,
      31,
      4,
      24,
      6,
      16,
      5,
      0,
      8,
      45,
      47,
      43,
      33,
      36,
      3,
      2,
      39,
      42,
      37,
      10,
      18,
      17,
      22,
      46,
      9
    ]
  }
}