{
  "config": {
    "steps": 900,
    "lr": 0.03,
    "tau_start": 1.0,
    "tau_end": 0.028,
    "sinkhorn_iters": 30,
    "lambda_ent": 0.0003,
    "train_subsample": 4096,
    "seed": 7302,
    "device": "cuda"
  },
  "final": {
    "soft_mse_full": 0.37812089920043945,
    "discrete_mse": 4.024014949798584,
    "hash_match": false,
    "perm_str": "95,30,86,52,84,72,73,78,56,63,44,82,74,55,42,29,61,93,94,83,18,90,3,53,35,25,59,57,28,19,10,36,37,7,39,47,68,24,15,67,31,26,50,66,1,38,91,12,87,71,23,75,4,80,14,11,81,20,5,17,62,6,27,51,77,96,2,70,65,89,13,9,48,33,41,34,60,22,16,32,45,40,43,54,0,76,88,8,58,92,49,46,69,79,64,21,85",
    "in_cols": [
      47,
      42,
      41,
      37,
      27,
      22,
      38,
      20,
      31,
      46,
      11,
      3,
      16,
      29,
      14,
      6,
      17,
      18,
      35,
      9,
      15,
      26,
      1,
      45,
      43,
      12,
      4,
      8,
      40,
      5,
      32,
      13,
      39,
      2,
      34,
      7,
      24,
      19,
      30,
      10,
      23,
      21,
      0,
      44,
      28,
      25,
      36,
      33
    ],
    "out_cols": [
      15,
      25,
      35,
      38,
      30,
      41,
      28,
      14,
      46,
      42,
      44,
      26,
      12,
      29,
      7,
      19,
      1,
      23,
      11,
      32,
      13,
      31,
      20,
      5,
      34,
      36,
      40,
      4,
      8,
      6,
      0,
      24,
      47,
      33,
      43,
      3,
      17,
      18,
      10,
      16,
      21,
      27,
      37,
      2,
      45,
      22,
      39,
      9
    ]
  },
  "best_seen": {
    "discrete_mse": 0.7959235906600952,
    "order": [
      [
        39,
        75
      ],
      [
        86,
        52
      ],
      [
        84,
        72
      ],
      [
        95,
        78
      ],
      [
        56,
        30
      ],
      [
        44,
        82
      ],
      [
        42,
        55
      ],
      [
        88,
        29
      ],
      [
        58,
        93
      ],
      [
        94,
        83
      ],
      [
        18,
        90
      ],
      [
        3,
        53
      ],
      [
        35,
        25
      ],
      [
        59,
        80
      ],
      [
        28,
        19
      ],
      [
        73,
        36
      ],
      [
        37,
        7
      ],
      [
        68,
        47
      ],
      [
        15,
        24
      ],
      [
        87,
        67
      ],
      [
        31,
        26
      ],
      [
        50,
        66
      ],
      [
        1,
        63
      ],
      [
        91,
        12
      ],
      [
        23,
        71
      ],
      [
        16,
        40
      ],
      [
        4,
        32
      ],
      [
        81,
        11
      ],
      [
        14,
        20
      ],
      [
        5,
        17
      ],
      [
        62,
        6
      ],
      [
        27,
        51
      ],
      [
        77,
        96
      ],
      [
        2,
        70
      ],
      [
        65,
        89
      ],
      [
        13,
        9
      ],
      [
        48,
        33
      ],
      [
        41,
        34
      ],
      [
        60,
        22
      ],
      [
        61,
        38
      ],
      [
        45,
        57
      ],
      [
        43,
        54
      ],
      [
        0,
        76
      ],
      [
        49,
        8
      ],
      [
        74,
        92
      ],
      [
        10,
        46
      ],
      [
        69,
        79
      ],
      [
        64,
        21
      ]
    ],
    "in_cols": [
      18,
      42,
      41,
      47,
      27,
      22,
      20,
      44,
      28,
      46,
      11,
      3,
      16,
      29,
      14,
      37,
      17,
      35,
      9,
      43,
      15,
      26,
      1,
      45,
      12,
      10,
      4,
      40,
      8,
      5,
      32,
      13,
      39,
      2,
      34,
      7,
      24,
      19,
      30,
      31,
      23,
      21,
      0,
      25,
      38,
      6,
      36,
      33
    ],
    "out_cols": [
      36,
      25,
      35,
      38,
      15,
      41,
      28,
      14,
      46,
      42,
      44,
      26,
      12,
      40,
      7,
      19,
      1,
      23,
      11,
      32,
      13,
      31,
      30,
      5,
      34,
      21,
      16,
      4,
      8,
      6,
      0,
      24,
      47,
      33,
      43,
      3,
      17,
      18,
      10,
      20,
      29,
      27,
      37,
      2,
      45,
      22,
      39,
      9
    ]
  }
}