{
  "config": {
    "steps": 700,
    "lr": 0.02,
    "tau_start": 1.0,
    "tau_end": 0.03,
    "sinkhorn_iters": 30,
    "lambda_ent": 0.0003,
    "train_subsample": 0,
    "seed": 12903,
    "device": "cuda"
  },
  "final": {
    "soft_mse_full": 0.3296508193016052,
    "discrete_mse": 3.2832319736480713,
    "hash_match": false,
    "perm_str": "73,55,59,52,39,72,95,93,56,30,44,82,74,80,68,29,42,38,58,78,94,53,69,67,86,90,28,19,10,7,37,57,48,47,15,40,1,26,35,24,3,25,50,63,31,36,87,71,14,33,64,51,5,17,81,11,43,70,23,6,65,92,62,20,0,75,77,96,91,89,16,9,13,83,45,54,18,66,49,8,2,79,41,46,84,76,61,32,60,22,4,21,88,34,27,12,85",
    "in_cols": [
      37,
      29,
      18,
      47,
      27,
      22,
      38,
      35,
      20,
      28,
      46,
      36,
      42,
      14,
      6,
      17,
      24,
      9,
      1,
      16,
      3,
      26,
      15,
      43,
      8,
      33,
      5,
      40,
      21,
      12,
      34,
      32,
      0,
      39,
      45,
      10,
      7,
      23,
      11,
      25,
      2,
      19,
      41,
      31,
      30,
      4,
      44,
      13
    ],
    "out_cols": [
      28,
      25,
      35,
      46,
      15,
      41,
      40,
      14,
      20,
      38,
      26,
      32,
      44,
      7,
      1,
      29,
      23,
      21,
      13,
      11,
      12,
      30,
      19,
      34,
      17,
      24,
      6,
      4,
      33,
      0,
      45,
      8,
      36,
      47,
      43,
      3,
      42,
      27,
      31,
      2,
      39,
      22,
      37,
      16,
      10,
      9,
      18,
      5
    ]
  },
  "best_seen": {
    "discrete_mse": 22.13160514831543,
    "order": [
      [
        43,
        25
      ],
      [
        1,
        93
      ],
      [
        77,
        67
      ],
      [
        42,
        75
      ],
      [
        28,
        21
      ],
      [
        65,
        8
      ],
      [
        69,
        78
      ],
      [
        16,
        92
      ],
      [
        48,
        96
      ],
      [
        68,
        17
      ],
      [
        23,
        9
      ],
      [
        73,
        46
      ],
      [
        81,
        47
      ],
      [
        13,
        57
      ],
      [
        49,
        36
      ],
      [
        86,
        19
      ],
      [
        50,
        63
      ],
      [
        37,
        52
      ],
      [
        2,
        22
      ],
      [
        39,
        70
      ],
      [
        95,
        80
      ],
      [
        4,
        89
      ],
      [
        94,
        7
      ],
      [
        84,
        11
      ],
      [
        31,
        53
      ],
      [
        41,
        66
      ],
      [
        10,
        6
      ],
      [
        61,
        32
      ],
      [
        5,
        34
      ],
      [
        45,
        24
      ],
      [
        74,
        51
      ],
      [
        18,
        54
      ],
      [
        62,
        79
      ],
      [
        88,
        12
      ],
      [
        91,
        26
      ],
      [
        64,
        72
      ],
      [
        44,
        90
      ],
      [
        14,
        76
      ],
      [
        35,
        38
      ],
      [
        87,
        71
      ],
      [
        58,
        82
      ],
      [
        27,
        55
      ],
      [
        15,
        29
      ],
      [
        59,
        20
      ],
      [
        60,
        30
      ],
      [
        3,
        33
      ],
      [
        56,
        83
      ],
      [
        0,
        40
      ]
    ],
    "in_cols": [
      21,
      1,
      39,
      20,
      14,
      34,
      36,
      10,
      24,
      35,
      12,
      37,
      40,
      7,
      25,
      42,
      26,
      17,
      2,
      18,
      47,
      4,
      46,
      41,
      15,
      19,
      6,
      31,
      5,
      23,
      38,
      11,
      32,
      44,
      45,
      33,
      22,
      8,
      16,
      43,
      28,
      13,
      9,
      29,
      30,
      3,
      27,
      0
    ],
    "out_cols": [
      12,
      46,
      32,
      36,
      9,
      2,
      38,
      45,
      47,
      6,
      3,
      22,
      23,
      29,
      19,
      7,
      30,
      25,
      10,
      33,
      40,
      43,
      1,
      4,
      26,
      31,
      0,
      16,
      18,
      11,
      24,
      27,
      39,
      5,
      13,
      35,
      44,
      37,
      20,
      34,
      41,
      28,
      14,
      8,
      15,
      17,
      42,
      21
    ]
  }
}