{
  "config": {
    "steps": 700,
    "lr": 0.015,
    "tau_start": 1.0,
    "tau_end": 0.025,
    "sinkhorn_iters": 30,
    "lambda_ent": 0.0001,
    "train_subsample": 0,
    "seed": 9204,
    "device": "cuda"
  },
  "final": {
    "soft_mse_full": 0.344107061624527,
    "discrete_mse": 36.14121627807617,
    "hash_match": false,
    "perm_str": "59,30,35,72,86,52,74,80,56,82,44,78,95,93,42,55,39,83,58,29,94,53,18,54,48,90,10,19,1,57,15,67,73,47,68,24,50,40,31,63,3,26,28,36,37,38,87,71,49,21,14,76,64,51,5,11,4,6,91,33,81,20,77,70,16,96,65,89,62,32,60,66,84,9,23,17,45,25,43,12,41,75,2,34,13,7,0,92,88,22,27,8,61,46,69,79,85",
    "in_cols": [
      29,
      16,
      42,
      38,
      27,
      22,
      47,
      20,
      18,
      28,
      46,
      11,
      24,
      6,
      1,
      9,
      37,
      35,
      26,
      15,
      3,
      14,
      17,
      43,
      25,
      8,
      33,
      5,
      4,
      45,
      40,
      39,
      10,
      34,
      32,
      30,
      41,
      12,
      23,
      21,
      19,
      2,
      7,
      0,
      44,
      13,
      31,
      36
    ],
    "out_cols": [
      15,
      35,
      25,
      40,
      41,
      38,
      46,
      28,
      42,
      14,
      26,
      27,
      44,
      7,
      29,
      32,
      23,
      11,
      21,
      30,
      13,
      19,
      20,
      34,
      9,
      37,
      24,
      4,
      0,
      17,
      8,
      33,
      47,
      43,
      16,
      31,
      3,
      6,
      12,
      5,
      36,
      18,
      1,
      45,
      10,
      2,
      22,
      39
    ]
  },
  "best_seen": {
    "discrete_mse": 11.991168022155762,
    "order": [
      [
        49,
        17
      ],
      [
        84,
        32
      ],
      [
        16,
        82
      ],
      [
        68,
        52
      ],
      [
        27,
        92
      ],
      [
        94,
        63
      ],
      [
        41,
        40
      ],
      [
        13,
        7
      ],
      [
        74,
        8
      ],
      [
        23,
        57
      ],
      [
        42,
        38
      ],
      [
        87,
        76
      ],
      [
        86,
        19
      ],
      [
        35,
        71
      ],
      [
        81,
        89
      ],
      [
        28,
        54
      ],
      [
        48,
        46
      ],
      [
        15,
        67
      ],
      [
        3,
        36
      ],
      [
        45,
        34
      ],
      [
        0,
        93
      ],
      [
        18,
        53
      ],
      [
        69,
        83
      ],
      [
        91,
        72
      ],
      [
        56,
        66
      ],
      [
        5,
        33
      ],
      [
        60,
        90
      ],
      [
        95,
        70
      ],
      [
        64,
        22
      ],
      [
        37,
        79
      ],
      [
        2,
        9
      ],
      [
        39,
        75
      ],
      [
        58,
        29
      ],
      [
        88,
        6
      ],
      [
        73,
        24
      ],
      [
        65,
        21
      ],
      [
        77,
        25
      ],
      [
        61,
        11
      ],
      [
        4,
        80
      ],
      [
        62,
        20
      ],
      [
        50,
        96
      ],
      [
        31,
        47
      ],
      [
        59,
        78
      ],
      [
        43,
        30
      ],
      [
        1,
        51
      ],
      [
        14,
        12
      ],
      [
        44,
        26
      ],
      [
        10,
        55
      ]
    ],
    "in_cols": [
      25,
      41,
      10,
      35,
      13,
      46,
      19,
      7,
      38,
      12,
      20,
      43,
      42,
      16,
      40,
      14,
      24,
      9,
      3,
      23,
      0,
      11,
      36,
      45,
      27,
      5,
      30,
      47,
      33,
      17,
      2,
      18,
      28,
      44,
      37,
      34,
      39,
      31,
      4,
      32,
      26,
      15,
      29,
      21,
      1,
      8,
      22,
      6
    ],
    "out_cols": [
      6,
      16,
      41,
      25,
      45,
      30,
      21,
      1,
      2,
      29,
      20,
      37,
      7,
      34,
      43,
      27,
      22,
      32,
      19,
      18,
      46,
      26,
      42,
      35,
      31,
      17,
      44,
      33,
      10,
      39,
      3,
      36,
      14,
      0,
      11,
      9,
      12,
      4,
      40,
      8,
      47,
      23,
      38,
      15,
      24,
      5,
      13,
      28
    ]
  }
}