{
  "config": {
    "steps": 900,
    "lr": 0.03,
    "tau_start": 1.0,
    "tau_end": 0.03,
    "sinkhorn_iters": 30,
    "lambda_ent": 0.0003,
    "train_subsample": 4096,
    "seed": 16301,
    "device": "cuda"
  },
  "final": {
    "soft_mse_full": 0.38025301694869995,
    "discrete_mse": 2.210123062133789,
    "hash_match": false,
    "perm_str": "39,75,59,52,95,63,87,78,68,80,42,55,44,82,74,29,88,93,58,30,18,83,94,7,35,90,28,19,3,53,73,47,86,26,15,24,37,57,27,40,31,36,50,66,1,38,23,71,14,21,5,6,81,11,4,17,45,33,77,67,56,51,16,20,65,96,48,70,0,76,62,32,91,9,41,25,49,54,43,92,13,72,69,79,10,34,2,12,84,22,61,8,64,89,60,46,85",
    "in_cols": [
      18,
      29,
      47,
      43,
      35,
      20,
      22,
      38,
      44,
      28,
      11,
      46,
      16,
      14,
      3,
      37,
      42,
      9,
      17,
      13,
      15,
      26,
      1,
      12,
      8,
      5,
      40,
      4,
      23,
      39,
      27,
      10,
      34,
      24,
      0,
      32,
      45,
      19,
      25,
      21,
      7,
      36,
      6,
      2,
      41,
      31,
      33,
      30
    ],
    "out_cols": [
      36,
      25,
      30,
      38,
      40,
      28,
      41,
      14,
      46,
      15,
      42,
      1,
      44,
      7,
      26,
      23,
      13,
      11,
      29,
      21,
      19,
      31,
      20,
      34,
      9,
      0,
      4,
      6,
      17,
      32,
      24,
      8,
      47,
      33,
      37,
      16,
      3,
      12,
      27,
      45,
      35,
      39,
      18,
      5,
      10,
      2,
      43,
      22
    ]
  },
  "best_seen": {
    "discrete_mse": 2.299992799758911,
    "order": [
      [
        95,
        75
      ],
      [
        59,
        52
      ],
      [
        39,
        63
      ],
      [
        87,
        78
      ],
      [
        27,
        80
      ],
      [
        42,
        55
      ],
      [
        74,
        82
      ],
      [
        68,
        29
      ],
      [
        88,
        93
      ],
      [
        18,
        30
      ],
      [
        94,
        83
      ],
      [
        58,
        7
      ],
      [
        35,
        90
      ],
      [
        28,
        19
      ],
      [
        3,
        53
      ],
      [
        73,
        47
      ],
      [
        86,
        26
      ],
      [
        44,
        24
      ],
      [
        15,
        57
      ],
      [
        37,
        40
      ],
      [
        31,
        36
      ],
      [
        50,
        66
      ],
      [
        1,
        38
      ],
      [
        23,
        71
      ],
      [
        14,
        21
      ],
      [
        5,
        6
      ],
      [
        81,
        11
      ],
      [
        4,
        17
      ],
      [
        45,
        33
      ],
      [
        16,
        67
      ],
      [
        56,
        51
      ],
      [
        77,
        20
      ],
      [
        65,
        96
      ],
      [
        48,
        70
      ],
      [
        0,
        76
      ],
      [
        62,
        32
      ],
      [
        91,
        9
      ],
      [
        41,
        25
      ],
      [
        49,
        54
      ],
      [
        43,
        92
      ],
      [
        13,
        72
      ],
      [
        69,
        79
      ],
      [
        10,
        34
      ],
      [
        2,
        12
      ],
      [
        84,
        22
      ],
      [
        61,
        8
      ],
      [
        64,
        89
      ],
      [
        60,
        46
      ]
    ],
    "in_cols": [
      47,
      29,
      18,
      43,
      13,
      20,
      38,
      35,
      44,
      11,
      46,
      28,
      16,
      14,
      3,
      37,
      42,
      22,
      9,
      17,
      15,
      26,
      1,
      12,
      8,
      5,
      40,
      4,
      23,
      10,
      27,
      39,
      34,
      24,
      0,
      32,
      45,
      19,
      25,
      21,
      7,
      36,
      6,
      2,
      41,
      31,
      33,
      30
    ],
    "out_cols": [
      36,
      25,
      30,
      38,
      40,
      28,
      41,
      14,
      46,
      15,
      42,
      1,
      44,
      7,
      26,
      23,
      13,
      11,
      29,
      21,
      19,
      31,
      20,
      34,
      9,
      0,
      4,
      6,
      17,
      32,
      24,
      8,
      47,
      33,
      37,
      16,
      3,
      12,
      27,
      45,
      35,
      39,
      18,
      5,
      10,
      2,
      43,
      22
    ]
  }
}