{
  "config": {
    "steps": 700,
    "lr": 0.02,
    "tau_start": 1.0,
    "tau_end": 0.03,
    "sinkhorn_iters": 30,
    "lambda_ent": 0.0003,
    "train_subsample": 0,
    "seed": 16003,
    "device": "cuda"
  },
  "final": {
    "soft_mse_full": 0.31726938486099243,
    "discrete_mse": 27.91834259033203,
    "hash_match": false,
    "perm_str": "95,52,59,30,14,72,39,80,74,55,73,63,44,82,42,29,94,93,88,54,18,83,58,90,35,24,37,57,28,19,15,67,10,7,86,26,68,47,50,38,3,25,31,36,1,40,87,71,23,75,77,76,4,51,5,11,81,92,91,33,62,6,65,20,16,96,43,70,61,53,0,32,60,89,27,17,48,66,13,9,49,79,84,34,41,22,56,78,45,8,69,12,2,21,64,46,85",
    "in_cols": [
      47,
      29,
      8,
      18,
      38,
      37,
      22,
      20,
      46,
      44,
      11,
      28,
      16,
      17,
      14,
      9,
      6,
      42,
      35,
      26,
      3,
      15,
      1,
      43,
      12,
      39,
      4,
      5,
      40,
      45,
      32,
      34,
      10,
      21,
      31,
      0,
      30,
      13,
      24,
      7,
      25,
      41,
      19,
      27,
      23,
      36,
      2,
      33
    ],
    "out_cols": [
      25,
      15,
      35,
      40,
      28,
      30,
      41,
      14,
      46,
      27,
      42,
      44,
      11,
      29,
      7,
      32,
      1,
      13,
      23,
      20,
      12,
      19,
      21,
      34,
      36,
      37,
      24,
      4,
      45,
      17,
      0,
      8,
      47,
      33,
      26,
      16,
      43,
      6,
      31,
      3,
      39,
      18,
      10,
      38,
      2,
      5,
      9,
      22
    ]
  },
  "best_seen": {
    "discrete_mse": 5.080904483795166,
    "order": [
      [
        44,
        7
      ],
      [
        87,
        63
      ],
      [
        48,
        22
      ],
      [
        61,
        78
      ],
      [
        15,
        29
      ],
      [
        95,
        53
      ],
      [
        45,
        26
      ],
      [
        65,
        72
      ],
      [
        5,
        34
      ],
      [
        94,
        36
      ],
      [
        2,
        80
      ],
      [
        23,
        38
      ],
      [
        10,
        67
      ],
      [
        27,
        54
      ],
      [
        73,
        6
      ],
      [
        42,
        9
      ],
      [
        58,
        21
      ],
      [
        68,
        17
      ],
      [
        37,
        76
      ],
      [
        1,
        8
      ],
      [
        18,
        96
      ],
      [
        41,
        55
      ],
      [
        31,
        32
      ],
      [
        88,
        12
      ],
      [
        28,
        25
      ],
      [
        3,
        57
      ],
      [
        49,
        11
      ],
      [
        14,
        30
      ],
      [
        69,
        83
      ],
      [
        0,
        92
      ],
      [
        4,
        33
      ],
      [
        86,
        70
      ],
      [
        60,
        19
      ],
      [
        59,
        46
      ],
      [
        50,
        79
      ],
      [
        56,
        40
      ],
      [
        91,
        52
      ],
      [
        81,
        66
      ],
      [
        62,
        89
      ],
      [
        43,
        20
      ],
      [
        74,
        75
      ],
      [
        16,
        51
      ],
      [
        64,
        93
      ],
      [
        13,
        90
      ],
      [
        77,
        82
      ],
      [
        35,
        24
      ],
      [
        39,
        71
      ],
      [
        84,
        47
      ]
    ],
    "in_cols": [
      22,
      43,
      24,
      31,
      9,
      47,
      23,
      34,
      5,
      46,
      2,
      12,
      6,
      13,
      37,
      20,
      28,
      35,
      17,
      1,
      11,
      19,
      15,
      44,
      14,
      3,
      25,
      8,
      36,
      0,
      4,
      42,
      30,
      29,
      26,
      27,
      45,
      40,
      32,
      21,
      38,
      10,
      33,
      7,
      39,
      16,
      18,
      41
    ],
    "out_cols": [
      1,
      30,
      10,
      38,
      14,
      26,
      13,
      35,
      18,
      19,
      40,
      20,
      32,
      27,
      0,
      3,
      9,
      6,
      37,
      2,
      47,
      28,
      16,
      5,
      12,
      29,
      4,
      15,
      42,
      45,
      17,
      33,
      7,
      22,
      39,
      21,
      25,
      31,
      43,
      8,
      36,
      24,
      46,
      44,
      41,
      11,
      34,
      23
    ]
  }
}