{
  "config": {
    "steps": 900,
    "lr": 0.03,
    "tau_start": 1.0,
    "tau_end": 0.03,
    "sinkhorn_iters": 30,
    "lambda_ent": 0.0003,
    "train_subsample": 4096,
    "seed": 24101,
    "device": "cuda"
  },
  "final": {
    "soft_mse_full": 0.38037893176078796,
    "discrete_mse": 10.922602653503418,
    "hash_match": false,
    "perm_str": "95,75,59,52,39,72,73,93,56,30,74,78,42,55,68,80,44,82,58,29,18,67,86,90,48,47,35,24,1,19,50,36,10,7,37,57,87,40,28,71,3,25,31,63,94,38,0,26,23,89,45,92,77,11,4,32,62,6,81,20,43,70,5,12,65,96,16,33,60,21,15,53,13,54,91,76,27,51,49,66,84,46,41,9,69,83,61,22,14,8,2,34,88,79,64,17,85",
    "in_cols": [
      47,
      29,
      18,
      37,
      27,
      38,
      20,
      35,
      22,
      28,
      11,
      42,
      24,
      16,
      1,
      26,
      6,
      17,
      43,
      14,
      3,
      15,
      46,
      0,
      12,
      23,
      39,
      4,
      32,
      40,
      21,
      5,
      34,
      10,
      30,
      9,
      7,
      45,
      13,
      25,
      41,
      19,
      36,
      31,
      8,
      2,
      44,
      33
    ],
    "out_cols": [
      36,
      25,
      35,
      46,
      15,
      38,
      28,
      40,
      41,
      14,
      32,
      44,
      23,
      11,
      7,
      19,
      1,
      29,
      21,
      34,
      12,
      30,
      20,
      13,
      43,
      45,
      4,
      16,
      0,
      8,
      33,
      5,
      47,
      17,
      9,
      26,
      27,
      37,
      24,
      31,
      22,
      3,
      42,
      10,
      2,
      18,
      39,
      6
    ]
  },
  "best_seen": {
    "discrete_mse": 10.922602653503418,
    "order": [
      [
        95,
        75
      ],
      [
        59,
        52
      ],
      [
        39,
        72
      ],
      [
        73,
        93
      ],
      [
        56,
        30
      ],
      [
        74,
        78
      ],
      [
        42,
        55
      ],
      [
        68,
        80
      ],
      [
        44,
        82
      ],
      [
        58,
        29
      ],
      [
        18,
        67
      ],
      [
        86,
        90
      ],
      [
        48,
        47
      ],
      [
        35,
        24
      ],
      [
        1,
        19
      ],
      [
        50,
        36
      ],
      [
        10,
        7
      ],
      [
        37,
        57
      ],
      [
        87,
        40
      ],
      [
        28,
        71
      ],
      [
        3,
        25
      ],
      [
        31,
        63
      ],
      [
        94,
        38
      ],
      [
        0,
        26
      ],
      [
        23,
        89
      ],
      [
        45,
        92
      ],
      [
        77,
        11
      ],
      [
        4,
        32
      ],
      [
        62,
        6
      ],
      [
        81,
        20
      ],
      [
        43,
        70
      ],
      [
        5,
        12
      ],
      [
        65,
        96
      ],
      [
        16,
        33
      ],
      [
        60,
        21
      ],
      [
        15,
        53
      ],
      [
        13,
        54
      ],
      [
        91,
        76
      ],
      [
        27,
        51
      ],
      [
        49,
        66
      ],
      [
        84,
        46
      ],
      [
        41,
        9
      ],
      [
        69,
        83
      ],
      [
        61,
        22
      ],
      [
        14,
        8
      ],
      [
        2,
        34
      ],
      [
        88,
        79
      ],
      [
        64,
        17
      ]
    ],
    "in_cols": [
      47,
      29,
      18,
      37,
      27,
      38,
      20,
      35,
      22,
      28,
      11,
      42,
      24,
      16,
      1,
      26,
      6,
      17,
      43,
      14,
      3,
      15,
      46,
      0,
      12,
      23,
      39,
      4,
      32,
      40,
      21,
      5,
      34,
      10,
      30,
      9,
      7,
      45,
      13,
      25,
      41,
      19,
      36,
      31,
      8,
      2,
      44,
      33
    ],
    "out_cols": [
      36,
      25,
      35,
      46,
      15,
      38,
      28,
      40,
      41,
      14,
      32,
      44,
      23,
      11,
      7,
      19,
      1,
      29,
      21,
      34,
      12,
      30,
      20,
      13,
      43,
      45,
      4,
      16,
      0,
      8,
      33,
      5,
      47,
      17,
      9,
      26,
      27,
      37,
      24,
      31,
      22,
      3,
      42,
      10,
      2,
      18,
      39,
      6
    ]
  }
}