{
  "config": {
    "steps": 900,
    "lr": 0.03,
    "tau_start": 1.0,
    "tau_end": 0.028,
    "sinkhorn_iters": 30,
    "lambda_ent": 0.0003,
    "train_subsample": 4096,
    "seed": 12002,
    "device": "cuda"
  },
  "final": {
    "soft_mse_full": 0.41324594616889954,
    "discrete_mse": 9.856709480285645,
    "hash_match": false,
    "perm_str": "14,75,59,52,39,55,95,82,58,51,56,30,73,78,68,29,69,67,42,63,94,26,44,54,86,19,18,80,48,47,50,7,15,57,35,24,1,40,87,71,3,25,31,36,37,93,0,38,23,11,77,17,5,12,4,72,81,6,91,70,65,20,45,33,16,96,10,76,62,83,13,32,84,66,60,53,49,8,27,46,64,89,88,22,74,92,43,9,61,90,41,34,28,79,2,21,85",
    "in_cols": [
      8,
      29,
      18,
      47,
      28,
      27,
      37,
      35,
      36,
      20,
      46,
      22,
      42,
      11,
      24,
      26,
      9,
      16,
      1,
      43,
      3,
      15,
      17,
      0,
      12,
      39,
      5,
      4,
      40,
      45,
      34,
      23,
      10,
      6,
      32,
      7,
      41,
      30,
      25,
      13,
      33,
      44,
      38,
      21,
      31,
      19,
      14,
      2
    ],
    "out_cols": [
      36,
      25,
      28,
      41,
      24,
      15,
      38,
      14,
      32,
      30,
      13,
      27,
      7,
      40,
      23,
      1,
      29,
      11,
      21,
      34,
      12,
      19,
      46,
      20,
      4,
      6,
      5,
      35,
      0,
      33,
      8,
      17,
      47,
      37,
      42,
      16,
      31,
      26,
      2,
      22,
      43,
      10,
      45,
      3,
      44,
      18,
      39,
      9
    ]
  },
  "best_seen": {
    "discrete_mse": 6.62297248840332,
    "order": [
      [
        14,
        75
      ],
      [
        59,
        52
      ],
      [
        39,
        55
      ],
      [
        95,
        82
      ],
      [
        73,
        72
      ],
      [
        56,
        30
      ],
      [
        5,
        78
      ],
      [
        68,
        29
      ],
      [
        69,
        67
      ],
      [
        42,
        63
      ],
      [
        94,
        26
      ],
      [
        44,
        54
      ],
      [
        86,
        19
      ],
      [
        18,
        80
      ],
      [
        48,
        47
      ],
      [
        50,
        7
      ],
      [
        15,
        57
      ],
      [
        35,
        24
      ],
      [
        1,
        40
      ],
      [
        87,
        71
      ],
      [
        3,
        25
      ],
      [
        31,
        36
      ],
      [
        37,
        93
      ],
      [
        0,
        38
      ],
      [
        23,
        11
      ],
      [
        77,
        17
      ],
      [
        64,
        51
      ],
      [
        4,
        12
      ],
      [
        81,
        6
      ],
      [
        91,
        70
      ],
      [
        65,
        20
      ],
      [
        45,
        33
      ],
      [
        16,
        96
      ],
      [
        10,
        76
      ],
      [
        62,
        83
      ],
      [
        13,
        32
      ],
      [
        84,
        66
      ],
      [
        60,
        53
      ],
      [
        49,
        8
      ],
      [
        27,
        46
      ],
      [
        58,
        89
      ],
      [
        88,
        22
      ],
      [
        74,
        92
      ],
      [
        43,
        9
      ],
      [
        61,
        90
      ],
      [
        41,
        34
      ],
      [
        28,
        79
      ],
      [
        2,
        21
      ]
    ],
    "in_cols": [
      8,
      29,
      18,
      47,
      37,
      27,
      5,
      35,
      36,
      20,
      46,
      22,
      42,
      11,
      24,
      26,
      9,
      16,
      1,
      43,
      3,
      15,
      17,
      0,
      12,
      39,
      33,
      4,
      40,
      45,
      34,
      23,
      10,
      6,
      32,
      7,
      41,
      30,
      25,
      13,
      28,
      44,
      38,
      21,
      31,
      19,
      14,
      2
    ],
    "out_cols": [
      36,
      25,
      28,
      41,
      35,
      15,
      38,
      14,
      32,
      30,
      13,
      27,
      7,
      40,
      23,
      1,
      29,
      11,
      21,
      34,
      12,
      19,
      46,
      20,
      4,
      6,
      24,
      5,
      0,
      33,
      8,
      17,
      47,
      37,
      42,
      16,
      31,
      26,
      2,
      22,
      43,
      10,
      45,
      3,
      44,
      18,
      39,
      9
    ]
  }
}