{
  "config": {
    "steps": 700,
    "lr": 0.02,
    "tau_start": 1.0,
    "tau_end": 0.03,
    "sinkhorn_iters": 30,
    "lambda_ent": 0.0003,
    "train_subsample": 0,
    "seed": 9903,
    "device": "cuda"
  },
  "final": {
    "soft_mse_full": 0.399199903011322,
    "discrete_mse": 7.824549674987793,
    "hash_match": false,
    "perm_str": "39,75,35,72,59,52,95,80,44,78,37,82,74,29,42,55,58,93,88,54,94,90,86,30,48,47,18,7,73,24,28,19,15,67,68,36,60,57,1,40,50,26,3,53,23,38,87,71,14,25,31,11,81,79,64,33,4,32,62,6,77,20,16,96,49,70,5,89,65,83,84,66,2,9,27,17,0,12,13,92,41,22,56,76,91,51,45,8,69,63,61,34,43,21,10,46,85",
    "in_cols": [
      18,
      16,
      29,
      47,
      22,
      17,
      38,
      20,
      28,
      44,
      46,
      42,
      24,
      11,
      37,
      14,
      9,
      35,
      30,
      1,
      26,
      3,
      12,
      43,
      8,
      15,
      40,
      33,
      4,
      32,
      39,
      10,
      25,
      5,
      34,
      41,
      2,
      13,
      0,
      7,
      19,
      27,
      45,
      23,
      36,
      31,
      21,
      6
    ],
    "out_cols": [
      36,
      35,
      25,
      40,
      38,
      41,
      14,
      28,
      46,
      27,
      44,
      15,
      23,
      1,
      11,
      7,
      32,
      19,
      29,
      21,
      13,
      26,
      20,
      34,
      12,
      4,
      39,
      17,
      16,
      0,
      8,
      47,
      33,
      43,
      42,
      31,
      3,
      6,
      5,
      45,
      10,
      37,
      24,
      2,
      30,
      18,
      9,
      22
    ]
  },
  "best_seen": {
    "discrete_mse": 5.347112655639648,
    "order": [
      [
        39,
        75
      ],
      [
        73,
        30
      ],
      [
        59,
        52
      ],
      [
        95,
        72
      ],
      [
        44,
        78
      ],
      [
        56,
        82
      ],
      [
        37,
        80
      ],
      [
        42,
        55
      ],
      [
        58,
        93
      ],
      [
        88,
        54
      ],
      [
        94,
        90
      ],
      [
        18,
        29
      ],
      [
        48,
        47
      ],
      [
        50,
        7
      ],
      [
        10,
        24
      ],
      [
        28,
        19
      ],
      [
        15,
        67
      ],
      [
        68,
        36
      ],
      [
        35,
        57
      ],
      [
        1,
        40
      ],
      [
        31,
        26
      ],
      [
        3,
        53
      ],
      [
        23,
        38
      ],
      [
        87,
        71
      ],
      [
        14,
        25
      ],
      [
        86,
        11
      ],
      [
        81,
        79
      ],
      [
        64,
        33
      ],
      [
        4,
        32
      ],
      [
        62,
        6
      ],
      [
        77,
        20
      ],
      [
        16,
        96
      ],
      [
        5,
        70
      ],
      [
        65,
        89
      ],
      [
        41,
        83
      ],
      [
        84,
        66
      ],
      [
        13,
        9
      ],
      [
        49,
        17
      ],
      [
        0,
        12
      ],
      [
        74,
        92
      ],
      [
        60,
        22
      ],
      [
        43,
        76
      ],
      [
        91,
        51
      ],
      [
        45,
        8
      ],
      [
        69,
        63
      ],
      [
        61,
        34
      ],
      [
        2,
        21
      ],
      [
        27,
        46
      ]
    ],
    "in_cols": [
      18,
      37,
      29,
      47,
      22,
      27,
      17,
      20,
      28,
      44,
      46,
      11,
      24,
      26,
      6,
      14,
      9,
      35,
      16,
      1,
      15,
      3,
      12,
      43,
      8,
      42,
      40,
      33,
      4,
      32,
      39,
      10,
      5,
      34,
      19,
      41,
      7,
      25,
      0,
      38,
      30,
      21,
      45,
      23,
      36,
      31,
      2,
      13
    ],
    "out_cols": [
      36,
      15,
      25,
      35,
      38,
      41,
      40,
      28,
      46,
      27,
      44,
      14,
      23,
      1,
      11,
      7,
      32,
      19,
      29,
      21,
      13,
      26,
      20,
      34,
      12,
      4,
      39,
      17,
      16,
      0,
      8,
      47,
      33,
      43,
      42,
      31,
      3,
      6,
      5,
      45,
      10,
      37,
      24,
      2,
      30,
      18,
      9,
      22
    ]
  }
}