{
  "config": {
    "steps": 900,
    "lr": 0.03,
    "tau_start": 1.0,
    "tau_end": 0.03,
    "sinkhorn_iters": 30,
    "lambda_ent": 0.0003,
    "train_subsample": 4096,
    "seed": 11101,
    "device": "cuda"
  },
  "final": {
    "soft_mse_full": 0.5261968374252319,
    "discrete_mse": 32.071781158447266,
    "hash_match": false,
    "perm_str": "56,52,39,72,35,55,95,80,59,25,74,78,44,82,42,29,37,93,58,30,94,83,73,67,18,24,86,47,68,90,28,19,50,7,15,40,48,57,3,26,14,63,31,36,87,71,1,38,0,75,5,17,64,51,4,32,62,20,45,11,81,6,65,33,77,70,91,96,16,76,27,53,13,34,61,46,43,9,60,22,49,12,10,54,2,21,41,89,23,79,69,92,84,66,88,8,85",
    "in_cols": [
      27,
      18,
      16,
      47,
      29,
      38,
      22,
      20,
      17,
      28,
      46,
      37,
      11,
      42,
      35,
      14,
      26,
      9,
      24,
      3,
      8,
      15,
      43,
      1,
      0,
      5,
      33,
      4,
      32,
      23,
      40,
      34,
      39,
      45,
      10,
      13,
      7,
      31,
      21,
      30,
      25,
      6,
      2,
      19,
      12,
      36,
      41,
      44
    ],
    "out_cols": [
      25,
      35,
      28,
      40,
      12,
      38,
      41,
      14,
      46,
      15,
      42,
      32,
      11,
      23,
      44,
      7,
      1,
      21,
      29,
      13,
      30,
      19,
      34,
      20,
      36,
      6,
      24,
      16,
      8,
      4,
      0,
      17,
      33,
      47,
      37,
      26,
      18,
      22,
      3,
      10,
      5,
      27,
      9,
      43,
      39,
      45,
      31,
      2
    ]
  },
  "best_seen": {
    "discrete_mse": 11.32040023803711,
    "order": [
      [
        35,
        52
      ],
      [
        39,
        72
      ],
      [
        42,
        55
      ],
      [
        95,
        80
      ],
      [
        59,
        25
      ],
      [
        74,
        78
      ],
      [
        44,
        82
      ],
      [
        68,
        29
      ],
      [
        37,
        93
      ],
      [
        58,
        30
      ],
      [
        94,
        83
      ],
      [
        73,
        67
      ],
      [
        18,
        24
      ],
      [
        48,
        47
      ],
      [
        86,
        90
      ],
      [
        28,
        19
      ],
      [
        50,
        7
      ],
      [
        15,
        40
      ],
      [
        5,
        57
      ],
      [
        3,
        26
      ],
      [
        1,
        63
      ],
      [
        31,
        36
      ],
      [
        87,
        71
      ],
      [
        23,
        38
      ],
      [
        0,
        75
      ],
      [
        14,
        17
      ],
      [
        64,
        51
      ],
      [
        4,
        32
      ],
      [
        62,
        20
      ],
      [
        45,
        11
      ],
      [
        81,
        6
      ],
      [
        65,
        33
      ],
      [
        77,
        70
      ],
      [
        91,
        96
      ],
      [
        16,
        76
      ],
      [
        27,
        53
      ],
      [
        13,
        34
      ],
      [
        61,
        46
      ],
      [
        43,
        9
      ],
      [
        60,
        22
      ],
      [
        49,
        12
      ],
      [
        10,
        54
      ],
      [
        2,
        21
      ],
      [
        41,
        89
      ],
      [
        56,
        79
      ],
      [
        69,
        92
      ],
      [
        84,
        66
      ],
      [
        88,
        8
      ]
    ],
    "in_cols": [
      16,
      18,
      20,
      47,
      29,
      38,
      22,
      35,
      17,
      28,
      46,
      37,
      11,
      24,
      42,
      14,
      26,
      9,
      5,
      3,
      1,
      15,
      43,
      12,
      0,
      8,
      33,
      4,
      32,
      23,
      40,
      34,
      39,
      45,
      10,
      13,
      7,
      31,
      21,
      30,
      25,
      6,
      2,
      19,
      27,
      36,
      41,
      44
    ],
    "out_cols": [
      25,
      35,
      28,
      40,
      12,
      38,
      41,
      14,
      46,
      15,
      42,
      32,
      11,
      23,
      44,
      7,
      1,
      21,
      29,
      13,
      30,
      19,
      34,
      20,
      36,
      6,
      24,
      16,
      8,
      4,
      0,
      17,
      33,
      47,
      37,
      26,
      18,
      22,
      3,
      10,
      5,
      27,
      9,
      43,
      39,
      45,
      31,
      2
    ]
  }
}