{
  "config": {
    "steps": 700,
    "lr": 0.015,
    "tau_start": 1.0,
    "tau_end": 0.025,
    "sinkhorn_iters": 30,
    "lambda_ent": 0.0001,
    "train_subsample": 0,
    "seed": 13204,
    "device": "cuda"
  },
  "final": {
    "soft_mse_full": 0.39053037762641907,
    "discrete_mse": 970.093994140625,
    "hash_match": false,
    "perm_str": "59,52,39,30,3,72,95,29,56,51,44,82,42,63,74,93,94,55,58,78,35,26,86,7,18,90,28,67,50,19,73,24,37,47,15,57,68,40,48,53,87,25,31,36,1,38,27,71,14,11,4,75,65,92,5,6,81,33,91,32,62,12,16,20,23,70,77,76,41,89,43,9,0,83,49,34,45,96,2,80,13,54,61,46,10,79,84,66,88,8,60,22,69,21,64,17,85",
    "in_cols": [
      29,
      18,
      3,
      47,
      27,
      22,
      20,
      38,
      46,
      28,
      16,
      42,
      11,
      14,
      26,
      37,
      17,
      9,
      35,
      24,
      43,
      15,
      1,
      13,
      8,
      4,
      34,
      5,
      40,
      45,
      32,
      10,
      12,
      39,
      19,
      21,
      0,
      25,
      23,
      2,
      7,
      31,
      6,
      41,
      44,
      30,
      36,
      33
    ],
    "out_cols": [
      25,
      15,
      35,
      14,
      24,
      41,
      30,
      46,
      28,
      38,
      13,
      1,
      44,
      32,
      7,
      11,
      23,
      29,
      21,
      26,
      12,
      19,
      20,
      34,
      4,
      36,
      45,
      0,
      17,
      16,
      5,
      8,
      33,
      37,
      43,
      3,
      42,
      18,
      47,
      40,
      27,
      22,
      39,
      31,
      2,
      10,
      9,
      6
    ]
  },
  "best_seen": {
    "discrete_mse": 20.220964431762695,
    "order": [
      [
        41,
        67
      ],
      [
        88,
        83
      ],
      [
        86,
        25
      ],
      [
        81,
        66
      ],
      [
        39,
        54
      ],
      [
        10,
        70
      ],
      [
        45,
        32
      ],
      [
        3,
        34
      ],
      [
        87,
        71
      ],
      [
        73,
        75
      ],
      [
        28,
        7
      ],
      [
        0,
        96
      ],
      [
        5,
        19
      ],
      [
        31,
        53
      ],
      [
        56,
        24
      ],
      [
        15,
        72
      ],
      [
        58,
        36
      ],
      [
        44,
        63
      ],
      [
        43,
        40
      ],
      [
        48,
        33
      ],
      [
        91,
        20
      ],
      [
        65,
        12
      ],
      [
        61,
        30
      ],
      [
        50,
        26
      ],
      [
        1,
        47
      ],
      [
        68,
        6
      ],
      [
        60,
        79
      ],
      [
        59,
        78
      ],
      [
        37,
        11
      ],
      [
        35,
        92
      ],
      [
        14,
        9
      ],
      [
        13,
        52
      ],
      [
        62,
        8
      ],
      [
        77,
        76
      ],
      [
        23,
        29
      ],
      [
        2,
        17
      ],
      [
        94,
        51
      ],
      [
        64,
        90
      ],
      [
        74,
        82
      ],
      [
        69,
        89
      ],
      [
        95,
        22
      ],
      [
        16,
        38
      ],
      [
        18,
        21
      ],
      [
        49,
        55
      ],
      [
        27,
        46
      ],
      [
        84,
        80
      ],
      [
        42,
        93
      ],
      [
        4,
        57
      ]
    ],
    "in_cols": [
      19,
      44,
      42,
      40,
      18,
      6,
      23,
      3,
      43,
      37,
      14,
      0,
      5,
      15,
      27,
      9,
      28,
      22,
      21,
      24,
      45,
      34,
      31,
      26,
      1,
      35,
      30,
      29,
      17,
      16,
      8,
      7,
      32,
      39,
      12,
      2,
      46,
      33,
      38,
      36,
      47,
      10,
      11,
      25,
      13,
      41,
      20,
      4
    ],
    "out_cols": [
      32,
      42,
      12,
      31,
      27,
      33,
      16,
      18,
      34,
      36,
      1,
      47,
      7,
      26,
      11,
      35,
      19,
      30,
      21,
      17,
      8,
      5,
      15,
      13,
      23,
      0,
      39,
      38,
      4,
      45,
      3,
      25,
      2,
      37,
      14,
      6,
      24,
      44,
      41,
      43,
      10,
      20,
      9,
      28,
      22,
      40,
      46,
      29
    ]
  }
}