{
  "config": {
    "steps": 700,
    "lr": 0.015,
    "tau_start": 1.0,
    "tau_end": 0.025,
    "sinkhorn_iters": 30,
    "lambda_ent": 0.0001,
    "train_subsample": 0,
    "seed": 6604,
    "device": "cuda"
  },
  "final": {
    "soft_mse_full": 0.351686954498291,
    "discrete_mse": 22.213157653808594,
    "hash_match": false,
    "perm_str": "59,72,39,30,73,63,95,52,44,82,37,78,94,93,42,29,68,55,69,7,18,80,58,90,28,19,48,47,35,24,50,67,86,53,15,57,10,40,3,25,65,26,31,36,1,38,87,71,14,21,77,76,27,17,81,11,62,6,4,32,43,70,49,20,16,33,23,96,91,51,5,89,13,83,60,79,56,34,2,9,74,22,45,54,84,66,41,75,88,12,61,46,0,92,64,8,85",
    "in_cols": [
      29,
      18,
      37,
      47,
      22,
      17,
      46,
      20,
      35,
      36,
      11,
      28,
      14,
      24,
      16,
      26,
      42,
      9,
      6,
      3,
      34,
      15,
      1,
      43,
      8,
      39,
      13,
      40,
      32,
      4,
      21,
      25,
      10,
      12,
      45,
      5,
      7,
      30,
      27,
      2,
      38,
      23,
      41,
      19,
      44,
      31,
      0,
      33
    ],
    "out_cols": [
      35,
      15,
      30,
      25,
      41,
      38,
      46,
      14,
      28,
      1,
      40,
      44,
      7,
      23,
      11,
      32,
      26,
      29,
      21,
      12,
      13,
      19,
      20,
      34,
      9,
      37,
      6,
      4,
      0,
      16,
      33,
      8,
      17,
      47,
      24,
      43,
      42,
      39,
      18,
      3,
      10,
      27,
      31,
      36,
      5,
      22,
      45,
      2
    ]
  },
  "best_seen": {
    "discrete_mse": 0.9189413785934448,
    "order": [
      [
        59,
        52
      ],
      [
        39,
        30
      ],
      [
        73,
        72
      ],
      [
        95,
        63
      ],
      [
        56,
        82
      ],
      [
        44,
        78
      ],
      [
        94,
        93
      ],
      [
        68,
        29
      ],
      [
        42,
        55
      ],
      [
        58,
        83
      ],
      [
        18,
        80
      ],
      [
        86,
        90
      ],
      [
        28,
        19
      ],
      [
        48,
        47
      ],
      [
        37,
        24
      ],
      [
        1,
        67
      ],
      [
        35,
        53
      ],
      [
        15,
        57
      ],
      [
        10,
        40
      ],
      [
        3,
        25
      ],
      [
        65,
        26
      ],
      [
        31,
        36
      ],
      [
        23,
        38
      ],
      [
        87,
        71
      ],
      [
        14,
        21
      ],
      [
        77,
        76
      ],
      [
        49,
        17
      ],
      [
        81,
        11
      ],
      [
        4,
        6
      ],
      [
        45,
        32
      ],
      [
        5,
        70
      ],
      [
        16,
        20
      ],
      [
        43,
        33
      ],
      [
        62,
        96
      ],
      [
        91,
        7
      ],
      [
        27,
        89
      ],
      [
        13,
        75
      ],
      [
        60,
        79
      ],
      [
        50,
        34
      ],
      [
        2,
        9
      ],
      [
        74,
        22
      ],
      [
        64,
        54
      ],
      [
        84,
        66
      ],
      [
        41,
        51
      ],
      [
        88,
        12
      ],
      [
        61,
        46
      ],
      [
        0,
        92
      ],
      [
        69,
        8
      ]
    ],
    "in_cols": [
      29,
      18,
      37,
      47,
      27,
      22,
      46,
      35,
      20,
      28,
      11,
      42,
      14,
      24,
      17,
      1,
      16,
      9,
      6,
      3,
      34,
      15,
      12,
      43,
      8,
      39,
      25,
      40,
      4,
      23,
      5,
      10,
      21,
      32,
      45,
      13,
      7,
      30,
      26,
      2,
      38,
      33,
      41,
      19,
      44,
      31,
      0,
      36
    ],
    "out_cols": [
      25,
      15,
      35,
      30,
      41,
      38,
      46,
      14,
      28,
      42,
      40,
      44,
      7,
      23,
      11,
      32,
      26,
      29,
      21,
      12,
      13,
      19,
      20,
      34,
      9,
      37,
      6,
      4,
      0,
      16,
      33,
      8,
      17,
      47,
      1,
      43,
      36,
      39,
      18,
      3,
      10,
      27,
      31,
      24,
      5,
      22,
      45,
      2
    ]
  }
}