{
  "config": {
    "steps": 900,
    "lr": 0.03,
    "tau_start": 1.0,
    "tau_end": 0.03,
    "sinkhorn_iters": 30,
    "lambda_ent": 0.0003,
    "train_subsample": 4096,
    "seed": 9001,
    "device": "cuda"
  },
  "final": {
    "soft_mse_full": 0.5060248970985413,
    "discrete_mse": 51.76036071777344,
    "hash_match": false,
    "perm_str": "39,30,59,55,95,52,87,63,42,80,56,82,44,72,88,29,58,78,69,83,18,67,94,71,86,90,35,24,73,7,48,93,37,57,15,47,62,19,31,25,50,66,3,26,28,40,1,38,14,36,68,11,64,17,5,32,4,51,81,6,16,20,84,33,23,70,65,53,77,54,91,89,10,8,13,46,41,75,0,79,27,96,60,9,49,21,74,22,2,12,43,34,61,76,45,92,85",
    "in_cols": [
      18,
      29,
      47,
      43,
      20,
      27,
      22,
      44,
      28,
      36,
      11,
      46,
      42,
      16,
      37,
      24,
      17,
      9,
      32,
      15,
      26,
      3,
      14,
      1,
      8,
      35,
      33,
      5,
      4,
      40,
      10,
      41,
      12,
      34,
      39,
      45,
      6,
      7,
      19,
      0,
      13,
      30,
      25,
      38,
      2,
      21,
      31,
      23
    ],
    "out_cols": [
      15,
      28,
      25,
      30,
      40,
      41,
      35,
      14,
      38,
      42,
      32,
      34,
      44,
      11,
      1,
      46,
      29,
      23,
      7,
      12,
      31,
      13,
      21,
      20,
      19,
      4,
      6,
      16,
      24,
      0,
      8,
      17,
      33,
      26,
      27,
      43,
      2,
      22,
      36,
      39,
      47,
      3,
      9,
      10,
      5,
      18,
      37,
      45
    ]
  },
  "best_seen": {
    "discrete_mse": 1.0545589923858643,
    "order": [
      [
        39,
        30
      ],
      [
        59,
        55
      ],
      [
        95,
        52
      ],
      [
        87,
        63
      ],
      [
        42,
        80
      ],
      [
        56,
        82
      ],
      [
        44,
        72
      ],
      [
        68,
        29
      ],
      [
        58,
        78
      ],
      [
        69,
        83
      ],
      [
        18,
        67
      ],
      [
        94,
        71
      ],
      [
        86,
        90
      ],
      [
        35,
        24
      ],
      [
        73,
        7
      ],
      [
        48,
        93
      ],
      [
        37,
        57
      ],
      [
        15,
        47
      ],
      [
        62,
        19
      ],
      [
        31,
        25
      ],
      [
        50,
        66
      ],
      [
        3,
        26
      ],
      [
        28,
        40
      ],
      [
        1,
        38
      ],
      [
        77,
        36
      ],
      [
        64,
        11
      ],
      [
        14,
        17
      ],
      [
        5,
        32
      ],
      [
        4,
        51
      ],
      [
        81,
        6
      ],
      [
        16,
        20
      ],
      [
        84,
        33
      ],
      [
        23,
        70
      ],
      [
        65,
        53
      ],
      [
        13,
        54
      ],
      [
        91,
        89
      ],
      [
        10,
        8
      ],
      [
        27,
        46
      ],
      [
        41,
        75
      ],
      [
        0,
        79
      ],
      [
        60,
        96
      ],
      [
        88,
        9
      ],
      [
        49,
        21
      ],
      [
        74,
        22
      ],
      [
        2,
        12
      ],
      [
        43,
        34
      ],
      [
        61,
        76
      ],
      [
        45,
        92
      ]
    ],
    "in_cols": [
      18,
      29,
      47,
      43,
      20,
      27,
      22,
      35,
      28,
      36,
      11,
      46,
      42,
      16,
      37,
      24,
      17,
      9,
      32,
      15,
      26,
      3,
      14,
      1,
      39,
      33,
      8,
      5,
      4,
      40,
      10,
      41,
      12,
      34,
      7,
      45,
      6,
      13,
      19,
      0,
      30,
      44,
      25,
      38,
      2,
      21,
      31,
      23
    ],
    "out_cols": [
      15,
      28,
      25,
      30,
      40,
      41,
      35,
      14,
      38,
      42,
      32,
      34,
      44,
      11,
      1,
      46,
      29,
      23,
      7,
      12,
      31,
      13,
      21,
      20,
      19,
      4,
      6,
      16,
      24,
      0,
      8,
      17,
      33,
      26,
      27,
      43,
      2,
      22,
      36,
      39,
      47,
      3,
      9,
      10,
      5,
      18,
      37,
      45
    ]
  }
}