{
  "config": {
    "steps": 700,
    "lr": 0.02,
    "tau_start": 1.0,
    "tau_end": 0.03,
    "sinkhorn_iters": 30,
    "lambda_ent": 0.0003,
    "train_subsample": 0,
    "seed": 22603,
    "device": "cuda"
  },
  "final": {
    "soft_mse_full": 0.305317759513855,
    "discrete_mse": 31.963518142700195,
    "hash_match": false,
    "perm_str": "59,52,39,30,95,72,73,63,74,55,44,82,58,78,42,29,88,93,69,67,94,53,18,80,48,47,28,19,35,24,37,7,15,57,86,90,68,26,1,71,3,25,31,36,50,38,87,40,23,11,77,12,5,51,4,32,43,92,81,6,45,33,16,70,65,96,62,20,0,75,60,89,14,54,49,8,13,83,27,17,91,9,41,66,10,79,2,46,84,34,56,22,61,21,64,76,85",
    "in_cols": [
      29,
      18,
      47,
      37,
      38,
      22,
      28,
      20,
      44,
      36,
      46,
      11,
      24,
      14,
      16,
      17,
      9,
      42,
      35,
      1,
      3,
      15,
      26,
      43,
      12,
      39,
      5,
      4,
      21,
      40,
      23,
      10,
      34,
      32,
      0,
      30,
      8,
      25,
      7,
      13,
      45,
      19,
      6,
      2,
      41,
      27,
      31,
      33
    ],
    "out_cols": [
      25,
      15,
      35,
      30,
      28,
      41,
      38,
      14,
      46,
      32,
      26,
      40,
      23,
      7,
      11,
      1,
      29,
      44,
      13,
      34,
      12,
      19,
      20,
      21,
      4,
      5,
      24,
      16,
      45,
      0,
      17,
      33,
      47,
      8,
      36,
      43,
      27,
      2,
      42,
      6,
      3,
      31,
      39,
      22,
      18,
      10,
      9,
      37
    ]
  },
  "best_seen": {
    "discrete_mse": 3.6550538539886475,
    "order": [
      [
        59,
        52
      ],
      [
        73,
        72
      ],
      [
        39,
        93
      ],
      [
        87,
        63
      ],
      [
        95,
        55
      ],
      [
        74,
        82
      ],
      [
        44,
        78
      ],
      [
        42,
        80
      ],
      [
        88,
        29
      ],
      [
        58,
        30
      ],
      [
        94,
        53
      ],
      [
        18,
        90
      ],
      [
        28,
        47
      ],
      [
        10,
        19
      ],
      [
        35,
        67
      ],
      [
        50,
        7
      ],
      [
        15,
        57
      ],
      [
        86,
        26
      ],
      [
        68,
        24
      ],
      [
        48,
        71
      ],
      [
        3,
        25
      ],
      [
        31,
        36
      ],
      [
        1,
        38
      ],
      [
        23,
        40
      ],
      [
        14,
        11
      ],
      [
        64,
        12
      ],
      [
        5,
        51
      ],
      [
        4,
        32
      ],
      [
        91,
        33
      ],
      [
        81,
        6
      ],
      [
        45,
        92
      ],
      [
        16,
        70
      ],
      [
        37,
        20
      ],
      [
        62,
        96
      ],
      [
        77,
        75
      ],
      [
        65,
        89
      ],
      [
        13,
        54
      ],
      [
        49,
        21
      ],
      [
        41,
        83
      ],
      [
        27,
        17
      ],
      [
        61,
        9
      ],
      [
        0,
        66
      ],
      [
        84,
        79
      ],
      [
        2,
        46
      ],
      [
        60,
        8
      ],
      [
        56,
        22
      ],
      [
        69,
        76
      ],
      [
        43,
        34
      ]
    ],
    "in_cols": [
      29,
      37,
      18,
      43,
      47,
      38,
      22,
      20,
      44,
      28,
      46,
      11,
      14,
      6,
      16,
      26,
      9,
      42,
      35,
      24,
      3,
      15,
      1,
      12,
      8,
      33,
      5,
      4,
      45,
      40,
      23,
      10,
      17,
      32,
      39,
      34,
      7,
      25,
      19,
      13,
      31,
      0,
      41,
      2,
      30,
      27,
      36,
      21
    ],
    "out_cols": [
      25,
      35,
      46,
      30,
      28,
      41,
      38,
      40,
      14,
      15,
      26,
      44,
      23,
      7,
      32,
      1,
      29,
      13,
      11,
      34,
      12,
      19,
      20,
      21,
      4,
      5,
      24,
      16,
      17,
      0,
      45,
      33,
      8,
      47,
      36,
      43,
      27,
      9,
      42,
      6,
      3,
      31,
      39,
      22,
      2,
      10,
      37,
      18
    ]
  }
}