{
  "config": {
    "steps": 700,
    "lr": 0.02,
    "tau_start": 1.0,
    "tau_end": 0.03,
    "sinkhorn_iters": 30,
    "lambda_ent": 0.0003,
    "train_subsample": 0,
    "seed": 9703,
    "device": "cuda"
  },
  "final": {
    "soft_mse_full": 0.3253968060016632,
    "discrete_mse": 43.53720474243164,
    "hash_match": false,
    "perm_str": "59,52,39,30,73,63,95,80,56,82,74,55,44,78,42,29,69,93,18,67,94,34,28,19,86,90,35,24,10,47,50,7,37,72,68,26,15,57,87,71,3,25,31,36,1,40,23,38,43,21,77,11,4,32,14,17,48,66,81,6,45,33,5,20,16,96,65,53,62,75,60,70,13,83,58,8,88,54,61,9,27,46,84,22,91,76,0,79,41,12,49,92,2,51,64,89,85",
    "in_cols": [
      29,
      18,
      37,
      47,
      27,
      38,
      22,
      20,
      36,
      11,
      46,
      14,
      42,
      16,
      6,
      26,
      17,
      35,
      9,
      43,
      3,
      15,
      1,
      12,
      21,
      39,
      4,
      8,
      24,
      40,
      23,
      5,
      10,
      34,
      32,
      30,
      7,
      28,
      44,
      31,
      13,
      41,
      45,
      0,
      19,
      25,
      2,
      33
    ],
    "out_cols": [
      25,
      15,
      30,
      40,
      41,
      28,
      38,
      14,
      46,
      32,
      18,
      7,
      44,
      11,
      23,
      1,
      35,
      13,
      29,
      34,
      12,
      19,
      21,
      20,
      9,
      4,
      16,
      6,
      31,
      0,
      17,
      8,
      47,
      26,
      36,
      33,
      42,
      2,
      27,
      3,
      22,
      10,
      37,
      39,
      5,
      45,
      24,
      43
    ]
  },
  "best_seen": {
    "discrete_mse": 19.280948638916016,
    "order": [
      [
        59,
        52
      ],
      [
        39,
        72
      ],
      [
        73,
        63
      ],
      [
        95,
        29
      ],
      [
        56,
        82
      ],
      [
        74,
        78
      ],
      [
        44,
        80
      ],
      [
        42,
        55
      ],
      [
        58,
        93
      ],
      [
        69,
        67
      ],
      [
        18,
        30
      ],
      [
        28,
        19
      ],
      [
        37,
        90
      ],
      [
        35,
        7
      ],
      [
        10,
        24
      ],
      [
        15,
        57
      ],
      [
        68,
        47
      ],
      [
        86,
        26
      ],
      [
        87,
        40
      ],
      [
        94,
        71
      ],
      [
        3,
        25
      ],
      [
        31,
        66
      ],
      [
        1,
        36
      ],
      [
        23,
        38
      ],
      [
        14,
        76
      ],
      [
        77,
        11
      ],
      [
        5,
        51
      ],
      [
        50,
        17
      ],
      [
        91,
        92
      ],
      [
        81,
        20
      ],
      [
        4,
        33
      ],
      [
        48,
        6
      ],
      [
        16,
        96
      ],
      [
        13,
        53
      ],
      [
        0,
        75
      ],
      [
        65,
        70
      ],
      [
        62,
        83
      ],
      [
        60,
        21
      ],
      [
        49,
        89
      ],
      [
        88,
        22
      ],
      [
        27,
        8
      ],
      [
        84,
        9
      ],
      [
        41,
        32
      ],
      [
        43,
        54
      ],
      [
        61,
        12
      ],
      [
        45,
        79
      ],
      [
        2,
        46
      ],
      [
        64,
        34
      ]
    ],
    "in_cols": [
      29,
      18,
      37,
      47,
      27,
      38,
      22,
      20,
      28,
      36,
      11,
      14,
      17,
      16,
      6,
      9,
      35,
      42,
      43,
      46,
      3,
      15,
      1,
      12,
      8,
      39,
      5,
      26,
      45,
      40,
      4,
      24,
      10,
      7,
      0,
      34,
      32,
      30,
      25,
      44,
      13,
      41,
      19,
      21,
      31,
      23,
      2,
      33
    ],
    "out_cols": [
      25,
      35,
      30,
      14,
      41,
      38,
      40,
      28,
      46,
      32,
      15,
      7,
      44,
      1,
      11,
      29,
      23,
      13,
      21,
      34,
      12,
      31,
      19,
      20,
      37,
      4,
      24,
      6,
      45,
      8,
      17,
      0,
      47,
      26,
      36,
      33,
      42,
      9,
      43,
      10,
      2,
      3,
      16,
      27,
      5,
      39,
      22,
      18
    ]
  }
}