{
  "config": {
    "steps": 900,
    "lr": 0.03,
    "tau_start": 1.0,
    "tau_end": 0.028,
    "sinkhorn_iters": 30,
    "lambda_ent": 0.0003,
    "train_subsample": 4096,
    "seed": 26402,
    "device": "cuda"
  },
  "final": {
    "soft_mse_full": 0.4095381498336792,
    "discrete_mse": 139.60528564453125,
    "hash_match": false,
    "perm_str": "23,75,59,30,95,93,1,90,44,78,74,82,86,7,39,80,42,55,88,29,15,67,18,38,10,19,37,47,16,24,73,57,35,72,68,26,94,52,3,53,31,36,50,66,28,25,87,71,14,21,27,40,60,11,5,6,62,63,0,17,91,96,45,12,84,33,81,20,48,70,43,83,77,32,13,54,56,89,65,9,2,34,41,51,49,76,61,22,69,46,64,79,4,8,58,92,85",
    "in_cols": [
      12,
      29,
      47,
      1,
      22,
      38,
      42,
      18,
      20,
      44,
      9,
      11,
      6,
      17,
      10,
      37,
      16,
      35,
      46,
      3,
      15,
      26,
      14,
      43,
      8,
      13,
      30,
      5,
      32,
      0,
      45,
      23,
      41,
      40,
      24,
      21,
      39,
      7,
      27,
      34,
      2,
      19,
      25,
      31,
      36,
      33,
      4,
      28
    ],
    "out_cols": [
      36,
      15,
      46,
      44,
      38,
      41,
      1,
      40,
      28,
      14,
      32,
      20,
      7,
      23,
      11,
      29,
      35,
      13,
      25,
      26,
      19,
      31,
      12,
      34,
      9,
      21,
      4,
      0,
      30,
      6,
      47,
      5,
      17,
      8,
      33,
      42,
      16,
      27,
      43,
      3,
      18,
      24,
      37,
      10,
      22,
      39,
      2,
      45
    ]
  },
  "best_seen": {
    "discrete_mse": 0.9184633493423462,
    "order": [
      [
        95,
        75
      ],
      [
        59,
        52
      ],
      [
        39,
        93
      ],
      [
        1,
        90
      ],
      [
        49,
        78
      ],
      [
        44,
        82
      ],
      [
        42,
        63
      ],
      [
        74,
        80
      ],
      [
        88,
        55
      ],
      [
        10,
        30
      ],
      [
        15,
        67
      ],
      [
        35,
        38
      ],
      [
        28,
        19
      ],
      [
        37,
        7
      ],
      [
        18,
        24
      ],
      [
        73,
        57
      ],
      [
        86,
        72
      ],
      [
        68,
        47
      ],
      [
        94,
        40
      ],
      [
        3,
        53
      ],
      [
        31,
        36
      ],
      [
        50,
        66
      ],
      [
        23,
        25
      ],
      [
        87,
        71
      ],
      [
        14,
        21
      ],
      [
        81,
        51
      ],
      [
        60,
        11
      ],
      [
        5,
        26
      ],
      [
        62,
        6
      ],
      [
        27,
        17
      ],
      [
        91,
        96
      ],
      [
        45,
        12
      ],
      [
        84,
        33
      ],
      [
        16,
        20
      ],
      [
        48,
        70
      ],
      [
        65,
        83
      ],
      [
        0,
        32
      ],
      [
        77,
        54
      ],
      [
        56,
        89
      ],
      [
        13,
        9
      ],
      [
        2,
        34
      ],
      [
        41,
        79
      ],
      [
        43,
        76
      ],
      [
        61,
        22
      ],
      [
        69,
        46
      ],
      [
        64,
        29
      ],
      [
        4,
        8
      ],
      [
        58,
        92
      ]
    ],
    "in_cols": [
      47,
      29,
      18,
      1,
      25,
      22,
      20,
      38,
      44,
      6,
      9,
      16,
      14,
      17,
      11,
      37,
      42,
      35,
      46,
      3,
      15,
      26,
      12,
      43,
      8,
      40,
      30,
      5,
      32,
      13,
      45,
      23,
      41,
      10,
      24,
      34,
      0,
      39,
      27,
      7,
      2,
      19,
      21,
      31,
      36,
      33,
      4,
      28
    ],
    "out_cols": [
      36,
      25,
      46,
      44,
      38,
      41,
      30,
      40,
      28,
      15,
      32,
      20,
      7,
      1,
      11,
      29,
      35,
      23,
      21,
      26,
      19,
      31,
      12,
      34,
      9,
      24,
      4,
      13,
      0,
      6,
      47,
      5,
      17,
      8,
      33,
      42,
      16,
      27,
      43,
      3,
      18,
      39,
      37,
      10,
      22,
      14,
      2,
      45
    ]
  }
}