{
  "config": {
    "steps": 700,
    "lr": 0.02,
    "tau_start": 1.0,
    "tau_end": 0.03,
    "sinkhorn_iters": 30,
    "lambda_ent": 0.0003,
    "train_subsample": 0,
    "seed": 24203,
    "device": "cuda"
  },
  "final": {
    "soft_mse_full": 0.37666502594947815,
    "discrete_mse": 24.427148818969727,
    "hash_match": false,
    "perm_str": "39,30,59,52,45,93,95,63,58,78,44,82,74,80,42,29,77,55,69,83,18,67,94,53,86,72,28,19,35,24,37,7,73,47,68,57,87,71,10,40,3,25,84,90,31,36,1,38,50,21,48,70,4,32,81,11,15,6,62,26,91,33,65,20,5,92,16,96,43,75,13,34,14,17,49,54,0,79,60,66,23,22,41,9,61,12,2,51,56,8,88,76,27,46,64,89,85",
    "in_cols": [
      18,
      29,
      23,
      47,
      28,
      22,
      38,
      20,
      39,
      36,
      11,
      46,
      42,
      14,
      16,
      17,
      37,
      35,
      43,
      6,
      3,
      41,
      15,
      1,
      26,
      24,
      4,
      40,
      9,
      32,
      45,
      34,
      5,
      10,
      21,
      7,
      8,
      25,
      0,
      30,
      12,
      19,
      31,
      2,
      27,
      44,
      13,
      33
    ],
    "out_cols": [
      15,
      25,
      46,
      30,
      38,
      41,
      40,
      14,
      28,
      42,
      32,
      26,
      35,
      7,
      11,
      1,
      23,
      29,
      34,
      21,
      12,
      44,
      19,
      20,
      9,
      33,
      16,
      4,
      0,
      13,
      17,
      8,
      45,
      47,
      36,
      18,
      6,
      27,
      39,
      31,
      10,
      3,
      5,
      24,
      2,
      37,
      22,
      43
    ]
  },
  "best_seen": {
    "discrete_mse": 23.506427764892578,
    "order": [
      [
        39,
        38
      ],
      [
        77,
        52
      ],
      [
        88,
        22
      ],
      [
        86,
        46
      ],
      [
        28,
        11
      ],
      [
        0,
        90
      ],
      [
        62,
        29
      ],
      [
        58,
        83
      ],
      [
        35,
        70
      ],
      [
        15,
        24
      ],
      [
        95,
        21
      ],
      [
        16,
        12
      ],
      [
        2,
        79
      ],
      [
        74,
        66
      ],
      [
        4,
        7
      ],
      [
        31,
        20
      ],
      [
        23,
        33
      ],
      [
        68,
        40
      ],
      [
        18,
        80
      ],
      [
        14,
        55
      ],
      [
        5,
        75
      ],
      [
        84,
        89
      ],
      [
        3,
        78
      ],
      [
        94,
        51
      ],
      [
        37,
        82
      ],
      [
        43,
        8
      ],
      [
        69,
        34
      ],
      [
        44,
        47
      ],
      [
        42,
        96
      ],
      [
        81,
        17
      ],
      [
        73,
        36
      ],
      [
        50,
        57
      ],
      [
        65,
        92
      ],
      [
        48,
        71
      ],
      [
        91,
        26
      ],
      [
        13,
        9
      ],
      [
        87,
        72
      ],
      [
        64,
        93
      ],
      [
        10,
        32
      ],
      [
        56,
        67
      ],
      [
        59,
        30
      ],
      [
        27,
        6
      ],
      [
        1,
        53
      ],
      [
        60,
        63
      ],
      [
        41,
        54
      ],
      [
        45,
        25
      ],
      [
        49,
        19
      ],
      [
        61,
        76
      ]
    ],
    "in_cols": [
      18,
      39,
      44,
      42,
      14,
      0,
      32,
      28,
      16,
      9,
      47,
      10,
      2,
      38,
      4,
      15,
      12,
      35,
      11,
      8,
      5,
      41,
      3,
      46,
      17,
      21,
      36,
      22,
      20,
      40,
      37,
      26,
      34,
      24,
      45,
      7,
      43,
      33,
      6,
      27,
      29,
      13,
      1,
      30,
      19,
      23,
      25,
      31
    ],
    "out_cols": [
      20,
      25,
      10,
      22,
      4,
      44,
      14,
      42,
      33,
      11,
      9,
      5,
      39,
      31,
      1,
      8,
      17,
      21,
      40,
      28,
      36,
      43,
      38,
      24,
      41,
      2,
      18,
      23,
      47,
      6,
      19,
      29,
      45,
      34,
      13,
      3,
      35,
      46,
      16,
      32,
      15,
      0,
      26,
      30,
      27,
      12,
      7,
      37
    ]
  }
}