{
  "config": {
    "steps": 900,
    "lr": 0.03,
    "tau_start": 1.0,
    "tau_end": 0.028,
    "sinkhorn_iters": 30,
    "lambda_ent": 0.0003,
    "train_subsample": 4096,
    "seed": 21202,
    "device": "cuda"
  },
  "final": {
    "soft_mse_full": 0.38371479511260986,
    "discrete_mse": 37.05546188354492,
    "hash_match": false,
    "perm_str": "59,52,0,55,39,72,95,26,56,30,44,82,68,93,42,7,65,67,58,29,86,80,10,36,18,90,28,19,15,57,94,78,73,47,35,24,31,70,50,25,3,53,37,63,1,38,87,71,23,40,81,75,62,6,14,11,91,51,48,20,16,96,5,12,77,92,4,89,60,66,49,54,43,9,74,83,69,79,61,21,84,34,2,32,45,33,13,76,27,8,88,22,41,46,64,17,85",
    "in_cols": [
      29,
      0,
      18,
      47,
      27,
      22,
      35,
      20,
      34,
      28,
      42,
      6,
      11,
      14,
      9,
      46,
      37,
      16,
      15,
      26,
      3,
      17,
      1,
      43,
      12,
      40,
      32,
      8,
      45,
      24,
      10,
      5,
      39,
      4,
      30,
      25,
      21,
      38,
      36,
      31,
      41,
      2,
      23,
      7,
      13,
      44,
      19,
      33
    ],
    "out_cols": [
      25,
      28,
      35,
      13,
      15,
      41,
      46,
      1,
      32,
      14,
      40,
      19,
      44,
      7,
      29,
      38,
      23,
      11,
      33,
      12,
      26,
      30,
      20,
      34,
      21,
      36,
      0,
      4,
      24,
      8,
      47,
      5,
      45,
      43,
      31,
      27,
      3,
      42,
      39,
      9,
      18,
      16,
      17,
      37,
      2,
      10,
      22,
      6
    ]
  },
  "best_seen": {
    "discrete_mse": 1.6480052471160889,
    "order": [
      [
        59,
        52
      ],
      [
        39,
        55
      ],
      [
        69,
        72
      ],
      [
        95,
        26
      ],
      [
        56,
        30
      ],
      [
        44,
        82
      ],
      [
        88,
        93
      ],
      [
        68,
        7
      ],
      [
        42,
        67
      ],
      [
        58,
        29
      ],
      [
        86,
        80
      ],
      [
        73,
        36
      ],
      [
        18,
        90
      ],
      [
        10,
        19
      ],
      [
        15,
        57
      ],
      [
        94,
        78
      ],
      [
        48,
        47
      ],
      [
        35,
        24
      ],
      [
        31,
        70
      ],
      [
        50,
        25
      ],
      [
        3,
        53
      ],
      [
        37,
        63
      ],
      [
        1,
        38
      ],
      [
        87,
        71
      ],
      [
        23,
        40
      ],
      [
        14,
        75
      ],
      [
        62,
        6
      ],
      [
        28,
        11
      ],
      [
        91,
        51
      ],
      [
        81,
        20
      ],
      [
        65,
        96
      ],
      [
        5,
        12
      ],
      [
        77,
        92
      ],
      [
        4,
        89
      ],
      [
        0,
        66
      ],
      [
        49,
        54
      ],
      [
        43,
        9
      ],
      [
        74,
        83
      ],
      [
        16,
        79
      ],
      [
        61,
        21
      ],
      [
        84,
        34
      ],
      [
        2,
        32
      ],
      [
        45,
        33
      ],
      [
        13,
        76
      ],
      [
        27,
        8
      ],
      [
        60,
        22
      ],
      [
        41,
        46
      ],
      [
        64,
        17
      ]
    ],
    "in_cols": [
      29,
      18,
      36,
      47,
      27,
      22,
      44,
      35,
      20,
      28,
      42,
      37,
      11,
      6,
      9,
      46,
      24,
      16,
      15,
      26,
      3,
      17,
      1,
      43,
      12,
      8,
      32,
      14,
      45,
      40,
      34,
      5,
      39,
      4,
      0,
      25,
      21,
      38,
      10,
      31,
      41,
      2,
      23,
      7,
      13,
      30,
      19,
      33
    ],
    "out_cols": [
      25,
      28,
      35,
      13,
      15,
      41,
      46,
      1,
      32,
      14,
      40,
      19,
      44,
      7,
      29,
      38,
      23,
      11,
      33,
      12,
      26,
      30,
      20,
      34,
      21,
      36,
      0,
      4,
      24,
      8,
      47,
      5,
      45,
      43,
      31,
      27,
      3,
      42,
      39,
      9,
      18,
      16,
      17,
      37,
      2,
      10,
      22,
      6
    ]
  }
}