{
  "config": {
    "steps": 900,
    "lr": 0.03,
    "tau_start": 1.0,
    "tau_end": 0.028,
    "sinkhorn_iters": 30,
    "lambda_ent": 0.0003,
    "train_subsample": 4096,
    "seed": 18102,
    "device": "cuda"
  },
  "final": {
    "soft_mse_full": 0.41063788533210754,
    "discrete_mse": 22.252378463745117,
    "hash_match": false,
    "perm_str": "59,52,95,72,39,29,74,63,87,78,44,82,56,80,42,55,37,93,94,83,86,30,35,38,28,19,18,90,73,7,88,57,15,67,10,24,68,47,48,71,3,25,50,26,1,40,23,11,0,75,31,20,13,53,5,12,4,51,81,6,91,92,45,33,16,70,62,96,77,76,27,36,65,54,41,79,60,22,61,66,69,9,49,46,14,8,2,21,84,34,58,17,64,32,43,89,85",
    "in_cols": [
      29,
      47,
      18,
      38,
      43,
      22,
      27,
      20,
      17,
      46,
      42,
      16,
      14,
      11,
      37,
      44,
      9,
      6,
      35,
      24,
      3,
      26,
      1,
      12,
      0,
      15,
      7,
      5,
      4,
      40,
      45,
      23,
      10,
      32,
      39,
      13,
      34,
      19,
      30,
      31,
      36,
      25,
      8,
      2,
      41,
      28,
      33,
      21
    ],
    "out_cols": [
      25,
      35,
      14,
      30,
      38,
      41,
      40,
      28,
      46,
      42,
      15,
      20,
      7,
      44,
      1,
      29,
      32,
      11,
      23,
      34,
      12,
      13,
      21,
      4,
      36,
      8,
      26,
      5,
      24,
      0,
      45,
      17,
      33,
      47,
      37,
      19,
      27,
      39,
      10,
      31,
      3,
      22,
      2,
      9,
      18,
      6,
      16,
      43
    ]
  },
  "best_seen": {
    "discrete_mse": 6.199449062347412,
    "order": [
      [
        59,
        52
      ],
      [
        95,
        72
      ],
      [
        39,
        29
      ],
      [
        74,
        63
      ],
      [
        87,
        78
      ],
      [
        44,
        82
      ],
      [
        56,
        80
      ],
      [
        42,
        55
      ],
      [
        37,
        93
      ],
      [
        94,
        83
      ],
      [
        86,
        30
      ],
      [
        35,
        38
      ],
      [
        28,
        19
      ],
      [
        18,
        90
      ],
      [
        73,
        7
      ],
      [
        14,
        57
      ],
      [
        15,
        67
      ],
      [
        10,
        24
      ],
      [
        68,
        47
      ],
      [
        48,
        71
      ],
      [
        3,
        25
      ],
      [
        50,
        26
      ],
      [
        1,
        40
      ],
      [
        23,
        11
      ],
      [
        0,
        75
      ],
      [
        31,
        20
      ],
      [
        13,
        53
      ],
      [
        5,
        12
      ],
      [
        4,
        51
      ],
      [
        81,
        6
      ],
      [
        91,
        92
      ],
      [
        45,
        33
      ],
      [
        16,
        70
      ],
      [
        62,
        96
      ],
      [
        77,
        76
      ],
      [
        27,
        89
      ],
      [
        65,
        54
      ],
      [
        43,
        79
      ],
      [
        60,
        22
      ],
      [
        61,
        66
      ],
      [
        69,
        9
      ],
      [
        49,
        46
      ],
      [
        41,
        8
      ],
      [
        2,
        21
      ],
      [
        84,
        34
      ],
      [
        58,
        17
      ],
      [
        88,
        32
      ],
      [
        64,
        36
      ]
    ],
    "in_cols": [
      29,
      47,
      18,
      38,
      43,
      22,
      27,
      20,
      17,
      46,
      42,
      16,
      14,
      11,
      37,
      8,
      9,
      6,
      35,
      24,
      3,
      26,
      1,
      12,
      0,
      15,
      7,
      5,
      4,
      40,
      45,
      23,
      10,
      32,
      39,
      13,
      34,
      21,
      30,
      31,
      36,
      25,
      19,
      2,
      41,
      28,
      44,
      33
    ],
    "out_cols": [
      25,
      35,
      14,
      30,
      38,
      41,
      40,
      28,
      46,
      42,
      15,
      20,
      7,
      44,
      1,
      29,
      32,
      11,
      23,
      34,
      12,
      13,
      21,
      4,
      36,
      8,
      26,
      5,
      24,
      0,
      45,
      17,
      33,
      47,
      37,
      43,
      27,
      39,
      10,
      31,
      3,
      22,
      2,
      9,
      18,
      6,
      16,
      19
    ]
  }
}