{
  "config": {
    "steps": 900,
    "lr": 0.03,
    "tau_start": 1.0,
    "tau_end": 0.028,
    "sinkhorn_iters": 30,
    "lambda_ent": 0.0003,
    "train_subsample": 4096,
    "seed": 5802,
    "device": "cuda"
  },
  "final": {
    "soft_mse_full": 0.39967674016952515,
    "discrete_mse": 376.9445495605469,
    "hash_match": false,
    "perm_str": "39,75,59,52,74,55,95,93,56,82,15,78,44,19,88,29,42,83,58,30,35,90,94,53,18,67,28,47,48,80,10,7,37,38,73,63,1,40,87,71,3,26,31,36,5,57,60,11,23,25,27,24,14,17,81,20,4,6,45,72,77,70,62,51,16,32,65,96,50,89,91,66,64,54,49,21,84,34,41,46,0,76,69,12,2,9,61,22,86,79,43,8,13,92,68,33,85",
    "in_cols": [
      18,
      29,
      38,
      47,
      27,
      9,
      22,
      44,
      20,
      28,
      16,
      46,
      11,
      14,
      24,
      6,
      17,
      37,
      1,
      43,
      3,
      15,
      5,
      30,
      12,
      13,
      8,
      40,
      4,
      23,
      39,
      32,
      10,
      34,
      26,
      45,
      33,
      25,
      41,
      19,
      0,
      36,
      2,
      31,
      42,
      21,
      7,
      35
    ],
    "out_cols": [
      36,
      25,
      28,
      46,
      41,
      38,
      7,
      14,
      42,
      15,
      44,
      26,
      32,
      23,
      40,
      1,
      20,
      30,
      21,
      34,
      13,
      19,
      29,
      4,
      12,
      11,
      6,
      8,
      0,
      35,
      33,
      24,
      16,
      47,
      43,
      31,
      27,
      9,
      18,
      22,
      37,
      5,
      3,
      10,
      39,
      2,
      45,
      17
    ]
  },
  "best_seen": {
    "discrete_mse": 41.88679885864258,
    "order": [
      [
        1,
        82
      ],
      [
        43,
        21
      ],
      [
        10,
        80
      ],
      [
        91,
        36
      ],
      [
        23,
        93
      ],
      [
        15,
        46
      ],
      [
        13,
        53
      ],
      [
        4,
        12
      ],
      [
        74,
        55
      ],
      [
        77,
        19
      ],
      [
        49,
        17
      ],
      [
        61,
        40
      ],
      [
        60,
        34
      ],
      [
        41,
        30
      ],
      [
        27,
        22
      ],
      [
        18,
        6
      ],
      [
        16,
        24
      ],
      [
        88,
        67
      ],
      [
        95,
        38
      ],
      [
        5,
        52
      ],
      [
        14,
        11
      ],
      [
        2,
        76
      ],
      [
        59,
        78
      ],
      [
        64,
        89
      ],
      [
        73,
        72
      ],
      [
        84,
        57
      ],
      [
        69,
        92
      ],
      [
        86,
        47
      ],
      [
        3,
        9
      ],
      [
        68,
        79
      ],
      [
        62,
        54
      ],
      [
        48,
        70
      ],
      [
        65,
        75
      ],
      [
        58,
        33
      ],
      [
        31,
        32
      ],
      [
        37,
        26
      ],
      [
        28,
        71
      ],
      [
        42,
        8
      ],
      [
        35,
        83
      ],
      [
        44,
        66
      ],
      [
        81,
        96
      ],
      [
        56,
        51
      ],
      [
        39,
        20
      ],
      [
        87,
        90
      ],
      [
        0,
        25
      ],
      [
        45,
        29
      ],
      [
        94,
        7
      ],
      [
        50,
        63
      ]
    ],
    "in_cols": [
      1,
      21,
      6,
      45,
      12,
      9,
      7,
      4,
      38,
      39,
      25,
      31,
      30,
      19,
      13,
      11,
      10,
      44,
      47,
      5,
      8,
      2,
      29,
      33,
      37,
      41,
      36,
      42,
      3,
      35,
      32,
      24,
      34,
      28,
      15,
      17,
      14,
      20,
      16,
      22,
      40,
      27,
      18,
      43,
      0,
      23,
      46,
      26
    ],
    "out_cols": [
      41,
      9,
      40,
      19,
      46,
      22,
      26,
      5,
      28,
      7,
      6,
      21,
      18,
      15,
      10,
      0,
      11,
      32,
      20,
      25,
      4,
      37,
      38,
      43,
      35,
      29,
      45,
      23,
      3,
      39,
      27,
      33,
      36,
      17,
      16,
      13,
      34,
      2,
      42,
      31,
      47,
      24,
      8,
      44,
      12,
      14,
      1,
      30
    ]
  }
}