{
  "config": {
    "steps": 900,
    "lr": 0.03,
    "tau_start": 1.0,
    "tau_end": 0.03,
    "sinkhorn_iters": 30,
    "lambda_ent": 0.0003,
    "train_subsample": 4096,
    "seed": 4601,
    "device": "cuda"
  },
  "final": {
    "soft_mse_full": 0.4702575206756592,
    "discrete_mse": 31.120786666870117,
    "hash_match": false,
    "perm_str": "39,75,59,30,95,93,94,80,56,82,44,78,74,72,68,7,42,55,18,67,86,90,35,38,37,40,48,47,10,36,15,19,50,57,3,53,64,24,31,63,84,25,28,12,1,26,87,71,14,21,27,51,81,79,4,32,5,11,62,6,45,33,16,96,77,20,73,92,41,29,43,70,65,54,0,83,49,66,58,46,61,22,60,52,91,76,2,34,69,8,23,9,13,89,88,17,85",
    "in_cols": [
      18,
      29,
      47,
      46,
      27,
      22,
      38,
      35,
      20,
      11,
      42,
      16,
      17,
      24,
      6,
      9,
      26,
      3,
      33,
      15,
      41,
      14,
      1,
      43,
      8,
      13,
      40,
      4,
      5,
      32,
      23,
      10,
      39,
      37,
      19,
      21,
      34,
      0,
      25,
      28,
      31,
      30,
      45,
      2,
      36,
      12,
      7,
      44
    ],
    "out_cols": [
      36,
      15,
      46,
      40,
      41,
      38,
      35,
      1,
      28,
      32,
      44,
      20,
      21,
      23,
      19,
      7,
      29,
      26,
      11,
      30,
      12,
      5,
      13,
      34,
      9,
      24,
      39,
      16,
      4,
      0,
      17,
      47,
      8,
      45,
      14,
      33,
      27,
      42,
      31,
      22,
      10,
      25,
      37,
      18,
      2,
      3,
      43,
      6
    ]
  },
  "best_seen": {
    "discrete_mse": 7.965582847595215,
    "order": [
      [
        0,
        26
      ],
      [
        43,
        82
      ],
      [
        58,
        89
      ],
      [
        84,
        63
      ],
      [
        69,
        70
      ],
      [
        88,
        54
      ],
      [
        48,
        52
      ],
      [
        27,
        79
      ],
      [
        44,
        92
      ],
      [
        65,
        66
      ],
      [
        31,
        24
      ],
      [
        18,
        96
      ],
      [
        68,
        32
      ],
      [
        16,
        8
      ],
      [
        35,
        72
      ],
      [
        37,
        34
      ],
      [
        61,
        30
      ],
      [
        86,
        80
      ],
      [
        5,
        22
      ],
      [
        28,
        83
      ],
      [
        62,
        90
      ],
      [
        39,
        9
      ],
      [
        14,
        75
      ],
      [
        4,
        17
      ],
      [
        41,
        40
      ],
      [
        59,
        33
      ],
      [
        81,
        71
      ],
      [
        56,
        78
      ],
      [
        64,
        55
      ],
      [
        77,
        7
      ],
      [
        15,
        46
      ],
      [
        45,
        53
      ],
      [
        1,
        29
      ],
      [
        94,
        20
      ],
      [
        50,
        12
      ],
      [
        42,
        51
      ],
      [
        10,
        47
      ],
      [
        2,
        93
      ],
      [
        3,
        76
      ],
      [
        23,
        21
      ],
      [
        95,
        38
      ],
      [
        60,
        25
      ],
      [
        73,
        57
      ],
      [
        49,
        19
      ],
      [
        13,
        6
      ],
      [
        91,
        36
      ],
      [
        74,
        67
      ],
      [
        87,
        11
      ]
    ],
    "in_cols": [
      0,
      21,
      28,
      41,
      36,
      44,
      24,
      13,
      22,
      34,
      15,
      11,
      35,
      10,
      16,
      17,
      31,
      42,
      5,
      14,
      32,
      18,
      8,
      4,
      19,
      29,
      40,
      27,
      33,
      39,
      9,
      23,
      1,
      46,
      26,
      20,
      6,
      2,
      3,
      12,
      47,
      30,
      37,
      25,
      7,
      45,
      38,
      43
    ],
    "out_cols": [
      13,
      41,
      43,
      30,
      33,
      27,
      25,
      39,
      45,
      31,
      11,
      47,
      16,
      2,
      35,
      18,
      15,
      40,
      10,
      42,
      44,
      3,
      36,
      6,
      21,
      17,
      34,
      38,
      28,
      1,
      22,
      26,
      14,
      8,
      5,
      24,
      23,
      46,
      37,
      9,
      20,
      12,
      29,
      7,
      0,
      19,
      32,
      4
    ]
  }
}