{
  "config": {
    "steps": 900,
    "lr": 0.03,
    "tau_start": 1.0,
    "tau_end": 0.028,
    "sinkhorn_iters": 30,
    "lambda_ent": 0.0003,
    "train_subsample": 4096,
    "seed": 11202,
    "device": "cuda"
  },
  "final": {
    "soft_mse_full": 0.47614461183547974,
    "discrete_mse": 139.96119689941406,
    "hash_match": false,
    "perm_str": "73,30,59,52,95,63,84,72,58,78,74,55,86,80,88,29,44,54,69,93,18,67,94,26,42,90,37,47,28,19,15,57,10,7,68,36,35,24,1,25,3,53,50,66,16,71,27,38,23,40,5,11,14,75,77,17,45,20,81,6,65,32,48,70,62,51,87,96,49,34,60,21,41,8,56,76,61,83,31,33,13,9,43,22,64,92,91,12,39,46,2,82,0,89,4,79,85",
    "in_cols": [
      37,
      29,
      47,
      41,
      28,
      38,
      42,
      44,
      22,
      36,
      11,
      46,
      20,
      17,
      14,
      9,
      6,
      35,
      16,
      1,
      3,
      26,
      10,
      13,
      12,
      5,
      8,
      39,
      23,
      40,
      34,
      24,
      32,
      43,
      25,
      30,
      19,
      27,
      31,
      15,
      7,
      21,
      33,
      45,
      18,
      2,
      0,
      4
    ],
    "out_cols": [
      15,
      25,
      30,
      35,
      38,
      28,
      40,
      14,
      27,
      46,
      32,
      13,
      44,
      23,
      7,
      29,
      1,
      19,
      11,
      12,
      26,
      31,
      34,
      20,
      21,
      4,
      36,
      6,
      8,
      0,
      16,
      33,
      24,
      47,
      18,
      9,
      2,
      37,
      42,
      17,
      3,
      10,
      45,
      5,
      22,
      41,
      43,
      39
    ]
  },
  "best_seen": {
    "discrete_mse": 2.0820207595825195,
    "order": [
      [
        74,
        30
      ],
      [
        59,
        52
      ],
      [
        95,
        63
      ],
      [
        84,
        72
      ],
      [
        58,
        78
      ],
      [
        42,
        55
      ],
      [
        86,
        80
      ],
      [
        88,
        29
      ],
      [
        44,
        82
      ],
      [
        69,
        93
      ],
      [
        18,
        67
      ],
      [
        94,
        26
      ],
      [
        73,
        90
      ],
      [
        37,
        47
      ],
      [
        28,
        19
      ],
      [
        15,
        57
      ],
      [
        10,
        7
      ],
      [
        68,
        36
      ],
      [
        35,
        24
      ],
      [
        1,
        25
      ],
      [
        3,
        53
      ],
      [
        50,
        66
      ],
      [
        16,
        71
      ],
      [
        27,
        38
      ],
      [
        23,
        40
      ],
      [
        5,
        11
      ],
      [
        14,
        75
      ],
      [
        77,
        17
      ],
      [
        45,
        20
      ],
      [
        81,
        6
      ],
      [
        87,
        32
      ],
      [
        48,
        70
      ],
      [
        62,
        51
      ],
      [
        65,
        96
      ],
      [
        49,
        54
      ],
      [
        60,
        21
      ],
      [
        41,
        8
      ],
      [
        56,
        76
      ],
      [
        61,
        83
      ],
      [
        31,
        33
      ],
      [
        13,
        9
      ],
      [
        43,
        22
      ],
      [
        64,
        92
      ],
      [
        91,
        12
      ],
      [
        39,
        46
      ],
      [
        2,
        34
      ],
      [
        0,
        89
      ],
      [
        4,
        79
      ]
    ],
    "in_cols": [
      38,
      29,
      47,
      41,
      28,
      20,
      42,
      44,
      22,
      36,
      11,
      46,
      37,
      17,
      14,
      9,
      6,
      35,
      16,
      1,
      3,
      26,
      10,
      13,
      12,
      5,
      8,
      39,
      23,
      40,
      43,
      24,
      32,
      34,
      25,
      30,
      19,
      27,
      31,
      15,
      7,
      21,
      33,
      45,
      18,
      2,
      0,
      4
    ],
    "out_cols": [
      15,
      25,
      30,
      35,
      38,
      28,
      40,
      14,
      41,
      46,
      32,
      13,
      44,
      23,
      7,
      29,
      1,
      19,
      11,
      12,
      26,
      31,
      34,
      20,
      21,
      4,
      36,
      6,
      8,
      0,
      16,
      33,
      24,
      47,
      27,
      9,
      2,
      37,
      42,
      17,
      3,
      10,
      45,
      5,
      22,
      18,
      43,
      39
    ]
  }
}