{
  "config": {
    "steps": 700,
    "lr": 0.02,
    "tau_start": 1.0,
    "tau_end": 0.03,
    "sinkhorn_iters": 30,
    "lambda_ent": 0.0003,
    "train_subsample": 0,
    "seed": 25303,
    "device": "cuda"
  },
  "final": {
    "soft_mse_full": 0.31543007493019104,
    "discrete_mse": 60.19596862792969,
    "hash_match": false,
    "perm_str": "59,52,39,72,73,63,95,93,56,30,74,55,44,82,94,80,42,7,58,78,86,29,35,26,28,19,37,67,18,90,15,57,48,47,10,40,65,24,31,36,3,53,50,66,1,38,87,71,14,21,4,32,81,79,64,75,5,6,77,11,91,92,43,70,16,20,60,96,62,83,0,54,13,25,27,89,41,33,2,51,45,9,84,22,23,34,61,46,69,12,49,8,88,76,68,17,85",
    "in_cols": [
      29,
      18,
      37,
      47,
      27,
      38,
      22,
      46,
      20,
      28,
      42,
      16,
      14,
      17,
      11,
      9,
      24,
      6,
      34,
      15,
      3,
      26,
      1,
      43,
      8,
      4,
      40,
      33,
      5,
      39,
      45,
      21,
      10,
      30,
      32,
      0,
      7,
      13,
      19,
      2,
      23,
      41,
      12,
      31,
      36,
      25,
      44,
      35
    ],
    "out_cols": [
      25,
      35,
      30,
      46,
      15,
      28,
      41,
      40,
      1,
      38,
      14,
      13,
      7,
      32,
      44,
      29,
      23,
      21,
      11,
      19,
      26,
      31,
      20,
      34,
      9,
      16,
      39,
      36,
      0,
      4,
      45,
      33,
      8,
      47,
      42,
      27,
      12,
      43,
      17,
      24,
      3,
      10,
      18,
      22,
      5,
      2,
      37,
      6
    ]
  },
  "best_seen": {
    "discrete_mse": 20.370059967041016,
    "order": [
      [
        59,
        52
      ],
      [
        39,
        30
      ],
      [
        73,
        72
      ],
      [
        95,
        63
      ],
      [
        56,
        82
      ],
      [
        74,
        55
      ],
      [
        44,
        78
      ],
      [
        94,
        80
      ],
      [
        42,
        7
      ],
      [
        58,
        93
      ],
      [
        86,
        29
      ],
      [
        35,
        26
      ],
      [
        28,
        19
      ],
      [
        37,
        67
      ],
      [
        18,
        90
      ],
      [
        15,
        57
      ],
      [
        48,
        47
      ],
      [
        10,
        40
      ],
      [
        65,
        24
      ],
      [
        31,
        36
      ],
      [
        3,
        53
      ],
      [
        50,
        66
      ],
      [
        1,
        38
      ],
      [
        87,
        71
      ],
      [
        14,
        21
      ],
      [
        4,
        32
      ],
      [
        81,
        79
      ],
      [
        64,
        75
      ],
      [
        62,
        6
      ],
      [
        5,
        11
      ],
      [
        91,
        92
      ],
      [
        43,
        70
      ],
      [
        16,
        20
      ],
      [
        60,
        96
      ],
      [
        0,
        83
      ],
      [
        77,
        54
      ],
      [
        13,
        25
      ],
      [
        27,
        89
      ],
      [
        41,
        33
      ],
      [
        2,
        51
      ],
      [
        45,
        9
      ],
      [
        84,
        22
      ],
      [
        23,
        34
      ],
      [
        61,
        46
      ],
      [
        69,
        12
      ],
      [
        49,
        8
      ],
      [
        88,
        76
      ],
      [
        68,
        17
      ]
    ],
    "in_cols": [
      29,
      18,
      37,
      47,
      27,
      38,
      22,
      46,
      20,
      28,
      42,
      16,
      14,
      17,
      11,
      9,
      24,
      6,
      34,
      15,
      3,
      26,
      1,
      43,
      8,
      4,
      40,
      33,
      32,
      5,
      45,
      21,
      10,
      30,
      0,
      39,
      7,
      13,
      19,
      2,
      23,
      41,
      12,
      31,
      36,
      25,
      44,
      35
    ],
    "out_cols": [
      25,
      15,
      35,
      30,
      41,
      28,
      38,
      40,
      1,
      46,
      14,
      13,
      7,
      32,
      44,
      29,
      23,
      21,
      11,
      19,
      26,
      31,
      20,
      34,
      9,
      16,
      39,
      36,
      0,
      4,
      45,
      33,
      8,
      47,
      42,
      27,
      12,
      43,
      17,
      24,
      3,
      10,
      18,
      22,
      5,
      2,
      37,
      6
    ]
  }
}