{
  "config": {
    "steps": 900,
    "lr": 0.03,
    "tau_start": 1.0,
    "tau_end": 0.028,
    "sinkhorn_iters": 30,
    "lambda_ent": 0.0003,
    "train_subsample": 4096,
    "seed": 11802,
    "device": "cuda"
  },
  "final": {
    "soft_mse_full": 0.35713112354278564,
    "discrete_mse": 24.43345832824707,
    "hash_match": false,
    "perm_str": "39,75,59,52,88,55,95,78,84,93,56,30,42,29,44,82,77,72,58,90,94,26,3,53,86,80,18,25,28,19,37,57,73,47,35,7,68,24,10,40,50,63,31,36,1,38,87,71,23,8,14,11,4,17,0,32,62,12,81,6,91,92,16,20,65,96,5,33,49,54,61,70,74,34,48,22,27,46,15,51,41,76,60,67,13,83,43,9,45,66,69,79,64,89,2,21,85",
    "in_cols": [
      18,
      29,
      44,
      47,
      41,
      27,
      20,
      22,
      39,
      28,
      46,
      3,
      42,
      11,
      14,
      17,
      37,
      16,
      35,
      6,
      26,
      15,
      1,
      43,
      12,
      8,
      4,
      0,
      32,
      40,
      45,
      10,
      34,
      5,
      25,
      31,
      38,
      24,
      13,
      9,
      19,
      30,
      7,
      21,
      23,
      36,
      33,
      2
    ],
    "out_cols": [
      36,
      25,
      28,
      38,
      46,
      15,
      14,
      41,
      35,
      44,
      13,
      26,
      40,
      12,
      7,
      29,
      23,
      1,
      11,
      21,
      30,
      19,
      20,
      34,
      2,
      4,
      6,
      16,
      5,
      0,
      45,
      8,
      47,
      17,
      27,
      33,
      18,
      10,
      22,
      24,
      37,
      32,
      42,
      3,
      31,
      39,
      43,
      9
    ]
  },
  "best_seen": {
    "discrete_mse": 1.0849322080612183,
    "order": [
      [
        39,
        75
      ],
      [
        59,
        52
      ],
      [
        73,
        55
      ],
      [
        95,
        78
      ],
      [
        84,
        93
      ],
      [
        56,
        30
      ],
      [
        42,
        29
      ],
      [
        44,
        82
      ],
      [
        86,
        72
      ],
      [
        58,
        90
      ],
      [
        94,
        80
      ],
      [
        3,
        53
      ],
      [
        18,
        67
      ],
      [
        35,
        25
      ],
      [
        28,
        19
      ],
      [
        15,
        57
      ],
      [
        37,
        47
      ],
      [
        65,
        7
      ],
      [
        68,
        24
      ],
      [
        10,
        40
      ],
      [
        50,
        63
      ],
      [
        31,
        36
      ],
      [
        1,
        38
      ],
      [
        87,
        71
      ],
      [
        23,
        26
      ],
      [
        77,
        11
      ],
      [
        4,
        17
      ],
      [
        14,
        32
      ],
      [
        0,
        12
      ],
      [
        81,
        6
      ],
      [
        91,
        92
      ],
      [
        16,
        20
      ],
      [
        62,
        96
      ],
      [
        5,
        33
      ],
      [
        49,
        54
      ],
      [
        61,
        70
      ],
      [
        74,
        34
      ],
      [
        48,
        22
      ],
      [
        27,
        46
      ],
      [
        2,
        51
      ],
      [
        43,
        76
      ],
      [
        13,
        8
      ],
      [
        88,
        83
      ],
      [
        60,
        9
      ],
      [
        45,
        66
      ],
      [
        69,
        79
      ],
      [
        64,
        89
      ],
      [
        41,
        21
      ]
    ],
    "in_cols": [
      18,
      29,
      37,
      47,
      41,
      27,
      20,
      22,
      42,
      28,
      46,
      3,
      11,
      16,
      14,
      9,
      17,
      34,
      35,
      6,
      26,
      15,
      1,
      43,
      12,
      39,
      4,
      8,
      0,
      40,
      45,
      10,
      32,
      5,
      25,
      31,
      38,
      24,
      13,
      2,
      21,
      7,
      44,
      30,
      23,
      36,
      33,
      19
    ],
    "out_cols": [
      36,
      25,
      28,
      38,
      46,
      15,
      14,
      41,
      35,
      44,
      40,
      26,
      32,
      12,
      7,
      29,
      23,
      1,
      11,
      21,
      30,
      19,
      20,
      34,
      13,
      4,
      6,
      16,
      5,
      0,
      45,
      8,
      47,
      17,
      27,
      33,
      18,
      10,
      22,
      24,
      37,
      2,
      42,
      3,
      31,
      39,
      43,
      9
    ]
  }
}