{
  "config": {
    "steps": 700,
    "lr": 0.02,
    "tau_start": 1.0,
    "tau_end": 0.03,
    "sinkhorn_iters": 30,
    "lambda_ent": 0.0003,
    "train_subsample": 0,
    "seed": 7203,
    "device": "cuda"
  },
  "final": {
    "soft_mse_full": 0.3109684884548187,
    "discrete_mse": 2.433084487915039,
    "hash_match": false,
    "perm_str": "59,52,5,72,39,55,95,63,56,30,44,82,74,93,42,29,18,83,58,78,81,90,94,38,73,47,10,19,35,24,15,67,37,57,86,26,87,71,31,7,3,25,50,66,28,36,1,80,23,40,14,11,4,33,0,17,45,12,91,92,62,6,77,20,48,70,16,96,65,53,27,89,13,76,49,75,41,46,2,51,68,79,69,32,61,54,43,9,84,34,64,22,88,8,60,21,85",
    "in_cols": [
      29,
      5,
      18,
      47,
      27,
      22,
      38,
      20,
      11,
      28,
      40,
      46,
      37,
      6,
      16,
      9,
      17,
      42,
      43,
      15,
      3,
      26,
      14,
      1,
      12,
      8,
      4,
      0,
      23,
      45,
      32,
      39,
      24,
      10,
      34,
      13,
      7,
      25,
      19,
      2,
      35,
      36,
      31,
      21,
      41,
      33,
      44,
      30
    ],
    "out_cols": [
      25,
      35,
      28,
      30,
      15,
      41,
      46,
      14,
      42,
      38,
      44,
      20,
      23,
      7,
      11,
      32,
      29,
      13,
      34,
      1,
      12,
      31,
      19,
      40,
      21,
      4,
      17,
      6,
      5,
      45,
      0,
      8,
      33,
      47,
      26,
      43,
      37,
      36,
      22,
      24,
      39,
      16,
      27,
      3,
      18,
      10,
      2,
      9
    ]
  },
  "best_seen": {
    "discrete_mse": 0.7462940216064453,
    "order": [
      [
        59,
        52
      ],
      [
        39,
        72
      ],
      [
        74,
        55
      ],
      [
        95,
        80
      ],
      [
        56,
        30
      ],
      [
        44,
        82
      ],
      [
        68,
        93
      ],
      [
        42,
        29
      ],
      [
        18,
        83
      ],
      [
        58,
        78
      ],
      [
        62,
        90
      ],
      [
        94,
        53
      ],
      [
        73,
        67
      ],
      [
        10,
        19
      ],
      [
        35,
        24
      ],
      [
        15,
        57
      ],
      [
        37,
        47
      ],
      [
        86,
        26
      ],
      [
        87,
        71
      ],
      [
        31,
        63
      ],
      [
        3,
        25
      ],
      [
        50,
        66
      ],
      [
        28,
        36
      ],
      [
        1,
        38
      ],
      [
        64,
        40
      ],
      [
        14,
        11
      ],
      [
        45,
        33
      ],
      [
        81,
        17
      ],
      [
        5,
        12
      ],
      [
        91,
        92
      ],
      [
        4,
        6
      ],
      [
        77,
        20
      ],
      [
        48,
        70
      ],
      [
        16,
        96
      ],
      [
        65,
        75
      ],
      [
        27,
        89
      ],
      [
        13,
        76
      ],
      [
        0,
        7
      ],
      [
        41,
        46
      ],
      [
        2,
        51
      ],
      [
        49,
        79
      ],
      [
        69,
        32
      ],
      [
        61,
        54
      ],
      [
        43,
        9
      ],
      [
        84,
        34
      ],
      [
        23,
        22
      ],
      [
        88,
        8
      ],
      [
        60,
        21
      ]
    ],
    "in_cols": [
      29,
      18,
      38,
      47,
      27,
      22,
      35,
      20,
      11,
      28,
      32,
      46,
      37,
      6,
      16,
      9,
      17,
      42,
      43,
      15,
      3,
      26,
      14,
      1,
      33,
      8,
      23,
      40,
      5,
      45,
      4,
      39,
      24,
      10,
      34,
      13,
      7,
      0,
      19,
      2,
      25,
      36,
      31,
      21,
      41,
      12,
      44,
      30
    ],
    "out_cols": [
      25,
      35,
      28,
      40,
      15,
      41,
      46,
      14,
      42,
      38,
      44,
      26,
      32,
      7,
      11,
      29,
      23,
      13,
      34,
      30,
      12,
      31,
      19,
      20,
      21,
      4,
      17,
      6,
      5,
      45,
      0,
      8,
      33,
      47,
      36,
      43,
      37,
      1,
      22,
      24,
      39,
      16,
      27,
      3,
      18,
      10,
      2,
      9
    ]
  }
}