{
  "config": {
    "steps": 700,
    "lr": 0.02,
    "tau_start": 1.0,
    "tau_end": 0.03,
    "sinkhorn_iters": 30,
    "lambda_ent": 0.0003,
    "train_subsample": 0,
    "seed": 24003,
    "device": "cuda"
  },
  "final": {
    "soft_mse_full": 0.31117507815361023,
    "discrete_mse": 184.212890625,
    "hash_match": false,
    "perm_str": "59,52,73,72,39,30,95,80,18,78,44,82,3,93,42,29,86,36,58,55,88,54,94,47,35,90,10,7,37,57,28,19,15,67,87,71,68,24,48,40,31,25,1,63,50,26,69,38,14,11,77,76,4,32,5,6,65,92,91,20,81,66,45,33,43,70,16,96,49,53,41,75,56,89,62,83,13,9,27,46,61,34,60,8,84,79,0,12,74,17,23,22,2,51,64,21,85",
    "in_cols": [
      29,
      37,
      18,
      47,
      11,
      22,
      3,
      20,
      42,
      28,
      44,
      46,
      16,
      6,
      17,
      14,
      9,
      43,
      35,
      24,
      15,
      1,
      26,
      36,
      8,
      39,
      4,
      5,
      34,
      45,
      40,
      23,
      21,
      10,
      25,
      19,
      27,
      32,
      7,
      13,
      31,
      30,
      41,
      0,
      38,
      12,
      2,
      33
    ],
    "out_cols": [
      25,
      35,
      15,
      40,
      38,
      41,
      46,
      14,
      19,
      28,
      27,
      23,
      44,
      1,
      29,
      7,
      32,
      34,
      11,
      21,
      12,
      30,
      13,
      20,
      4,
      37,
      16,
      0,
      45,
      8,
      31,
      17,
      33,
      47,
      26,
      36,
      43,
      42,
      3,
      22,
      18,
      2,
      39,
      5,
      6,
      10,
      24,
      9
    ]
  },
  "best_seen": {
    "discrete_mse": 2.1762382984161377,
    "order": [
      [
        59,
        52
      ],
      [
        3,
        72
      ],
      [
        39,
        75
      ],
      [
        95,
        80
      ],
      [
        73,
        78
      ],
      [
        44,
        82
      ],
      [
        74,
        93
      ],
      [
        42,
        29
      ],
      [
        86,
        36
      ],
      [
        58,
        55
      ],
      [
        18,
        30
      ],
      [
        94,
        90
      ],
      [
        35,
        47
      ],
      [
        10,
        7
      ],
      [
        37,
        57
      ],
      [
        28,
        19
      ],
      [
        15,
        67
      ],
      [
        87,
        71
      ],
      [
        68,
        24
      ],
      [
        48,
        40
      ],
      [
        31,
        25
      ],
      [
        1,
        63
      ],
      [
        50,
        26
      ],
      [
        23,
        38
      ],
      [
        14,
        11
      ],
      [
        77,
        17
      ],
      [
        4,
        32
      ],
      [
        5,
        6
      ],
      [
        65,
        92
      ],
      [
        56,
        66
      ],
      [
        81,
        20
      ],
      [
        45,
        33
      ],
      [
        43,
        70
      ],
      [
        16,
        96
      ],
      [
        41,
        53
      ],
      [
        91,
        76
      ],
      [
        49,
        54
      ],
      [
        62,
        83
      ],
      [
        13,
        9
      ],
      [
        27,
        46
      ],
      [
        88,
        34
      ],
      [
        60,
        8
      ],
      [
        61,
        79
      ],
      [
        0,
        12
      ],
      [
        69,
        89
      ],
      [
        84,
        22
      ],
      [
        2,
        51
      ],
      [
        64,
        21
      ]
    ],
    "in_cols": [
      29,
      3,
      18,
      47,
      37,
      22,
      38,
      20,
      42,
      28,
      11,
      46,
      16,
      6,
      17,
      14,
      9,
      43,
      35,
      24,
      15,
      1,
      26,
      12,
      8,
      39,
      4,
      5,
      34,
      27,
      40,
      23,
      21,
      10,
      19,
      45,
      25,
      32,
      7,
      13,
      44,
      30,
      31,
      0,
      36,
      41,
      2,
      33
    ],
    "out_cols": [
      25,
      35,
      36,
      40,
      38,
      41,
      46,
      14,
      19,
      28,
      15,
      44,
      23,
      1,
      29,
      7,
      32,
      34,
      11,
      21,
      12,
      30,
      13,
      20,
      4,
      6,
      16,
      0,
      45,
      31,
      8,
      17,
      33,
      47,
      26,
      37,
      27,
      42,
      3,
      22,
      18,
      2,
      39,
      5,
      43,
      10,
      24,
      9
    ]
  }
}