{
  "config": {
    "steps": 900,
    "lr": 0.03,
    "tau_start": 1.0,
    "tau_end": 0.028,
    "sinkhorn_iters": 30,
    "lambda_ent": 0.0003,
    "train_subsample": 4096,
    "seed": 20102,
    "device": "cuda"
  },
  "final": {
    "soft_mse_full": 0.4217449724674225,
    "discrete_mse": 72.11841583251953,
    "hash_match": false,
    "perm_str": "39,30,59,52,95,72,86,29,56,82,44,63,74,55,42,80,94,83,58,78,88,67,18,54,73,90,35,24,37,36,15,57,1,7,68,47,28,40,31,25,3,26,50,66,87,71,27,38,14,76,77,11,5,51,81,6,4,20,49,92,13,12,16,96,45,33,62,75,65,53,48,89,10,8,0,21,60,19,64,79,23,93,2,9,91,32,61,22,41,70,84,34,43,46,69,17,85",
    "in_cols": [
      18,
      29,
      47,
      42,
      27,
      22,
      38,
      20,
      46,
      28,
      44,
      11,
      37,
      16,
      17,
      9,
      1,
      35,
      14,
      15,
      3,
      26,
      43,
      13,
      8,
      39,
      5,
      40,
      4,
      25,
      7,
      10,
      23,
      32,
      34,
      24,
      6,
      0,
      30,
      33,
      12,
      2,
      45,
      31,
      19,
      41,
      21,
      36
    ],
    "out_cols": [
      15,
      25,
      35,
      14,
      41,
      30,
      28,
      40,
      42,
      38,
      32,
      27,
      44,
      11,
      19,
      29,
      1,
      23,
      21,
      12,
      13,
      31,
      34,
      20,
      37,
      4,
      24,
      0,
      8,
      45,
      5,
      47,
      17,
      36,
      26,
      43,
      2,
      9,
      7,
      39,
      46,
      3,
      16,
      10,
      33,
      18,
      22,
      6
    ]
  },
  "best_seen": {
    "discrete_mse": 6.586382865905762,
    "order": [
      [
        39,
        30
      ],
      [
        59,
        52
      ],
      [
        65,
        72
      ],
      [
        95,
        63
      ],
      [
        44,
        82
      ],
      [
        74,
        29
      ],
      [
        73,
        55
      ],
      [
        42,
        80
      ],
      [
        94,
        83
      ],
      [
        58,
        78
      ],
      [
        88,
        54
      ],
      [
        48,
        90
      ],
      [
        18,
        67
      ],
      [
        35,
        24
      ],
      [
        86,
        36
      ],
      [
        15,
        57
      ],
      [
        37,
        7
      ],
      [
        68,
        47
      ],
      [
        28,
        40
      ],
      [
        31,
        25
      ],
      [
        3,
        26
      ],
      [
        50,
        66
      ],
      [
        87,
        71
      ],
      [
        1,
        38
      ],
      [
        77,
        76
      ],
      [
        49,
        11
      ],
      [
        5,
        51
      ],
      [
        56,
        6
      ],
      [
        81,
        20
      ],
      [
        4,
        92
      ],
      [
        13,
        12
      ],
      [
        16,
        96
      ],
      [
        45,
        33
      ],
      [
        62,
        75
      ],
      [
        0,
        53
      ],
      [
        14,
        89
      ],
      [
        10,
        8
      ],
      [
        27,
        21
      ],
      [
        60,
        19
      ],
      [
        64,
        79
      ],
      [
        23,
        93
      ],
      [
        2,
        9
      ],
      [
        91,
        32
      ],
      [
        61,
        22
      ],
      [
        41,
        70
      ],
      [
        84,
        34
      ],
      [
        43,
        46
      ],
      [
        69,
        17
      ]
    ],
    "in_cols": [
      18,
      29,
      34,
      47,
      22,
      38,
      37,
      20,
      46,
      28,
      44,
      24,
      11,
      16,
      42,
      9,
      17,
      35,
      14,
      15,
      3,
      26,
      43,
      1,
      39,
      25,
      5,
      27,
      40,
      4,
      7,
      10,
      23,
      32,
      0,
      8,
      6,
      13,
      30,
      33,
      12,
      2,
      45,
      31,
      19,
      41,
      21,
      36
    ],
    "out_cols": [
      15,
      25,
      35,
      30,
      41,
      14,
      28,
      40,
      42,
      38,
      27,
      44,
      32,
      11,
      19,
      29,
      1,
      23,
      21,
      12,
      13,
      31,
      34,
      20,
      37,
      4,
      24,
      0,
      8,
      45,
      5,
      47,
      17,
      36,
      26,
      43,
      2,
      9,
      7,
      39,
      46,
      3,
      16,
      10,
      33,
      18,
      22,
      6
    ]
  }
}