{
  "config": {
    "steps": 900,
    "lr": 0.03,
    "tau_start": 1.0,
    "tau_end": 0.03,
    "sinkhorn_iters": 30,
    "lambda_ent": 0.0003,
    "train_subsample": 4096,
    "seed": 12501,
    "device": "cuda"
  },
  "final": {
    "soft_mse_full": 0.35622620582580566,
    "discrete_mse": 64.32671356201172,
    "hash_match": false,
    "perm_str": "59,52,3,75,74,72,39,55,95,82,44,19,73,78,88,29,58,93,56,30,86,54,1,7,94,90,35,24,18,67,68,80,15,47,28,25,87,26,37,57,50,63,31,36,49,71,27,38,23,40,77,17,14,11,4,32,81,53,91,33,43,66,5,6,16,20,13,89,48,70,65,96,62,76,84,51,60,83,10,8,61,22,2,9,42,34,0,92,69,79,41,12,64,21,45,46,85",
    "in_cols": [
      29,
      3,
      38,
      18,
      47,
      22,
      37,
      44,
      28,
      27,
      42,
      1,
      46,
      16,
      11,
      35,
      9,
      14,
      43,
      17,
      26,
      15,
      25,
      13,
      12,
      39,
      8,
      4,
      40,
      45,
      21,
      5,
      10,
      7,
      24,
      34,
      32,
      41,
      30,
      6,
      31,
      2,
      20,
      0,
      36,
      19,
      33,
      23
    ],
    "out_cols": [
      25,
      36,
      35,
      28,
      41,
      7,
      38,
      14,
      46,
      15,
      27,
      1,
      44,
      11,
      32,
      40,
      23,
      12,
      13,
      29,
      30,
      19,
      34,
      20,
      21,
      6,
      4,
      16,
      26,
      17,
      31,
      0,
      8,
      43,
      33,
      47,
      37,
      24,
      42,
      2,
      10,
      3,
      18,
      45,
      39,
      5,
      9,
      22
    ]
  },
  "best_seen": {
    "discrete_mse": 7.895870208740234,
    "order": [
      [
        59,
        52
      ],
      [
        3,
        75
      ],
      [
        74,
        72
      ],
      [
        39,
        55
      ],
      [
        95,
        82
      ],
      [
        44,
        19
      ],
      [
        73,
        78
      ],
      [
        88,
        29
      ],
      [
        58,
        93
      ],
      [
        56,
        30
      ],
      [
        86,
        54
      ],
      [
        49,
        7
      ],
      [
        94,
        90
      ],
      [
        35,
        24
      ],
      [
        18,
        67
      ],
      [
        68,
        80
      ],
      [
        37,
        47
      ],
      [
        28,
        83
      ],
      [
        87,
        26
      ],
      [
        50,
        57
      ],
      [
        15,
        63
      ],
      [
        31,
        36
      ],
      [
        1,
        71
      ],
      [
        27,
        38
      ],
      [
        23,
        40
      ],
      [
        77,
        17
      ],
      [
        14,
        11
      ],
      [
        4,
        32
      ],
      [
        81,
        53
      ],
      [
        91,
        33
      ],
      [
        43,
        66
      ],
      [
        5,
        6
      ],
      [
        16,
        20
      ],
      [
        13,
        89
      ],
      [
        48,
        70
      ],
      [
        65,
        96
      ],
      [
        62,
        76
      ],
      [
        84,
        51
      ],
      [
        60,
        25
      ],
      [
        10,
        8
      ],
      [
        61,
        22
      ],
      [
        2,
        9
      ],
      [
        42,
        34
      ],
      [
        0,
        92
      ],
      [
        69,
        79
      ],
      [
        41,
        12
      ],
      [
        64,
        21
      ],
      [
        45,
        46
      ]
    ],
    "in_cols": [
      29,
      3,
      38,
      18,
      47,
      22,
      37,
      44,
      28,
      27,
      42,
      25,
      46,
      16,
      11,
      35,
      17,
      14,
      43,
      26,
      9,
      15,
      1,
      13,
      12,
      39,
      8,
      4,
      40,
      45,
      21,
      5,
      10,
      7,
      24,
      34,
      32,
      41,
      30,
      6,
      31,
      2,
      20,
      0,
      36,
      19,
      33,
      23
    ],
    "out_cols": [
      25,
      36,
      35,
      28,
      41,
      7,
      38,
      14,
      46,
      15,
      27,
      1,
      44,
      11,
      32,
      40,
      23,
      42,
      13,
      29,
      30,
      19,
      34,
      20,
      21,
      6,
      4,
      16,
      26,
      17,
      31,
      0,
      8,
      43,
      33,
      47,
      37,
      24,
      12,
      2,
      10,
      3,
      18,
      45,
      39,
      5,
      9,
      22
    ]
  }
}