{
  "config": {
    "steps": 900,
    "lr": 0.03,
    "tau_start": 1.0,
    "tau_end": 0.03,
    "sinkhorn_iters": 30,
    "lambda_ent": 0.0003,
    "train_subsample": 4096,
    "seed": 5201,
    "device": "cuda"
  },
  "final": {
    "soft_mse_full": 0.43335360288619995,
    "discrete_mse": 21.2163028717041,
    "hash_match": false,
    "perm_str": "59,30,39,75,95,63,88,52,56,82,74,80,58,78,42,29,68,90,69,67,18,93,35,53,73,47,10,24,28,7,37,57,48,19,94,72,15,26,1,40,31,36,3,25,50,38,23,71,14,11,27,51,45,20,64,12,81,6,4,32,77,70,16,55,5,96,2,34,62,83,91,76,13,89,61,9,60,21,87,79,49,17,65,22,43,54,0,33,86,66,44,92,84,8,41,46,85",
    "in_cols": [
      29,
      18,
      47,
      44,
      27,
      38,
      28,
      20,
      35,
      36,
      11,
      16,
      37,
      6,
      14,
      17,
      24,
      46,
      9,
      1,
      15,
      3,
      26,
      12,
      8,
      13,
      23,
      33,
      40,
      4,
      39,
      10,
      5,
      2,
      32,
      45,
      7,
      31,
      30,
      43,
      25,
      34,
      21,
      0,
      42,
      22,
      41,
      19
    ],
    "out_cols": [
      15,
      36,
      30,
      25,
      41,
      40,
      38,
      14,
      44,
      32,
      46,
      26,
      23,
      11,
      1,
      29,
      7,
      35,
      13,
      21,
      19,
      12,
      20,
      34,
      4,
      24,
      8,
      5,
      0,
      16,
      33,
      28,
      47,
      18,
      42,
      37,
      43,
      3,
      9,
      39,
      6,
      10,
      27,
      17,
      31,
      45,
      2,
      22
    ]
  },
  "best_seen": {
    "discrete_mse": 1.1341363191604614,
    "order": [
      [
        59,
        30
      ],
      [
        39,
        75
      ],
      [
        95,
        63
      ],
      [
        88,
        52
      ],
      [
        56,
        82
      ],
      [
        74,
        80
      ],
      [
        58,
        78
      ],
      [
        42,
        29
      ],
      [
        68,
        90
      ],
      [
        69,
        67
      ],
      [
        18,
        93
      ],
      [
        35,
        53
      ],
      [
        73,
        47
      ],
      [
        10,
        24
      ],
      [
        28,
        7
      ],
      [
        37,
        57
      ],
      [
        48,
        19
      ],
      [
        94,
        72
      ],
      [
        86,
        26
      ],
      [
        1,
        40
      ],
      [
        31,
        36
      ],
      [
        3,
        25
      ],
      [
        50,
        38
      ],
      [
        23,
        71
      ],
      [
        14,
        11
      ],
      [
        27,
        51
      ],
      [
        81,
        20
      ],
      [
        64,
        12
      ],
      [
        15,
        6
      ],
      [
        4,
        32
      ],
      [
        77,
        70
      ],
      [
        16,
        55
      ],
      [
        5,
        96
      ],
      [
        2,
        34
      ],
      [
        62,
        83
      ],
      [
        91,
        76
      ],
      [
        13,
        89
      ],
      [
        61,
        9
      ],
      [
        60,
        21
      ],
      [
        87,
        79
      ],
      [
        49,
        17
      ],
      [
        65,
        22
      ],
      [
        43,
        54
      ],
      [
        0,
        33
      ],
      [
        45,
        66
      ],
      [
        44,
        92
      ],
      [
        84,
        8
      ],
      [
        41,
        46
      ]
    ],
    "in_cols": [
      29,
      18,
      47,
      44,
      27,
      38,
      28,
      20,
      35,
      36,
      11,
      16,
      37,
      6,
      14,
      17,
      24,
      46,
      42,
      1,
      15,
      3,
      26,
      12,
      8,
      13,
      40,
      33,
      9,
      4,
      39,
      10,
      5,
      2,
      32,
      45,
      7,
      31,
      30,
      43,
      25,
      34,
      21,
      0,
      23,
      22,
      41,
      19
    ],
    "out_cols": [
      15,
      36,
      30,
      25,
      41,
      40,
      38,
      14,
      44,
      32,
      46,
      26,
      23,
      11,
      1,
      29,
      7,
      35,
      13,
      21,
      19,
      12,
      20,
      34,
      4,
      24,
      8,
      5,
      0,
      16,
      33,
      28,
      47,
      18,
      42,
      37,
      43,
      3,
      9,
      39,
      6,
      10,
      27,
      17,
      31,
      45,
      2,
      22
    ]
  }
}