{
  "config": {
    "steps": 700,
    "lr": 0.015,
    "tau_start": 1.0,
    "tau_end": 0.025,
    "sinkhorn_iters": 30,
    "lambda_ent": 0.0001,
    "train_subsample": 0,
    "seed": 19104,
    "device": "cuda"
  },
  "final": {
    "soft_mse_full": 0.33456066250801086,
    "discrete_mse": 204.87567138671875,
    "hash_match": false,
    "perm_str": "39,30,59,52,73,63,37,93,56,51,44,82,95,80,88,55,42,29,10,78,58,90,35,24,18,67,28,19,86,47,50,7,68,26,15,57,87,71,94,53,3,25,31,36,1,38,23,75,64,40,60,21,81,6,14,11,62,20,4,72,45,12,77,70,16,33,5,96,65,34,0,54,13,83,27,17,91,89,48,9,74,22,61,32,41,46,69,8,43,76,49,92,2,66,84,79,85",
    "in_cols": [
      18,
      29,
      37,
      17,
      27,
      22,
      47,
      44,
      20,
      6,
      28,
      16,
      11,
      14,
      42,
      26,
      35,
      9,
      43,
      46,
      3,
      15,
      1,
      12,
      33,
      30,
      40,
      8,
      32,
      4,
      23,
      39,
      10,
      5,
      34,
      0,
      7,
      13,
      45,
      24,
      38,
      31,
      19,
      36,
      21,
      25,
      2,
      41
    ],
    "out_cols": [
      15,
      25,
      30,
      46,
      24,
      41,
      40,
      28,
      14,
      38,
      44,
      11,
      32,
      7,
      23,
      1,
      13,
      29,
      34,
      26,
      12,
      19,
      20,
      36,
      21,
      9,
      0,
      4,
      8,
      35,
      5,
      33,
      17,
      47,
      18,
      27,
      42,
      6,
      43,
      3,
      10,
      16,
      22,
      2,
      37,
      45,
      31,
      39
    ]
  },
  "best_seen": {
    "discrete_mse": 2.5466649532318115,
    "order": [
      [
        39,
        72
      ],
      [
        59,
        52
      ],
      [
        73,
        63
      ],
      [
        95,
        66
      ],
      [
        56,
        82
      ],
      [
        44,
        78
      ],
      [
        68,
        80
      ],
      [
        88,
        93
      ],
      [
        42,
        55
      ],
      [
        58,
        29
      ],
      [
        18,
        30
      ],
      [
        35,
        90
      ],
      [
        10,
        67
      ],
      [
        28,
        19
      ],
      [
        37,
        24
      ],
      [
        50,
        7
      ],
      [
        86,
        47
      ],
      [
        15,
        57
      ],
      [
        87,
        26
      ],
      [
        94,
        71
      ],
      [
        3,
        25
      ],
      [
        31,
        36
      ],
      [
        1,
        38
      ],
      [
        23,
        75
      ],
      [
        64,
        40
      ],
      [
        60,
        21
      ],
      [
        14,
        32
      ],
      [
        5,
        11
      ],
      [
        62,
        20
      ],
      [
        81,
        6
      ],
      [
        4,
        12
      ],
      [
        48,
        70
      ],
      [
        16,
        33
      ],
      [
        65,
        96
      ],
      [
        61,
        53
      ],
      [
        0,
        54
      ],
      [
        13,
        83
      ],
      [
        27,
        17
      ],
      [
        77,
        89
      ],
      [
        41,
        9
      ],
      [
        74,
        22
      ],
      [
        91,
        51
      ],
      [
        69,
        46
      ],
      [
        2,
        8
      ],
      [
        45,
        76
      ],
      [
        49,
        92
      ],
      [
        43,
        34
      ],
      [
        84,
        79
      ]
    ],
    "in_cols": [
      18,
      29,
      37,
      47,
      27,
      22,
      35,
      44,
      20,
      28,
      11,
      16,
      6,
      14,
      17,
      26,
      42,
      9,
      43,
      46,
      3,
      15,
      1,
      12,
      33,
      30,
      8,
      5,
      32,
      40,
      4,
      24,
      10,
      34,
      31,
      0,
      7,
      13,
      39,
      19,
      38,
      45,
      36,
      2,
      23,
      25,
      21,
      41
    ],
    "out_cols": [
      35,
      25,
      30,
      31,
      41,
      38,
      40,
      46,
      28,
      14,
      15,
      44,
      32,
      7,
      11,
      1,
      23,
      29,
      13,
      34,
      12,
      19,
      20,
      36,
      21,
      9,
      16,
      4,
      8,
      0,
      5,
      33,
      17,
      47,
      26,
      27,
      42,
      6,
      43,
      3,
      10,
      24,
      22,
      2,
      37,
      45,
      18,
      39
    ]
  }
}