{
  "config": {
    "steps": 700,
    "lr": 0.02,
    "tau_start": 1.0,
    "tau_end": 0.03,
    "sinkhorn_iters": 30,
    "lambda_ent": 0.0003,
    "train_subsample": 0,
    "seed": 5003,
    "device": "cuda"
  },
  "final": {
    "soft_mse_full": 0.3635130226612091,
    "discrete_mse": 65.10225677490234,
    "hash_match": false,
    "perm_str": "59,52,35,72,95,63,39,93,56,30,88,55,44,82,94,80,42,26,58,78,81,83,86,7,48,67,18,90,37,19,15,57,10,24,73,47,28,53,50,38,3,25,31,36,1,40,87,71,16,21,14,51,64,75,77,11,45,33,4,6,62,20,5,96,43,70,65,92,91,89,13,54,0,32,2,34,23,8,74,29,41,22,69,9,49,76,68,79,84,17,61,66,60,46,27,12,85",
    "in_cols": [
      29,
      16,
      47,
      18,
      27,
      44,
      22,
      46,
      20,
      28,
      40,
      42,
      24,
      11,
      17,
      9,
      6,
      37,
      14,
      26,
      3,
      15,
      1,
      43,
      10,
      8,
      33,
      39,
      23,
      4,
      32,
      5,
      21,
      34,
      45,
      7,
      0,
      2,
      12,
      38,
      19,
      36,
      25,
      35,
      41,
      31,
      30,
      13
    ],
    "out_cols": [
      25,
      35,
      30,
      46,
      15,
      28,
      41,
      40,
      13,
      38,
      42,
      1,
      32,
      44,
      7,
      29,
      11,
      23,
      26,
      20,
      12,
      19,
      21,
      34,
      9,
      24,
      36,
      4,
      17,
      0,
      8,
      47,
      33,
      45,
      43,
      27,
      16,
      18,
      2,
      14,
      10,
      3,
      37,
      39,
      6,
      31,
      22,
      5
    ]
  },
  "best_seen": {
    "discrete_mse": 13.448451042175293,
    "order": [
      [
        59,
        52
      ],
      [
        81,
        72
      ],
      [
        95,
        63
      ],
      [
        39,
        29
      ],
      [
        56,
        82
      ],
      [
        88,
        55
      ],
      [
        44,
        93
      ],
      [
        94,
        80
      ],
      [
        42,
        26
      ],
      [
        58,
        78
      ],
      [
        18,
        83
      ],
      [
        86,
        7
      ],
      [
        48,
        67
      ],
      [
        73,
        90
      ],
      [
        28,
        19
      ],
      [
        37,
        57
      ],
      [
        15,
        24
      ],
      [
        10,
        47
      ],
      [
        35,
        53
      ],
      [
        50,
        38
      ],
      [
        3,
        25
      ],
      [
        31,
        36
      ],
      [
        1,
        40
      ],
      [
        87,
        71
      ],
      [
        16,
        21
      ],
      [
        14,
        51
      ],
      [
        64,
        75
      ],
      [
        77,
        11
      ],
      [
        45,
        33
      ],
      [
        4,
        6
      ],
      [
        62,
        20
      ],
      [
        5,
        96
      ],
      [
        43,
        70
      ],
      [
        65,
        92
      ],
      [
        91,
        89
      ],
      [
        13,
        54
      ],
      [
        0,
        32
      ],
      [
        2,
        34
      ],
      [
        23,
        8
      ],
      [
        74,
        30
      ],
      [
        41,
        22
      ],
      [
        69,
        9
      ],
      [
        49,
        76
      ],
      [
        68,
        79
      ],
      [
        84,
        17
      ],
      [
        61,
        66
      ],
      [
        60,
        46
      ],
      [
        27,
        12
      ]
    ],
    "in_cols": [
      29,
      40,
      47,
      18,
      27,
      44,
      22,
      46,
      20,
      28,
      11,
      42,
      24,
      37,
      14,
      17,
      9,
      6,
      16,
      26,
      3,
      15,
      1,
      43,
      10,
      8,
      33,
      39,
      23,
      4,
      32,
      5,
      21,
      34,
      45,
      7,
      0,
      2,
      12,
      38,
      19,
      36,
      25,
      35,
      41,
      31,
      30,
      13
    ],
    "out_cols": [
      25,
      35,
      30,
      14,
      41,
      28,
      46,
      40,
      13,
      38,
      42,
      1,
      32,
      44,
      7,
      29,
      11,
      23,
      26,
      20,
      12,
      19,
      21,
      34,
      9,
      24,
      36,
      4,
      17,
      0,
      8,
      47,
      33,
      45,
      43,
      27,
      16,
      18,
      2,
      15,
      10,
      3,
      37,
      39,
      6,
      31,
      22,
      5
    ]
  }
}