{
  "config": {
    "steps": 700,
    "lr": 0.015,
    "tau_start": 1.0,
    "tau_end": 0.025,
    "sinkhorn_iters": 30,
    "lambda_ent": 0.0001,
    "train_subsample": 0,
    "seed": 12804,
    "device": "cuda"
  },
  "final": {
    "soft_mse_full": 0.31954091787338257,
    "discrete_mse": 38.05461502075195,
    "hash_match": false,
    "perm_str": "86,52,73,83,39,55,59,25,56,72,44,82,95,80,42,29,88,93,58,78,18,30,94,26,35,90,28,19,10,7,15,67,68,24,37,47,14,63,31,36,3,53,50,66,23,38,87,71,1,40,64,12,81,57,48,70,77,11,4,32,5,6,13,33,16,20,65,96,62,75,43,89,49,54,74,9,27,17,61,76,91,51,2,21,0,46,60,34,45,92,41,79,69,22,84,8,85",
    "in_cols": [
      42,
      37,
      18,
      29,
      27,
      22,
      47,
      20,
      44,
      28,
      11,
      46,
      16,
      14,
      6,
      9,
      35,
      17,
      8,
      15,
      3,
      26,
      12,
      43,
      1,
      33,
      40,
      24,
      39,
      4,
      5,
      7,
      10,
      34,
      32,
      21,
      25,
      38,
      13,
      31,
      45,
      2,
      0,
      30,
      23,
      19,
      36,
      41
    ],
    "out_cols": [
      25,
      42,
      28,
      12,
      35,
      41,
      40,
      14,
      46,
      38,
      15,
      13,
      44,
      7,
      1,
      32,
      11,
      23,
      30,
      19,
      26,
      31,
      20,
      34,
      21,
      5,
      29,
      33,
      4,
      16,
      0,
      17,
      8,
      47,
      36,
      43,
      27,
      3,
      6,
      37,
      24,
      9,
      22,
      18,
      45,
      39,
      10,
      2
    ]
  },
  "best_seen": {
    "discrete_mse": 17.556625366210938,
    "order": [
      [
        18,
        30
      ],
      [
        15,
        96
      ],
      [
        81,
        29
      ],
      [
        1,
        93
      ],
      [
        13,
        79
      ],
      [
        69,
        82
      ],
      [
        86,
        7
      ],
      [
        58,
        63
      ],
      [
        74,
        32
      ],
      [
        27,
        12
      ],
      [
        49,
        38
      ],
      [
        62,
        36
      ],
      [
        59,
        20
      ],
      [
        28,
        89
      ],
      [
        61,
        66
      ],
      [
        84,
        47
      ],
      [
        42,
        34
      ],
      [
        43,
        78
      ],
      [
        60,
        19
      ],
      [
        45,
        57
      ],
      [
        94,
        92
      ],
      [
        41,
        67
      ],
      [
        0,
        40
      ],
      [
        16,
        80
      ],
      [
        64,
        83
      ],
      [
        48,
        8
      ],
      [
        4,
        11
      ],
      [
        5,
        9
      ],
      [
        35,
        55
      ],
      [
        44,
        24
      ],
      [
        68,
        46
      ],
      [
        39,
        22
      ],
      [
        2,
        51
      ],
      [
        91,
        52
      ],
      [
        65,
        6
      ],
      [
        73,
        54
      ],
      [
        77,
        25
      ],
      [
        31,
        70
      ],
      [
        10,
        17
      ],
      [
        95,
        90
      ],
      [
        56,
        75
      ],
      [
        3,
        71
      ],
      [
        88,
        72
      ],
      [
        87,
        21
      ],
      [
        50,
        76
      ],
      [
        23,
        33
      ],
      [
        14,
        26
      ],
      [
        37,
        53
      ]
    ],
    "in_cols": [
      11,
      9,
      40,
      1,
      7,
      36,
      42,
      28,
      38,
      13,
      25,
      32,
      29,
      14,
      31,
      41,
      20,
      21,
      30,
      23,
      46,
      19,
      0,
      10,
      33,
      24,
      4,
      5,
      16,
      22,
      35,
      18,
      2,
      45,
      34,
      37,
      39,
      15,
      6,
      47,
      27,
      3,
      44,
      43,
      26,
      12,
      8,
      17
    ],
    "out_cols": [
      15,
      47,
      14,
      46,
      39,
      41,
      1,
      30,
      16,
      5,
      20,
      19,
      8,
      43,
      31,
      23,
      18,
      38,
      7,
      29,
      45,
      32,
      21,
      40,
      42,
      2,
      4,
      3,
      28,
      11,
      22,
      10,
      24,
      25,
      0,
      27,
      12,
      33,
      6,
      44,
      36,
      34,
      35,
      9,
      37,
      17,
      13,
      26
    ]
  }
}