{
  "config": {
    "steps": 700,
    "lr": 0.015,
    "tau_start": 1.0,
    "tau_end": 0.025,
    "sinkhorn_iters": 30,
    "lambda_ent": 0.0001,
    "train_subsample": 0,
    "seed": 19404,
    "device": "cuda"
  },
  "final": {
    "soft_mse_full": 0.34852859377861023,
    "discrete_mse": 41.72621536254883,
    "hash_match": false,
    "perm_str": "59,52,39,72,73,55,95,63,56,30,44,78,0,93,42,29,58,7,94,38,69,54,18,80,15,67,28,19,10,36,37,57,68,47,3,53,35,24,65,90,87,25,50,26,23,75,1,71,64,40,14,17,5,11,4,12,81,6,48,70,91,92,62,20,77,33,16,96,61,51,41,83,49,21,74,66,13,32,86,46,31,22,43,76,45,9,84,79,2,34,60,89,27,82,88,8,85",
    "in_cols": [
      29,
      18,
      37,
      47,
      27,
      22,
      0,
      20,
      28,
      46,
      36,
      11,
      9,
      14,
      6,
      17,
      35,
      3,
      16,
      34,
      43,
      26,
      12,
      1,
      33,
      8,
      5,
      4,
      40,
      24,
      45,
      32,
      39,
      10,
      31,
      19,
      25,
      38,
      7,
      42,
      15,
      21,
      23,
      41,
      2,
      30,
      13,
      44
    ],
    "out_cols": [
      25,
      35,
      28,
      30,
      15,
      38,
      46,
      14,
      1,
      20,
      27,
      40,
      32,
      7,
      19,
      29,
      23,
      26,
      11,
      44,
      12,
      13,
      36,
      34,
      21,
      6,
      4,
      5,
      0,
      33,
      45,
      8,
      17,
      47,
      24,
      42,
      9,
      31,
      16,
      22,
      10,
      37,
      3,
      39,
      18,
      43,
      41,
      2
    ]
  },
  "best_seen": {
    "discrete_mse": 48.40174102783203,
    "order": [
      [
        59,
        52
      ],
      [
        39,
        72
      ],
      [
        95,
        82
      ],
      [
        42,
        63
      ],
      [
        56,
        30
      ],
      [
        44,
        78
      ],
      [
        37,
        93
      ],
      [
        10,
        29
      ],
      [
        58,
        55
      ],
      [
        94,
        7
      ],
      [
        69,
        38
      ],
      [
        18,
        80
      ],
      [
        15,
        67
      ],
      [
        28,
        19
      ],
      [
        73,
        36
      ],
      [
        50,
        57
      ],
      [
        68,
        47
      ],
      [
        3,
        53
      ],
      [
        35,
        24
      ],
      [
        87,
        90
      ],
      [
        65,
        25
      ],
      [
        31,
        26
      ],
      [
        23,
        75
      ],
      [
        1,
        71
      ],
      [
        0,
        40
      ],
      [
        14,
        17
      ],
      [
        81,
        11
      ],
      [
        4,
        12
      ],
      [
        5,
        6
      ],
      [
        48,
        51
      ],
      [
        77,
        92
      ],
      [
        62,
        20
      ],
      [
        45,
        33
      ],
      [
        16,
        96
      ],
      [
        91,
        70
      ],
      [
        41,
        83
      ],
      [
        49,
        21
      ],
      [
        74,
        66
      ],
      [
        13,
        32
      ],
      [
        86,
        46
      ],
      [
        60,
        22
      ],
      [
        43,
        76
      ],
      [
        61,
        9
      ],
      [
        84,
        54
      ],
      [
        2,
        34
      ],
      [
        64,
        89
      ],
      [
        27,
        79
      ],
      [
        88,
        8
      ]
    ],
    "in_cols": [
      29,
      18,
      47,
      20,
      27,
      22,
      17,
      6,
      28,
      46,
      36,
      11,
      9,
      14,
      37,
      26,
      35,
      3,
      16,
      43,
      34,
      15,
      12,
      1,
      0,
      8,
      40,
      4,
      5,
      24,
      39,
      32,
      23,
      10,
      45,
      19,
      25,
      38,
      7,
      42,
      30,
      21,
      31,
      41,
      2,
      33,
      13,
      44
    ],
    "out_cols": [
      25,
      35,
      41,
      30,
      15,
      38,
      46,
      14,
      28,
      1,
      20,
      40,
      32,
      7,
      19,
      29,
      23,
      26,
      11,
      44,
      12,
      13,
      36,
      34,
      21,
      6,
      4,
      5,
      0,
      24,
      45,
      8,
      17,
      47,
      33,
      42,
      9,
      31,
      16,
      22,
      10,
      37,
      3,
      27,
      18,
      43,
      39,
      2
    ]
  }
}