{
  "config": {
    "steps": 700,
    "lr": 0.015,
    "tau_start": 1.0,
    "tau_end": 0.025,
    "sinkhorn_iters": 30,
    "lambda_ent": 0.0001,
    "train_subsample": 0,
    "seed": 25204,
    "device": "cuda"
  },
  "final": {
    "soft_mse_full": 0.33046069741249084,
    "discrete_mse": 12.658920288085938,
    "hash_match": false,
    "perm_str": "59,52,39,72,95,93,86,63,73,30,44,82,74,80,68,29,42,55,58,78,18,67,35,90,28,19,10,24,37,7,50,11,15,57,48,47,94,53,1,40,3,25,31,36,23,38,87,71,14,21,77,76,4,32,5,70,81,79,56,6,45,33,62,20,16,96,91,75,65,83,61,9,0,17,60,54,84,92,13,66,41,51,49,8,88,12,64,22,43,26,2,34,27,46,69,89,85",
    "in_cols": [
      29,
      18,
      47,
      42,
      37,
      22,
      38,
      35,
      20,
      28,
      11,
      16,
      14,
      6,
      17,
      26,
      9,
      24,
      46,
      1,
      3,
      15,
      12,
      43,
      8,
      39,
      4,
      5,
      40,
      27,
      23,
      32,
      10,
      45,
      34,
      31,
      0,
      30,
      41,
      7,
      19,
      25,
      44,
      33,
      21,
      2,
      13,
      36
    ],
    "out_cols": [
      25,
      35,
      46,
      30,
      15,
      41,
      40,
      14,
      28,
      38,
      32,
      44,
      7,
      11,
      1,
      4,
      29,
      23,
      26,
      21,
      12,
      19,
      20,
      34,
      9,
      37,
      16,
      33,
      39,
      0,
      17,
      8,
      47,
      36,
      42,
      3,
      6,
      27,
      45,
      31,
      24,
      2,
      5,
      10,
      13,
      18,
      22,
      43
    ]
  },
  "best_seen": {
    "discrete_mse": 26.468936920166016,
    "order": [
      [
        59,
        52
      ],
      [
        39,
        72
      ],
      [
        95,
        93
      ],
      [
        86,
        63
      ],
      [
        73,
        30
      ],
      [
        44,
        82
      ],
      [
        74,
        80
      ],
      [
        68,
        29
      ],
      [
        42,
        55
      ],
      [
        58,
        78
      ],
      [
        69,
        67
      ],
      [
        18,
        90
      ],
      [
        35,
        19
      ],
      [
        10,
        21
      ],
      [
        37,
        7
      ],
      [
        50,
        24
      ],
      [
        15,
        57
      ],
      [
        48,
        47
      ],
      [
        94,
        53
      ],
      [
        1,
        26
      ],
      [
        3,
        25
      ],
      [
        31,
        36
      ],
      [
        91,
        38
      ],
      [
        87,
        71
      ],
      [
        14,
        11
      ],
      [
        77,
        76
      ],
      [
        4,
        32
      ],
      [
        5,
        70
      ],
      [
        81,
        79
      ],
      [
        56,
        6
      ],
      [
        45,
        33
      ],
      [
        62,
        20
      ],
      [
        16,
        96
      ],
      [
        43,
        75
      ],
      [
        65,
        83
      ],
      [
        61,
        9
      ],
      [
        0,
        17
      ],
      [
        28,
        54
      ],
      [
        84,
        92
      ],
      [
        13,
        66
      ],
      [
        41,
        51
      ],
      [
        49,
        8
      ],
      [
        88,
        12
      ],
      [
        64,
        22
      ],
      [
        23,
        40
      ],
      [
        2,
        34
      ],
      [
        27,
        46
      ],
      [
        60,
        89
      ]
    ],
    "in_cols": [
      29,
      18,
      47,
      42,
      37,
      22,
      38,
      35,
      20,
      28,
      36,
      11,
      16,
      6,
      17,
      26,
      9,
      24,
      46,
      1,
      3,
      15,
      45,
      43,
      8,
      39,
      4,
      5,
      40,
      27,
      23,
      32,
      10,
      21,
      34,
      31,
      0,
      14,
      41,
      7,
      19,
      25,
      44,
      33,
      12,
      2,
      13,
      30
    ],
    "out_cols": [
      25,
      35,
      46,
      30,
      15,
      41,
      40,
      14,
      28,
      38,
      32,
      44,
      7,
      9,
      1,
      11,
      29,
      23,
      26,
      13,
      12,
      19,
      20,
      34,
      4,
      37,
      16,
      33,
      39,
      0,
      17,
      8,
      47,
      36,
      42,
      3,
      6,
      27,
      45,
      31,
      24,
      2,
      5,
      10,
      21,
      18,
      22,
      43
    ]
  }
}