{
  "config": {
    "steps": 700,
    "lr": 0.015,
    "tau_start": 1.0,
    "tau_end": 0.025,
    "sinkhorn_iters": 30,
    "lambda_ent": 0.0001,
    "train_subsample": 0,
    "seed": 11104,
    "device": "cuda"
  },
  "final": {
    "soft_mse_full": 0.3623744547367096,
    "discrete_mse": 13.909468650817871,
    "hash_match": false,
    "perm_str": "39,75,35,72,59,52,95,93,14,82,44,78,74,55,88,80,42,38,69,67,58,29,94,53,18,24,28,19,73,63,50,7,15,57,68,47,1,26,48,30,3,25,31,36,37,90,87,71,23,40,64,51,77,17,5,11,43,34,62,6,4,32,16,70,81,96,65,20,2,9,41,89,13,79,61,22,86,83,10,8,49,21,0,54,45,12,91,76,84,66,56,92,27,46,60,33,85",
    "in_cols": [
      18,
      16,
      29,
      47,
      8,
      22,
      38,
      44,
      20,
      36,
      28,
      46,
      11,
      14,
      37,
      26,
      9,
      35,
      1,
      24,
      3,
      15,
      17,
      43,
      12,
      33,
      39,
      5,
      21,
      32,
      4,
      10,
      40,
      34,
      2,
      19,
      7,
      31,
      42,
      6,
      25,
      0,
      23,
      45,
      41,
      27,
      13,
      30
    ],
    "out_cols": [
      36,
      35,
      25,
      46,
      41,
      38,
      28,
      40,
      20,
      32,
      14,
      26,
      11,
      7,
      30,
      1,
      29,
      23,
      13,
      15,
      12,
      19,
      44,
      34,
      21,
      24,
      6,
      4,
      18,
      0,
      16,
      33,
      47,
      8,
      3,
      43,
      39,
      10,
      42,
      2,
      9,
      27,
      5,
      37,
      31,
      45,
      22,
      17
    ]
  },
  "best_seen": {
    "discrete_mse": 51.08114242553711,
    "order": [
      [
        39,
        75
      ],
      [
        81,
        72
      ],
      [
        59,
        30
      ],
      [
        95,
        52
      ],
      [
        86,
        82
      ],
      [
        44,
        78
      ],
      [
        74,
        55
      ],
      [
        94,
        93
      ],
      [
        42,
        38
      ],
      [
        69,
        67
      ],
      [
        88,
        29
      ],
      [
        35,
        53
      ],
      [
        18,
        24
      ],
      [
        28,
        19
      ],
      [
        73,
        63
      ],
      [
        50,
        7
      ],
      [
        15,
        57
      ],
      [
        68,
        47
      ],
      [
        1,
        26
      ],
      [
        87,
        34
      ],
      [
        3,
        25
      ],
      [
        31,
        36
      ],
      [
        37,
        90
      ],
      [
        23,
        71
      ],
      [
        14,
        40
      ],
      [
        64,
        51
      ],
      [
        77,
        17
      ],
      [
        5,
        11
      ],
      [
        48,
        80
      ],
      [
        62,
        6
      ],
      [
        4,
        32
      ],
      [
        43,
        70
      ],
      [
        16,
        96
      ],
      [
        65,
        20
      ],
      [
        2,
        9
      ],
      [
        41,
        89
      ],
      [
        13,
        79
      ],
      [
        61,
        22
      ],
      [
        58,
        83
      ],
      [
        10,
        8
      ],
      [
        49,
        21
      ],
      [
        0,
        54
      ],
      [
        45,
        12
      ],
      [
        91,
        76
      ],
      [
        84,
        66
      ],
      [
        56,
        92
      ],
      [
        27,
        46
      ],
      [
        60,
        33
      ]
    ],
    "in_cols": [
      18,
      40,
      29,
      47,
      42,
      22,
      38,
      46,
      20,
      36,
      44,
      16,
      11,
      14,
      37,
      26,
      9,
      35,
      1,
      43,
      3,
      15,
      17,
      12,
      8,
      33,
      39,
      5,
      24,
      32,
      4,
      21,
      10,
      34,
      2,
      19,
      7,
      31,
      28,
      6,
      25,
      0,
      23,
      45,
      41,
      27,
      13,
      30
    ],
    "out_cols": [
      36,
      35,
      15,
      25,
      41,
      38,
      28,
      46,
      20,
      32,
      14,
      26,
      11,
      7,
      30,
      1,
      29,
      23,
      13,
      18,
      12,
      19,
      44,
      34,
      21,
      24,
      6,
      4,
      40,
      0,
      16,
      33,
      47,
      8,
      3,
      43,
      39,
      10,
      42,
      2,
      9,
      27,
      5,
      37,
      31,
      45,
      22,
      17
    ]
  }
}