{
  "config": {
    "steps": 900,
    "lr": 0.03,
    "tau_start": 1.0,
    "tau_end": 0.03,
    "sinkhorn_iters": 30,
    "lambda_ent": 0.0003,
    "train_subsample": 4096,
    "seed": 19401,
    "device": "cuda"
  },
  "final": {
    "soft_mse_full": 0.46717754006385803,
    "discrete_mse": 69.47337341308594,
    "hash_match": false,
    "perm_str": "59,52,69,72,39,75,95,78,44,82,74,55,50,80,94,29,42,83,56,93,86,30,18,90,28,19,73,57,37,67,15,7,48,36,68,47,35,24,10,40,3,53,1,25,23,38,87,71,14,17,62,32,77,76,81,11,4,63,91,92,5,6,0,96,16,70,65,20,45,33,13,54,61,9,41,46,49,21,27,26,64,79,43,22,60,8,2,34,84,66,88,12,31,51,58,89,85",
    "in_cols": [
      29,
      36,
      18,
      47,
      22,
      38,
      26,
      46,
      20,
      27,
      42,
      11,
      14,
      37,
      17,
      9,
      24,
      35,
      16,
      6,
      3,
      1,
      12,
      43,
      8,
      32,
      39,
      40,
      4,
      45,
      5,
      0,
      10,
      34,
      23,
      7,
      31,
      19,
      25,
      13,
      33,
      21,
      30,
      2,
      41,
      44,
      15,
      28
    ],
    "out_cols": [
      25,
      35,
      36,
      38,
      41,
      28,
      40,
      14,
      42,
      46,
      15,
      44,
      7,
      29,
      32,
      1,
      19,
      23,
      11,
      21,
      26,
      12,
      20,
      34,
      6,
      16,
      37,
      4,
      30,
      45,
      0,
      47,
      33,
      8,
      17,
      27,
      3,
      22,
      9,
      13,
      39,
      10,
      2,
      18,
      31,
      5,
      24,
      43
    ]
  },
  "best_seen": {
    "discrete_mse": 38.39906692504883,
    "order": [
      [
        59,
        52
      ],
      [
        69,
        72
      ],
      [
        95,
        75
      ],
      [
        0,
        78
      ],
      [
        44,
        82
      ],
      [
        39,
        55
      ],
      [
        74,
        80
      ],
      [
        94,
        29
      ],
      [
        42,
        83
      ],
      [
        56,
        93
      ],
      [
        86,
        30
      ],
      [
        18,
        90
      ],
      [
        37,
        19
      ],
      [
        73,
        57
      ],
      [
        15,
        67
      ],
      [
        50,
        7
      ],
      [
        48,
        36
      ],
      [
        68,
        47
      ],
      [
        35,
        24
      ],
      [
        10,
        40
      ],
      [
        3,
        53
      ],
      [
        1,
        25
      ],
      [
        23,
        38
      ],
      [
        87,
        71
      ],
      [
        14,
        17
      ],
      [
        62,
        32
      ],
      [
        77,
        76
      ],
      [
        28,
        11
      ],
      [
        4,
        63
      ],
      [
        91,
        92
      ],
      [
        5,
        6
      ],
      [
        81,
        96
      ],
      [
        16,
        70
      ],
      [
        65,
        20
      ],
      [
        45,
        33
      ],
      [
        13,
        26
      ],
      [
        61,
        9
      ],
      [
        41,
        46
      ],
      [
        49,
        21
      ],
      [
        27,
        54
      ],
      [
        64,
        79
      ],
      [
        43,
        22
      ],
      [
        60,
        8
      ],
      [
        2,
        34
      ],
      [
        84,
        66
      ],
      [
        88,
        12
      ],
      [
        31,
        51
      ],
      [
        58,
        89
      ]
    ],
    "in_cols": [
      29,
      36,
      47,
      0,
      22,
      18,
      38,
      46,
      20,
      27,
      42,
      11,
      17,
      37,
      9,
      26,
      24,
      35,
      16,
      6,
      3,
      1,
      12,
      43,
      8,
      32,
      39,
      14,
      4,
      45,
      5,
      40,
      10,
      34,
      23,
      7,
      31,
      19,
      25,
      13,
      33,
      21,
      30,
      2,
      41,
      44,
      15,
      28
    ],
    "out_cols": [
      25,
      35,
      36,
      38,
      41,
      28,
      40,
      14,
      42,
      46,
      15,
      44,
      7,
      29,
      32,
      1,
      19,
      23,
      11,
      21,
      26,
      12,
      20,
      34,
      6,
      16,
      37,
      4,
      30,
      45,
      0,
      47,
      33,
      8,
      17,
      13,
      3,
      22,
      9,
      27,
      39,
      10,
      2,
      18,
      31,
      5,
      24,
      43
    ]
  }
}