{
  "config": {
    "steps": 700,
    "lr": 0.015,
    "tau_start": 1.0,
    "tau_end": 0.025,
    "sinkhorn_iters": 30,
    "lambda_ent": 0.0001,
    "train_subsample": 0,
    "seed": 6904,
    "device": "cuda"
  },
  "final": {
    "soft_mse_full": 0.3277989625930786,
    "discrete_mse": 1.8974769115447998,
    "hash_match": false,
    "perm_str": "59,52,35,72,95,93,39,78,44,82,56,53,68,80,42,55,69,67,58,30,86,29,18,90,28,19,10,24,73,7,50,57,37,47,15,40,94,38,14,63,3,26,31,36,87,25,1,71,77,79,23,75,81,11,45,17,62,20,60,96,16,33,5,12,4,6,13,83,0,32,48,70,65,89,43,9,2,92,74,22,49,54,84,66,91,51,88,34,41,76,61,46,64,21,27,8,85",
    "in_cols": [
      29,
      16,
      47,
      18,
      22,
      27,
      35,
      20,
      36,
      28,
      42,
      11,
      14,
      6,
      37,
      26,
      17,
      9,
      46,
      8,
      3,
      15,
      43,
      1,
      39,
      12,
      40,
      23,
      32,
      30,
      10,
      5,
      4,
      7,
      0,
      24,
      34,
      21,
      2,
      38,
      25,
      41,
      45,
      44,
      19,
      31,
      33,
      13
    ],
    "out_cols": [
      25,
      35,
      46,
      38,
      41,
      26,
      40,
      28,
      32,
      15,
      14,
      44,
      7,
      11,
      1,
      29,
      23,
      21,
      20,
      30,
      13,
      19,
      12,
      34,
      39,
      36,
      4,
      6,
      8,
      47,
      17,
      5,
      0,
      42,
      16,
      33,
      43,
      3,
      45,
      10,
      27,
      31,
      24,
      18,
      37,
      22,
      9,
      2
    ]
  },
  "best_seen": {
    "discrete_mse": 0.8506681323051453,
    "order": [
      [
        59,
        52
      ],
      [
        39,
        72
      ],
      [
        95,
        93
      ],
      [
        73,
        78
      ],
      [
        44,
        82
      ],
      [
        56,
        32
      ],
      [
        68,
        80
      ],
      [
        42,
        55
      ],
      [
        69,
        67
      ],
      [
        88,
        30
      ],
      [
        18,
        29
      ],
      [
        35,
        90
      ],
      [
        28,
        19
      ],
      [
        10,
        24
      ],
      [
        50,
        7
      ],
      [
        15,
        57
      ],
      [
        86,
        47
      ],
      [
        37,
        40
      ],
      [
        94,
        38
      ],
      [
        14,
        63
      ],
      [
        3,
        26
      ],
      [
        31,
        36
      ],
      [
        87,
        25
      ],
      [
        1,
        71
      ],
      [
        23,
        79
      ],
      [
        64,
        75
      ],
      [
        81,
        11
      ],
      [
        77,
        17
      ],
      [
        5,
        20
      ],
      [
        60,
        96
      ],
      [
        45,
        33
      ],
      [
        16,
        12
      ],
      [
        62,
        6
      ],
      [
        13,
        83
      ],
      [
        0,
        53
      ],
      [
        48,
        70
      ],
      [
        65,
        89
      ],
      [
        43,
        9
      ],
      [
        58,
        92
      ],
      [
        74,
        22
      ],
      [
        49,
        54
      ],
      [
        84,
        66
      ],
      [
        91,
        51
      ],
      [
        2,
        34
      ],
      [
        41,
        76
      ],
      [
        61,
        46
      ],
      [
        4,
        21
      ],
      [
        27,
        8
      ]
    ],
    "in_cols": [
      29,
      18,
      47,
      37,
      22,
      27,
      35,
      20,
      36,
      44,
      11,
      16,
      14,
      6,
      26,
      9,
      42,
      17,
      46,
      8,
      3,
      15,
      43,
      1,
      12,
      33,
      40,
      39,
      5,
      30,
      23,
      10,
      32,
      7,
      0,
      24,
      34,
      21,
      28,
      38,
      25,
      41,
      45,
      2,
      19,
      31,
      4,
      13
    ],
    "out_cols": [
      25,
      35,
      46,
      38,
      41,
      16,
      40,
      28,
      32,
      15,
      14,
      44,
      7,
      11,
      1,
      29,
      23,
      21,
      20,
      30,
      13,
      19,
      12,
      34,
      39,
      36,
      4,
      6,
      8,
      47,
      17,
      5,
      0,
      42,
      26,
      33,
      43,
      3,
      45,
      10,
      27,
      31,
      24,
      18,
      37,
      22,
      9,
      2
    ]
  }
}