{
  "config": {
    "steps": 700,
    "lr": 0.02,
    "tau_start": 1.0,
    "tau_end": 0.03,
    "sinkhorn_iters": 30,
    "lambda_ent": 0.0003,
    "train_subsample": 0,
    "seed": 10203,
    "device": "cuda"
  },
  "final": {
    "soft_mse_full": 0.38505271077156067,
    "discrete_mse": 114.73655700683594,
    "hash_match": false,
    "perm_str": "95,75,37,72,59,52,94,63,56,30,39,80,44,82,42,7,68,29,58,55,69,83,86,90,18,67,35,24,73,47,28,19,48,57,15,78,1,26,10,70,3,25,31,36,50,38,87,71,23,40,77,11,5,51,14,32,45,33,81,6,91,92,62,20,4,96,16,93,61,53,49,54,65,89,27,8,74,66,13,9,41,22,0,12,43,76,84,34,60,79,2,46,88,17,64,21,85",
    "in_cols": [
      47,
      17,
      29,
      46,
      27,
      18,
      22,
      20,
      35,
      28,
      36,
      42,
      11,
      16,
      37,
      14,
      24,
      9,
      1,
      6,
      3,
      15,
      26,
      43,
      12,
      39,
      5,
      8,
      23,
      40,
      45,
      32,
      4,
      10,
      31,
      25,
      34,
      13,
      38,
      7,
      19,
      0,
      21,
      41,
      30,
      2,
      44,
      33
    ],
    "out_cols": [
      36,
      35,
      25,
      30,
      15,
      40,
      41,
      1,
      14,
      28,
      42,
      44,
      32,
      11,
      23,
      7,
      29,
      38,
      13,
      33,
      12,
      19,
      20,
      34,
      21,
      4,
      24,
      16,
      17,
      0,
      45,
      8,
      47,
      46,
      26,
      27,
      43,
      2,
      31,
      3,
      10,
      5,
      37,
      18,
      39,
      22,
      6,
      9
    ]
  },
  "best_seen": {
    "discrete_mse": 44.35293197631836,
    "order": [
      [
        39,
        7
      ],
      [
        77,
        55
      ],
      [
        56,
        72
      ],
      [
        42,
        52
      ],
      [
        59,
        30
      ],
      [
        44,
        93
      ],
      [
        86,
        78
      ],
      [
        74,
        67
      ],
      [
        37,
        24
      ],
      [
        58,
        19
      ],
      [
        18,
        29
      ],
      [
        94,
        83
      ],
      [
        1,
        90
      ],
      [
        10,
        26
      ],
      [
        50,
        47
      ],
      [
        95,
        82
      ],
      [
        48,
        80
      ],
      [
        3,
        63
      ],
      [
        35,
        57
      ],
      [
        15,
        66
      ],
      [
        62,
        25
      ],
      [
        73,
        36
      ],
      [
        87,
        38
      ],
      [
        91,
        40
      ],
      [
        28,
        71
      ],
      [
        14,
        92
      ],
      [
        81,
        53
      ],
      [
        23,
        33
      ],
      [
        5,
        11
      ],
      [
        65,
        76
      ],
      [
        45,
        9
      ],
      [
        31,
        20
      ],
      [
        43,
        70
      ],
      [
        4,
        6
      ],
      [
        13,
        96
      ],
      [
        49,
        89
      ],
      [
        27,
        79
      ],
      [
        88,
        75
      ],
      [
        41,
        17
      ],
      [
        16,
        54
      ],
      [
        2,
        32
      ],
      [
        68,
        51
      ],
      [
        0,
        34
      ],
      [
        61,
        22
      ],
      [
        60,
        21
      ],
      [
        69,
        8
      ],
      [
        84,
        12
      ],
      [
        64,
        46
      ]
    ],
    "in_cols": [
      18,
      39,
      27,
      20,
      29,
      22,
      42,
      38,
      17,
      28,
      11,
      46,
      1,
      6,
      26,
      47,
      24,
      3,
      16,
      9,
      32,
      37,
      43,
      45,
      14,
      8,
      40,
      12,
      5,
      34,
      23,
      15,
      21,
      4,
      7,
      25,
      13,
      44,
      19,
      10,
      2,
      35,
      0,
      31,
      30,
      36,
      41,
      33
    ],
    "out_cols": [
      1,
      28,
      35,
      25,
      15,
      46,
      38,
      32,
      11,
      7,
      14,
      42,
      44,
      13,
      23,
      41,
      40,
      30,
      29,
      31,
      12,
      19,
      20,
      21,
      34,
      45,
      26,
      17,
      4,
      37,
      3,
      8,
      33,
      0,
      47,
      43,
      39,
      36,
      6,
      27,
      16,
      24,
      18,
      10,
      9,
      2,
      5,
      22
    ]
  }
}