{
  "config": {
    "steps": 900,
    "lr": 0.03,
    "tau_start": 1.0,
    "tau_end": 0.028,
    "sinkhorn_iters": 30,
    "lambda_ent": 0.0003,
    "train_subsample": 4096,
    "seed": 23502,
    "device": "cuda"
  },
  "final": {
    "soft_mse_full": 0.4616595506668091,
    "discrete_mse": 52.885372161865234,
    "hash_match": false,
    "perm_str": "95,52,59,72,39,89,74,55,94,93,56,30,44,82,10,80,42,54,88,29,58,7,18,38,37,47,15,67,35,19,73,36,86,57,3,26,1,40,87,63,28,66,84,90,50,71,27,78,23,25,77,76,14,17,81,11,43,33,45,12,60,96,4,20,5,6,48,24,16,70,65,53,13,83,49,51,62,75,41,46,91,22,69,79,31,9,0,92,61,32,68,34,2,8,64,21,85",
    "in_cols": [
      47,
      29,
      18,
      38,
      46,
      27,
      22,
      6,
      20,
      44,
      28,
      11,
      17,
      9,
      16,
      37,
      42,
      3,
      1,
      43,
      14,
      41,
      26,
      13,
      12,
      39,
      8,
      40,
      21,
      23,
      30,
      4,
      5,
      24,
      10,
      34,
      7,
      25,
      32,
      19,
      45,
      36,
      15,
      0,
      31,
      35,
      2,
      33
    ],
    "out_cols": [
      25,
      35,
      43,
      28,
      46,
      15,
      41,
      40,
      27,
      14,
      1,
      20,
      23,
      32,
      7,
      19,
      29,
      13,
      21,
      30,
      31,
      44,
      34,
      38,
      12,
      37,
      6,
      4,
      17,
      5,
      47,
      8,
      0,
      11,
      33,
      26,
      42,
      24,
      36,
      22,
      10,
      39,
      3,
      45,
      16,
      18,
      2,
      9
    ]
  },
  "best_seen": {
    "discrete_mse": 6.2630615234375,
    "order": [
      [
        95,
        52
      ],
      [
        59,
        72
      ],
      [
        39,
        75
      ],
      [
        74,
        80
      ],
      [
        94,
        93
      ],
      [
        3,
        30
      ],
      [
        44,
        82
      ],
      [
        73,
        78
      ],
      [
        88,
        29
      ],
      [
        45,
        55
      ],
      [
        58,
        7
      ],
      [
        18,
        54
      ],
      [
        10,
        47
      ],
      [
        15,
        67
      ],
      [
        35,
        19
      ],
      [
        42,
        36
      ],
      [
        37,
        57
      ],
      [
        86,
        26
      ],
      [
        1,
        40
      ],
      [
        28,
        63
      ],
      [
        31,
        66
      ],
      [
        84,
        90
      ],
      [
        50,
        38
      ],
      [
        87,
        71
      ],
      [
        64,
        25
      ],
      [
        77,
        76
      ],
      [
        14,
        17
      ],
      [
        81,
        11
      ],
      [
        43,
        33
      ],
      [
        16,
        12
      ],
      [
        56,
        96
      ],
      [
        4,
        20
      ],
      [
        5,
        6
      ],
      [
        65,
        24
      ],
      [
        48,
        70
      ],
      [
        27,
        53
      ],
      [
        13,
        89
      ],
      [
        49,
        51
      ],
      [
        62,
        83
      ],
      [
        41,
        46
      ],
      [
        91,
        22
      ],
      [
        69,
        79
      ],
      [
        23,
        9
      ],
      [
        0,
        92
      ],
      [
        61,
        32
      ],
      [
        68,
        34
      ],
      [
        2,
        8
      ],
      [
        60,
        21
      ]
    ],
    "in_cols": [
      47,
      29,
      18,
      38,
      46,
      3,
      22,
      37,
      44,
      23,
      28,
      11,
      6,
      9,
      16,
      20,
      17,
      42,
      1,
      14,
      15,
      41,
      26,
      43,
      33,
      39,
      8,
      40,
      21,
      10,
      27,
      4,
      5,
      34,
      24,
      13,
      7,
      25,
      32,
      19,
      45,
      36,
      12,
      0,
      31,
      35,
      2,
      30
    ],
    "out_cols": [
      25,
      35,
      36,
      40,
      46,
      15,
      41,
      38,
      14,
      28,
      1,
      27,
      23,
      32,
      7,
      19,
      29,
      13,
      21,
      30,
      31,
      44,
      20,
      34,
      12,
      37,
      6,
      4,
      17,
      5,
      47,
      8,
      0,
      11,
      33,
      26,
      43,
      24,
      42,
      22,
      10,
      39,
      3,
      45,
      16,
      18,
      2,
      9
    ]
  }
}