{
  "config": {
    "steps": 900,
    "lr": 0.03,
    "tau_start": 1.0,
    "tau_end": 0.03,
    "sinkhorn_iters": 30,
    "lambda_ent": 0.0003,
    "train_subsample": 4096,
    "seed": 26601,
    "device": "cuda"
  },
  "final": {
    "soft_mse_full": 0.4422258138656616,
    "discrete_mse": 12.314950942993164,
    "hash_match": false,
    "perm_str": "95,52,73,72,39,55,59,63,56,30,74,82,42,29,68,80,58,78,86,83,88,7,50,25,18,90,35,24,10,19,44,40,15,67,37,47,1,57,94,38,3,26,31,36,28,34,87,71,77,17,4,12,27,51,62,6,48,93,45,33,5,70,81,96,16,20,65,89,91,53,43,75,23,54,49,21,0,92,41,79,60,11,13,32,2,9,14,22,84,66,61,46,64,76,69,8,85",
    "in_cols": [
      47,
      37,
      18,
      29,
      27,
      38,
      20,
      35,
      28,
      42,
      44,
      26,
      11,
      16,
      6,
      22,
      9,
      17,
      1,
      46,
      3,
      15,
      14,
      43,
      39,
      4,
      13,
      32,
      24,
      23,
      5,
      40,
      10,
      34,
      45,
      21,
      12,
      25,
      0,
      19,
      30,
      7,
      2,
      8,
      41,
      31,
      33,
      36
    ],
    "out_cols": [
      25,
      35,
      28,
      30,
      15,
      41,
      14,
      40,
      38,
      42,
      1,
      12,
      44,
      11,
      7,
      21,
      32,
      23,
      29,
      20,
      13,
      19,
      18,
      34,
      6,
      5,
      24,
      0,
      46,
      17,
      33,
      47,
      8,
      43,
      26,
      36,
      27,
      9,
      45,
      39,
      4,
      16,
      3,
      10,
      31,
      22,
      37,
      2
    ]
  },
  "best_seen": {
    "discrete_mse": 32.94449996948242,
    "order": [
      [
        95,
        52
      ],
      [
        73,
        72
      ],
      [
        39,
        55
      ],
      [
        59,
        63
      ],
      [
        56,
        30
      ],
      [
        74,
        82
      ],
      [
        42,
        29
      ],
      [
        68,
        80
      ],
      [
        58,
        93
      ],
      [
        86,
        83
      ],
      [
        88,
        7
      ],
      [
        50,
        25
      ],
      [
        18,
        90
      ],
      [
        35,
        24
      ],
      [
        10,
        19
      ],
      [
        44,
        40
      ],
      [
        15,
        67
      ],
      [
        37,
        47
      ],
      [
        1,
        57
      ],
      [
        94,
        38
      ],
      [
        3,
        26
      ],
      [
        31,
        36
      ],
      [
        28,
        34
      ],
      [
        87,
        71
      ],
      [
        77,
        17
      ],
      [
        4,
        12
      ],
      [
        27,
        51
      ],
      [
        62,
        6
      ],
      [
        48,
        78
      ],
      [
        45,
        33
      ],
      [
        5,
        70
      ],
      [
        81,
        96
      ],
      [
        16,
        20
      ],
      [
        65,
        89
      ],
      [
        91,
        53
      ],
      [
        43,
        75
      ],
      [
        23,
        54
      ],
      [
        49,
        21
      ],
      [
        0,
        92
      ],
      [
        41,
        79
      ],
      [
        60,
        11
      ],
      [
        13,
        32
      ],
      [
        2,
        9
      ],
      [
        14,
        22
      ],
      [
        84,
        66
      ],
      [
        61,
        46
      ],
      [
        64,
        76
      ],
      [
        69,
        8
      ]
    ],
    "in_cols": [
      47,
      37,
      18,
      29,
      27,
      38,
      20,
      35,
      28,
      42,
      44,
      26,
      11,
      16,
      6,
      22,
      9,
      17,
      1,
      46,
      3,
      15,
      14,
      43,
      39,
      4,
      13,
      32,
      24,
      23,
      5,
      40,
      10,
      34,
      45,
      21,
      12,
      25,
      0,
      19,
      30,
      7,
      2,
      8,
      41,
      31,
      33,
      36
    ],
    "out_cols": [
      25,
      35,
      28,
      30,
      15,
      41,
      14,
      40,
      46,
      42,
      1,
      12,
      44,
      11,
      7,
      21,
      32,
      23,
      29,
      20,
      13,
      19,
      18,
      34,
      6,
      5,
      24,
      0,
      38,
      17,
      33,
      47,
      8,
      43,
      26,
      36,
      27,
      9,
      45,
      39,
      4,
      16,
      3,
      10,
      31,
      22,
      37,
      2
    ]
  }
}