{
  "config": {
    "steps": 700,
    "lr": 0.02,
    "tau_start": 1.0,
    "tau_end": 0.03,
    "sinkhorn_iters": 30,
    "lambda_ent": 0.0003,
    "train_subsample": 0,
    "seed": 13203,
    "device": "cuda"
  },
  "final": {
    "soft_mse_full": 0.3551565110683441,
    "discrete_mse": 452.38214111328125,
    "hash_match": false,
    "perm_str": "73,30,59,52,39,72,95,63,23,78,44,82,86,80,42,55,88,93,69,67,18,29,58,90,28,19,50,7,10,24,37,57,48,40,15,47,94,70,35,26,3,53,31,36,1,38,60,25,87,71,14,17,5,11,81,51,4,6,45,33,77,92,16,96,91,75,61,20,62,83,65,12,49,54,64,89,13,32,56,21,68,79,74,66,84,9,41,76,43,8,0,46,2,34,27,22,85",
    "in_cols": [
      37,
      29,
      18,
      47,
      12,
      22,
      42,
      20,
      44,
      36,
      11,
      28,
      14,
      26,
      6,
      17,
      24,
      9,
      46,
      16,
      3,
      15,
      1,
      30,
      43,
      8,
      5,
      40,
      4,
      23,
      39,
      10,
      45,
      31,
      32,
      34,
      25,
      33,
      7,
      27,
      35,
      38,
      41,
      19,
      21,
      0,
      2,
      13
    ],
    "out_cols": [
      15,
      25,
      35,
      30,
      38,
      41,
      40,
      28,
      46,
      32,
      14,
      44,
      7,
      1,
      11,
      29,
      21,
      23,
      33,
      13,
      26,
      19,
      20,
      12,
      34,
      6,
      4,
      24,
      0,
      17,
      45,
      47,
      36,
      8,
      42,
      5,
      27,
      43,
      16,
      9,
      39,
      31,
      3,
      37,
      2,
      22,
      18,
      10
    ]
  },
  "best_seen": {
    "discrete_mse": 90.20405578613281,
    "order": [
      [
        39,
        75
      ],
      [
        59,
        52
      ],
      [
        23,
        72
      ],
      [
        86,
        30
      ],
      [
        56,
        82
      ],
      [
        44,
        78
      ],
      [
        95,
        80
      ],
      [
        42,
        55
      ],
      [
        58,
        93
      ],
      [
        69,
        67
      ],
      [
        18,
        29
      ],
      [
        35,
        90
      ],
      [
        28,
        19
      ],
      [
        10,
        7
      ],
      [
        37,
        24
      ],
      [
        15,
        57
      ],
      [
        50,
        40
      ],
      [
        73,
        47
      ],
      [
        94,
        70
      ],
      [
        48,
        12
      ],
      [
        3,
        26
      ],
      [
        31,
        36
      ],
      [
        1,
        38
      ],
      [
        60,
        25
      ],
      [
        87,
        71
      ],
      [
        14,
        17
      ],
      [
        5,
        11
      ],
      [
        81,
        51
      ],
      [
        4,
        6
      ],
      [
        45,
        33
      ],
      [
        77,
        63
      ],
      [
        16,
        96
      ],
      [
        91,
        92
      ],
      [
        62,
        20
      ],
      [
        0,
        83
      ],
      [
        65,
        53
      ],
      [
        27,
        54
      ],
      [
        64,
        89
      ],
      [
        13,
        32
      ],
      [
        84,
        21
      ],
      [
        68,
        79
      ],
      [
        74,
        66
      ],
      [
        49,
        9
      ],
      [
        41,
        76
      ],
      [
        43,
        8
      ],
      [
        61,
        46
      ],
      [
        2,
        34
      ],
      [
        88,
        22
      ]
    ],
    "in_cols": [
      18,
      29,
      12,
      42,
      27,
      22,
      47,
      20,
      28,
      36,
      11,
      16,
      14,
      6,
      17,
      9,
      26,
      37,
      46,
      24,
      3,
      15,
      1,
      30,
      43,
      8,
      5,
      40,
      4,
      23,
      39,
      10,
      45,
      32,
      0,
      34,
      13,
      33,
      7,
      41,
      35,
      38,
      25,
      19,
      21,
      31,
      2,
      44
    ],
    "out_cols": [
      36,
      25,
      35,
      15,
      41,
      38,
      40,
      28,
      46,
      32,
      14,
      44,
      7,
      1,
      11,
      29,
      21,
      23,
      33,
      5,
      13,
      19,
      20,
      12,
      34,
      6,
      4,
      24,
      0,
      17,
      30,
      47,
      45,
      8,
      42,
      26,
      27,
      43,
      16,
      9,
      39,
      31,
      3,
      37,
      2,
      22,
      18,
      10
    ]
  }
}