{
  "config": {
    "steps": 900,
    "lr": 0.03,
    "tau_start": 1.0,
    "tau_end": 0.03,
    "sinkhorn_iters": 30,
    "lambda_ent": 0.0003,
    "train_subsample": 4096,
    "seed": 21901,
    "device": "cuda"
  },
  "final": {
    "soft_mse_full": 0.3544262945652008,
    "discrete_mse": 582.6328125,
    "hash_match": false,
    "perm_str": "39,30,59,52,74,72,95,29,56,82,87,93,44,78,68,80,42,55,94,83,86,90,73,67,18,24,37,47,10,20,28,19,50,7,15,57,1,40,35,63,31,36,3,26,23,38,27,71,0,75,5,11,14,32,48,6,45,12,81,51,91,92,77,33,4,25,16,96,13,9,60,54,65,53,62,22,49,70,43,46,41,8,61,21,2,79,84,66,88,89,69,76,64,17,58,34,85",
    "in_cols": [
      18,
      29,
      38,
      47,
      27,
      43,
      22,
      35,
      20,
      46,
      42,
      37,
      11,
      17,
      6,
      14,
      26,
      9,
      1,
      16,
      15,
      3,
      12,
      13,
      0,
      5,
      8,
      24,
      23,
      40,
      45,
      39,
      4,
      10,
      7,
      30,
      34,
      32,
      25,
      21,
      19,
      31,
      2,
      41,
      44,
      36,
      33,
      28
    ],
    "out_cols": [
      15,
      25,
      35,
      14,
      41,
      46,
      38,
      40,
      28,
      42,
      44,
      32,
      11,
      23,
      8,
      7,
      1,
      29,
      21,
      30,
      19,
      13,
      20,
      34,
      36,
      4,
      16,
      0,
      5,
      24,
      45,
      17,
      12,
      47,
      3,
      27,
      26,
      10,
      33,
      22,
      2,
      9,
      39,
      31,
      43,
      37,
      6,
      18
    ]
  },
  "best_seen": {
    "discrete_mse": 4.891528606414795,
    "order": [
      [
        39,
        30
      ],
      [
        59,
        52
      ],
      [
        3,
        72
      ],
      [
        95,
        29
      ],
      [
        56,
        82
      ],
      [
        87,
        93
      ],
      [
        44,
        78
      ],
      [
        68,
        80
      ],
      [
        42,
        55
      ],
      [
        94,
        83
      ],
      [
        86,
        90
      ],
      [
        18,
        67
      ],
      [
        35,
        24
      ],
      [
        37,
        47
      ],
      [
        10,
        20
      ],
      [
        28,
        19
      ],
      [
        50,
        7
      ],
      [
        15,
        57
      ],
      [
        1,
        40
      ],
      [
        73,
        63
      ],
      [
        31,
        36
      ],
      [
        62,
        26
      ],
      [
        23,
        38
      ],
      [
        27,
        71
      ],
      [
        0,
        75
      ],
      [
        5,
        11
      ],
      [
        14,
        17
      ],
      [
        48,
        6
      ],
      [
        45,
        12
      ],
      [
        81,
        51
      ],
      [
        91,
        92
      ],
      [
        77,
        33
      ],
      [
        4,
        32
      ],
      [
        16,
        96
      ],
      [
        61,
        9
      ],
      [
        60,
        54
      ],
      [
        65,
        53
      ],
      [
        13,
        22
      ],
      [
        49,
        70
      ],
      [
        74,
        46
      ],
      [
        41,
        8
      ],
      [
        58,
        21
      ],
      [
        2,
        79
      ],
      [
        84,
        66
      ],
      [
        88,
        89
      ],
      [
        69,
        76
      ],
      [
        64,
        25
      ],
      [
        43,
        34
      ]
    ],
    "in_cols": [
      18,
      29,
      3,
      47,
      27,
      43,
      22,
      35,
      20,
      46,
      42,
      11,
      16,
      17,
      6,
      14,
      26,
      9,
      1,
      37,
      15,
      32,
      12,
      13,
      0,
      5,
      8,
      24,
      23,
      40,
      45,
      39,
      4,
      10,
      31,
      30,
      34,
      7,
      25,
      38,
      19,
      28,
      2,
      41,
      44,
      36,
      33,
      21
    ],
    "out_cols": [
      15,
      25,
      35,
      14,
      41,
      46,
      38,
      40,
      28,
      42,
      44,
      32,
      11,
      23,
      8,
      7,
      1,
      29,
      21,
      30,
      19,
      13,
      20,
      34,
      36,
      4,
      6,
      0,
      5,
      24,
      45,
      17,
      16,
      47,
      3,
      27,
      26,
      10,
      33,
      22,
      2,
      9,
      39,
      31,
      43,
      37,
      12,
      18
    ]
  }
}