{
  "config": {
    "steps": 900,
    "lr": 0.03,
    "tau_start": 1.0,
    "tau_end": 0.03,
    "sinkhorn_iters": 30,
    "lambda_ent": 0.0003,
    "train_subsample": 4096,
    "seed": 27601,
    "device": "cuda"
  },
  "final": {
    "soft_mse_full": 0.4475066363811493,
    "discrete_mse": 39.928504943847656,
    "hash_match": false,
    "perm_str": "59,52,41,80,39,55,95,78,56,30,44,82,37,93,3,72,42,29,69,67,88,54,94,90,35,24,18,7,73,36,68,57,15,47,86,26,87,71,1,40,14,63,50,25,23,38,64,70,28,66,77,17,81,11,5,6,45,20,4,32,31,33,43,51,65,96,48,19,16,9,0,53,62,75,91,76,84,89,27,46,61,79,2,12,49,8,10,34,74,83,13,21,60,22,58,92,85",
    "in_cols": [
      29,
      19,
      18,
      47,
      27,
      22,
      17,
      3,
      20,
      36,
      44,
      46,
      16,
      11,
      37,
      35,
      9,
      42,
      43,
      1,
      8,
      26,
      12,
      33,
      14,
      39,
      40,
      5,
      23,
      4,
      15,
      21,
      34,
      24,
      10,
      0,
      32,
      45,
      41,
      13,
      31,
      2,
      25,
      6,
      38,
      7,
      30,
      28
    ],
    "out_cols": [
      25,
      40,
      28,
      38,
      15,
      41,
      46,
      35,
      14,
      32,
      27,
      44,
      11,
      1,
      19,
      29,
      23,
      13,
      34,
      21,
      30,
      12,
      20,
      33,
      31,
      6,
      4,
      0,
      8,
      16,
      17,
      24,
      47,
      7,
      3,
      26,
      36,
      37,
      43,
      22,
      39,
      5,
      2,
      18,
      42,
      9,
      10,
      45
    ]
  },
  "best_seen": {
    "discrete_mse": 39.928504943847656,
    "order": [
      [
        59,
        52
      ],
      [
        41,
        80
      ],
      [
        39,
        55
      ],
      [
        95,
        78
      ],
      [
        56,
        30
      ],
      [
        44,
        82
      ],
      [
        37,
        93
      ],
      [
        3,
        72
      ],
      [
        42,
        29
      ],
      [
        69,
        67
      ],
      [
        88,
        54
      ],
      [
        94,
        90
      ],
      [
        35,
        24
      ],
      [
        18,
        7
      ],
      [
        73,
        36
      ],
      [
        68,
        57
      ],
      [
        15,
        47
      ],
      [
        86,
        26
      ],
      [
        87,
        71
      ],
      [
        1,
        40
      ],
      [
        14,
        63
      ],
      [
        50,
        25
      ],
      [
        23,
        38
      ],
      [
        64,
        70
      ],
      [
        28,
        66
      ],
      [
        77,
        17
      ],
      [
        81,
        11
      ],
      [
        5,
        6
      ],
      [
        45,
        20
      ],
      [
        4,
        32
      ],
      [
        31,
        33
      ],
      [
        43,
        51
      ],
      [
        65,
        96
      ],
      [
        48,
        19
      ],
      [
        16,
        9
      ],
      [
        0,
        53
      ],
      [
        62,
        75
      ],
      [
        91,
        76
      ],
      [
        84,
        89
      ],
      [
        27,
        46
      ],
      [
        61,
        79
      ],
      [
        2,
        12
      ],
      [
        49,
        8
      ],
      [
        10,
        34
      ],
      [
        74,
        83
      ],
      [
        13,
        21
      ],
      [
        60,
        22
      ],
      [
        58,
        92
      ]
    ],
    "in_cols": [
      29,
      19,
      18,
      47,
      27,
      22,
      17,
      3,
      20,
      36,
      44,
      46,
      16,
      11,
      37,
      35,
      9,
      42,
      43,
      1,
      8,
      26,
      12,
      33,
      14,
      39,
      40,
      5,
      23,
      4,
      15,
      21,
      34,
      24,
      10,
      0,
      32,
      45,
      41,
      13,
      31,
      2,
      25,
      6,
      38,
      7,
      30,
      28
    ],
    "out_cols": [
      25,
      40,
      28,
      38,
      15,
      41,
      46,
      35,
      14,
      32,
      27,
      44,
      11,
      1,
      19,
      29,
      23,
      13,
      34,
      21,
      30,
      12,
      20,
      33,
      31,
      6,
      4,
      0,
      8,
      16,
      17,
      24,
      47,
      7,
      3,
      26,
      36,
      37,
      43,
      22,
      39,
      5,
      2,
      18,
      42,
      9,
      10,
      45
    ]
  }
}