{
  "config": {
    "steps": 900,
    "lr": 0.03,
    "tau_start": 1.0,
    "tau_end": 0.028,
    "sinkhorn_iters": 30,
    "lambda_ent": 0.0003,
    "train_subsample": 4096,
    "seed": 10502,
    "device": "cuda"
  },
  "final": {
    "soft_mse_full": 0.4555684030056,
    "discrete_mse": 22.979520797729492,
    "hash_match": false,
    "perm_str": "74,30,59,63,88,52,73,93,44,51,95,80,58,78,94,29,42,55,69,67,18,90,3,83,28,19,37,7,35,24,15,82,10,57,68,47,87,26,1,40,39,25,31,36,65,75,23,38,27,71,4,17,14,32,77,76,81,72,5,11,48,20,2,92,62,6,16,96,61,70,91,53,13,66,43,9,84,79,41,46,64,22,0,54,86,12,45,34,60,33,50,89,56,21,49,8,85",
    "in_cols": [
      38,
      29,
      44,
      37,
      22,
      47,
      28,
      46,
      20,
      36,
      11,
      3,
      14,
      17,
      16,
      9,
      6,
      35,
      43,
      1,
      18,
      15,
      34,
      12,
      13,
      4,
      8,
      39,
      40,
      5,
      24,
      2,
      32,
      10,
      31,
      45,
      7,
      21,
      41,
      19,
      33,
      0,
      42,
      23,
      30,
      26,
      27,
      25
    ],
    "out_cols": [
      15,
      30,
      25,
      46,
      24,
      40,
      38,
      14,
      28,
      32,
      44,
      42,
      7,
      1,
      11,
      41,
      29,
      23,
      13,
      21,
      12,
      19,
      36,
      20,
      34,
      6,
      16,
      37,
      35,
      4,
      8,
      45,
      0,
      47,
      33,
      26,
      31,
      3,
      39,
      22,
      10,
      27,
      5,
      18,
      17,
      43,
      9,
      2
    ]
  },
  "best_seen": {
    "discrete_mse": 19.14821434020996,
    "order": [
      [
        39,
        75
      ],
      [
        59,
        52
      ],
      [
        95,
        72
      ],
      [
        73,
        93
      ],
      [
        56,
        80
      ],
      [
        28,
        63
      ],
      [
        44,
        78
      ],
      [
        42,
        55
      ],
      [
        74,
        29
      ],
      [
        94,
        67
      ],
      [
        68,
        90
      ],
      [
        18,
        83
      ],
      [
        3,
        19
      ],
      [
        10,
        7
      ],
      [
        35,
        24
      ],
      [
        15,
        82
      ],
      [
        37,
        57
      ],
      [
        86,
        47
      ],
      [
        87,
        71
      ],
      [
        1,
        40
      ],
      [
        50,
        25
      ],
      [
        31,
        36
      ],
      [
        65,
        26
      ],
      [
        23,
        38
      ],
      [
        27,
        30
      ],
      [
        4,
        17
      ],
      [
        14,
        51
      ],
      [
        5,
        76
      ],
      [
        81,
        6
      ],
      [
        77,
        11
      ],
      [
        62,
        20
      ],
      [
        2,
        92
      ],
      [
        91,
        32
      ],
      [
        16,
        96
      ],
      [
        48,
        70
      ],
      [
        61,
        53
      ],
      [
        43,
        66
      ],
      [
        13,
        9
      ],
      [
        84,
        79
      ],
      [
        41,
        46
      ],
      [
        64,
        22
      ],
      [
        0,
        54
      ],
      [
        49,
        12
      ],
      [
        45,
        34
      ],
      [
        60,
        33
      ],
      [
        58,
        89
      ],
      [
        88,
        21
      ],
      [
        69,
        8
      ]
    ],
    "in_cols": [
      18,
      29,
      47,
      37,
      27,
      14,
      22,
      20,
      38,
      46,
      35,
      11,
      3,
      6,
      16,
      9,
      17,
      42,
      43,
      1,
      26,
      15,
      34,
      12,
      13,
      4,
      8,
      5,
      40,
      39,
      32,
      2,
      45,
      10,
      24,
      31,
      21,
      7,
      41,
      19,
      33,
      0,
      25,
      23,
      30,
      28,
      44,
      36
    ],
    "out_cols": [
      36,
      25,
      35,
      46,
      40,
      30,
      38,
      28,
      14,
      32,
      44,
      42,
      7,
      1,
      11,
      41,
      29,
      23,
      34,
      21,
      12,
      19,
      13,
      20,
      15,
      6,
      24,
      37,
      0,
      4,
      8,
      45,
      16,
      47,
      33,
      26,
      31,
      3,
      39,
      22,
      10,
      27,
      5,
      18,
      17,
      43,
      9,
      2
    ]
  }
}