{
  "config": {
    "steps": 700,
    "lr": 0.015,
    "tau_start": 1.0,
    "tau_end": 0.025,
    "sinkhorn_iters": 30,
    "lambda_ent": 0.0001,
    "train_subsample": 0,
    "seed": 10204,
    "device": "cuda"
  },
  "final": {
    "soft_mse_full": 0.3514247536659241,
    "discrete_mse": 29.2684268951416,
    "hash_match": false,
    "perm_str": "59,52,39,72,48,75,95,93,56,30,44,78,68,55,94,80,42,83,58,67,91,29,18,90,28,19,10,24,50,7,37,57,73,82,86,47,87,71,35,63,3,25,31,36,1,26,23,38,14,40,5,11,64,51,4,17,45,33,15,6,62,20,16,70,81,96,61,53,77,32,60,89,0,54,49,34,13,9,27,21,74,79,65,92,84,22,69,66,2,8,41,46,43,76,88,12,85",
    "in_cols": [
      29,
      18,
      24,
      47,
      27,
      22,
      35,
      46,
      20,
      28,
      45,
      11,
      14,
      6,
      26,
      17,
      37,
      42,
      43,
      16,
      3,
      15,
      1,
      12,
      8,
      5,
      33,
      4,
      23,
      9,
      32,
      10,
      40,
      31,
      39,
      30,
      0,
      25,
      7,
      13,
      38,
      34,
      41,
      36,
      2,
      19,
      21,
      44
    ],
    "out_cols": [
      25,
      35,
      36,
      46,
      15,
      38,
      28,
      40,
      42,
      32,
      14,
      44,
      7,
      11,
      1,
      29,
      41,
      23,
      34,
      30,
      12,
      19,
      13,
      20,
      21,
      4,
      24,
      6,
      17,
      0,
      8,
      33,
      47,
      26,
      16,
      43,
      27,
      18,
      3,
      9,
      39,
      45,
      10,
      31,
      2,
      22,
      37,
      5
    ]
  },
  "best_seen": {
    "discrete_mse": 9.176046371459961,
    "order": [
      [
        77,
        96
      ],
      [
        95,
        36
      ],
      [
        65,
        76
      ],
      [
        43,
        17
      ],
      [
        42,
        40
      ],
      [
        44,
        33
      ],
      [
        64,
        19
      ],
      [
        39,
        20
      ],
      [
        4,
        38
      ],
      [
        13,
        34
      ],
      [
        74,
        80
      ],
      [
        60,
        21
      ],
      [
        87,
        71
      ],
      [
        56,
        75
      ],
      [
        45,
        90
      ],
      [
        15,
        63
      ],
      [
        37,
        52
      ],
      [
        59,
        26
      ],
      [
        69,
        89
      ],
      [
        3,
        70
      ],
      [
        68,
        78
      ],
      [
        31,
        25
      ],
      [
        5,
        57
      ],
      [
        49,
        24
      ],
      [
        35,
        22
      ],
      [
        27,
        11
      ],
      [
        28,
        54
      ],
      [
        62,
        9
      ],
      [
        23,
        29
      ],
      [
        94,
        51
      ],
      [
        73,
        55
      ],
      [
        88,
        82
      ],
      [
        0,
        93
      ],
      [
        84,
        46
      ],
      [
        86,
        72
      ],
      [
        50,
        6
      ],
      [
        1,
        12
      ],
      [
        16,
        66
      ],
      [
        10,
        30
      ],
      [
        2,
        67
      ],
      [
        14,
        92
      ],
      [
        58,
        32
      ],
      [
        61,
        8
      ],
      [
        41,
        53
      ],
      [
        48,
        7
      ],
      [
        18,
        79
      ],
      [
        81,
        83
      ],
      [
        91,
        47
      ]
    ],
    "in_cols": [
      39,
      47,
      34,
      21,
      20,
      22,
      33,
      18,
      4,
      7,
      38,
      30,
      43,
      27,
      23,
      9,
      17,
      29,
      36,
      3,
      35,
      15,
      5,
      25,
      16,
      13,
      14,
      32,
      12,
      46,
      37,
      44,
      0,
      41,
      42,
      26,
      1,
      10,
      6,
      2,
      8,
      28,
      31,
      19,
      24,
      11,
      40,
      45
    ],
    "out_cols": [
      47,
      19,
      37,
      6,
      21,
      17,
      7,
      8,
      20,
      18,
      40,
      9,
      34,
      36,
      44,
      30,
      25,
      13,
      43,
      33,
      38,
      12,
      29,
      11,
      10,
      4,
      27,
      3,
      14,
      24,
      28,
      41,
      46,
      22,
      35,
      0,
      5,
      31,
      15,
      32,
      45,
      16,
      2,
      26,
      1,
      39,
      42,
      23
    ]
  }
}