{
  "config": {
    "steps": 700,
    "lr": 0.015,
    "tau_start": 1.0,
    "tau_end": 0.025,
    "sinkhorn_iters": 30,
    "lambda_ent": 0.0001,
    "train_subsample": 0,
    "seed": 4504,
    "device": "cuda"
  },
  "final": {
    "soft_mse_full": 0.2873590290546417,
    "discrete_mse": 185.4009246826172,
    "hash_match": false,
    "perm_str": "59,52,3,72,95,93,42,63,44,82,18,78,10,80,86,30,39,55,88,29,58,90,69,67,73,47,28,19,35,24,37,7,15,57,68,26,48,71,94,53,87,25,31,36,50,38,1,40,23,75,14,11,0,17,4,12,62,83,81,6,5,33,77,20,16,96,91,76,65,32,43,70,13,9,60,8,49,21,74,22,56,54,41,51,45,66,2,92,84,79,61,34,27,46,64,89,85",
    "in_cols": [
      29,
      3,
      47,
      20,
      22,
      11,
      6,
      42,
      18,
      44,
      28,
      36,
      37,
      14,
      16,
      17,
      9,
      35,
      24,
      46,
      43,
      15,
      26,
      1,
      12,
      8,
      0,
      4,
      32,
      40,
      5,
      39,
      10,
      45,
      34,
      21,
      7,
      30,
      25,
      38,
      27,
      19,
      23,
      2,
      41,
      31,
      13,
      33
    ],
    "out_cols": [
      25,
      35,
      46,
      30,
      41,
      38,
      40,
      15,
      28,
      14,
      44,
      32,
      23,
      7,
      11,
      1,
      29,
      13,
      34,
      26,
      12,
      19,
      20,
      21,
      36,
      4,
      6,
      5,
      42,
      0,
      17,
      8,
      47,
      37,
      16,
      33,
      3,
      2,
      9,
      10,
      27,
      24,
      31,
      45,
      39,
      18,
      22,
      43
    ]
  },
  "best_seen": {
    "discrete_mse": 78.51052856445312,
    "order": [
      [
        15,
        25
      ],
      [
        86,
        9
      ],
      [
        37,
        78
      ],
      [
        44,
        79
      ],
      [
        27,
        92
      ],
      [
        1,
        12
      ],
      [
        28,
        26
      ],
      [
        61,
        96
      ],
      [
        65,
        20
      ],
      [
        0,
        30
      ],
      [
        43,
        33
      ],
      [
        5,
        17
      ],
      [
        48,
        63
      ],
      [
        84,
        40
      ],
      [
        59,
        22
      ],
      [
        91,
        54
      ],
      [
        35,
        6
      ],
      [
        64,
        21
      ],
      [
        45,
        24
      ],
      [
        60,
        38
      ],
      [
        81,
        47
      ],
      [
        14,
        32
      ],
      [
        2,
        67
      ],
      [
        74,
        55
      ],
      [
        49,
        80
      ],
      [
        73,
        76
      ],
      [
        69,
        52
      ],
      [
        94,
        8
      ],
      [
        23,
        90
      ],
      [
        13,
        46
      ],
      [
        42,
        53
      ],
      [
        58,
        75
      ],
      [
        56,
        57
      ],
      [
        31,
        19
      ],
      [
        3,
        89
      ],
      [
        18,
        29
      ],
      [
        39,
        11
      ],
      [
        41,
        71
      ],
      [
        62,
        72
      ],
      [
        87,
        36
      ],
      [
        50,
        7
      ],
      [
        4,
        83
      ],
      [
        68,
        66
      ],
      [
        95,
        93
      ],
      [
        10,
        34
      ],
      [
        88,
        51
      ],
      [
        77,
        70
      ],
      [
        16,
        82
      ]
    ],
    "in_cols": [
      9,
      42,
      17,
      22,
      13,
      1,
      14,
      31,
      34,
      0,
      21,
      5,
      24,
      41,
      29,
      45,
      16,
      33,
      23,
      30,
      40,
      8,
      2,
      38,
      25,
      37,
      36,
      46,
      12,
      7,
      20,
      28,
      27,
      15,
      3,
      11,
      18,
      19,
      32,
      43,
      26,
      4,
      35,
      47,
      6,
      44,
      39,
      10
    ],
    "out_cols": [
      12,
      3,
      38,
      39,
      45,
      5,
      13,
      47,
      8,
      15,
      17,
      6,
      30,
      21,
      10,
      27,
      0,
      9,
      11,
      20,
      23,
      16,
      32,
      28,
      40,
      37,
      25,
      2,
      44,
      22,
      26,
      36,
      29,
      7,
      43,
      14,
      4,
      34,
      35,
      19,
      1,
      42,
      31,
      46,
      18,
      24,
      33,
      41
    ]
  }
}