{
  "config": {
    "steps": 700,
    "lr": 0.015,
    "tau_start": 1.0,
    "tau_end": 0.025,
    "sinkhorn_iters": 30,
    "lambda_ent": 0.0001,
    "train_subsample": 0,
    "seed": 17804,
    "device": "cuda"
  },
  "final": {
    "soft_mse_full": 0.395312637090683,
    "discrete_mse": 2.5507864952087402,
    "hash_match": false,
    "perm_str": "59,52,39,75,74,72,95,33,44,82,73,78,77,29,42,55,69,93,88,30,94,38,86,80,18,90,10,24,28,19,15,67,37,47,68,7,35,57,3,26,50,66,31,36,1,40,87,71,23,25,14,63,81,11,0,17,43,70,62,32,5,6,65,20,16,96,48,53,60,89,4,83,49,54,41,34,84,22,45,79,91,51,13,9,2,21,58,92,56,8,64,12,61,76,27,46,85",
    "in_cols": [
      29,
      18,
      38,
      47,
      22,
      37,
      39,
      20,
      36,
      44,
      46,
      42,
      11,
      6,
      14,
      9,
      17,
      35,
      16,
      3,
      26,
      15,
      1,
      43,
      12,
      8,
      40,
      0,
      21,
      32,
      5,
      34,
      10,
      24,
      30,
      4,
      25,
      19,
      41,
      23,
      45,
      7,
      2,
      28,
      27,
      33,
      31,
      13
    ],
    "out_cols": [
      25,
      36,
      35,
      17,
      41,
      38,
      14,
      28,
      46,
      15,
      20,
      40,
      44,
      11,
      7,
      32,
      23,
      1,
      29,
      13,
      31,
      19,
      21,
      34,
      12,
      30,
      4,
      6,
      33,
      16,
      0,
      8,
      47,
      26,
      43,
      42,
      27,
      18,
      10,
      39,
      24,
      3,
      9,
      45,
      2,
      5,
      37,
      22
    ]
  },
  "best_seen": {
    "discrete_mse": 4.012399673461914,
    "order": [
      [
        59,
        52
      ],
      [
        39,
        75
      ],
      [
        77,
        72
      ],
      [
        95,
        33
      ],
      [
        44,
        82
      ],
      [
        73,
        78
      ],
      [
        74,
        29
      ],
      [
        42,
        55
      ],
      [
        69,
        93
      ],
      [
        88,
        30
      ],
      [
        94,
        38
      ],
      [
        86,
        80
      ],
      [
        18,
        90
      ],
      [
        10,
        24
      ],
      [
        28,
        19
      ],
      [
        15,
        67
      ],
      [
        37,
        47
      ],
      [
        68,
        7
      ],
      [
        35,
        57
      ],
      [
        3,
        26
      ],
      [
        50,
        66
      ],
      [
        31,
        36
      ],
      [
        1,
        40
      ],
      [
        87,
        71
      ],
      [
        23,
        25
      ],
      [
        14,
        63
      ],
      [
        81,
        11
      ],
      [
        0,
        17
      ],
      [
        43,
        70
      ],
      [
        62,
        32
      ],
      [
        5,
        6
      ],
      [
        65,
        20
      ],
      [
        16,
        96
      ],
      [
        48,
        53
      ],
      [
        60,
        89
      ],
      [
        4,
        83
      ],
      [
        49,
        54
      ],
      [
        41,
        34
      ],
      [
        84,
        22
      ],
      [
        45,
        79
      ],
      [
        91,
        51
      ],
      [
        13,
        9
      ],
      [
        2,
        21
      ],
      [
        58,
        92
      ],
      [
        56,
        8
      ],
      [
        64,
        12
      ],
      [
        61,
        76
      ],
      [
        27,
        46
      ]
    ],
    "in_cols": [
      29,
      18,
      39,
      47,
      22,
      37,
      38,
      20,
      36,
      44,
      46,
      42,
      11,
      6,
      14,
      9,
      17,
      35,
      16,
      3,
      26,
      15,
      1,
      43,
      12,
      8,
      40,
      0,
      21,
      32,
      5,
      34,
      10,
      24,
      30,
      4,
      25,
      19,
      41,
      23,
      45,
      7,
      2,
      28,
      27,
      33,
      31,
      13
    ],
    "out_cols": [
      25,
      36,
      35,
      17,
      41,
      38,
      14,
      28,
      46,
      15,
      20,
      40,
      44,
      11,
      7,
      32,
      23,
      1,
      29,
      13,
      31,
      19,
      21,
      34,
      12,
      30,
      4,
      6,
      33,
      16,
      0,
      8,
      47,
      26,
      43,
      42,
      27,
      18,
      10,
      39,
      24,
      3,
      9,
      45,
      2,
      5,
      37,
      22
    ]
  }
}