{
  "config": {
    "steps": 700,
    "lr": 0.02,
    "tau_start": 1.0,
    "tau_end": 0.03,
    "sinkhorn_iters": 30,
    "lambda_ent": 0.0003,
    "train_subsample": 0,
    "seed": 9203,
    "device": "cuda"
  },
  "final": {
    "soft_mse_full": 0.33886197209358215,
    "discrete_mse": 20.187227249145508,
    "hash_match": false,
    "perm_str": "1,93,59,52,39,55,95,63,56,30,60,82,44,72,94,80,42,83,58,78,49,29,86,7,18,90,28,19,37,57,73,47,15,67,35,24,10,26,87,71,3,25,31,36,50,38,23,40,14,17,5,51,4,12,0,11,45,92,81,6,65,20,91,33,16,96,48,70,77,54,61,53,62,75,27,89,74,66,41,21,43,22,13,9,68,34,64,32,84,79,88,46,69,76,2,8,85",
    "in_cols": [
      1,
      29,
      18,
      47,
      27,
      30,
      22,
      46,
      20,
      28,
      25,
      42,
      11,
      14,
      17,
      37,
      9,
      16,
      6,
      43,
      3,
      15,
      26,
      12,
      8,
      5,
      4,
      0,
      23,
      40,
      34,
      45,
      10,
      24,
      39,
      31,
      32,
      13,
      38,
      19,
      21,
      7,
      35,
      33,
      41,
      44,
      36,
      2
    ],
    "out_cols": [
      46,
      25,
      28,
      30,
      15,
      41,
      35,
      40,
      42,
      38,
      14,
      1,
      44,
      7,
      29,
      23,
      32,
      11,
      13,
      34,
      12,
      19,
      20,
      21,
      6,
      24,
      5,
      4,
      45,
      0,
      8,
      17,
      47,
      33,
      27,
      26,
      36,
      43,
      31,
      9,
      10,
      3,
      18,
      16,
      39,
      22,
      37,
      2
    ]
  },
  "best_seen": {
    "discrete_mse": 18.414155960083008,
    "order": [
      [
        4,
        66
      ],
      [
        81,
        12
      ],
      [
        5,
        22
      ],
      [
        31,
        47
      ],
      [
        18,
        54
      ],
      [
        61,
        55
      ],
      [
        68,
        38
      ],
      [
        23,
        25
      ],
      [
        58,
        89
      ],
      [
        28,
        90
      ],
      [
        94,
        83
      ],
      [
        50,
        46
      ],
      [
        10,
        9
      ],
      [
        27,
        78
      ],
      [
        37,
        67
      ],
      [
        45,
        92
      ],
      [
        3,
        93
      ],
      [
        73,
        40
      ],
      [
        60,
        36
      ],
      [
        49,
        79
      ],
      [
        69,
        30
      ],
      [
        64,
        70
      ],
      [
        65,
        20
      ],
      [
        1,
        26
      ],
      [
        88,
        72
      ],
      [
        84,
        63
      ],
      [
        13,
        75
      ],
      [
        48,
        33
      ],
      [
        74,
        17
      ],
      [
        86,
        34
      ],
      [
        41,
        8
      ],
      [
        39,
        82
      ],
      [
        15,
        76
      ],
      [
        16,
        32
      ],
      [
        35,
        71
      ],
      [
        42,
        19
      ],
      [
        14,
        51
      ],
      [
        0,
        53
      ],
      [
        91,
        52
      ],
      [
        56,
        11
      ],
      [
        43,
        6
      ],
      [
        2,
        7
      ],
      [
        44,
        21
      ],
      [
        59,
        29
      ],
      [
        87,
        57
      ],
      [
        62,
        80
      ],
      [
        77,
        96
      ],
      [
        95,
        24
      ]
    ],
    "in_cols": [
      4,
      40,
      5,
      15,
      11,
      31,
      35,
      12,
      28,
      14,
      46,
      26,
      6,
      13,
      17,
      23,
      3,
      37,
      30,
      25,
      36,
      33,
      34,
      1,
      44,
      41,
      7,
      24,
      38,
      42,
      19,
      18,
      9,
      10,
      16,
      20,
      8,
      0,
      45,
      27,
      21,
      2,
      22,
      29,
      43,
      32,
      39,
      47
    ],
    "out_cols": [
      31,
      5,
      10,
      23,
      27,
      28,
      20,
      12,
      43,
      44,
      42,
      22,
      3,
      38,
      32,
      45,
      46,
      21,
      19,
      39,
      15,
      33,
      8,
      13,
      35,
      30,
      36,
      17,
      6,
      18,
      2,
      41,
      37,
      16,
      34,
      7,
      24,
      26,
      25,
      4,
      0,
      1,
      9,
      14,
      29,
      40,
      47,
      11
    ]
  }
}