{
  "config": {
    "steps": 900,
    "lr": 0.03,
    "tau_start": 1.0,
    "tau_end": 0.03,
    "sinkhorn_iters": 30,
    "lambda_ent": 0.0003,
    "train_subsample": 4096,
    "seed": 7501,
    "device": "cuda"
  },
  "final": {
    "soft_mse_full": 0.37314891815185547,
    "discrete_mse": 131.31092834472656,
    "hash_match": false,
    "perm_str": "73,75,59,52,95,78,88,29,39,55,35,30,44,82,68,72,42,63,58,93,69,67,28,36,18,90,48,47,50,24,15,57,10,19,86,7,1,40,94,26,3,53,84,25,23,38,87,71,60,11,27,66,14,17,81,20,43,96,0,33,56,92,77,80,5,6,65,76,13,54,16,70,37,83,62,89,2,79,45,9,91,46,4,32,41,51,74,22,61,12,49,8,31,21,64,34,85",
    "in_cols": [
      37,
      29,
      47,
      44,
      18,
      16,
      22,
      35,
      20,
      28,
      36,
      14,
      11,
      24,
      26,
      9,
      6,
      42,
      1,
      46,
      3,
      41,
      12,
      43,
      30,
      13,
      8,
      40,
      21,
      0,
      27,
      39,
      5,
      34,
      7,
      10,
      17,
      32,
      2,
      23,
      45,
      4,
      19,
      38,
      31,
      25,
      15,
      33
    ],
    "out_cols": [
      36,
      25,
      38,
      14,
      28,
      15,
      41,
      35,
      30,
      46,
      32,
      19,
      44,
      23,
      11,
      29,
      7,
      1,
      21,
      13,
      26,
      12,
      20,
      34,
      4,
      31,
      6,
      8,
      47,
      17,
      45,
      40,
      0,
      37,
      27,
      33,
      42,
      43,
      39,
      3,
      22,
      16,
      24,
      10,
      5,
      2,
      9,
      18
    ]
  },
  "best_seen": {
    "discrete_mse": 21.731924057006836,
    "order": [
      [
        39,
        75
      ],
      [
        59,
        52
      ],
      [
        95,
        93
      ],
      [
        88,
        29
      ],
      [
        74,
        30
      ],
      [
        56,
        82
      ],
      [
        44,
        78
      ],
      [
        86,
        72
      ],
      [
        42,
        55
      ],
      [
        58,
        63
      ],
      [
        18,
        67
      ],
      [
        28,
        36
      ],
      [
        73,
        90
      ],
      [
        37,
        47
      ],
      [
        10,
        24
      ],
      [
        15,
        57
      ],
      [
        50,
        19
      ],
      [
        35,
        7
      ],
      [
        1,
        40
      ],
      [
        94,
        26
      ],
      [
        3,
        53
      ],
      [
        84,
        25
      ],
      [
        23,
        38
      ],
      [
        87,
        71
      ],
      [
        60,
        11
      ],
      [
        64,
        51
      ],
      [
        14,
        17
      ],
      [
        81,
        20
      ],
      [
        4,
        32
      ],
      [
        45,
        33
      ],
      [
        77,
        92
      ],
      [
        48,
        70
      ],
      [
        5,
        6
      ],
      [
        65,
        76
      ],
      [
        0,
        80
      ],
      [
        16,
        96
      ],
      [
        62,
        83
      ],
      [
        27,
        89
      ],
      [
        2,
        79
      ],
      [
        13,
        9
      ],
      [
        41,
        46
      ],
      [
        61,
        66
      ],
      [
        91,
        22
      ],
      [
        43,
        54
      ],
      [
        69,
        12
      ],
      [
        49,
        8
      ],
      [
        68,
        21
      ],
      [
        31,
        34
      ]
    ],
    "in_cols": [
      18,
      29,
      47,
      44,
      38,
      27,
      22,
      42,
      20,
      28,
      11,
      14,
      37,
      17,
      6,
      9,
      26,
      16,
      1,
      46,
      3,
      41,
      12,
      43,
      30,
      33,
      8,
      40,
      4,
      23,
      39,
      24,
      5,
      34,
      0,
      10,
      32,
      13,
      2,
      7,
      19,
      31,
      45,
      21,
      36,
      25,
      35,
      15
    ],
    "out_cols": [
      36,
      25,
      46,
      14,
      15,
      41,
      38,
      35,
      28,
      30,
      32,
      19,
      44,
      23,
      11,
      29,
      7,
      1,
      21,
      13,
      26,
      12,
      20,
      34,
      4,
      24,
      6,
      8,
      16,
      17,
      45,
      33,
      0,
      37,
      40,
      47,
      42,
      43,
      39,
      3,
      22,
      31,
      10,
      27,
      5,
      2,
      9,
      18
    ]
  }
}