{
  "config": {
    "steps": 700,
    "lr": 0.015,
    "tau_start": 1.0,
    "tau_end": 0.025,
    "sinkhorn_iters": 30,
    "lambda_ent": 0.0001,
    "train_subsample": 0,
    "seed": 16804,
    "device": "cuda"
  },
  "final": {
    "soft_mse_full": 0.38824114203453064,
    "discrete_mse": 45.97905349731445,
    "hash_match": false,
    "perm_str": "95,75,59,72,39,52,86,63,56,30,44,82,88,93,42,80,37,55,58,78,18,54,35,90,94,67,10,24,50,7,28,19,73,47,15,57,48,26,14,25,3,53,31,36,1,38,87,71,23,40,77,17,5,12,81,11,4,6,13,33,62,20,43,70,16,96,65,29,0,83,49,89,68,8,74,66,60,21,69,51,2,92,91,32,64,22,84,34,45,9,27,46,41,79,61,76,85",
    "in_cols": [
      47,
      29,
      18,
      42,
      27,
      22,
      44,
      20,
      17,
      28,
      11,
      16,
      46,
      6,
      26,
      14,
      37,
      9,
      24,
      8,
      3,
      15,
      1,
      43,
      12,
      39,
      5,
      40,
      4,
      7,
      32,
      21,
      10,
      34,
      0,
      25,
      35,
      38,
      30,
      36,
      2,
      45,
      33,
      41,
      23,
      13,
      19,
      31
    ],
    "out_cols": [
      36,
      35,
      25,
      30,
      15,
      41,
      46,
      40,
      28,
      38,
      27,
      44,
      32,
      11,
      1,
      7,
      23,
      29,
      13,
      12,
      26,
      19,
      20,
      34,
      21,
      6,
      5,
      4,
      0,
      17,
      8,
      33,
      47,
      14,
      42,
      43,
      2,
      31,
      9,
      24,
      45,
      16,
      10,
      18,
      3,
      22,
      39,
      37
    ]
  },
  "best_seen": {
    "discrete_mse": 27.290498733520508,
    "order": [
      [
        95,
        75
      ],
      [
        59,
        72
      ],
      [
        39,
        52
      ],
      [
        86,
        63
      ],
      [
        56,
        30
      ],
      [
        44,
        82
      ],
      [
        88,
        93
      ],
      [
        94,
        80
      ],
      [
        42,
        55
      ],
      [
        58,
        78
      ],
      [
        37,
        54
      ],
      [
        35,
        90
      ],
      [
        18,
        67
      ],
      [
        10,
        24
      ],
      [
        50,
        7
      ],
      [
        28,
        19
      ],
      [
        73,
        47
      ],
      [
        15,
        57
      ],
      [
        48,
        26
      ],
      [
        14,
        25
      ],
      [
        3,
        53
      ],
      [
        31,
        36
      ],
      [
        1,
        38
      ],
      [
        87,
        71
      ],
      [
        23,
        40
      ],
      [
        77,
        17
      ],
      [
        5,
        12
      ],
      [
        81,
        11
      ],
      [
        4,
        6
      ],
      [
        13,
        33
      ],
      [
        62,
        20
      ],
      [
        43,
        70
      ],
      [
        16,
        96
      ],
      [
        65,
        29
      ],
      [
        0,
        83
      ],
      [
        49,
        89
      ],
      [
        68,
        8
      ],
      [
        74,
        66
      ],
      [
        60,
        21
      ],
      [
        69,
        51
      ],
      [
        2,
        92
      ],
      [
        91,
        32
      ],
      [
        64,
        22
      ],
      [
        84,
        34
      ],
      [
        45,
        9
      ],
      [
        27,
        46
      ],
      [
        41,
        79
      ],
      [
        61,
        76
      ]
    ],
    "in_cols": [
      47,
      29,
      18,
      42,
      27,
      22,
      44,
      46,
      20,
      28,
      17,
      16,
      11,
      6,
      26,
      14,
      37,
      9,
      24,
      8,
      3,
      15,
      1,
      43,
      12,
      39,
      5,
      40,
      4,
      7,
      32,
      21,
      10,
      34,
      0,
      25,
      35,
      38,
      30,
      36,
      2,
      45,
      33,
      41,
      23,
      13,
      19,
      31
    ],
    "out_cols": [
      36,
      35,
      25,
      30,
      15,
      41,
      46,
      40,
      28,
      38,
      27,
      44,
      32,
      11,
      1,
      7,
      23,
      29,
      13,
      12,
      26,
      19,
      20,
      34,
      21,
      6,
      5,
      4,
      0,
      17,
      8,
      33,
      47,
      14,
      42,
      43,
      2,
      31,
      9,
      24,
      45,
      16,
      10,
      18,
      3,
      22,
      39,
      37
    ]
  }
}