{
  "config": {
    "steps": 700,
    "lr": 0.015,
    "tau_start": 1.0,
    "tau_end": 0.025,
    "sinkhorn_iters": 30,
    "lambda_ent": 0.0001,
    "train_subsample": 0,
    "seed": 7004,
    "device": "cuda"
  },
  "final": {
    "soft_mse_full": 0.33449530601501465,
    "discrete_mse": 483.5875244140625,
    "hash_match": false,
    "perm_str": "59,52,39,72,73,75,95,63,56,30,44,78,68,93,94,80,42,38,58,29,18,83,86,90,10,67,28,19,37,57,15,55,48,47,50,7,35,24,1,40,3,26,31,36,74,25,87,71,14,11,27,51,77,17,62,6,16,96,4,33,81,82,5,20,45,92,65,53,0,32,88,70,43,89,60,8,84,66,13,54,49,46,91,76,61,34,23,22,69,9,2,12,64,21,41,79,85",
    "in_cols": [
      29,
      18,
      37,
      47,
      27,
      22,
      35,
      46,
      20,
      28,
      11,
      42,
      6,
      14,
      17,
      9,
      24,
      26,
      16,
      1,
      3,
      15,
      38,
      43,
      8,
      13,
      39,
      32,
      10,
      4,
      40,
      5,
      23,
      34,
      0,
      44,
      21,
      30,
      41,
      7,
      25,
      45,
      31,
      12,
      36,
      2,
      33,
      19
    ],
    "out_cols": [
      25,
      35,
      36,
      30,
      15,
      38,
      46,
      40,
      20,
      14,
      42,
      44,
      32,
      7,
      29,
      28,
      23,
      1,
      11,
      21,
      13,
      19,
      12,
      34,
      4,
      24,
      6,
      0,
      47,
      17,
      41,
      8,
      45,
      26,
      16,
      33,
      43,
      2,
      31,
      27,
      22,
      37,
      18,
      10,
      3,
      5,
      9,
      39
    ]
  },
  "best_seen": {
    "discrete_mse": 105.00225830078125,
    "order": [
      [
        2,
        79
      ],
      [
        61,
        26
      ],
      [
        49,
        20
      ],
      [
        86,
        32
      ],
      [
        74,
        34
      ],
      [
        10,
        33
      ],
      [
        31,
        21
      ],
      [
        37,
        67
      ],
      [
        73,
        8
      ],
      [
        88,
        29
      ],
      [
        77,
        92
      ],
      [
        68,
        78
      ],
      [
        50,
        17
      ],
      [
        16,
        55
      ],
      [
        59,
        71
      ],
      [
        65,
        53
      ],
      [
        23,
        66
      ],
      [
        48,
        7
      ],
      [
        28,
        75
      ],
      [
        64,
        70
      ],
      [
        15,
        6
      ],
      [
        56,
        19
      ],
      [
        4,
        72
      ],
      [
        41,
        83
      ],
      [
        84,
        80
      ],
      [
        43,
        93
      ],
      [
        87,
        11
      ],
      [
        3,
        52
      ],
      [
        60,
        24
      ],
      [
        1,
        38
      ],
      [
        81,
        25
      ],
      [
        18,
        40
      ],
      [
        27,
        47
      ],
      [
        69,
        36
      ],
      [
        94,
        9
      ],
      [
        44,
        22
      ],
      [
        58,
        54
      ],
      [
        39,
        76
      ],
      [
        91,
        46
      ],
      [
        45,
        96
      ],
      [
        5,
        89
      ],
      [
        14,
        90
      ],
      [
        35,
        30
      ],
      [
        95,
        51
      ],
      [
        42,
        82
      ],
      [
        13,
        12
      ],
      [
        62,
        63
      ],
      [
        0,
        57
      ]
    ],
    "in_cols": [
      2,
      31,
      25,
      42,
      38,
      6,
      15,
      17,
      37,
      44,
      39,
      35,
      26,
      10,
      29,
      34,
      12,
      24,
      14,
      33,
      9,
      27,
      4,
      19,
      41,
      21,
      43,
      3,
      30,
      1,
      40,
      11,
      13,
      36,
      46,
      22,
      28,
      18,
      45,
      23,
      5,
      8,
      16,
      47,
      20,
      7,
      32,
      0
    ],
    "out_cols": [
      39,
      13,
      8,
      16,
      18,
      17,
      9,
      32,
      2,
      14,
      45,
      38,
      6,
      28,
      34,
      26,
      31,
      1,
      36,
      33,
      0,
      7,
      35,
      42,
      40,
      46,
      4,
      25,
      11,
      20,
      12,
      21,
      23,
      19,
      3,
      10,
      27,
      37,
      22,
      47,
      43,
      44,
      15,
      24,
      41,
      5,
      30,
      29
    ]
  }
}