{
  "config": {
    "steps": 700,
    "lr": 0.015,
    "tau_start": 1.0,
    "tau_end": 0.025,
    "sinkhorn_iters": 30,
    "lambda_ent": 0.0001,
    "train_subsample": 0,
    "seed": 24504,
    "device": "cuda"
  },
  "final": {
    "soft_mse_full": 0.36185771226882935,
    "discrete_mse": 187.61294555664062,
    "hash_match": false,
    "perm_str": "59,52,39,72,74,55,73,63,44,82,95,51,68,93,87,80,42,26,58,78,18,29,35,90,86,47,10,24,50,7,28,19,37,67,15,57,48,40,94,53,3,25,31,36,27,38,1,12,60,71,14,11,65,33,81,30,5,92,77,32,4,6,16,20,62,96,91,70,43,75,0,83,49,54,84,89,64,17,23,22,13,9,41,66,61,8,56,34,2,76,88,21,45,79,69,46,85",
    "in_cols": [
      29,
      18,
      38,
      37,
      22,
      47,
      35,
      43,
      20,
      28,
      11,
      16,
      42,
      6,
      26,
      14,
      17,
      9,
      24,
      46,
      3,
      15,
      13,
      1,
      30,
      8,
      34,
      40,
      5,
      39,
      4,
      10,
      32,
      45,
      21,
      0,
      25,
      41,
      33,
      12,
      7,
      19,
      31,
      27,
      2,
      44,
      23,
      36
    ],
    "out_cols": [
      25,
      35,
      28,
      30,
      41,
      24,
      46,
      40,
      13,
      38,
      14,
      44,
      23,
      11,
      1,
      7,
      32,
      29,
      21,
      26,
      12,
      19,
      20,
      5,
      34,
      4,
      17,
      15,
      45,
      16,
      0,
      8,
      47,
      33,
      36,
      42,
      27,
      43,
      6,
      10,
      3,
      31,
      2,
      18,
      37,
      9,
      39,
      22
    ]
  },
  "best_seen": {
    "discrete_mse": 52.17923355102539,
    "order": [
      [
        59,
        52
      ],
      [
        73,
        72
      ],
      [
        39,
        51
      ],
      [
        95,
        93
      ],
      [
        88,
        78
      ],
      [
        87,
        63
      ],
      [
        44,
        82
      ],
      [
        86,
        80
      ],
      [
        42,
        29
      ],
      [
        58,
        55
      ],
      [
        18,
        30
      ],
      [
        35,
        90
      ],
      [
        48,
        67
      ],
      [
        10,
        7
      ],
      [
        50,
        24
      ],
      [
        28,
        19
      ],
      [
        37,
        47
      ],
      [
        15,
        57
      ],
      [
        68,
        40
      ],
      [
        94,
        53
      ],
      [
        3,
        25
      ],
      [
        31,
        36
      ],
      [
        1,
        38
      ],
      [
        0,
        26
      ],
      [
        23,
        71
      ],
      [
        14,
        17
      ],
      [
        65,
        33
      ],
      [
        81,
        11
      ],
      [
        91,
        92
      ],
      [
        45,
        32
      ],
      [
        4,
        6
      ],
      [
        5,
        20
      ],
      [
        77,
        96
      ],
      [
        16,
        70
      ],
      [
        13,
        75
      ],
      [
        62,
        83
      ],
      [
        49,
        54
      ],
      [
        74,
        89
      ],
      [
        64,
        21
      ],
      [
        61,
        12
      ],
      [
        43,
        9
      ],
      [
        41,
        66
      ],
      [
        60,
        22
      ],
      [
        84,
        34
      ],
      [
        2,
        46
      ],
      [
        27,
        79
      ],
      [
        56,
        76
      ],
      [
        69,
        8
      ]
    ],
    "in_cols": [
      29,
      37,
      18,
      47,
      44,
      43,
      22,
      42,
      20,
      28,
      11,
      16,
      24,
      6,
      26,
      14,
      17,
      9,
      35,
      46,
      3,
      15,
      1,
      0,
      12,
      8,
      34,
      40,
      45,
      23,
      4,
      5,
      39,
      10,
      7,
      32,
      25,
      38,
      33,
      31,
      21,
      19,
      30,
      41,
      2,
      13,
      27,
      36
    ],
    "out_cols": [
      25,
      35,
      24,
      46,
      38,
      30,
      41,
      40,
      14,
      28,
      15,
      44,
      32,
      1,
      11,
      7,
      23,
      29,
      21,
      26,
      12,
      19,
      20,
      13,
      34,
      6,
      17,
      4,
      45,
      16,
      0,
      8,
      47,
      33,
      36,
      42,
      27,
      43,
      9,
      5,
      3,
      31,
      10,
      18,
      22,
      39,
      37,
      2
    ]
  }
}