{
  "config": {
    "steps": 700,
    "lr": 0.015,
    "tau_start": 1.0,
    "tau_end": 0.025,
    "sinkhorn_iters": 30,
    "lambda_ent": 0.0001,
    "train_subsample": 0,
    "seed": 25504,
    "device": "cuda"
  },
  "final": {
    "soft_mse_full": 0.3245486319065094,
    "discrete_mse": 45.005802154541016,
    "hash_match": false,
    "perm_str": "59,52,81,72,95,38,39,82,56,30,74,78,44,55,42,7,69,93,58,29,94,83,86,80,18,90,28,19,37,47,15,67,35,24,73,57,87,63,31,36,3,26,50,66,1,40,68,71,23,25,14,11,45,33,4,6,48,51,5,17,16,20,65,96,77,70,0,32,62,75,91,53,10,8,13,76,84,54,41,22,49,46,43,89,61,34,88,12,27,92,2,9,60,79,64,21,85",
    "in_cols": [
      29,
      40,
      47,
      18,
      27,
      38,
      22,
      20,
      36,
      28,
      46,
      42,
      11,
      14,
      17,
      9,
      16,
      37,
      43,
      15,
      3,
      26,
      1,
      35,
      12,
      8,
      23,
      4,
      24,
      5,
      10,
      34,
      39,
      0,
      32,
      45,
      6,
      7,
      41,
      19,
      25,
      21,
      31,
      44,
      13,
      2,
      30,
      33
    ],
    "out_cols": [
      25,
      35,
      20,
      41,
      15,
      38,
      28,
      1,
      46,
      14,
      42,
      40,
      44,
      7,
      23,
      32,
      11,
      29,
      30,
      19,
      13,
      31,
      21,
      34,
      12,
      4,
      17,
      0,
      24,
      6,
      8,
      47,
      33,
      16,
      36,
      26,
      2,
      37,
      27,
      10,
      22,
      43,
      18,
      5,
      45,
      3,
      39,
      9
    ]
  },
  "best_seen": {
    "discrete_mse": 1.2589799165725708,
    "order": [
      [
        59,
        52
      ],
      [
        39,
        72
      ],
      [
        95,
        63
      ],
      [
        74,
        82
      ],
      [
        56,
        30
      ],
      [
        44,
        78
      ],
      [
        68,
        93
      ],
      [
        42,
        55
      ],
      [
        69,
        7
      ],
      [
        58,
        29
      ],
      [
        18,
        83
      ],
      [
        86,
        80
      ],
      [
        35,
        90
      ],
      [
        28,
        19
      ],
      [
        73,
        47
      ],
      [
        15,
        67
      ],
      [
        10,
        24
      ],
      [
        37,
        57
      ],
      [
        94,
        40
      ],
      [
        31,
        36
      ],
      [
        3,
        26
      ],
      [
        50,
        66
      ],
      [
        1,
        38
      ],
      [
        87,
        71
      ],
      [
        23,
        25
      ],
      [
        14,
        11
      ],
      [
        65,
        33
      ],
      [
        81,
        6
      ],
      [
        5,
        51
      ],
      [
        77,
        17
      ],
      [
        4,
        20
      ],
      [
        48,
        96
      ],
      [
        16,
        70
      ],
      [
        0,
        32
      ],
      [
        62,
        75
      ],
      [
        91,
        53
      ],
      [
        27,
        8
      ],
      [
        13,
        76
      ],
      [
        61,
        54
      ],
      [
        84,
        22
      ],
      [
        41,
        46
      ],
      [
        43,
        89
      ],
      [
        2,
        34
      ],
      [
        45,
        12
      ],
      [
        49,
        92
      ],
      [
        88,
        9
      ],
      [
        60,
        79
      ],
      [
        64,
        21
      ]
    ],
    "in_cols": [
      29,
      18,
      47,
      38,
      27,
      22,
      35,
      20,
      36,
      28,
      11,
      42,
      16,
      14,
      37,
      9,
      6,
      17,
      46,
      15,
      3,
      26,
      1,
      43,
      12,
      8,
      34,
      40,
      5,
      39,
      4,
      24,
      10,
      0,
      32,
      45,
      13,
      7,
      31,
      41,
      19,
      21,
      2,
      23,
      25,
      44,
      30,
      33
    ],
    "out_cols": [
      25,
      35,
      30,
      41,
      15,
      38,
      46,
      28,
      1,
      14,
      42,
      40,
      44,
      7,
      23,
      32,
      11,
      29,
      21,
      19,
      13,
      31,
      20,
      34,
      12,
      4,
      17,
      0,
      24,
      6,
      8,
      47,
      33,
      16,
      36,
      26,
      2,
      37,
      27,
      10,
      22,
      43,
      18,
      5,
      45,
      3,
      39,
      9
    ]
  }
}