{
  "config": {
    "steps": 700,
    "lr": 0.015,
    "tau_start": 1.0,
    "tau_end": 0.025,
    "sinkhorn_iters": 30,
    "lambda_ent": 0.0001,
    "train_subsample": 0,
    "seed": 7604,
    "device": "cuda"
  },
  "final": {
    "soft_mse_full": 0.3047572672367096,
    "discrete_mse": 31.602489471435547,
    "hash_match": false,
    "perm_str": "95,63,59,52,64,72,39,55,56,30,61,78,44,82,68,80,42,29,88,93,94,7,86,90,18,67,28,19,73,47,37,40,15,57,35,24,48,26,87,71,3,25,50,66,31,36,1,38,23,75,0,17,14,11,81,53,4,32,5,33,65,6,77,20,16,96,45,70,62,83,43,9,13,89,41,76,27,54,74,92,2,51,84,22,60,79,49,12,69,8,10,46,91,34,58,21,85",
    "in_cols": [
      47,
      29,
      33,
      18,
      27,
      31,
      22,
      35,
      20,
      44,
      46,
      42,
      11,
      14,
      37,
      17,
      9,
      16,
      24,
      43,
      3,
      26,
      15,
      1,
      12,
      0,
      8,
      40,
      4,
      5,
      34,
      39,
      10,
      23,
      32,
      21,
      7,
      19,
      13,
      38,
      2,
      41,
      30,
      25,
      36,
      6,
      45,
      28
    ],
    "out_cols": [
      30,
      25,
      35,
      28,
      15,
      38,
      41,
      40,
      14,
      46,
      1,
      44,
      32,
      7,
      23,
      21,
      29,
      11,
      13,
      34,
      12,
      31,
      19,
      20,
      36,
      6,
      4,
      26,
      16,
      17,
      0,
      8,
      47,
      33,
      42,
      3,
      43,
      37,
      27,
      45,
      24,
      10,
      39,
      5,
      2,
      22,
      18,
      9
    ]
  },
  "best_seen": {
    "discrete_mse": 31.602489471435547,
    "order": [
      [
        95,
        63
      ],
      [
        59,
        52
      ],
      [
        64,
        72
      ],
      [
        39,
        55
      ],
      [
        56,
        30
      ],
      [
        61,
        78
      ],
      [
        44,
        82
      ],
      [
        68,
        80
      ],
      [
        42,
        29
      ],
      [
        88,
        93
      ],
      [
        94,
        7
      ],
      [
        86,
        90
      ],
      [
        18,
        67
      ],
      [
        28,
        19
      ],
      [
        73,
        47
      ],
      [
        37,
        40
      ],
      [
        15,
        57
      ],
      [
        35,
        24
      ],
      [
        48,
        26
      ],
      [
        87,
        71
      ],
      [
        3,
        25
      ],
      [
        50,
        66
      ],
      [
        31,
        36
      ],
      [
        1,
        38
      ],
      [
        23,
        75
      ],
      [
        0,
        17
      ],
      [
        14,
        11
      ],
      [
        81,
        53
      ],
      [
        4,
        32
      ],
      [
        5,
        33
      ],
      [
        65,
        6
      ],
      [
        77,
        20
      ],
      [
        16,
        96
      ],
      [
        45,
        70
      ],
      [
        62,
        83
      ],
      [
        43,
        9
      ],
      [
        13,
        89
      ],
      [
        41,
        76
      ],
      [
        27,
        54
      ],
      [
        74,
        92
      ],
      [
        2,
        51
      ],
      [
        84,
        22
      ],
      [
        60,
        79
      ],
      [
        49,
        12
      ],
      [
        69,
        8
      ],
      [
        10,
        46
      ],
      [
        91,
        34
      ],
      [
        58,
        21
      ]
    ],
    "in_cols": [
      47,
      29,
      33,
      18,
      27,
      31,
      22,
      35,
      20,
      44,
      46,
      42,
      11,
      14,
      37,
      17,
      9,
      16,
      24,
      43,
      3,
      26,
      15,
      1,
      12,
      0,
      8,
      40,
      4,
      5,
      34,
      39,
      10,
      23,
      32,
      21,
      7,
      19,
      13,
      38,
      2,
      41,
      30,
      25,
      36,
      6,
      45,
      28
    ],
    "out_cols": [
      30,
      25,
      35,
      28,
      15,
      38,
      41,
      40,
      14,
      46,
      1,
      44,
      32,
      7,
      23,
      21,
      29,
      11,
      13,
      34,
      12,
      31,
      19,
      20,
      36,
      6,
      4,
      26,
      16,
      17,
      0,
      8,
      47,
      33,
      42,
      3,
      43,
      37,
      27,
      45,
      24,
      10,
      39,
      5,
      2,
      22,
      18,
      9
    ]
  }
}