{
  "config": {
    "steps": 900,
    "lr": 0.03,
    "tau_start": 1.0,
    "tau_end": 0.03,
    "sinkhorn_iters": 30,
    "lambda_ent": 0.0003,
    "train_subsample": 4096,
    "seed": 25001,
    "device": "cuda"
  },
  "final": {
    "soft_mse_full": 0.3723878562450409,
    "discrete_mse": 9.357307434082031,
    "hash_match": false,
    "perm_str": "95,75,59,52,39,72,56,30,42,78,74,55,44,82,37,93,88,29,14,83,58,90,86,54,35,40,18,67,10,24,73,80,94,38,68,47,48,57,28,12,3,26,84,25,50,7,23,36,87,71,0,32,4,17,62,6,77,63,81,11,5,70,65,20,45,33,16,51,61,53,91,96,15,19,60,8,49,21,64,79,41,34,13,9,43,92,2,66,1,22,31,76,69,89,27,46,85",
    "in_cols": [
      47,
      29,
      18,
      27,
      20,
      38,
      22,
      17,
      44,
      8,
      28,
      42,
      16,
      11,
      6,
      37,
      46,
      35,
      24,
      14,
      3,
      41,
      26,
      12,
      43,
      0,
      4,
      32,
      39,
      40,
      5,
      34,
      23,
      10,
      31,
      45,
      9,
      30,
      25,
      33,
      19,
      7,
      21,
      2,
      1,
      15,
      36,
      13
    ],
    "out_cols": [
      36,
      25,
      35,
      15,
      38,
      28,
      41,
      46,
      14,
      42,
      44,
      27,
      21,
      32,
      11,
      40,
      20,
      23,
      29,
      5,
      13,
      12,
      1,
      19,
      34,
      16,
      6,
      0,
      30,
      4,
      33,
      8,
      17,
      24,
      26,
      47,
      7,
      2,
      9,
      39,
      18,
      3,
      45,
      31,
      10,
      37,
      43,
      22
    ]
  },
  "best_seen": {
    "discrete_mse": 8.587023735046387,
    "order": [
      [
        95,
        75
      ],
      [
        59,
        52
      ],
      [
        23,
        72
      ],
      [
        56,
        30
      ],
      [
        42,
        78
      ],
      [
        74,
        55
      ],
      [
        44,
        82
      ],
      [
        37,
        93
      ],
      [
        88,
        29
      ],
      [
        1,
        83
      ],
      [
        58,
        90
      ],
      [
        86,
        54
      ],
      [
        35,
        40
      ],
      [
        18,
        67
      ],
      [
        10,
        24
      ],
      [
        73,
        80
      ],
      [
        94,
        38
      ],
      [
        68,
        47
      ],
      [
        48,
        57
      ],
      [
        28,
        12
      ],
      [
        3,
        26
      ],
      [
        84,
        25
      ],
      [
        50,
        7
      ],
      [
        14,
        36
      ],
      [
        87,
        71
      ],
      [
        0,
        32
      ],
      [
        4,
        17
      ],
      [
        62,
        6
      ],
      [
        77,
        63
      ],
      [
        81,
        11
      ],
      [
        5,
        70
      ],
      [
        65,
        20
      ],
      [
        45,
        33
      ],
      [
        16,
        51
      ],
      [
        31,
        53
      ],
      [
        91,
        96
      ],
      [
        15,
        19
      ],
      [
        60,
        8
      ],
      [
        49,
        21
      ],
      [
        64,
        79
      ],
      [
        41,
        34
      ],
      [
        13,
        9
      ],
      [
        43,
        92
      ],
      [
        61,
        66
      ],
      [
        39,
        22
      ],
      [
        2,
        76
      ],
      [
        69,
        89
      ],
      [
        27,
        46
      ]
    ],
    "in_cols": [
      47,
      29,
      12,
      27,
      20,
      38,
      22,
      17,
      44,
      1,
      28,
      42,
      16,
      11,
      6,
      37,
      46,
      35,
      24,
      14,
      3,
      41,
      26,
      8,
      43,
      0,
      4,
      32,
      39,
      40,
      5,
      34,
      23,
      10,
      15,
      45,
      9,
      30,
      25,
      33,
      19,
      7,
      21,
      31,
      18,
      2,
      36,
      13
    ],
    "out_cols": [
      36,
      25,
      35,
      15,
      38,
      28,
      41,
      46,
      14,
      42,
      44,
      27,
      21,
      32,
      11,
      40,
      20,
      23,
      29,
      5,
      13,
      12,
      1,
      19,
      34,
      16,
      6,
      0,
      30,
      4,
      33,
      8,
      17,
      24,
      26,
      47,
      7,
      2,
      9,
      39,
      18,
      3,
      45,
      31,
      10,
      37,
      43,
      22
    ]
  }
}