{
  "config": {
    "steps": 900,
    "lr": 0.03,
    "tau_start": 1.0,
    "tau_end": 0.028,
    "sinkhorn_iters": 30,
    "lambda_ent": 0.0003,
    "train_subsample": 4096,
    "seed": 17002,
    "device": "cuda"
  },
  "final": {
    "soft_mse_full": 0.4144323170185089,
    "discrete_mse": 68.72309112548828,
    "hash_match": false,
    "perm_str": "69,75,39,52,88,55,56,30,87,63,44,82,58,78,42,80,68,29,14,93,86,67,18,90,37,7,15,19,73,47,35,57,28,40,10,24,3,72,94,53,50,66,31,36,62,25,1,71,23,32,4,17,77,11,27,51,5,6,48,26,81,92,16,20,65,96,43,70,60,89,13,38,49,54,59,21,91,12,74,34,0,22,61,9,2,33,41,83,84,79,45,8,64,76,95,46,85",
    "in_cols": [
      36,
      18,
      44,
      27,
      43,
      22,
      28,
      20,
      35,
      8,
      42,
      11,
      17,
      9,
      37,
      16,
      14,
      6,
      3,
      46,
      26,
      15,
      32,
      1,
      12,
      4,
      39,
      13,
      5,
      24,
      40,
      10,
      34,
      21,
      30,
      7,
      25,
      29,
      45,
      38,
      0,
      31,
      2,
      19,
      41,
      23,
      33,
      47
    ],
    "out_cols": [
      36,
      25,
      28,
      15,
      30,
      41,
      38,
      40,
      14,
      46,
      32,
      44,
      1,
      7,
      23,
      29,
      21,
      11,
      35,
      26,
      31,
      19,
      12,
      34,
      16,
      6,
      4,
      24,
      0,
      13,
      45,
      8,
      47,
      33,
      43,
      20,
      27,
      9,
      5,
      18,
      10,
      3,
      17,
      42,
      39,
      2,
      37,
      22
    ]
  },
  "best_seen": {
    "discrete_mse": 9.344365119934082,
    "order": [
      [
        62,
        32
      ],
      [
        13,
        52
      ],
      [
        60,
        9
      ],
      [
        14,
        29
      ],
      [
        87,
        76
      ],
      [
        15,
        89
      ],
      [
        77,
        38
      ],
      [
        88,
        46
      ],
      [
        74,
        26
      ],
      [
        95,
        71
      ],
      [
        45,
        90
      ],
      [
        48,
        6
      ],
      [
        69,
        20
      ],
      [
        41,
        96
      ],
      [
        42,
        57
      ],
      [
        16,
        82
      ],
      [
        44,
        63
      ],
      [
        3,
        11
      ],
      [
        84,
        30
      ],
      [
        61,
        80
      ],
      [
        65,
        40
      ],
      [
        39,
        66
      ],
      [
        49,
        79
      ],
      [
        37,
        7
      ],
      [
        94,
        54
      ],
      [
        28,
        34
      ],
      [
        0,
        67
      ],
      [
        68,
        72
      ],
      [
        35,
        21
      ],
      [
        64,
        83
      ],
      [
        56,
        12
      ],
      [
        58,
        36
      ],
      [
        31,
        53
      ],
      [
        86,
        25
      ],
      [
        2,
        47
      ],
      [
        1,
        55
      ],
      [
        73,
        17
      ],
      [
        10,
        22
      ],
      [
        18,
        8
      ],
      [
        59,
        24
      ],
      [
        4,
        92
      ],
      [
        50,
        51
      ],
      [
        23,
        19
      ],
      [
        5,
        70
      ],
      [
        91,
        33
      ],
      [
        43,
        78
      ],
      [
        81,
        93
      ],
      [
        27,
        75
      ]
    ],
    "in_cols": [
      32,
      7,
      30,
      8,
      43,
      9,
      39,
      44,
      38,
      47,
      23,
      24,
      36,
      19,
      20,
      10,
      22,
      3,
      41,
      31,
      34,
      18,
      25,
      17,
      46,
      14,
      0,
      35,
      16,
      33,
      27,
      28,
      15,
      42,
      2,
      1,
      37,
      6,
      11,
      29,
      4,
      26,
      12,
      5,
      45,
      21,
      40,
      13
    ],
    "out_cols": [
      16,
      25,
      3,
      14,
      37,
      43,
      20,
      22,
      13,
      34,
      44,
      0,
      8,
      47,
      29,
      41,
      30,
      4,
      15,
      40,
      21,
      31,
      39,
      1,
      27,
      18,
      32,
      35,
      9,
      42,
      5,
      19,
      26,
      12,
      23,
      28,
      6,
      10,
      2,
      11,
      45,
      24,
      7,
      33,
      17,
      38,
      46,
      36
    ]
  }
}