{
  "config": {
    "steps": 700,
    "lr": 0.015,
    "tau_start": 1.0,
    "tau_end": 0.025,
    "sinkhorn_iters": 30,
    "lambda_ent": 0.0001,
    "train_subsample": 0,
    "seed": 17404,
    "device": "cuda"
  },
  "final": {
    "soft_mse_full": 0.3040442168712616,
    "discrete_mse": 103.22938537597656,
    "hash_match": false,
    "perm_str": "77,52,59,55,95,63,73,72,56,30,44,82,39,93,68,80,42,83,58,78,86,29,94,7,18,90,10,20,37,57,28,19,15,67,48,47,35,24,1,25,3,26,31,36,50,38,87,71,23,40,14,17,64,51,81,32,45,11,4,6,62,12,16,96,5,70,91,53,84,54,13,75,65,89,74,66,49,8,43,9,60,34,2,21,41,33,61,92,69,79,0,76,88,22,27,46,85",
    "in_cols": [
      39,
      29,
      47,
      37,
      27,
      22,
      18,
      35,
      20,
      28,
      42,
      46,
      11,
      6,
      17,
      14,
      9,
      24,
      16,
      1,
      3,
      15,
      26,
      43,
      12,
      8,
      33,
      40,
      23,
      4,
      32,
      10,
      5,
      45,
      41,
      7,
      34,
      38,
      25,
      21,
      30,
      2,
      19,
      31,
      36,
      0,
      44,
      13
    ],
    "out_cols": [
      25,
      28,
      30,
      35,
      15,
      41,
      46,
      40,
      42,
      38,
      14,
      1,
      44,
      8,
      29,
      7,
      32,
      23,
      11,
      12,
      13,
      19,
      20,
      34,
      21,
      6,
      24,
      16,
      4,
      0,
      5,
      47,
      33,
      26,
      27,
      36,
      43,
      31,
      2,
      3,
      18,
      9,
      17,
      45,
      39,
      37,
      10,
      22
    ]
  },
  "best_seen": {
    "discrete_mse": 7.310007572174072,
    "order": [
      [
        86,
        52
      ],
      [
        59,
        55
      ],
      [
        95,
        63
      ],
      [
        73,
        72
      ],
      [
        56,
        30
      ],
      [
        44,
        82
      ],
      [
        39,
        93
      ],
      [
        68,
        80
      ],
      [
        42,
        83
      ],
      [
        58,
        78
      ],
      [
        18,
        29
      ],
      [
        94,
        90
      ],
      [
        50,
        67
      ],
      [
        10,
        20
      ],
      [
        37,
        7
      ],
      [
        28,
        19
      ],
      [
        15,
        57
      ],
      [
        48,
        47
      ],
      [
        35,
        24
      ],
      [
        65,
        25
      ],
      [
        3,
        26
      ],
      [
        31,
        36
      ],
      [
        1,
        38
      ],
      [
        87,
        71
      ],
      [
        23,
        40
      ],
      [
        14,
        17
      ],
      [
        64,
        51
      ],
      [
        81,
        32
      ],
      [
        5,
        11
      ],
      [
        4,
        6
      ],
      [
        62,
        12
      ],
      [
        77,
        96
      ],
      [
        16,
        70
      ],
      [
        91,
        53
      ],
      [
        84,
        54
      ],
      [
        13,
        75
      ],
      [
        60,
        89
      ],
      [
        74,
        66
      ],
      [
        49,
        8
      ],
      [
        43,
        9
      ],
      [
        61,
        34
      ],
      [
        2,
        21
      ],
      [
        41,
        79
      ],
      [
        45,
        92
      ],
      [
        69,
        33
      ],
      [
        0,
        76
      ],
      [
        88,
        22
      ],
      [
        27,
        46
      ]
    ],
    "in_cols": [
      42,
      29,
      47,
      37,
      27,
      22,
      18,
      35,
      20,
      28,
      11,
      46,
      26,
      6,
      17,
      14,
      9,
      24,
      16,
      34,
      3,
      15,
      1,
      43,
      12,
      8,
      33,
      40,
      5,
      4,
      32,
      39,
      10,
      45,
      41,
      7,
      30,
      38,
      25,
      21,
      31,
      2,
      19,
      23,
      36,
      0,
      44,
      13
    ],
    "out_cols": [
      25,
      28,
      30,
      35,
      15,
      41,
      46,
      40,
      42,
      38,
      14,
      44,
      32,
      8,
      1,
      7,
      29,
      23,
      11,
      12,
      13,
      19,
      20,
      34,
      21,
      6,
      24,
      16,
      4,
      0,
      5,
      47,
      33,
      26,
      27,
      36,
      43,
      31,
      2,
      3,
      18,
      9,
      39,
      45,
      17,
      37,
      10,
      22
    ]
  }
}