{
  "config": {
    "steps": 700,
    "lr": 0.02,
    "tau_start": 1.0,
    "tau_end": 0.03,
    "sinkhorn_iters": 30,
    "lambda_ent": 0.0003,
    "train_subsample": 0,
    "seed": 13903,
    "device": "cuda"
  },
  "final": {
    "soft_mse_full": 0.34973809123039246,
    "discrete_mse": 14.467154502868652,
    "hash_match": false,
    "perm_str": "59,52,39,72,37,55,95,63,44,93,56,82,94,80,86,67,42,83,58,78,69,30,18,90,28,19,73,47,35,24,15,57,50,7,68,71,10,26,87,25,3,53,31,36,1,38,23,75,64,40,5,11,14,17,62,6,4,32,91,92,48,51,65,20,81,96,16,76,61,70,41,34,27,54,77,8,13,66,60,22,74,9,2,21,43,12,84,79,45,89,0,46,49,33,88,29,85",
    "in_cols": [
      29,
      18,
      17,
      47,
      22,
      27,
      46,
      42,
      20,
      28,
      36,
      11,
      14,
      37,
      16,
      9,
      26,
      35,
      6,
      43,
      3,
      15,
      1,
      12,
      33,
      5,
      8,
      32,
      4,
      45,
      24,
      34,
      40,
      10,
      31,
      19,
      13,
      39,
      7,
      30,
      38,
      2,
      21,
      41,
      23,
      0,
      25,
      44
    ],
    "out_cols": [
      25,
      35,
      28,
      30,
      46,
      41,
      40,
      32,
      42,
      38,
      15,
      44,
      7,
      23,
      11,
      29,
      1,
      34,
      13,
      12,
      26,
      19,
      20,
      36,
      21,
      4,
      6,
      0,
      16,
      45,
      24,
      8,
      47,
      37,
      33,
      18,
      27,
      2,
      31,
      10,
      3,
      9,
      5,
      39,
      43,
      22,
      17,
      14
    ]
  },
  "best_seen": {
    "discrete_mse": 14.467154502868652,
    "order": [
      [
        59,
        52
      ],
      [
        39,
        72
      ],
      [
        37,
        55
      ],
      [
        95,
        63
      ],
      [
        44,
        93
      ],
      [
        56,
        82
      ],
      [
        94,
        80
      ],
      [
        86,
        67
      ],
      [
        42,
        83
      ],
      [
        58,
        78
      ],
      [
        69,
        30
      ],
      [
        18,
        90
      ],
      [
        28,
        19
      ],
      [
        73,
        47
      ],
      [
        35,
        24
      ],
      [
        15,
        57
      ],
      [
        50,
        7
      ],
      [
        68,
        71
      ],
      [
        10,
        26
      ],
      [
        87,
        25
      ],
      [
        3,
        53
      ],
      [
        31,
        36
      ],
      [
        1,
        38
      ],
      [
        23,
        75
      ],
      [
        64,
        40
      ],
      [
        5,
        11
      ],
      [
        14,
        17
      ],
      [
        62,
        6
      ],
      [
        4,
        32
      ],
      [
        91,
        92
      ],
      [
        48,
        51
      ],
      [
        65,
        20
      ],
      [
        81,
        96
      ],
      [
        16,
        76
      ],
      [
        61,
        70
      ],
      [
        41,
        34
      ],
      [
        27,
        54
      ],
      [
        77,
        8
      ],
      [
        13,
        66
      ],
      [
        60,
        22
      ],
      [
        74,
        9
      ],
      [
        2,
        21
      ],
      [
        43,
        12
      ],
      [
        84,
        79
      ],
      [
        45,
        89
      ],
      [
        0,
        46
      ],
      [
        49,
        33
      ],
      [
        88,
        29
      ]
    ],
    "in_cols": [
      29,
      18,
      17,
      47,
      22,
      27,
      46,
      42,
      20,
      28,
      36,
      11,
      14,
      37,
      16,
      9,
      26,
      35,
      6,
      43,
      3,
      15,
      1,
      12,
      33,
      5,
      8,
      32,
      4,
      45,
      24,
      34,
      40,
      10,
      31,
      19,
      13,
      39,
      7,
      30,
      38,
      2,
      21,
      41,
      23,
      0,
      25,
      44
    ],
    "out_cols": [
      25,
      35,
      28,
      30,
      46,
      41,
      40,
      32,
      42,
      38,
      15,
      44,
      7,
      23,
      11,
      29,
      1,
      34,
      13,
      12,
      26,
      19,
      20,
      36,
      21,
      4,
      6,
      0,
      16,
      45,
      24,
      8,
      47,
      37,
      33,
      18,
      27,
      2,
      31,
      10,
      3,
      9,
      5,
      39,
      43,
      22,
      17,
      14
    ]
  }
}