{
  "config": {
    "steps": 700,
    "lr": 0.015,
    "tau_start": 1.0,
    "tau_end": 0.025,
    "sinkhorn_iters": 30,
    "lambda_ent": 0.0001,
    "train_subsample": 0,
    "seed": 23604,
    "device": "cuda"
  },
  "final": {
    "soft_mse_full": 0.3332613706588745,
    "discrete_mse": 1.1070315837860107,
    "hash_match": false,
    "perm_str": "59,52,74,30,84,72,95,63,39,93,44,82,68,80,42,55,58,83,88,7,18,47,86,90,94,38,28,19,81,40,15,67,73,36,37,57,35,24,31,25,3,26,50,66,1,78,87,71,14,17,77,11,4,6,27,51,16,29,91,92,45,33,5,20,65,53,60,96,62,32,43,75,48,70,49,21,56,34,10,8,13,79,0,12,41,46,23,22,61,54,2,9,69,76,64,89,85",
    "in_cols": [
      29,
      38,
      41,
      47,
      18,
      22,
      35,
      20,
      28,
      44,
      11,
      42,
      46,
      14,
      40,
      9,
      37,
      17,
      16,
      15,
      3,
      26,
      1,
      43,
      8,
      39,
      4,
      13,
      10,
      45,
      23,
      5,
      34,
      30,
      32,
      21,
      24,
      25,
      27,
      6,
      7,
      0,
      19,
      12,
      31,
      2,
      36,
      33
    ],
    "out_cols": [
      25,
      15,
      35,
      30,
      46,
      41,
      40,
      28,
      42,
      1,
      23,
      44,
      20,
      7,
      21,
      32,
      19,
      29,
      11,
      12,
      13,
      31,
      38,
      34,
      6,
      4,
      0,
      24,
      14,
      45,
      17,
      8,
      26,
      47,
      16,
      36,
      33,
      9,
      18,
      2,
      39,
      5,
      22,
      10,
      27,
      3,
      37,
      43
    ]
  },
  "best_seen": {
    "discrete_mse": 4.305119037628174,
    "order": [
      [
        74,
        36
      ],
      [
        81,
        90
      ],
      [
        39,
        9
      ],
      [
        84,
        89
      ],
      [
        23,
        83
      ],
      [
        41,
        33
      ],
      [
        44,
        57
      ],
      [
        42,
        72
      ],
      [
        0,
        40
      ],
      [
        58,
        67
      ],
      [
        31,
        71
      ],
      [
        35,
        78
      ],
      [
        62,
        34
      ],
      [
        77,
        22
      ],
      [
        43,
        8
      ],
      [
        86,
        47
      ],
      [
        61,
        25
      ],
      [
        14,
        79
      ],
      [
        88,
        82
      ],
      [
        28,
        19
      ],
      [
        4,
        80
      ],
      [
        3,
        12
      ],
      [
        65,
        7
      ],
      [
        48,
        46
      ],
      [
        37,
        55
      ],
      [
        91,
        6
      ],
      [
        18,
        32
      ],
      [
        5,
        52
      ],
      [
        59,
        70
      ],
      [
        56,
        96
      ],
      [
        64,
        66
      ],
      [
        1,
        20
      ],
      [
        50,
        63
      ],
      [
        27,
        24
      ],
      [
        87,
        51
      ],
      [
        45,
        29
      ],
      [
        2,
        93
      ],
      [
        15,
        38
      ],
      [
        13,
        92
      ],
      [
        95,
        26
      ],
      [
        94,
        76
      ],
      [
        69,
        17
      ],
      [
        10,
        75
      ],
      [
        68,
        30
      ],
      [
        49,
        54
      ],
      [
        73,
        11
      ],
      [
        60,
        53
      ],
      [
        16,
        21
      ]
    ],
    "in_cols": [
      38,
      40,
      18,
      41,
      12,
      19,
      22,
      20,
      0,
      28,
      15,
      16,
      32,
      39,
      21,
      42,
      31,
      8,
      44,
      14,
      4,
      3,
      34,
      24,
      17,
      45,
      11,
      5,
      29,
      27,
      33,
      1,
      26,
      13,
      43,
      23,
      2,
      9,
      7,
      47,
      46,
      36,
      6,
      35,
      25,
      37,
      30,
      10
    ],
    "out_cols": [
      19,
      44,
      3,
      43,
      42,
      17,
      29,
      35,
      21,
      32,
      34,
      38,
      18,
      10,
      2,
      23,
      12,
      39,
      41,
      7,
      40,
      5,
      1,
      22,
      28,
      0,
      16,
      25,
      33,
      47,
      31,
      8,
      30,
      11,
      24,
      14,
      46,
      20,
      45,
      13,
      37,
      6,
      36,
      15,
      27,
      4,
      26,
      9
    ]
  }
}