{
  "config": {
    "steps": 900,
    "lr": 0.03,
    "tau_start": 1.0,
    "tau_end": 0.03,
    "sinkhorn_iters": 30,
    "lambda_ent": 0.0003,
    "train_subsample": 4096,
    "seed": 13101,
    "device": "cuda"
  },
  "final": {
    "soft_mse_full": 0.4007605016231537,
    "discrete_mse": 60.80861282348633,
    "hash_match": false,
    "perm_str": "39,30,65,52,95,78,94,55,73,82,37,72,44,80,42,29,69,93,58,51,3,53,35,25,87,71,28,19,18,36,15,67,50,7,86,57,68,47,10,24,1,90,31,26,59,40,23,38,5,21,84,63,61,12,14,17,45,11,81,6,16,20,48,70,13,33,91,22,4,75,77,9,60,96,2,32,43,76,62,83,56,92,49,8,0,79,74,54,88,34,41,46,27,66,64,89,85",
    "in_cols": [
      18,
      34,
      47,
      46,
      37,
      17,
      22,
      20,
      36,
      28,
      3,
      16,
      43,
      14,
      11,
      9,
      26,
      42,
      35,
      6,
      1,
      15,
      29,
      12,
      5,
      41,
      31,
      8,
      23,
      40,
      10,
      24,
      7,
      45,
      4,
      39,
      30,
      2,
      21,
      32,
      27,
      25,
      0,
      38,
      44,
      19,
      13,
      33
    ],
    "out_cols": [
      15,
      25,
      38,
      28,
      41,
      35,
      40,
      14,
      46,
      24,
      26,
      12,
      34,
      7,
      19,
      32,
      1,
      29,
      23,
      11,
      44,
      13,
      21,
      20,
      9,
      30,
      5,
      6,
      4,
      0,
      8,
      33,
      17,
      10,
      36,
      3,
      47,
      16,
      37,
      42,
      45,
      2,
      39,
      27,
      18,
      22,
      31,
      43
    ]
  },
  "best_seen": {
    "discrete_mse": 5.0394487380981445,
    "order": [
      [
        56,
        30
      ],
      [
        59,
        52
      ],
      [
        39,
        78
      ],
      [
        95,
        55
      ],
      [
        14,
        82
      ],
      [
        44,
        72
      ],
      [
        73,
        80
      ],
      [
        42,
        29
      ],
      [
        94,
        93
      ],
      [
        65,
        51
      ],
      [
        3,
        53
      ],
      [
        18,
        25
      ],
      [
        87,
        71
      ],
      [
        28,
        19
      ],
      [
        35,
        26
      ],
      [
        15,
        67
      ],
      [
        37,
        7
      ],
      [
        86,
        57
      ],
      [
        68,
        47
      ],
      [
        10,
        24
      ],
      [
        1,
        90
      ],
      [
        31,
        36
      ],
      [
        50,
        40
      ],
      [
        23,
        38
      ],
      [
        49,
        21
      ],
      [
        81,
        66
      ],
      [
        61,
        12
      ],
      [
        4,
        17
      ],
      [
        45,
        11
      ],
      [
        5,
        6
      ],
      [
        16,
        20
      ],
      [
        48,
        70
      ],
      [
        13,
        33
      ],
      [
        91,
        22
      ],
      [
        62,
        75
      ],
      [
        77,
        9
      ],
      [
        60,
        96
      ],
      [
        2,
        32
      ],
      [
        43,
        76
      ],
      [
        84,
        83
      ],
      [
        58,
        92
      ],
      [
        69,
        8
      ],
      [
        0,
        63
      ],
      [
        74,
        54
      ],
      [
        88,
        34
      ],
      [
        41,
        46
      ],
      [
        27,
        79
      ],
      [
        64,
        89
      ]
    ],
    "in_cols": [
      27,
      29,
      18,
      47,
      8,
      22,
      37,
      20,
      46,
      34,
      3,
      11,
      43,
      14,
      16,
      9,
      17,
      42,
      35,
      6,
      1,
      15,
      26,
      12,
      25,
      40,
      31,
      4,
      23,
      5,
      10,
      24,
      7,
      45,
      32,
      39,
      30,
      2,
      21,
      41,
      28,
      36,
      0,
      38,
      44,
      19,
      13,
      33
    ],
    "out_cols": [
      15,
      25,
      38,
      28,
      41,
      35,
      40,
      14,
      46,
      24,
      26,
      12,
      34,
      7,
      13,
      32,
      1,
      29,
      23,
      11,
      44,
      19,
      21,
      20,
      9,
      31,
      5,
      6,
      4,
      0,
      8,
      33,
      17,
      10,
      36,
      3,
      47,
      16,
      37,
      42,
      45,
      2,
      30,
      27,
      18,
      22,
      39,
      43
    ]
  }
}