{
  "config": {
    "steps": 900,
    "lr": 0.03,
    "tau_start": 1.0,
    "tau_end": 0.028,
    "sinkhorn_iters": 30,
    "lambda_ent": 0.0003,
    "train_subsample": 4096,
    "seed": 13702,
    "device": "cuda"
  },
  "final": {
    "soft_mse_full": 0.3785322308540344,
    "discrete_mse": 66.23429870605469,
    "hash_match": false,
    "perm_str": "59,52,74,72,39,75,95,80,18,78,49,55,44,82,88,29,94,93,42,83,58,90,28,19,15,67,37,24,87,71,73,7,86,26,35,40,68,47,3,53,1,63,50,57,31,36,23,38,4,66,84,92,81,11,62,6,5,51,77,20,48,22,65,33,16,96,61,89,43,70,0,54,14,32,27,17,56,34,41,8,91,46,10,30,13,25,60,9,2,12,69,76,64,21,45,79,85",
    "in_cols": [
      29,
      38,
      18,
      47,
      11,
      25,
      22,
      44,
      46,
      20,
      28,
      14,
      9,
      17,
      43,
      37,
      42,
      16,
      35,
      3,
      1,
      26,
      15,
      12,
      4,
      41,
      40,
      32,
      5,
      39,
      24,
      34,
      10,
      31,
      21,
      0,
      8,
      13,
      27,
      19,
      45,
      6,
      7,
      30,
      2,
      36,
      33,
      23
    ],
    "out_cols": [
      25,
      35,
      36,
      40,
      38,
      28,
      41,
      14,
      46,
      42,
      44,
      7,
      32,
      11,
      34,
      1,
      13,
      21,
      23,
      26,
      30,
      29,
      19,
      20,
      31,
      45,
      4,
      0,
      24,
      8,
      10,
      17,
      47,
      43,
      33,
      27,
      16,
      6,
      18,
      2,
      22,
      15,
      12,
      3,
      5,
      37,
      9,
      39
    ]
  },
  "best_seen": {
    "discrete_mse": 36.36742401123047,
    "order": [
      [
        59,
        25
      ],
      [
        18,
        72
      ],
      [
        39,
        52
      ],
      [
        95,
        80
      ],
      [
        14,
        78
      ],
      [
        74,
        55
      ],
      [
        44,
        82
      ],
      [
        94,
        29
      ],
      [
        88,
        93
      ],
      [
        42,
        83
      ],
      [
        58,
        90
      ],
      [
        28,
        19
      ],
      [
        15,
        67
      ],
      [
        35,
        24
      ],
      [
        87,
        71
      ],
      [
        73,
        7
      ],
      [
        37,
        26
      ],
      [
        86,
        40
      ],
      [
        68,
        47
      ],
      [
        3,
        53
      ],
      [
        31,
        63
      ],
      [
        50,
        57
      ],
      [
        23,
        36
      ],
      [
        1,
        38
      ],
      [
        4,
        66
      ],
      [
        84,
        92
      ],
      [
        81,
        11
      ],
      [
        62,
        6
      ],
      [
        5,
        51
      ],
      [
        77,
        20
      ],
      [
        48,
        22
      ],
      [
        45,
        33
      ],
      [
        16,
        96
      ],
      [
        13,
        89
      ],
      [
        43,
        70
      ],
      [
        65,
        54
      ],
      [
        0,
        32
      ],
      [
        27,
        17
      ],
      [
        56,
        34
      ],
      [
        41,
        8
      ],
      [
        91,
        46
      ],
      [
        10,
        30
      ],
      [
        2,
        75
      ],
      [
        60,
        9
      ],
      [
        49,
        12
      ],
      [
        69,
        76
      ],
      [
        61,
        21
      ],
      [
        64,
        79
      ]
    ],
    "in_cols": [
      29,
      11,
      18,
      47,
      8,
      38,
      22,
      46,
      44,
      20,
      28,
      14,
      9,
      16,
      43,
      37,
      17,
      42,
      35,
      3,
      15,
      26,
      12,
      1,
      4,
      41,
      40,
      32,
      5,
      39,
      24,
      23,
      10,
      7,
      21,
      34,
      0,
      13,
      27,
      19,
      45,
      6,
      2,
      30,
      25,
      36,
      31,
      33
    ],
    "out_cols": [
      12,
      35,
      25,
      40,
      38,
      28,
      41,
      14,
      46,
      42,
      44,
      7,
      32,
      11,
      34,
      1,
      13,
      21,
      23,
      26,
      30,
      29,
      19,
      20,
      31,
      45,
      4,
      0,
      24,
      8,
      10,
      17,
      47,
      43,
      33,
      27,
      16,
      6,
      18,
      2,
      22,
      15,
      36,
      3,
      5,
      37,
      9,
      39
    ]
  }
}