{
  "config": {
    "steps": 700,
    "lr": 0.02,
    "tau_start": 1.0,
    "tau_end": 0.03,
    "sinkhorn_iters": 30,
    "lambda_ent": 0.0003,
    "train_subsample": 0,
    "seed": 27903,
    "device": "cuda"
  },
  "final": {
    "soft_mse_full": 0.3520250618457794,
    "discrete_mse": 258.5236511230469,
    "hash_match": false,
    "perm_str": "95,75,59,52,39,72,48,55,42,63,44,82,68,93,94,80,69,67,65,78,58,30,18,90,28,19,35,29,10,24,37,7,15,40,86,26,73,57,3,53,50,25,31,36,1,47,23,38,87,71,81,11,5,51,14,17,77,92,62,6,45,12,4,20,16,96,43,33,60,54,0,32,13,83,41,46,49,66,74,89,56,34,91,76,2,9,84,22,64,21,61,70,27,8,88,79,85",
    "in_cols": [
      47,
      29,
      18,
      24,
      20,
      22,
      35,
      46,
      36,
      34,
      28,
      11,
      14,
      16,
      6,
      17,
      9,
      42,
      37,
      3,
      26,
      15,
      1,
      12,
      43,
      40,
      5,
      8,
      39,
      32,
      23,
      4,
      10,
      21,
      30,
      0,
      7,
      19,
      25,
      38,
      27,
      45,
      2,
      41,
      33,
      31,
      13,
      44
    ],
    "out_cols": [
      36,
      25,
      35,
      28,
      30,
      41,
      46,
      40,
      32,
      38,
      15,
      44,
      7,
      14,
      11,
      1,
      21,
      13,
      29,
      26,
      12,
      19,
      23,
      20,
      34,
      4,
      24,
      6,
      45,
      0,
      5,
      8,
      47,
      17,
      27,
      16,
      42,
      22,
      31,
      43,
      18,
      37,
      3,
      10,
      9,
      33,
      2,
      39
    ]
  },
  "best_seen": {
    "discrete_mse": 11.416534423828125,
    "order": [
      [
        95,
        75
      ],
      [
        59,
        52
      ],
      [
        39,
        72
      ],
      [
        65,
        55
      ],
      [
        42,
        63
      ],
      [
        44,
        82
      ],
      [
        68,
        93
      ],
      [
        94,
        29
      ],
      [
        69,
        67
      ],
      [
        58,
        78
      ],
      [
        18,
        30
      ],
      [
        48,
        47
      ],
      [
        28,
        19
      ],
      [
        35,
        24
      ],
      [
        10,
        80
      ],
      [
        37,
        7
      ],
      [
        15,
        40
      ],
      [
        86,
        26
      ],
      [
        73,
        57
      ],
      [
        3,
        53
      ],
      [
        50,
        25
      ],
      [
        31,
        36
      ],
      [
        1,
        90
      ],
      [
        23,
        38
      ],
      [
        87,
        71
      ],
      [
        81,
        11
      ],
      [
        5,
        51
      ],
      [
        14,
        17
      ],
      [
        77,
        92
      ],
      [
        62,
        6
      ],
      [
        45,
        33
      ],
      [
        4,
        20
      ],
      [
        16,
        96
      ],
      [
        43,
        70
      ],
      [
        60,
        54
      ],
      [
        0,
        32
      ],
      [
        13,
        83
      ],
      [
        41,
        46
      ],
      [
        49,
        66
      ],
      [
        74,
        89
      ],
      [
        56,
        34
      ],
      [
        91,
        76
      ],
      [
        2,
        9
      ],
      [
        84,
        22
      ],
      [
        64,
        21
      ],
      [
        61,
        12
      ],
      [
        27,
        8
      ],
      [
        88,
        79
      ]
    ],
    "in_cols": [
      47,
      29,
      18,
      34,
      20,
      22,
      35,
      46,
      36,
      28,
      11,
      24,
      14,
      16,
      6,
      17,
      9,
      42,
      37,
      3,
      26,
      15,
      1,
      12,
      43,
      40,
      5,
      8,
      39,
      32,
      23,
      4,
      10,
      21,
      30,
      0,
      7,
      19,
      25,
      38,
      27,
      45,
      2,
      41,
      33,
      31,
      13,
      44
    ],
    "out_cols": [
      36,
      25,
      35,
      28,
      30,
      41,
      46,
      14,
      32,
      38,
      15,
      23,
      7,
      11,
      40,
      1,
      21,
      13,
      29,
      26,
      12,
      19,
      44,
      20,
      34,
      4,
      24,
      6,
      45,
      0,
      17,
      8,
      47,
      33,
      27,
      16,
      42,
      22,
      31,
      43,
      18,
      37,
      3,
      10,
      9,
      5,
      2,
      39
    ]
  }
}