{
  "config": {
    "steps": 900,
    "lr": 0.03,
    "tau_start": 1.0,
    "tau_end": 0.028,
    "sinkhorn_iters": 30,
    "lambda_ent": 0.0003,
    "train_subsample": 4096,
    "seed": 9402,
    "device": "cuda"
  },
  "final": {
    "soft_mse_full": 0.4627707004547119,
    "discrete_mse": 2.955139398574829,
    "hash_match": false,
    "perm_str": "39,63,73,72,59,52,74,78,95,29,44,82,81,55,42,38,94,83,58,93,88,30,18,80,15,67,48,47,65,7,37,57,28,19,86,26,1,40,3,53,31,36,35,24,50,20,87,71,84,25,64,66,4,17,14,32,62,6,77,11,5,51,43,70,16,96,2,9,91,90,10,12,23,34,49,54,60,21,27,89,56,79,13,46,41,75,0,76,69,33,61,22,45,92,68,8,85",
    "in_cols": [
      18,
      37,
      29,
      38,
      47,
      22,
      40,
      20,
      46,
      28,
      44,
      11,
      9,
      24,
      34,
      17,
      14,
      42,
      1,
      3,
      15,
      16,
      26,
      43,
      41,
      33,
      4,
      8,
      32,
      39,
      5,
      21,
      10,
      2,
      45,
      6,
      12,
      25,
      30,
      13,
      27,
      7,
      19,
      0,
      36,
      31,
      23,
      35
    ],
    "out_cols": [
      30,
      35,
      25,
      38,
      14,
      41,
      28,
      20,
      42,
      46,
      15,
      40,
      32,
      23,
      1,
      29,
      7,
      13,
      21,
      26,
      19,
      11,
      8,
      34,
      12,
      31,
      6,
      16,
      0,
      4,
      24,
      33,
      47,
      3,
      44,
      5,
      18,
      27,
      9,
      43,
      39,
      22,
      36,
      37,
      17,
      10,
      45,
      2
    ]
  },
  "best_seen": {
    "discrete_mse": 2.955139398574829,
    "order": [
      [
        39,
        63
      ],
      [
        73,
        72
      ],
      [
        59,
        52
      ],
      [
        74,
        78
      ],
      [
        95,
        29
      ],
      [
        44,
        82
      ],
      [
        81,
        55
      ],
      [
        42,
        38
      ],
      [
        94,
        83
      ],
      [
        58,
        93
      ],
      [
        88,
        30
      ],
      [
        18,
        80
      ],
      [
        15,
        67
      ],
      [
        48,
        47
      ],
      [
        65,
        7
      ],
      [
        37,
        57
      ],
      [
        28,
        19
      ],
      [
        86,
        26
      ],
      [
        1,
        40
      ],
      [
        3,
        53
      ],
      [
        31,
        36
      ],
      [
        35,
        24
      ],
      [
        50,
        20
      ],
      [
        87,
        71
      ],
      [
        84,
        25
      ],
      [
        64,
        66
      ],
      [
        4,
        17
      ],
      [
        14,
        32
      ],
      [
        62,
        6
      ],
      [
        77,
        11
      ],
      [
        5,
        51
      ],
      [
        43,
        70
      ],
      [
        16,
        96
      ],
      [
        2,
        9
      ],
      [
        91,
        90
      ],
      [
        10,
        12
      ],
      [
        23,
        34
      ],
      [
        49,
        54
      ],
      [
        60,
        21
      ],
      [
        27,
        89
      ],
      [
        56,
        79
      ],
      [
        13,
        46
      ],
      [
        41,
        75
      ],
      [
        0,
        76
      ],
      [
        69,
        33
      ],
      [
        61,
        22
      ],
      [
        45,
        92
      ],
      [
        68,
        8
      ]
    ],
    "in_cols": [
      18,
      37,
      29,
      38,
      47,
      22,
      40,
      20,
      46,
      28,
      44,
      11,
      9,
      24,
      34,
      17,
      14,
      42,
      1,
      3,
      15,
      16,
      26,
      43,
      41,
      33,
      4,
      8,
      32,
      39,
      5,
      21,
      10,
      2,
      45,
      6,
      12,
      25,
      30,
      13,
      27,
      7,
      19,
      0,
      36,
      31,
      23,
      35
    ],
    "out_cols": [
      30,
      35,
      25,
      38,
      14,
      41,
      28,
      20,
      42,
      46,
      15,
      40,
      32,
      23,
      1,
      29,
      7,
      13,
      21,
      26,
      19,
      11,
      8,
      34,
      12,
      31,
      6,
      16,
      0,
      4,
      24,
      33,
      47,
      3,
      44,
      5,
      18,
      27,
      9,
      43,
      39,
      22,
      36,
      37,
      17,
      10,
      45,
      2
    ]
  }
}