{
  "config": {
    "steps": 900,
    "lr": 0.03,
    "tau_start": 1.0,
    "tau_end": 0.028,
    "sinkhorn_iters": 30,
    "lambda_ent": 0.0003,
    "train_subsample": 4096,
    "seed": 23102,
    "device": "cuda"
  },
  "final": {
    "soft_mse_full": 0.3773380219936371,
    "discrete_mse": 25.636568069458008,
    "hash_match": false,
    "perm_str": "3,72,59,52,39,63,95,55,56,30,58,78,44,82,74,29,37,93,42,7,69,83,18,67,86,90,48,47,10,80,28,19,35,24,15,57,1,40,87,71,14,25,50,26,31,36,23,38,77,11,64,70,4,32,81,20,5,6,16,96,45,33,2,12,13,89,61,53,65,66,0,75,60,8,27,21,62,34,84,22,73,9,43,51,68,54,41,46,91,76,49,17,88,79,94,92,85",
    "in_cols": [
      3,
      29,
      18,
      47,
      27,
      28,
      22,
      38,
      17,
      20,
      36,
      11,
      42,
      24,
      6,
      14,
      16,
      9,
      1,
      43,
      8,
      26,
      15,
      12,
      39,
      33,
      4,
      40,
      5,
      10,
      23,
      2,
      7,
      31,
      34,
      0,
      30,
      13,
      32,
      41,
      37,
      21,
      35,
      19,
      45,
      25,
      44,
      46
    ],
    "out_cols": [
      35,
      25,
      30,
      28,
      15,
      38,
      41,
      14,
      46,
      1,
      42,
      32,
      44,
      23,
      40,
      7,
      11,
      29,
      21,
      34,
      12,
      13,
      19,
      20,
      4,
      33,
      16,
      8,
      0,
      47,
      17,
      5,
      43,
      26,
      31,
      36,
      2,
      9,
      18,
      10,
      3,
      24,
      27,
      22,
      37,
      6,
      39,
      45
    ]
  },
  "best_seen": {
    "discrete_mse": 12.039700508117676,
    "order": [
      [
        3,
        72
      ],
      [
        59,
        52
      ],
      [
        39,
        63
      ],
      [
        95,
        55
      ],
      [
        56,
        30
      ],
      [
        73,
        78
      ],
      [
        44,
        82
      ],
      [
        88,
        29
      ],
      [
        37,
        93
      ],
      [
        42,
        7
      ],
      [
        69,
        83
      ],
      [
        18,
        67
      ],
      [
        86,
        90
      ],
      [
        48,
        47
      ],
      [
        10,
        80
      ],
      [
        28,
        19
      ],
      [
        35,
        24
      ],
      [
        15,
        57
      ],
      [
        1,
        40
      ],
      [
        87,
        71
      ],
      [
        14,
        25
      ],
      [
        50,
        26
      ],
      [
        31,
        36
      ],
      [
        23,
        38
      ],
      [
        77,
        11
      ],
      [
        64,
        70
      ],
      [
        4,
        32
      ],
      [
        81,
        20
      ],
      [
        5,
        6
      ],
      [
        16,
        96
      ],
      [
        45,
        33
      ],
      [
        2,
        12
      ],
      [
        13,
        89
      ],
      [
        61,
        53
      ],
      [
        65,
        66
      ],
      [
        0,
        75
      ],
      [
        60,
        8
      ],
      [
        27,
        21
      ],
      [
        74,
        34
      ],
      [
        84,
        22
      ],
      [
        62,
        9
      ],
      [
        43,
        51
      ],
      [
        68,
        54
      ],
      [
        41,
        46
      ],
      [
        91,
        76
      ],
      [
        49,
        17
      ],
      [
        58,
        79
      ],
      [
        94,
        92
      ]
    ],
    "in_cols": [
      3,
      29,
      18,
      47,
      27,
      37,
      22,
      44,
      17,
      20,
      36,
      11,
      42,
      24,
      6,
      14,
      16,
      9,
      1,
      43,
      8,
      26,
      15,
      12,
      39,
      33,
      4,
      40,
      5,
      10,
      23,
      2,
      7,
      31,
      34,
      0,
      30,
      13,
      38,
      41,
      32,
      21,
      35,
      19,
      45,
      25,
      28,
      46
    ],
    "out_cols": [
      35,
      25,
      30,
      28,
      15,
      38,
      41,
      14,
      46,
      1,
      42,
      32,
      44,
      23,
      40,
      7,
      11,
      29,
      21,
      34,
      12,
      13,
      19,
      20,
      4,
      33,
      16,
      8,
      0,
      47,
      17,
      5,
      43,
      26,
      31,
      36,
      2,
      9,
      18,
      10,
      3,
      24,
      27,
      22,
      37,
      6,
      39,
      45
    ]
  }
}