{
  "config": {
    "steps": 700,
    "lr": 0.02,
    "tau_start": 1.0,
    "tau_end": 0.03,
    "sinkhorn_iters": 30,
    "lambda_ent": 0.0003,
    "train_subsample": 0,
    "seed": 20303,
    "device": "cuda"
  },
  "final": {
    "soft_mse_full": 0.3307156264781952,
    "discrete_mse": 14.637374877929688,
    "hash_match": false,
    "perm_str": "95,75,59,52,39,72,74,55,44,82,56,30,73,93,50,80,42,29,58,78,86,90,94,38,28,19,18,67,37,47,10,7,15,57,68,26,35,24,87,63,3,25,31,36,1,12,27,71,23,40,5,51,4,32,65,11,14,17,81,6,45,33,77,20,16,96,62,89,0,70,48,53,2,8,69,66,49,54,43,22,13,83,41,9,91,76,88,34,61,46,84,92,64,21,60,79,85",
    "in_cols": [
      47,
      29,
      18,
      38,
      22,
      27,
      37,
      26,
      20,
      28,
      42,
      46,
      14,
      11,
      17,
      6,
      9,
      35,
      16,
      43,
      3,
      15,
      1,
      13,
      12,
      5,
      4,
      34,
      8,
      40,
      23,
      39,
      10,
      32,
      0,
      24,
      2,
      36,
      25,
      21,
      7,
      19,
      45,
      44,
      31,
      41,
      33,
      30
    ],
    "out_cols": [
      36,
      25,
      35,
      28,
      41,
      15,
      46,
      40,
      14,
      38,
      44,
      20,
      7,
      32,
      23,
      1,
      29,
      13,
      11,
      30,
      12,
      19,
      5,
      34,
      21,
      24,
      16,
      4,
      6,
      0,
      17,
      8,
      47,
      43,
      33,
      26,
      2,
      31,
      27,
      10,
      42,
      3,
      37,
      18,
      22,
      45,
      9,
      39
    ]
  },
  "best_seen": {
    "discrete_mse": 14.637374877929688,
    "order": [
      [
        95,
        75
      ],
      [
        59,
        52
      ],
      [
        39,
        72
      ],
      [
        74,
        55
      ],
      [
        44,
        82
      ],
      [
        56,
        30
      ],
      [
        73,
        93
      ],
      [
        50,
        80
      ],
      [
        42,
        29
      ],
      [
        58,
        78
      ],
      [
        86,
        90
      ],
      [
        94,
        38
      ],
      [
        28,
        19
      ],
      [
        18,
        67
      ],
      [
        37,
        47
      ],
      [
        10,
        7
      ],
      [
        15,
        57
      ],
      [
        68,
        26
      ],
      [
        35,
        24
      ],
      [
        87,
        63
      ],
      [
        3,
        25
      ],
      [
        31,
        36
      ],
      [
        1,
        12
      ],
      [
        27,
        71
      ],
      [
        23,
        40
      ],
      [
        5,
        51
      ],
      [
        4,
        32
      ],
      [
        65,
        11
      ],
      [
        14,
        17
      ],
      [
        81,
        6
      ],
      [
        45,
        33
      ],
      [
        77,
        20
      ],
      [
        16,
        96
      ],
      [
        62,
        89
      ],
      [
        0,
        70
      ],
      [
        48,
        53
      ],
      [
        2,
        8
      ],
      [
        69,
        66
      ],
      [
        49,
        54
      ],
      [
        43,
        22
      ],
      [
        13,
        83
      ],
      [
        41,
        9
      ],
      [
        91,
        76
      ],
      [
        88,
        34
      ],
      [
        61,
        46
      ],
      [
        84,
        92
      ],
      [
        64,
        21
      ],
      [
        60,
        79
      ]
    ],
    "in_cols": [
      47,
      29,
      18,
      38,
      22,
      27,
      37,
      26,
      20,
      28,
      42,
      46,
      14,
      11,
      17,
      6,
      9,
      35,
      16,
      43,
      3,
      15,
      1,
      13,
      12,
      5,
      4,
      34,
      8,
      40,
      23,
      39,
      10,
      32,
      0,
      24,
      2,
      36,
      25,
      21,
      7,
      19,
      45,
      44,
      31,
      41,
      33,
      30
    ],
    "out_cols": [
      36,
      25,
      35,
      28,
      41,
      15,
      46,
      40,
      14,
      38,
      44,
      20,
      7,
      32,
      23,
      1,
      29,
      13,
      11,
      30,
      12,
      19,
      5,
      34,
      21,
      24,
      16,
      4,
      6,
      0,
      17,
      8,
      47,
      43,
      33,
      26,
      2,
      31,
      27,
      10,
      42,
      3,
      37,
      18,
      22,
      45,
      9,
      39
    ]
  }
}