{
  "config": {
    "steps": 700,
    "lr": 0.015,
    "tau_start": 1.0,
    "tau_end": 0.025,
    "sinkhorn_iters": 30,
    "lambda_ent": 0.0001,
    "train_subsample": 0,
    "seed": 23804,
    "device": "cuda"
  },
  "final": {
    "soft_mse_full": 0.3408981263637543,
    "discrete_mse": 59.301822662353516,
    "hash_match": false,
    "perm_str": "39,52,59,72,73,75,95,63,23,78,44,82,94,80,42,29,74,55,58,93,86,30,18,90,28,19,35,24,50,57,37,36,15,67,68,47,48,40,31,70,3,26,84,25,87,71,1,38,14,21,49,17,5,51,81,12,45,11,62,6,4,32,77,20,16,96,65,34,43,83,61,53,13,66,27,54,41,46,91,76,10,8,60,22,56,92,2,9,69,33,0,79,88,89,64,7,85",
    "in_cols": [
      18,
      29,
      37,
      47,
      12,
      22,
      46,
      20,
      38,
      28,
      42,
      11,
      14,
      16,
      26,
      17,
      9,
      35,
      24,
      15,
      3,
      41,
      43,
      1,
      8,
      25,
      5,
      40,
      23,
      32,
      4,
      39,
      10,
      34,
      21,
      31,
      7,
      13,
      19,
      45,
      6,
      30,
      27,
      2,
      36,
      0,
      44,
      33
    ],
    "out_cols": [
      25,
      35,
      36,
      30,
      38,
      41,
      40,
      14,
      28,
      46,
      15,
      44,
      7,
      11,
      29,
      19,
      32,
      23,
      21,
      33,
      13,
      12,
      34,
      20,
      9,
      6,
      24,
      5,
      4,
      0,
      16,
      8,
      47,
      18,
      42,
      26,
      31,
      27,
      22,
      37,
      2,
      10,
      45,
      3,
      17,
      39,
      43,
      1
    ]
  },
  "best_seen": {
    "discrete_mse": 4.947448253631592,
    "order": [
      [
        59,
        52
      ],
      [
        95,
        72
      ],
      [
        23,
        75
      ],
      [
        39,
        63
      ],
      [
        50,
        78
      ],
      [
        44,
        82
      ],
      [
        94,
        80
      ],
      [
        42,
        29
      ],
      [
        74,
        55
      ],
      [
        58,
        7
      ],
      [
        86,
        30
      ],
      [
        18,
        90
      ],
      [
        28,
        19
      ],
      [
        35,
        24
      ],
      [
        73,
        57
      ],
      [
        37,
        36
      ],
      [
        15,
        67
      ],
      [
        68,
        47
      ],
      [
        48,
        40
      ],
      [
        31,
        70
      ],
      [
        3,
        26
      ],
      [
        84,
        25
      ],
      [
        87,
        71
      ],
      [
        1,
        38
      ],
      [
        14,
        21
      ],
      [
        49,
        17
      ],
      [
        5,
        51
      ],
      [
        81,
        12
      ],
      [
        45,
        11
      ],
      [
        62,
        6
      ],
      [
        4,
        32
      ],
      [
        77,
        20
      ],
      [
        16,
        96
      ],
      [
        65,
        34
      ],
      [
        43,
        83
      ],
      [
        61,
        53
      ],
      [
        13,
        66
      ],
      [
        27,
        54
      ],
      [
        41,
        46
      ],
      [
        91,
        76
      ],
      [
        10,
        8
      ],
      [
        60,
        22
      ],
      [
        56,
        92
      ],
      [
        2,
        9
      ],
      [
        69,
        33
      ],
      [
        0,
        79
      ],
      [
        88,
        89
      ],
      [
        64,
        93
      ]
    ],
    "in_cols": [
      29,
      47,
      12,
      18,
      26,
      22,
      46,
      20,
      38,
      28,
      42,
      11,
      14,
      16,
      37,
      17,
      9,
      35,
      24,
      15,
      3,
      41,
      43,
      1,
      8,
      25,
      5,
      40,
      23,
      32,
      4,
      39,
      10,
      34,
      21,
      31,
      7,
      13,
      19,
      45,
      6,
      30,
      27,
      2,
      36,
      0,
      44,
      33
    ],
    "out_cols": [
      25,
      35,
      36,
      30,
      38,
      41,
      40,
      14,
      28,
      1,
      15,
      44,
      7,
      11,
      29,
      19,
      32,
      23,
      21,
      33,
      13,
      12,
      34,
      20,
      9,
      6,
      24,
      5,
      4,
      0,
      16,
      8,
      47,
      18,
      42,
      26,
      31,
      27,
      22,
      37,
      2,
      10,
      45,
      3,
      17,
      39,
      43,
      46
    ]
  }
}