{
  "config": {
    "steps": 700,
    "lr": 0.015,
    "tau_start": 1.0,
    "tau_end": 0.025,
    "sinkhorn_iters": 30,
    "lambda_ent": 0.0001,
    "train_subsample": 0,
    "seed": 20204,
    "device": "cuda"
  },
  "final": {
    "soft_mse_full": 0.33961838483810425,
    "discrete_mse": 311.18621826171875,
    "hash_match": false,
    "perm_str": "59,30,74,52,39,72,95,63,73,93,44,82,88,55,42,80,18,83,58,78,35,53,94,90,28,19,50,67,37,7,15,57,48,47,10,24,68,26,86,40,3,25,31,36,1,38,87,71,14,11,45,17,64,51,5,32,62,6,77,33,81,29,4,20,43,76,16,96,65,89,61,46,84,54,49,21,41,9,13,34,27,8,69,79,91,75,0,70,56,66,60,92,23,22,2,12,85",
    "in_cols": [
      29,
      38,
      18,
      47,
      37,
      22,
      44,
      20,
      11,
      28,
      16,
      46,
      14,
      26,
      17,
      9,
      24,
      6,
      35,
      42,
      3,
      15,
      1,
      43,
      8,
      23,
      33,
      5,
      32,
      39,
      40,
      4,
      21,
      10,
      34,
      31,
      41,
      25,
      19,
      7,
      13,
      36,
      45,
      0,
      27,
      30,
      12,
      2
    ],
    "out_cols": [
      15,
      25,
      35,
      30,
      46,
      41,
      28,
      40,
      42,
      38,
      26,
      44,
      7,
      32,
      1,
      29,
      23,
      11,
      13,
      21,
      12,
      19,
      20,
      34,
      4,
      6,
      24,
      16,
      0,
      17,
      14,
      8,
      37,
      47,
      43,
      22,
      27,
      9,
      3,
      18,
      2,
      39,
      36,
      33,
      31,
      45,
      10,
      5
    ]
  },
  "best_seen": {
    "discrete_mse": 20.082992553710938,
    "order": [
      [
        14,
        92
      ],
      [
        77,
        83
      ],
      [
        37,
        89
      ],
      [
        23,
        26
      ],
      [
        64,
        11
      ],
      [
        58,
        25
      ],
      [
        91,
        63
      ],
      [
        3,
        53
      ],
      [
        39,
        54
      ],
      [
        86,
        47
      ],
      [
        43,
        78
      ],
      [
        13,
        71
      ],
      [
        87,
        70
      ],
      [
        73,
        29
      ],
      [
        4,
        6
      ],
      [
        35,
        32
      ],
      [
        18,
        90
      ],
      [
        42,
        66
      ],
      [
        49,
        36
      ],
      [
        0,
        52
      ],
      [
        88,
        9
      ],
      [
        16,
        75
      ],
      [
        95,
        34
      ],
      [
        31,
        55
      ],
      [
        1,
        24
      ],
      [
        10,
        82
      ],
      [
        2,
        46
      ],
      [
        68,
        51
      ],
      [
        69,
        79
      ],
      [
        50,
        40
      ],
      [
        60,
        22
      ],
      [
        62,
        20
      ],
      [
        28,
        76
      ],
      [
        74,
        8
      ],
      [
        84,
        7
      ],
      [
        59,
        72
      ],
      [
        27,
        30
      ],
      [
        41,
        96
      ],
      [
        5,
        33
      ],
      [
        65,
        57
      ],
      [
        45,
        21
      ],
      [
        56,
        17
      ],
      [
        44,
        38
      ],
      [
        94,
        67
      ],
      [
        81,
        19
      ],
      [
        61,
        80
      ],
      [
        48,
        12
      ],
      [
        15,
        93
      ]
    ],
    "in_cols": [
      8,
      39,
      17,
      12,
      33,
      28,
      45,
      3,
      18,
      42,
      21,
      7,
      43,
      37,
      4,
      16,
      11,
      20,
      25,
      0,
      44,
      10,
      47,
      15,
      1,
      6,
      2,
      35,
      36,
      26,
      30,
      32,
      14,
      38,
      41,
      29,
      13,
      19,
      5,
      34,
      23,
      27,
      22,
      46,
      40,
      31,
      24,
      9
    ],
    "out_cols": [
      45,
      42,
      43,
      13,
      4,
      12,
      30,
      26,
      27,
      23,
      38,
      34,
      33,
      14,
      0,
      16,
      44,
      31,
      19,
      25,
      3,
      36,
      18,
      28,
      11,
      41,
      22,
      24,
      39,
      21,
      10,
      8,
      37,
      2,
      1,
      35,
      15,
      47,
      17,
      29,
      9,
      6,
      20,
      32,
      7,
      40,
      5,
      46
    ]
  }
}