{
  "config": {
    "steps": 700,
    "lr": 0.015,
    "tau_start": 1.0,
    "tau_end": 0.025,
    "sinkhorn_iters": 30,
    "lambda_ent": 0.0001,
    "train_subsample": 0,
    "seed": 10104,
    "device": "cuda"
  },
  "final": {
    "soft_mse_full": 0.342410683631897,
    "discrete_mse": 163.96017456054688,
    "hash_match": false,
    "perm_str": "39,72,59,52,95,93,42,63,56,30,94,78,44,80,68,55,88,29,58,7,10,90,18,67,28,19,37,20,35,24,15,57,73,82,86,47,50,26,87,71,3,25,31,36,1,40,23,38,5,21,64,51,43,11,14,17,81,6,62,34,77,92,4,96,16,33,91,53,0,83,48,70,65,54,13,32,74,22,61,76,45,9,2,12,84,66,49,8,41,75,27,46,60,89,69,79,85",
    "in_cols": [
      18,
      29,
      47,
      20,
      27,
      46,
      22,
      35,
      44,
      28,
      6,
      11,
      14,
      17,
      16,
      9,
      37,
      42,
      26,
      43,
      3,
      15,
      1,
      12,
      5,
      33,
      21,
      8,
      40,
      32,
      39,
      4,
      10,
      45,
      0,
      24,
      34,
      7,
      38,
      31,
      23,
      2,
      41,
      25,
      19,
      13,
      30,
      36
    ],
    "out_cols": [
      35,
      25,
      46,
      30,
      15,
      38,
      40,
      28,
      14,
      1,
      44,
      32,
      7,
      8,
      11,
      29,
      41,
      23,
      13,
      34,
      12,
      19,
      21,
      20,
      9,
      24,
      4,
      6,
      0,
      18,
      45,
      47,
      17,
      26,
      42,
      33,
      27,
      16,
      10,
      37,
      3,
      5,
      31,
      2,
      36,
      22,
      43,
      39
    ]
  },
  "best_seen": {
    "discrete_mse": 4.364983081817627,
    "order": [
      [
        13,
        12
      ],
      [
        4,
        30
      ],
      [
        43,
        7
      ],
      [
        45,
        46
      ],
      [
        10,
        20
      ],
      [
        58,
        47
      ],
      [
        23,
        54
      ],
      [
        28,
        82
      ],
      [
        65,
        17
      ],
      [
        69,
        21
      ],
      [
        88,
        34
      ],
      [
        5,
        6
      ],
      [
        62,
        26
      ],
      [
        68,
        55
      ],
      [
        44,
        92
      ],
      [
        15,
        53
      ],
      [
        73,
        76
      ],
      [
        87,
        67
      ],
      [
        94,
        22
      ],
      [
        50,
        40
      ],
      [
        0,
        89
      ],
      [
        1,
        29
      ],
      [
        60,
        78
      ],
      [
        41,
        25
      ],
      [
        2,
        80
      ],
      [
        56,
        32
      ],
      [
        16,
        79
      ],
      [
        48,
        9
      ],
      [
        42,
        8
      ],
      [
        64,
        33
      ],
      [
        95,
        93
      ],
      [
        27,
        51
      ],
      [
        81,
        90
      ],
      [
        74,
        63
      ],
      [
        39,
        71
      ],
      [
        18,
        38
      ],
      [
        49,
        72
      ],
      [
        77,
        70
      ],
      [
        59,
        96
      ],
      [
        3,
        52
      ],
      [
        35,
        57
      ],
      [
        14,
        24
      ],
      [
        84,
        75
      ],
      [
        37,
        36
      ],
      [
        61,
        66
      ],
      [
        91,
        11
      ],
      [
        31,
        83
      ],
      [
        86,
        19
      ]
    ],
    "in_cols": [
      7,
      4,
      21,
      23,
      6,
      28,
      12,
      14,
      34,
      36,
      44,
      5,
      32,
      35,
      22,
      9,
      37,
      43,
      46,
      26,
      0,
      1,
      30,
      19,
      2,
      27,
      10,
      24,
      20,
      33,
      47,
      13,
      40,
      38,
      18,
      11,
      25,
      39,
      29,
      3,
      16,
      8,
      41,
      17,
      31,
      45,
      15,
      42
    ],
    "out_cols": [
      5,
      15,
      1,
      22,
      8,
      23,
      27,
      41,
      6,
      9,
      18,
      0,
      13,
      28,
      45,
      26,
      37,
      32,
      10,
      21,
      43,
      14,
      38,
      12,
      40,
      16,
      39,
      3,
      2,
      17,
      46,
      24,
      44,
      30,
      34,
      20,
      35,
      33,
      47,
      25,
      29,
      11,
      36,
      19,
      31,
      4,
      42,
      7
    ]
  }
}