{
  "config": {
    "steps": 900,
    "lr": 0.03,
    "tau_start": 1.0,
    "tau_end": 0.028,
    "sinkhorn_iters": 30,
    "lambda_ent": 0.0003,
    "train_subsample": 4096,
    "seed": 20602,
    "device": "cuda"
  },
  "final": {
    "soft_mse_full": 0.39771413803100586,
    "discrete_mse": 52.71451187133789,
    "hash_match": false,
    "perm_str": "59,52,39,30,95,75,88,29,74,55,58,78,37,82,44,72,68,80,42,90,94,7,86,38,18,67,35,24,48,19,10,40,15,57,50,47,73,36,28,26,3,25,31,63,1,93,87,71,4,21,14,17,64,11,81,6,77,20,43,12,27,51,5,96,16,70,91,53,13,54,65,79,23,8,0,76,62,32,84,22,49,66,56,92,61,9,41,83,2,33,60,34,45,46,69,89,85",
    "in_cols": [
      29,
      18,
      47,
      44,
      38,
      28,
      17,
      22,
      35,
      20,
      46,
      42,
      11,
      16,
      24,
      6,
      9,
      26,
      37,
      14,
      3,
      15,
      1,
      43,
      4,
      8,
      33,
      40,
      39,
      21,
      13,
      5,
      10,
      45,
      7,
      34,
      12,
      0,
      32,
      41,
      25,
      27,
      31,
      19,
      2,
      30,
      23,
      36
    ],
    "out_cols": [
      25,
      15,
      36,
      14,
      28,
      38,
      41,
      35,
      40,
      44,
      1,
      20,
      32,
      11,
      7,
      21,
      29,
      23,
      19,
      13,
      12,
      30,
      46,
      34,
      9,
      6,
      4,
      0,
      8,
      5,
      24,
      47,
      33,
      26,
      27,
      39,
      2,
      37,
      16,
      10,
      31,
      45,
      3,
      42,
      17,
      18,
      22,
      43
    ]
  },
  "best_seen": {
    "discrete_mse": 0.9376114010810852,
    "order": [
      [
        59,
        52
      ],
      [
        39,
        30
      ],
      [
        95,
        75
      ],
      [
        88,
        29
      ],
      [
        37,
        93
      ],
      [
        58,
        78
      ],
      [
        74,
        82
      ],
      [
        44,
        72
      ],
      [
        68,
        80
      ],
      [
        42,
        90
      ],
      [
        94,
        7
      ],
      [
        86,
        38
      ],
      [
        18,
        67
      ],
      [
        35,
        24
      ],
      [
        48,
        19
      ],
      [
        10,
        40
      ],
      [
        15,
        57
      ],
      [
        50,
        55
      ],
      [
        73,
        36
      ],
      [
        28,
        47
      ],
      [
        3,
        25
      ],
      [
        31,
        63
      ],
      [
        1,
        26
      ],
      [
        87,
        71
      ],
      [
        4,
        21
      ],
      [
        14,
        17
      ],
      [
        5,
        11
      ],
      [
        81,
        6
      ],
      [
        45,
        20
      ],
      [
        43,
        12
      ],
      [
        27,
        51
      ],
      [
        77,
        96
      ],
      [
        16,
        70
      ],
      [
        91,
        53
      ],
      [
        13,
        54
      ],
      [
        65,
        79
      ],
      [
        23,
        8
      ],
      [
        0,
        76
      ],
      [
        62,
        32
      ],
      [
        84,
        22
      ],
      [
        49,
        66
      ],
      [
        56,
        92
      ],
      [
        61,
        9
      ],
      [
        41,
        83
      ],
      [
        2,
        33
      ],
      [
        60,
        34
      ],
      [
        64,
        46
      ],
      [
        69,
        89
      ]
    ],
    "in_cols": [
      29,
      18,
      47,
      44,
      17,
      28,
      38,
      22,
      35,
      20,
      46,
      42,
      11,
      16,
      24,
      6,
      9,
      26,
      37,
      14,
      3,
      15,
      1,
      43,
      4,
      8,
      5,
      40,
      23,
      21,
      13,
      39,
      10,
      45,
      7,
      34,
      12,
      0,
      32,
      41,
      25,
      27,
      31,
      19,
      2,
      30,
      33,
      36
    ],
    "out_cols": [
      25,
      15,
      36,
      14,
      46,
      38,
      41,
      35,
      40,
      44,
      1,
      20,
      32,
      11,
      7,
      21,
      29,
      28,
      19,
      23,
      12,
      30,
      13,
      34,
      9,
      6,
      4,
      0,
      8,
      5,
      24,
      47,
      33,
      26,
      27,
      39,
      2,
      37,
      16,
      10,
      31,
      45,
      3,
      42,
      17,
      18,
      22,
      43
    ]
  }
}