{
  "config": {
    "steps": 900,
    "lr": 0.03,
    "tau_start": 1.0,
    "tau_end": 0.028,
    "sinkhorn_iters": 30,
    "lambda_ent": 0.0003,
    "train_subsample": 4096,
    "seed": 5202,
    "device": "cuda"
  },
  "final": {
    "soft_mse_full": 0.5083649754524231,
    "discrete_mse": 9.331262588500977,
    "hash_match": false,
    "perm_str": "59,52,39,30,3,55,95,90,87,72,44,82,74,29,37,93,58,78,69,67,18,47,35,24,86,7,28,19,42,36,73,57,10,80,15,40,68,63,2,71,94,53,50,25,31,38,1,75,4,17,56,32,62,51,5,33,77,11,81,6,45,92,91,20,43,70,16,96,49,54,65,26,61,34,48,66,27,89,41,83,60,21,13,9,84,22,14,46,0,76,64,12,23,79,88,8,85",
    "in_cols": [
      29,
      18,
      3,
      47,
      43,
      22,
      38,
      17,
      28,
      36,
      11,
      16,
      42,
      14,
      20,
      37,
      6,
      9,
      35,
      2,
      46,
      26,
      15,
      1,
      4,
      27,
      32,
      5,
      39,
      40,
      23,
      45,
      21,
      10,
      25,
      34,
      31,
      24,
      13,
      19,
      30,
      7,
      41,
      8,
      0,
      33,
      12,
      44
    ],
    "out_cols": [
      25,
      15,
      28,
      44,
      35,
      41,
      14,
      46,
      38,
      32,
      23,
      11,
      1,
      7,
      19,
      29,
      40,
      21,
      30,
      34,
      26,
      12,
      20,
      36,
      6,
      16,
      24,
      17,
      4,
      0,
      45,
      8,
      33,
      47,
      27,
      13,
      18,
      31,
      43,
      42,
      9,
      3,
      10,
      22,
      37,
      5,
      39,
      2
    ]
  },
  "best_seen": {
    "discrete_mse": 1.6421277523040771,
    "order": [
      [
        59,
        52
      ],
      [
        39,
        30
      ],
      [
        3,
        55
      ],
      [
        56,
        80
      ],
      [
        95,
        72
      ],
      [
        44,
        82
      ],
      [
        74,
        29
      ],
      [
        37,
        93
      ],
      [
        58,
        78
      ],
      [
        69,
        67
      ],
      [
        18,
        47
      ],
      [
        35,
        25
      ],
      [
        86,
        7
      ],
      [
        28,
        19
      ],
      [
        42,
        36
      ],
      [
        73,
        57
      ],
      [
        10,
        24
      ],
      [
        15,
        40
      ],
      [
        68,
        63
      ],
      [
        87,
        71
      ],
      [
        94,
        53
      ],
      [
        50,
        26
      ],
      [
        31,
        38
      ],
      [
        1,
        75
      ],
      [
        4,
        17
      ],
      [
        14,
        32
      ],
      [
        62,
        51
      ],
      [
        5,
        33
      ],
      [
        77,
        11
      ],
      [
        81,
        6
      ],
      [
        45,
        92
      ],
      [
        91,
        20
      ],
      [
        43,
        70
      ],
      [
        16,
        96
      ],
      [
        49,
        54
      ],
      [
        65,
        90
      ],
      [
        2,
        34
      ],
      [
        48,
        66
      ],
      [
        27,
        89
      ],
      [
        41,
        83
      ],
      [
        60,
        21
      ],
      [
        13,
        9
      ],
      [
        84,
        22
      ],
      [
        61,
        46
      ],
      [
        0,
        76
      ],
      [
        64,
        12
      ],
      [
        23,
        79
      ],
      [
        88,
        8
      ]
    ],
    "in_cols": [
      29,
      18,
      3,
      27,
      47,
      22,
      38,
      17,
      28,
      36,
      11,
      16,
      42,
      14,
      20,
      37,
      6,
      9,
      35,
      43,
      46,
      26,
      15,
      1,
      4,
      8,
      32,
      5,
      39,
      40,
      23,
      45,
      21,
      10,
      25,
      34,
      2,
      24,
      13,
      19,
      30,
      7,
      41,
      31,
      0,
      33,
      12,
      44
    ],
    "out_cols": [
      25,
      15,
      28,
      40,
      35,
      41,
      14,
      46,
      38,
      32,
      23,
      12,
      1,
      7,
      19,
      29,
      11,
      21,
      30,
      34,
      26,
      13,
      20,
      36,
      6,
      16,
      24,
      17,
      4,
      0,
      45,
      8,
      33,
      47,
      27,
      44,
      18,
      31,
      43,
      42,
      9,
      3,
      10,
      22,
      37,
      5,
      39,
      2
    ]
  }
}