{
  "config": {
    "steps": 900,
    "lr": 0.03,
    "tau_start": 1.0,
    "tau_end": 0.03,
    "sinkhorn_iters": 30,
    "lambda_ent": 0.0003,
    "train_subsample": 4096,
    "seed": 6801,
    "device": "cuda"
  },
  "final": {
    "soft_mse_full": 0.322939932346344,
    "discrete_mse": 17.10042381286621,
    "hash_match": false,
    "perm_str": "59,52,73,72,39,29,95,63,74,55,56,82,44,78,42,80,94,93,58,36,3,53,86,19,37,90,35,24,18,40,10,67,15,57,65,7,68,47,87,71,31,25,50,66,1,26,23,38,14,17,60,11,77,30,4,32,5,12,45,33,81,6,88,70,16,96,48,20,13,83,27,89,62,75,43,22,91,51,69,21,61,9,0,79,2,34,64,54,49,92,28,76,84,8,41,46,85",
    "in_cols": [
      29,
      37,
      18,
      47,
      38,
      27,
      22,
      20,
      46,
      28,
      3,
      42,
      17,
      16,
      11,
      6,
      9,
      34,
      35,
      43,
      15,
      26,
      1,
      12,
      8,
      30,
      39,
      4,
      5,
      23,
      40,
      44,
      10,
      24,
      7,
      13,
      32,
      21,
      45,
      36,
      31,
      0,
      2,
      33,
      25,
      14,
      41,
      19
    ],
    "out_cols": [
      25,
      35,
      14,
      30,
      28,
      41,
      38,
      40,
      46,
      19,
      26,
      7,
      44,
      11,
      21,
      32,
      29,
      1,
      23,
      34,
      12,
      31,
      13,
      20,
      6,
      4,
      15,
      16,
      5,
      17,
      0,
      33,
      47,
      8,
      42,
      43,
      36,
      10,
      24,
      9,
      3,
      39,
      18,
      27,
      45,
      37,
      2,
      22
    ]
  },
  "best_seen": {
    "discrete_mse": 0.9293923377990723,
    "order": [
      [
        95,
        52
      ],
      [
        59,
        72
      ],
      [
        88,
        29
      ],
      [
        74,
        63
      ],
      [
        39,
        55
      ],
      [
        44,
        82
      ],
      [
        73,
        78
      ],
      [
        42,
        80
      ],
      [
        94,
        93
      ],
      [
        58,
        25
      ],
      [
        3,
        53
      ],
      [
        10,
        19
      ],
      [
        86,
        90
      ],
      [
        35,
        24
      ],
      [
        18,
        40
      ],
      [
        37,
        67
      ],
      [
        15,
        57
      ],
      [
        65,
        7
      ],
      [
        68,
        47
      ],
      [
        87,
        71
      ],
      [
        31,
        36
      ],
      [
        50,
        66
      ],
      [
        49,
        26
      ],
      [
        1,
        38
      ],
      [
        14,
        17
      ],
      [
        60,
        11
      ],
      [
        28,
        30
      ],
      [
        4,
        32
      ],
      [
        5,
        12
      ],
      [
        45,
        33
      ],
      [
        81,
        6
      ],
      [
        16,
        70
      ],
      [
        48,
        96
      ],
      [
        77,
        20
      ],
      [
        13,
        83
      ],
      [
        27,
        89
      ],
      [
        62,
        75
      ],
      [
        23,
        22
      ],
      [
        69,
        51
      ],
      [
        56,
        21
      ],
      [
        91,
        9
      ],
      [
        0,
        79
      ],
      [
        2,
        34
      ],
      [
        64,
        54
      ],
      [
        43,
        92
      ],
      [
        61,
        76
      ],
      [
        84,
        8
      ],
      [
        41,
        46
      ]
    ],
    "in_cols": [
      47,
      29,
      44,
      38,
      18,
      22,
      37,
      20,
      46,
      28,
      3,
      6,
      42,
      16,
      11,
      17,
      9,
      34,
      35,
      43,
      15,
      26,
      25,
      1,
      8,
      30,
      14,
      4,
      5,
      23,
      40,
      10,
      24,
      39,
      7,
      13,
      32,
      12,
      36,
      27,
      45,
      0,
      2,
      33,
      21,
      31,
      41,
      19
    ],
    "out_cols": [
      25,
      35,
      14,
      30,
      28,
      41,
      38,
      40,
      46,
      12,
      26,
      7,
      44,
      11,
      21,
      32,
      29,
      1,
      23,
      34,
      19,
      31,
      13,
      20,
      6,
      4,
      15,
      16,
      5,
      17,
      0,
      33,
      47,
      8,
      42,
      43,
      36,
      10,
      24,
      9,
      3,
      39,
      18,
      27,
      45,
      37,
      2,
      22
    ]
  }
}