{
  "config": {
    "steps": 700,
    "lr": 0.02,
    "tau_start": 1.0,
    "tau_end": 0.03,
    "sinkhorn_iters": 30,
    "lambda_ent": 0.0003,
    "train_subsample": 0,
    "seed": 19803,
    "device": "cuda"
  },
  "final": {
    "soft_mse_full": 0.3291817009449005,
    "discrete_mse": 25.596942901611328,
    "hash_match": false,
    "perm_str": "59,52,39,55,69,72,95,63,56,30,44,82,74,93,73,80,42,29,58,78,86,83,94,26,18,90,65,19,15,67,37,57,50,7,68,47,35,24,1,36,3,53,23,25,28,38,87,71,64,40,81,11,14,17,77,6,62,12,5,51,45,33,4,20,16,96,84,70,91,89,48,9,13,75,2,92,41,66,43,54,10,34,61,32,0,79,60,76,49,8,88,22,31,21,27,46,85",
    "in_cols": [
      29,
      18,
      36,
      47,
      27,
      22,
      38,
      37,
      20,
      28,
      42,
      46,
      11,
      34,
      9,
      17,
      26,
      35,
      16,
      1,
      3,
      12,
      14,
      43,
      33,
      40,
      8,
      39,
      32,
      5,
      23,
      4,
      10,
      41,
      45,
      24,
      7,
      2,
      19,
      21,
      6,
      31,
      0,
      30,
      25,
      44,
      15,
      13
    ],
    "out_cols": [
      25,
      28,
      35,
      30,
      15,
      41,
      46,
      40,
      14,
      38,
      42,
      13,
      44,
      7,
      32,
      29,
      1,
      23,
      11,
      19,
      26,
      12,
      20,
      34,
      21,
      4,
      6,
      0,
      5,
      24,
      17,
      8,
      47,
      33,
      43,
      3,
      36,
      45,
      31,
      27,
      18,
      16,
      39,
      37,
      2,
      10,
      9,
      22
    ]
  },
  "best_seen": {
    "discrete_mse": 25.67939567565918,
    "order": [
      [
        59,
        52
      ],
      [
        39,
        55
      ],
      [
        73,
        72
      ],
      [
        95,
        78
      ],
      [
        56,
        30
      ],
      [
        44,
        82
      ],
      [
        4,
        93
      ],
      [
        86,
        80
      ],
      [
        42,
        53
      ],
      [
        58,
        29
      ],
      [
        69,
        83
      ],
      [
        94,
        38
      ],
      [
        18,
        90
      ],
      [
        28,
        19
      ],
      [
        15,
        67
      ],
      [
        37,
        57
      ],
      [
        50,
        7
      ],
      [
        68,
        47
      ],
      [
        35,
        24
      ],
      [
        31,
        63
      ],
      [
        3,
        26
      ],
      [
        23,
        25
      ],
      [
        1,
        36
      ],
      [
        87,
        71
      ],
      [
        0,
        40
      ],
      [
        5,
        11
      ],
      [
        77,
        17
      ],
      [
        81,
        6
      ],
      [
        62,
        12
      ],
      [
        48,
        51
      ],
      [
        45,
        33
      ],
      [
        65,
        20
      ],
      [
        16,
        96
      ],
      [
        84,
        70
      ],
      [
        91,
        89
      ],
      [
        61,
        9
      ],
      [
        13,
        75
      ],
      [
        74,
        92
      ],
      [
        41,
        66
      ],
      [
        43,
        54
      ],
      [
        10,
        34
      ],
      [
        14,
        32
      ],
      [
        2,
        79
      ],
      [
        60,
        76
      ],
      [
        49,
        8
      ],
      [
        88,
        22
      ],
      [
        64,
        21
      ],
      [
        27,
        46
      ]
    ],
    "in_cols": [
      29,
      18,
      37,
      47,
      27,
      22,
      4,
      42,
      20,
      28,
      36,
      46,
      11,
      14,
      9,
      17,
      26,
      35,
      16,
      15,
      3,
      12,
      1,
      43,
      0,
      5,
      39,
      40,
      32,
      24,
      23,
      34,
      10,
      41,
      45,
      31,
      7,
      38,
      19,
      21,
      6,
      8,
      2,
      30,
      25,
      44,
      33,
      13
    ],
    "out_cols": [
      25,
      28,
      35,
      38,
      15,
      41,
      46,
      40,
      26,
      14,
      42,
      20,
      44,
      7,
      32,
      29,
      1,
      23,
      11,
      30,
      13,
      12,
      19,
      34,
      21,
      4,
      6,
      0,
      5,
      24,
      17,
      8,
      47,
      33,
      43,
      3,
      36,
      45,
      31,
      27,
      18,
      16,
      39,
      37,
      2,
      10,
      9,
      22
    ]
  }
}