{
  "config": {
    "steps": 700,
    "lr": 0.02,
    "tau_start": 1.0,
    "tau_end": 0.03,
    "sinkhorn_iters": 30,
    "lambda_ent": 0.0003,
    "train_subsample": 0,
    "seed": 7703,
    "device": "cuda"
  },
  "final": {
    "soft_mse_full": 0.35014569759368896,
    "discrete_mse": 80.77508544921875,
    "hash_match": false,
    "perm_str": "59,52,39,30,95,75,42,63,56,72,44,82,74,80,86,55,94,93,88,29,58,90,35,38,18,78,28,19,37,7,73,24,15,67,68,47,48,57,3,22,50,26,31,36,1,40,87,71,23,25,5,76,14,6,62,32,81,11,45,70,77,20,4,96,16,83,27,51,65,53,0,17,43,34,13,79,60,92,41,46,49,54,10,8,2,9,91,33,61,12,84,66,64,89,69,21,85",
    "in_cols": [
      29,
      18,
      47,
      20,
      27,
      22,
      38,
      42,
      46,
      44,
      28,
      16,
      11,
      14,
      17,
      37,
      9,
      35,
      24,
      3,
      26,
      15,
      1,
      43,
      12,
      5,
      8,
      32,
      40,
      23,
      39,
      4,
      10,
      13,
      34,
      0,
      21,
      7,
      30,
      19,
      25,
      6,
      2,
      45,
      31,
      41,
      33,
      36
    ],
    "out_cols": [
      25,
      15,
      36,
      30,
      35,
      41,
      40,
      28,
      46,
      14,
      44,
      20,
      38,
      7,
      1,
      11,
      32,
      23,
      29,
      10,
      13,
      19,
      21,
      34,
      12,
      37,
      0,
      16,
      4,
      33,
      8,
      47,
      42,
      24,
      26,
      6,
      18,
      39,
      45,
      22,
      27,
      2,
      3,
      17,
      5,
      31,
      43,
      9
    ]
  },
  "best_seen": {
    "discrete_mse": 5.698877811431885,
    "order": [
      [
        59,
        52
      ],
      [
        39,
        30
      ],
      [
        95,
        55
      ],
      [
        42,
        63
      ],
      [
        56,
        72
      ],
      [
        44,
        82
      ],
      [
        73,
        80
      ],
      [
        88,
        29
      ],
      [
        94,
        93
      ],
      [
        58,
        83
      ],
      [
        69,
        90
      ],
      [
        35,
        38
      ],
      [
        18,
        78
      ],
      [
        28,
        19
      ],
      [
        37,
        7
      ],
      [
        10,
        24
      ],
      [
        15,
        67
      ],
      [
        68,
        47
      ],
      [
        27,
        57
      ],
      [
        3,
        53
      ],
      [
        50,
        26
      ],
      [
        31,
        36
      ],
      [
        1,
        40
      ],
      [
        87,
        71
      ],
      [
        23,
        25
      ],
      [
        77,
        76
      ],
      [
        14,
        6
      ],
      [
        62,
        32
      ],
      [
        81,
        11
      ],
      [
        48,
        70
      ],
      [
        45,
        20
      ],
      [
        86,
        96
      ],
      [
        16,
        22
      ],
      [
        5,
        51
      ],
      [
        65,
        75
      ],
      [
        0,
        17
      ],
      [
        43,
        34
      ],
      [
        13,
        79
      ],
      [
        74,
        92
      ],
      [
        41,
        46
      ],
      [
        49,
        54
      ],
      [
        60,
        8
      ],
      [
        2,
        9
      ],
      [
        91,
        33
      ],
      [
        61,
        12
      ],
      [
        84,
        66
      ],
      [
        64,
        89
      ],
      [
        4,
        21
      ]
    ],
    "in_cols": [
      29,
      18,
      47,
      20,
      27,
      22,
      37,
      44,
      46,
      28,
      36,
      16,
      11,
      14,
      17,
      6,
      9,
      35,
      13,
      3,
      26,
      15,
      1,
      43,
      12,
      39,
      8,
      32,
      40,
      24,
      23,
      42,
      10,
      5,
      34,
      0,
      21,
      7,
      38,
      19,
      25,
      30,
      2,
      45,
      31,
      41,
      33,
      4
    ],
    "out_cols": [
      25,
      15,
      28,
      30,
      35,
      41,
      40,
      14,
      46,
      42,
      44,
      20,
      38,
      7,
      1,
      11,
      32,
      23,
      29,
      26,
      13,
      19,
      21,
      34,
      12,
      37,
      0,
      16,
      4,
      33,
      8,
      47,
      10,
      24,
      36,
      6,
      18,
      39,
      45,
      22,
      27,
      2,
      3,
      17,
      5,
      31,
      43,
      9
    ]
  }
}