{
  "config": {
    "steps": 700,
    "lr": 0.015,
    "tau_start": 1.0,
    "tau_end": 0.025,
    "sinkhorn_iters": 30,
    "lambda_ent": 0.0001,
    "train_subsample": 0,
    "seed": 25404,
    "device": "cuda"
  },
  "final": {
    "soft_mse_full": 0.38990527391433716,
    "discrete_mse": 300.321533203125,
    "hash_match": false,
    "perm_str": "59,52,39,30,3,72,95,93,44,82,73,55,74,78,68,80,42,29,58,47,18,83,94,7,86,90,35,19,50,36,4,57,15,67,10,24,1,26,28,66,31,25,14,63,37,38,87,71,23,40,5,11,64,51,77,17,45,33,48,6,81,20,65,92,16,96,13,53,62,75,60,89,2,70,56,21,84,8,43,9,61,54,91,76,41,22,49,34,69,32,27,46,0,79,88,12,85",
    "in_cols": [
      29,
      18,
      3,
      47,
      22,
      37,
      38,
      35,
      20,
      28,
      11,
      46,
      42,
      16,
      26,
      4,
      9,
      6,
      1,
      14,
      15,
      8,
      17,
      43,
      12,
      5,
      33,
      39,
      23,
      24,
      40,
      34,
      10,
      7,
      32,
      30,
      2,
      27,
      41,
      21,
      31,
      45,
      19,
      25,
      36,
      13,
      0,
      44
    ],
    "out_cols": [
      25,
      15,
      35,
      46,
      41,
      28,
      38,
      40,
      14,
      23,
      42,
      1,
      44,
      7,
      19,
      29,
      32,
      11,
      13,
      31,
      12,
      30,
      20,
      34,
      21,
      4,
      24,
      6,
      17,
      0,
      8,
      45,
      47,
      26,
      36,
      43,
      33,
      9,
      2,
      3,
      27,
      37,
      10,
      18,
      16,
      22,
      39,
      5
    ]
  },
  "best_seen": {
    "discrete_mse": 1.154600977897644,
    "order": [
      [
        59,
        52
      ],
      [
        39,
        30
      ],
      [
        3,
        72
      ],
      [
        95,
        93
      ],
      [
        44,
        82
      ],
      [
        73,
        55
      ],
      [
        74,
        78
      ],
      [
        68,
        80
      ],
      [
        42,
        67
      ],
      [
        58,
        29
      ],
      [
        18,
        83
      ],
      [
        94,
        7
      ],
      [
        86,
        90
      ],
      [
        35,
        19
      ],
      [
        50,
        36
      ],
      [
        37,
        57
      ],
      [
        15,
        47
      ],
      [
        10,
        24
      ],
      [
        48,
        26
      ],
      [
        28,
        40
      ],
      [
        31,
        21
      ],
      [
        14,
        63
      ],
      [
        1,
        38
      ],
      [
        87,
        71
      ],
      [
        23,
        25
      ],
      [
        81,
        11
      ],
      [
        64,
        51
      ],
      [
        77,
        17
      ],
      [
        45,
        33
      ],
      [
        5,
        6
      ],
      [
        62,
        20
      ],
      [
        65,
        92
      ],
      [
        16,
        96
      ],
      [
        13,
        53
      ],
      [
        43,
        75
      ],
      [
        60,
        89
      ],
      [
        2,
        70
      ],
      [
        56,
        34
      ],
      [
        4,
        8
      ],
      [
        41,
        9
      ],
      [
        84,
        54
      ],
      [
        91,
        76
      ],
      [
        61,
        22
      ],
      [
        49,
        66
      ],
      [
        69,
        32
      ],
      [
        27,
        46
      ],
      [
        0,
        79
      ],
      [
        88,
        12
      ]
    ],
    "in_cols": [
      29,
      18,
      3,
      47,
      22,
      37,
      38,
      35,
      20,
      28,
      11,
      46,
      42,
      16,
      26,
      17,
      9,
      6,
      24,
      14,
      15,
      8,
      1,
      43,
      12,
      40,
      33,
      39,
      23,
      5,
      32,
      34,
      10,
      7,
      21,
      30,
      2,
      27,
      4,
      19,
      41,
      45,
      31,
      25,
      36,
      13,
      0,
      44
    ],
    "out_cols": [
      25,
      15,
      35,
      46,
      41,
      28,
      38,
      40,
      32,
      14,
      42,
      1,
      44,
      7,
      19,
      29,
      23,
      11,
      13,
      21,
      9,
      30,
      20,
      34,
      12,
      4,
      24,
      6,
      17,
      0,
      8,
      45,
      47,
      26,
      36,
      43,
      33,
      18,
      2,
      3,
      27,
      37,
      10,
      31,
      16,
      22,
      39,
      5
    ]
  }
}