{
  "config": {
    "steps": 700,
    "lr": 0.015,
    "tau_start": 1.0,
    "tau_end": 0.025,
    "sinkhorn_iters": 30,
    "lambda_ent": 0.0001,
    "train_subsample": 0,
    "seed": 27004,
    "device": "cuda"
  },
  "final": {
    "soft_mse_full": 0.30845579504966736,
    "discrete_mse": 404.2550048828125,
    "hash_match": false,
    "perm_str": "59,52,39,30,86,72,95,93,45,82,44,78,69,55,68,80,42,83,58,29,18,67,94,66,73,90,10,19,35,24,37,7,15,57,28,47,87,71,1,63,3,26,31,36,50,38,23,75,84,25,14,11,77,76,48,32,91,92,5,33,4,6,81,40,62,20,16,96,65,89,61,53,0,70,56,21,27,17,74,34,64,54,13,9,43,12,41,51,2,79,49,22,88,8,60,46,85",
    "in_cols": [
      29,
      18,
      42,
      47,
      23,
      22,
      36,
      35,
      20,
      28,
      11,
      46,
      37,
      6,
      16,
      17,
      9,
      14,
      43,
      1,
      3,
      15,
      26,
      12,
      41,
      8,
      39,
      24,
      45,
      5,
      4,
      40,
      32,
      10,
      34,
      31,
      0,
      27,
      13,
      38,
      33,
      7,
      21,
      19,
      2,
      25,
      44,
      30
    ],
    "out_cols": [
      25,
      15,
      35,
      46,
      41,
      38,
      28,
      40,
      42,
      14,
      32,
      31,
      44,
      7,
      11,
      1,
      29,
      23,
      34,
      30,
      13,
      19,
      20,
      36,
      12,
      4,
      37,
      16,
      45,
      17,
      0,
      21,
      8,
      47,
      43,
      26,
      33,
      9,
      6,
      18,
      27,
      3,
      5,
      24,
      39,
      10,
      2,
      22
    ]
  },
  "best_seen": {
    "discrete_mse": 34.47770309448242,
    "order": [
      [
        41,
        67
      ],
      [
        84,
        92
      ],
      [
        65,
        46
      ],
      [
        50,
        40
      ],
      [
        62,
        54
      ],
      [
        0,
        21
      ],
      [
        81,
        12
      ],
      [
        15,
        66
      ],
      [
        69,
        7
      ],
      [
        39,
        83
      ],
      [
        61,
        82
      ],
      [
        37,
        47
      ],
      [
        4,
        96
      ],
      [
        68,
        80
      ],
      [
        42,
        71
      ],
      [
        2,
        33
      ],
      [
        1,
        70
      ],
      [
        18,
        20
      ],
      [
        10,
        26
      ],
      [
        64,
        55
      ],
      [
        28,
        57
      ],
      [
        74,
        76
      ],
      [
        14,
        32
      ],
      [
        43,
        75
      ],
      [
        59,
        22
      ],
      [
        49,
        63
      ],
      [
        58,
        34
      ],
      [
        60,
        17
      ],
      [
        27,
        25
      ],
      [
        31,
        38
      ],
      [
        45,
        51
      ],
      [
        88,
        72
      ],
      [
        95,
        78
      ],
      [
        86,
        19
      ],
      [
        13,
        8
      ],
      [
        23,
        24
      ],
      [
        3,
        36
      ],
      [
        87,
        53
      ],
      [
        56,
        9
      ],
      [
        35,
        89
      ],
      [
        94,
        93
      ],
      [
        91,
        52
      ],
      [
        48,
        29
      ],
      [
        44,
        79
      ],
      [
        5,
        11
      ],
      [
        73,
        90
      ],
      [
        77,
        6
      ],
      [
        16,
        30
      ]
    ],
    "in_cols": [
      19,
      41,
      34,
      26,
      32,
      0,
      40,
      9,
      36,
      18,
      31,
      17,
      4,
      35,
      20,
      2,
      1,
      11,
      6,
      33,
      14,
      38,
      8,
      21,
      29,
      25,
      28,
      30,
      13,
      15,
      23,
      44,
      47,
      42,
      7,
      12,
      3,
      43,
      27,
      16,
      46,
      45,
      24,
      22,
      5,
      37,
      39,
      10
    ],
    "out_cols": [
      32,
      45,
      22,
      21,
      27,
      9,
      5,
      31,
      1,
      42,
      41,
      23,
      47,
      40,
      34,
      17,
      33,
      8,
      13,
      28,
      29,
      37,
      16,
      36,
      10,
      30,
      18,
      6,
      12,
      20,
      24,
      35,
      38,
      7,
      2,
      11,
      19,
      26,
      3,
      43,
      46,
      25,
      14,
      39,
      4,
      44,
      0,
      15
    ]
  }
}