{
  "config": {
    "steps": 900,
    "lr": 0.03,
    "tau_start": 1.0,
    "tau_end": 0.028,
    "sinkhorn_iters": 30,
    "lambda_ent": 0.0003,
    "train_subsample": 4096,
    "seed": 4102,
    "device": "cuda"
  },
  "final": {
    "soft_mse_full": 0.44432729482650757,
    "discrete_mse": 40.86685562133789,
    "hash_match": false,
    "perm_str": "95,52,31,75,39,29,42,63,14,82,44,78,74,93,94,80,81,55,59,30,86,90,58,83,28,19,18,47,73,67,48,7,37,57,35,24,68,26,3,53,50,66,87,71,1,38,23,36,0,40,84,25,15,96,5,51,4,32,77,11,45,92,16,70,62,6,65,20,13,34,61,9,69,33,43,8,60,22,27,46,10,54,91,89,41,72,56,79,2,12,64,76,88,21,49,17,85",
    "in_cols": [
      47,
      15,
      18,
      20,
      8,
      22,
      38,
      46,
      40,
      29,
      42,
      28,
      14,
      11,
      37,
      24,
      17,
      16,
      35,
      3,
      26,
      43,
      1,
      12,
      0,
      41,
      9,
      5,
      4,
      39,
      23,
      10,
      32,
      34,
      7,
      31,
      36,
      21,
      30,
      13,
      6,
      45,
      19,
      27,
      2,
      33,
      44,
      25
    ],
    "out_cols": [
      25,
      36,
      14,
      30,
      41,
      38,
      46,
      40,
      28,
      15,
      44,
      42,
      7,
      23,
      32,
      1,
      29,
      11,
      13,
      26,
      31,
      34,
      20,
      19,
      21,
      12,
      47,
      24,
      16,
      4,
      45,
      33,
      0,
      8,
      18,
      3,
      17,
      2,
      10,
      22,
      27,
      43,
      35,
      39,
      5,
      37,
      9,
      6
    ]
  },
  "best_seen": {
    "discrete_mse": 24.63593101501465,
    "order": [
      [
        95,
        52
      ],
      [
        39,
        75
      ],
      [
        88,
        29
      ],
      [
        81,
        63
      ],
      [
        14,
        82
      ],
      [
        44,
        78
      ],
      [
        74,
        93
      ],
      [
        94,
        80
      ],
      [
        42,
        55
      ],
      [
        59,
        30
      ],
      [
        86,
        90
      ],
      [
        58,
        83
      ],
      [
        28,
        19
      ],
      [
        18,
        47
      ],
      [
        73,
        67
      ],
      [
        48,
        7
      ],
      [
        37,
        57
      ],
      [
        35,
        24
      ],
      [
        68,
        26
      ],
      [
        3,
        53
      ],
      [
        50,
        66
      ],
      [
        87,
        71
      ],
      [
        1,
        38
      ],
      [
        31,
        36
      ],
      [
        23,
        40
      ],
      [
        84,
        25
      ],
      [
        15,
        96
      ],
      [
        5,
        51
      ],
      [
        4,
        32
      ],
      [
        77,
        11
      ],
      [
        45,
        92
      ],
      [
        16,
        70
      ],
      [
        62,
        6
      ],
      [
        65,
        20
      ],
      [
        13,
        34
      ],
      [
        61,
        9
      ],
      [
        69,
        33
      ],
      [
        2,
        8
      ],
      [
        60,
        22
      ],
      [
        27,
        46
      ],
      [
        10,
        54
      ],
      [
        91,
        89
      ],
      [
        0,
        72
      ],
      [
        56,
        79
      ],
      [
        41,
        12
      ],
      [
        64,
        76
      ],
      [
        43,
        21
      ],
      [
        49,
        17
      ]
    ],
    "in_cols": [
      47,
      18,
      44,
      40,
      8,
      22,
      38,
      46,
      20,
      29,
      42,
      28,
      14,
      11,
      37,
      24,
      17,
      16,
      35,
      3,
      26,
      43,
      1,
      15,
      12,
      41,
      9,
      5,
      4,
      39,
      23,
      10,
      32,
      34,
      7,
      31,
      36,
      2,
      30,
      13,
      6,
      45,
      0,
      27,
      19,
      33,
      21,
      25
    ],
    "out_cols": [
      25,
      36,
      14,
      30,
      41,
      38,
      46,
      40,
      28,
      15,
      44,
      42,
      7,
      23,
      32,
      1,
      29,
      11,
      13,
      26,
      31,
      34,
      20,
      19,
      21,
      12,
      47,
      24,
      16,
      4,
      45,
      33,
      0,
      8,
      18,
      3,
      17,
      2,
      10,
      22,
      27,
      43,
      35,
      39,
      5,
      37,
      9,
      6
    ]
  }
}