{
  "config": {
    "steps": 900,
    "lr": 0.03,
    "tau_start": 1.0,
    "tau_end": 0.03,
    "sinkhorn_iters": 30,
    "lambda_ent": 0.0003,
    "train_subsample": 4096,
    "seed": 17301,
    "device": "cuda"
  },
  "final": {
    "soft_mse_full": 0.5170180797576904,
    "discrete_mse": 5.428615570068359,
    "hash_match": false,
    "perm_str": "39,72,59,52,86,29,95,63,56,30,44,82,14,78,15,80,42,55,88,26,18,93,50,67,37,47,10,7,3,19,73,57,35,24,94,71,48,53,28,40,87,25,31,36,23,90,1,38,64,12,16,76,27,17,62,20,81,11,91,33,43,96,5,6,2,21,69,83,4,70,77,9,13,75,65,32,68,8,74,92,41,46,49,54,61,51,84,66,0,79,60,22,58,89,45,34,85",
    "in_cols": [
      18,
      29,
      42,
      47,
      27,
      22,
      8,
      9,
      20,
      44,
      11,
      26,
      17,
      6,
      3,
      37,
      16,
      46,
      24,
      14,
      43,
      15,
      12,
      1,
      33,
      10,
      13,
      32,
      40,
      45,
      21,
      5,
      2,
      36,
      4,
      39,
      7,
      34,
      35,
      38,
      19,
      25,
      31,
      41,
      0,
      30,
      28,
      23
    ],
    "out_cols": [
      35,
      25,
      14,
      30,
      15,
      41,
      38,
      40,
      28,
      13,
      46,
      32,
      23,
      1,
      7,
      29,
      11,
      34,
      26,
      21,
      12,
      19,
      44,
      20,
      5,
      37,
      6,
      8,
      4,
      17,
      47,
      0,
      9,
      42,
      33,
      3,
      36,
      16,
      2,
      45,
      22,
      27,
      24,
      31,
      39,
      10,
      43,
      18
    ]
  },
  "best_seen": {
    "discrete_mse": 5.428615570068359,
    "order": [
      [
        39,
        72
      ],
      [
        59,
        52
      ],
      [
        86,
        29
      ],
      [
        95,
        63
      ],
      [
        56,
        30
      ],
      [
        44,
        82
      ],
      [
        14,
        78
      ],
      [
        15,
        80
      ],
      [
        42,
        55
      ],
      [
        88,
        26
      ],
      [
        18,
        93
      ],
      [
        50,
        67
      ],
      [
        37,
        47
      ],
      [
        10,
        7
      ],
      [
        3,
        19
      ],
      [
        73,
        57
      ],
      [
        35,
        24
      ],
      [
        94,
        71
      ],
      [
        48,
        53
      ],
      [
        28,
        40
      ],
      [
        87,
        25
      ],
      [
        31,
        36
      ],
      [
        23,
        90
      ],
      [
        1,
        38
      ],
      [
        64,
        12
      ],
      [
        16,
        76
      ],
      [
        27,
        17
      ],
      [
        62,
        20
      ],
      [
        81,
        11
      ],
      [
        91,
        33
      ],
      [
        43,
        96
      ],
      [
        5,
        6
      ],
      [
        2,
        21
      ],
      [
        69,
        83
      ],
      [
        4,
        70
      ],
      [
        77,
        9
      ],
      [
        13,
        75
      ],
      [
        65,
        32
      ],
      [
        68,
        8
      ],
      [
        74,
        92
      ],
      [
        41,
        46
      ],
      [
        49,
        54
      ],
      [
        61,
        51
      ],
      [
        84,
        66
      ],
      [
        0,
        79
      ],
      [
        60,
        22
      ],
      [
        58,
        89
      ],
      [
        45,
        34
      ]
    ],
    "in_cols": [
      18,
      29,
      42,
      47,
      27,
      22,
      8,
      9,
      20,
      44,
      11,
      26,
      17,
      6,
      3,
      37,
      16,
      46,
      24,
      14,
      43,
      15,
      12,
      1,
      33,
      10,
      13,
      32,
      40,
      45,
      21,
      5,
      2,
      36,
      4,
      39,
      7,
      34,
      35,
      38,
      19,
      25,
      31,
      41,
      0,
      30,
      28,
      23
    ],
    "out_cols": [
      35,
      25,
      14,
      30,
      15,
      41,
      38,
      40,
      28,
      13,
      46,
      32,
      23,
      1,
      7,
      29,
      11,
      34,
      26,
      21,
      12,
      19,
      44,
      20,
      5,
      37,
      6,
      8,
      4,
      17,
      47,
      0,
      9,
      42,
      33,
      3,
      36,
      16,
      2,
      45,
      22,
      27,
      24,
      31,
      39,
      10,
      43,
      18
    ]
  }
}