{
  "config": {
    "steps": 900,
    "lr": 0.03,
    "tau_start": 1.0,
    "tau_end": 0.03,
    "sinkhorn_iters": 30,
    "lambda_ent": 0.0003,
    "train_subsample": 4096,
    "seed": 22301,
    "device": "cuda"
  },
  "final": {
    "soft_mse_full": 0.3875136077404022,
    "discrete_mse": 25.779102325439453,
    "hash_match": false,
    "perm_str": "59,52,39,72,95,82,74,55,56,30,44,78,48,93,88,54,42,29,69,67,86,26,35,90,37,40,28,19,10,24,73,7,15,57,50,47,94,70,1,63,3,53,87,25,31,36,0,38,60,71,77,76,4,17,64,51,81,11,91,92,45,33,5,6,65,20,16,96,14,8,23,83,62,75,27,89,13,34,2,9,43,22,18,32,41,79,58,46,61,80,84,66,49,21,68,12,85",
    "in_cols": [
      29,
      18,
      47,
      38,
      27,
      22,
      24,
      44,
      20,
      36,
      42,
      16,
      17,
      14,
      6,
      37,
      9,
      26,
      46,
      1,
      3,
      43,
      15,
      0,
      30,
      39,
      4,
      33,
      40,
      45,
      23,
      5,
      34,
      10,
      8,
      12,
      32,
      13,
      7,
      2,
      21,
      11,
      19,
      28,
      31,
      41,
      25,
      35
    ],
    "out_cols": [
      25,
      35,
      41,
      28,
      15,
      38,
      46,
      27,
      14,
      32,
      13,
      44,
      21,
      7,
      11,
      1,
      29,
      23,
      33,
      30,
      26,
      12,
      19,
      20,
      34,
      37,
      6,
      24,
      4,
      45,
      17,
      0,
      8,
      47,
      2,
      42,
      36,
      43,
      18,
      3,
      10,
      16,
      39,
      22,
      40,
      31,
      9,
      5
    ]
  },
  "best_seen": {
    "discrete_mse": 9.699828147888184,
    "order": [
      [
        59,
        52
      ],
      [
        39,
        30
      ],
      [
        95,
        72
      ],
      [
        74,
        55
      ],
      [
        56,
        82
      ],
      [
        44,
        78
      ],
      [
        68,
        93
      ],
      [
        88,
        54
      ],
      [
        42,
        80
      ],
      [
        69,
        67
      ],
      [
        86,
        26
      ],
      [
        18,
        90
      ],
      [
        37,
        40
      ],
      [
        28,
        19
      ],
      [
        10,
        24
      ],
      [
        73,
        7
      ],
      [
        15,
        57
      ],
      [
        50,
        47
      ],
      [
        94,
        70
      ],
      [
        1,
        63
      ],
      [
        3,
        53
      ],
      [
        87,
        25
      ],
      [
        31,
        36
      ],
      [
        0,
        38
      ],
      [
        60,
        71
      ],
      [
        77,
        76
      ],
      [
        4,
        17
      ],
      [
        35,
        51
      ],
      [
        81,
        11
      ],
      [
        91,
        92
      ],
      [
        5,
        33
      ],
      [
        65,
        6
      ],
      [
        48,
        20
      ],
      [
        16,
        96
      ],
      [
        14,
        8
      ],
      [
        23,
        83
      ],
      [
        62,
        75
      ],
      [
        27,
        89
      ],
      [
        13,
        34
      ],
      [
        2,
        9
      ],
      [
        43,
        22
      ],
      [
        45,
        32
      ],
      [
        41,
        79
      ],
      [
        58,
        46
      ],
      [
        61,
        29
      ],
      [
        84,
        66
      ],
      [
        49,
        21
      ],
      [
        64,
        12
      ]
    ],
    "in_cols": [
      29,
      18,
      47,
      38,
      27,
      22,
      35,
      44,
      20,
      36,
      42,
      11,
      17,
      14,
      6,
      37,
      9,
      26,
      46,
      1,
      3,
      43,
      15,
      0,
      30,
      39,
      4,
      16,
      40,
      45,
      5,
      34,
      24,
      10,
      8,
      12,
      32,
      13,
      7,
      2,
      21,
      23,
      19,
      28,
      31,
      41,
      25,
      33
    ],
    "out_cols": [
      25,
      15,
      35,
      28,
      41,
      38,
      46,
      27,
      40,
      32,
      13,
      44,
      21,
      7,
      11,
      1,
      29,
      23,
      33,
      30,
      26,
      12,
      19,
      20,
      34,
      37,
      6,
      24,
      4,
      45,
      17,
      0,
      8,
      47,
      2,
      42,
      36,
      43,
      18,
      3,
      10,
      16,
      39,
      22,
      14,
      31,
      9,
      5
    ]
  }
}