{
  "config": {
    "steps": 700,
    "lr": 0.02,
    "tau_start": 1.0,
    "tau_end": 0.03,
    "sinkhorn_iters": 30,
    "lambda_ent": 0.0003,
    "train_subsample": 0,
    "seed": 8203,
    "device": "cuda"
  },
  "final": {
    "soft_mse_full": 0.3430410921573639,
    "discrete_mse": 67.17382049560547,
    "hash_match": false,
    "perm_str": "59,52,87,72,39,55,95,26,44,78,74,82,73,80,42,7,88,54,69,93,94,30,58,90,18,29,28,19,35,24,37,57,15,67,86,47,48,71,1,63,3,25,31,36,50,66,23,38,64,40,77,11,14,51,4,32,81,6,65,20,5,33,16,96,2,70,91,53,62,76,41,9,13,83,49,75,45,92,60,8,43,21,84,79,56,22,10,34,61,46,0,12,68,17,27,89,85",
    "in_cols": [
      29,
      43,
      18,
      47,
      22,
      38,
      37,
      20,
      44,
      36,
      46,
      28,
      11,
      14,
      16,
      17,
      9,
      42,
      24,
      1,
      3,
      15,
      26,
      12,
      33,
      39,
      8,
      4,
      40,
      34,
      5,
      10,
      2,
      45,
      32,
      19,
      7,
      25,
      23,
      30,
      21,
      41,
      27,
      6,
      31,
      0,
      35,
      13
    ],
    "out_cols": [
      25,
      35,
      28,
      13,
      38,
      41,
      40,
      1,
      27,
      46,
      15,
      44,
      14,
      7,
      11,
      29,
      32,
      23,
      34,
      30,
      12,
      19,
      31,
      20,
      21,
      4,
      24,
      16,
      0,
      8,
      17,
      47,
      33,
      26,
      37,
      3,
      42,
      36,
      45,
      2,
      9,
      39,
      10,
      18,
      22,
      5,
      6,
      43
    ]
  },
  "best_seen": {
    "discrete_mse": 2.098667621612549,
    "order": [
      [
        59,
        52
      ],
      [
        3,
        72
      ],
      [
        39,
        55
      ],
      [
        95,
        26
      ],
      [
        44,
        78
      ],
      [
        74,
        82
      ],
      [
        73,
        80
      ],
      [
        42,
        7
      ],
      [
        88,
        54
      ],
      [
        69,
        93
      ],
      [
        94,
        30
      ],
      [
        58,
        90
      ],
      [
        18,
        29
      ],
      [
        28,
        19
      ],
      [
        35,
        24
      ],
      [
        37,
        57
      ],
      [
        15,
        67
      ],
      [
        86,
        47
      ],
      [
        48,
        71
      ],
      [
        87,
        63
      ],
      [
        14,
        25
      ],
      [
        31,
        36
      ],
      [
        50,
        66
      ],
      [
        1,
        38
      ],
      [
        23,
        40
      ],
      [
        77,
        11
      ],
      [
        64,
        51
      ],
      [
        4,
        32
      ],
      [
        81,
        6
      ],
      [
        65,
        20
      ],
      [
        5,
        33
      ],
      [
        16,
        96
      ],
      [
        2,
        70
      ],
      [
        91,
        53
      ],
      [
        62,
        76
      ],
      [
        41,
        9
      ],
      [
        13,
        83
      ],
      [
        49,
        75
      ],
      [
        45,
        92
      ],
      [
        60,
        8
      ],
      [
        43,
        21
      ],
      [
        84,
        79
      ],
      [
        56,
        22
      ],
      [
        10,
        34
      ],
      [
        61,
        46
      ],
      [
        0,
        12
      ],
      [
        68,
        17
      ],
      [
        27,
        89
      ]
    ],
    "in_cols": [
      29,
      3,
      18,
      47,
      22,
      38,
      37,
      20,
      44,
      36,
      46,
      28,
      11,
      14,
      16,
      17,
      9,
      42,
      24,
      43,
      8,
      15,
      26,
      1,
      12,
      39,
      33,
      4,
      40,
      34,
      5,
      10,
      2,
      45,
      32,
      19,
      7,
      25,
      23,
      30,
      21,
      41,
      27,
      6,
      31,
      0,
      35,
      13
    ],
    "out_cols": [
      25,
      35,
      28,
      13,
      38,
      41,
      40,
      1,
      27,
      46,
      15,
      44,
      14,
      7,
      11,
      29,
      32,
      23,
      34,
      30,
      12,
      19,
      31,
      20,
      21,
      4,
      24,
      16,
      0,
      8,
      17,
      47,
      33,
      26,
      37,
      3,
      42,
      36,
      45,
      2,
      9,
      39,
      10,
      18,
      22,
      5,
      6,
      43
    ]
  }
}