{
  "config": {
    "steps": 700,
    "lr": 0.02,
    "tau_start": 1.0,
    "tau_end": 0.03,
    "sinkhorn_iters": 30,
    "lambda_ent": 0.0003,
    "train_subsample": 0,
    "seed": 10703,
    "device": "cuda"
  },
  "final": {
    "soft_mse_full": 0.41381317377090454,
    "discrete_mse": 31.159292221069336,
    "hash_match": false,
    "perm_str": "59,52,73,72,74,75,95,63,56,82,39,55,44,93,68,80,42,83,58,29,18,38,86,90,37,47,28,19,35,24,0,7,15,67,50,57,1,26,94,53,3,25,31,36,23,40,87,71,14,17,5,11,77,51,4,92,81,32,62,6,65,20,16,70,45,33,48,96,91,30,13,54,27,89,43,9,10,34,49,8,84,79,60,22,2,78,41,76,69,66,61,46,64,12,88,21,85",
    "in_cols": [
      29,
      37,
      38,
      47,
      27,
      18,
      22,
      35,
      20,
      28,
      11,
      42,
      17,
      14,
      16,
      0,
      9,
      26,
      1,
      46,
      3,
      15,
      12,
      43,
      8,
      5,
      39,
      4,
      40,
      32,
      34,
      10,
      23,
      24,
      45,
      7,
      13,
      21,
      6,
      25,
      41,
      30,
      2,
      19,
      36,
      31,
      33,
      44
    ],
    "out_cols": [
      25,
      35,
      36,
      30,
      41,
      28,
      46,
      40,
      42,
      14,
      20,
      44,
      23,
      7,
      11,
      1,
      32,
      29,
      13,
      26,
      12,
      19,
      21,
      34,
      6,
      4,
      24,
      45,
      16,
      0,
      8,
      33,
      17,
      47,
      15,
      27,
      43,
      3,
      18,
      2,
      39,
      10,
      38,
      37,
      31,
      22,
      5,
      9
    ]
  },
  "best_seen": {
    "discrete_mse": 45.30329132080078,
    "order": [
      [
        13,
        9
      ],
      [
        64,
        47
      ],
      [
        2,
        93
      ],
      [
        1,
        92
      ],
      [
        74,
        26
      ],
      [
        10,
        63
      ],
      [
        87,
        8
      ],
      [
        5,
        12
      ],
      [
        44,
        36
      ],
      [
        95,
        55
      ],
      [
        14,
        46
      ],
      [
        62,
        79
      ],
      [
        69,
        72
      ],
      [
        88,
        80
      ],
      [
        35,
        89
      ],
      [
        48,
        83
      ],
      [
        43,
        66
      ],
      [
        50,
        29
      ],
      [
        59,
        76
      ],
      [
        81,
        22
      ],
      [
        73,
        25
      ],
      [
        37,
        78
      ],
      [
        39,
        40
      ],
      [
        68,
        21
      ],
      [
        31,
        82
      ],
      [
        42,
        57
      ],
      [
        15,
        53
      ],
      [
        0,
        90
      ],
      [
        91,
        71
      ],
      [
        45,
        51
      ],
      [
        61,
        70
      ],
      [
        65,
        6
      ],
      [
        86,
        38
      ],
      [
        3,
        33
      ],
      [
        16,
        19
      ],
      [
        77,
        96
      ],
      [
        84,
        7
      ],
      [
        60,
        24
      ],
      [
        58,
        67
      ],
      [
        56,
        11
      ],
      [
        41,
        34
      ],
      [
        18,
        20
      ],
      [
        49,
        32
      ],
      [
        94,
        52
      ],
      [
        27,
        30
      ],
      [
        4,
        75
      ],
      [
        28,
        54
      ],
      [
        23,
        17
      ]
    ],
    "in_cols": [
      7,
      33,
      2,
      1,
      38,
      6,
      43,
      5,
      22,
      47,
      8,
      32,
      36,
      44,
      16,
      24,
      21,
      26,
      29,
      40,
      37,
      17,
      18,
      35,
      15,
      20,
      9,
      0,
      45,
      23,
      31,
      34,
      42,
      3,
      10,
      39,
      41,
      30,
      28,
      27,
      19,
      11,
      25,
      46,
      13,
      4,
      14,
      12
    ],
    "out_cols": [
      3,
      23,
      46,
      45,
      13,
      30,
      2,
      5,
      19,
      28,
      22,
      39,
      35,
      40,
      43,
      42,
      31,
      14,
      37,
      10,
      12,
      38,
      21,
      9,
      41,
      29,
      26,
      44,
      34,
      24,
      33,
      0,
      20,
      17,
      7,
      47,
      1,
      11,
      32,
      4,
      18,
      8,
      16,
      25,
      15,
      36,
      27,
      6
    ]
  }
}