{
  "config": {
    "steps": 700,
    "lr": 0.015,
    "tau_start": 1.0,
    "tau_end": 0.025,
    "sinkhorn_iters": 30,
    "lambda_ent": 0.0001,
    "train_subsample": 0,
    "seed": 15704,
    "device": "cuda"
  },
  "final": {
    "soft_mse_full": 0.32114702463150024,
    "discrete_mse": 109.32482147216797,
    "hash_match": false,
    "perm_str": "59,52,74,72,95,63,56,30,44,82,42,78,39,55,94,80,88,29,58,93,86,90,18,71,48,47,28,19,73,7,37,57,15,67,68,26,35,24,87,40,3,53,50,66,31,36,1,38,23,25,45,17,14,75,5,11,4,32,65,33,62,20,81,6,16,96,0,70,2,9,13,89,27,54,77,83,84,92,10,21,49,46,41,51,91,76,43,8,60,22,69,12,61,34,64,79,85",
    "in_cols": [
      29,
      38,
      47,
      27,
      22,
      20,
      18,
      46,
      44,
      28,
      42,
      11,
      24,
      14,
      37,
      17,
      9,
      35,
      16,
      43,
      3,
      26,
      15,
      1,
      12,
      23,
      8,
      5,
      4,
      34,
      32,
      40,
      10,
      0,
      2,
      7,
      13,
      39,
      41,
      6,
      25,
      19,
      45,
      21,
      30,
      36,
      31,
      33
    ],
    "out_cols": [
      25,
      35,
      30,
      15,
      41,
      38,
      28,
      40,
      14,
      46,
      44,
      34,
      23,
      7,
      1,
      29,
      32,
      13,
      11,
      21,
      26,
      31,
      19,
      20,
      12,
      6,
      36,
      4,
      16,
      17,
      8,
      0,
      47,
      33,
      3,
      43,
      27,
      42,
      45,
      9,
      22,
      24,
      37,
      2,
      10,
      5,
      18,
      39
    ]
  },
  "best_seen": {
    "discrete_mse": 29.437427520751953,
    "order": [
      [
        59,
        52
      ],
      [
        39,
        72
      ],
      [
        95,
        63
      ],
      [
        56,
        30
      ],
      [
        44,
        82
      ],
      [
        73,
        78
      ],
      [
        74,
        55
      ],
      [
        94,
        38
      ],
      [
        42,
        29
      ],
      [
        88,
        93
      ],
      [
        86,
        90
      ],
      [
        18,
        80
      ],
      [
        48,
        47
      ],
      [
        28,
        19
      ],
      [
        77,
        7
      ],
      [
        37,
        57
      ],
      [
        15,
        67
      ],
      [
        68,
        26
      ],
      [
        35,
        24
      ],
      [
        87,
        40
      ],
      [
        3,
        53
      ],
      [
        50,
        66
      ],
      [
        31,
        36
      ],
      [
        1,
        71
      ],
      [
        23,
        25
      ],
      [
        45,
        17
      ],
      [
        14,
        75
      ],
      [
        5,
        11
      ],
      [
        4,
        32
      ],
      [
        65,
        33
      ],
      [
        62,
        20
      ],
      [
        81,
        6
      ],
      [
        16,
        96
      ],
      [
        0,
        70
      ],
      [
        2,
        9
      ],
      [
        13,
        89
      ],
      [
        27,
        54
      ],
      [
        64,
        83
      ],
      [
        84,
        92
      ],
      [
        10,
        21
      ],
      [
        49,
        46
      ],
      [
        91,
        51
      ],
      [
        41,
        76
      ],
      [
        43,
        8
      ],
      [
        60,
        22
      ],
      [
        61,
        12
      ],
      [
        69,
        34
      ],
      [
        58,
        79
      ]
    ],
    "in_cols": [
      29,
      18,
      47,
      27,
      22,
      37,
      38,
      46,
      20,
      44,
      42,
      11,
      24,
      14,
      39,
      17,
      9,
      35,
      16,
      43,
      3,
      26,
      15,
      1,
      12,
      23,
      8,
      5,
      4,
      34,
      32,
      40,
      10,
      0,
      2,
      7,
      13,
      33,
      41,
      6,
      25,
      45,
      19,
      21,
      30,
      31,
      36,
      28
    ],
    "out_cols": [
      25,
      35,
      30,
      15,
      41,
      38,
      28,
      20,
      14,
      46,
      44,
      40,
      23,
      7,
      1,
      29,
      32,
      13,
      11,
      21,
      26,
      31,
      19,
      34,
      12,
      6,
      36,
      4,
      16,
      17,
      8,
      0,
      47,
      33,
      3,
      43,
      27,
      42,
      45,
      9,
      22,
      24,
      37,
      2,
      10,
      5,
      18,
      39
    ]
  }
}