{
  "config": {
    "steps": 900,
    "lr": 0.03,
    "tau_start": 1.0,
    "tau_end": 0.028,
    "sinkhorn_iters": 30,
    "lambda_ent": 0.0003,
    "train_subsample": 4096,
    "seed": 12702,
    "device": "cuda"
  },
  "final": {
    "soft_mse_full": 0.45836082100868225,
    "discrete_mse": 70.7474365234375,
    "hash_match": false,
    "perm_str": "59,30,95,72,39,52,77,55,56,82,44,19,74,78,68,80,42,29,58,93,18,83,94,7,28,90,73,24,3,26,15,67,48,57,86,47,10,40,35,63,31,36,50,66,37,38,1,71,87,25,14,17,5,76,4,6,81,11,62,75,16,20,65,96,91,33,43,70,64,51,2,34,84,79,27,53,61,54,88,8,13,9,41,46,69,12,0,32,49,21,23,22,45,92,60,89,85",
    "in_cols": [
      29,
      47,
      18,
      39,
      27,
      22,
      38,
      35,
      20,
      28,
      11,
      46,
      14,
      37,
      3,
      9,
      24,
      42,
      6,
      16,
      15,
      26,
      17,
      1,
      43,
      8,
      5,
      4,
      40,
      32,
      10,
      34,
      45,
      21,
      33,
      2,
      41,
      13,
      31,
      44,
      7,
      19,
      36,
      0,
      25,
      12,
      23,
      30
    ],
    "out_cols": [
      15,
      35,
      25,
      28,
      41,
      7,
      38,
      40,
      14,
      46,
      42,
      1,
      44,
      11,
      13,
      32,
      29,
      23,
      21,
      30,
      19,
      31,
      20,
      34,
      12,
      6,
      37,
      0,
      4,
      36,
      8,
      47,
      17,
      33,
      24,
      18,
      39,
      26,
      27,
      2,
      3,
      22,
      5,
      16,
      9,
      10,
      45,
      43
    ]
  },
  "best_seen": {
    "discrete_mse": 1.3043330907821655,
    "order": [
      [
        39,
        30
      ],
      [
        95,
        75
      ],
      [
        73,
        52
      ],
      [
        74,
        55
      ],
      [
        56,
        82
      ],
      [
        44,
        19
      ],
      [
        5,
        78
      ],
      [
        86,
        80
      ],
      [
        42,
        83
      ],
      [
        69,
        93
      ],
      [
        58,
        90
      ],
      [
        94,
        7
      ],
      [
        35,
        25
      ],
      [
        18,
        24
      ],
      [
        48,
        26
      ],
      [
        15,
        67
      ],
      [
        37,
        57
      ],
      [
        68,
        47
      ],
      [
        10,
        40
      ],
      [
        87,
        63
      ],
      [
        31,
        36
      ],
      [
        50,
        66
      ],
      [
        28,
        38
      ],
      [
        1,
        71
      ],
      [
        59,
        11
      ],
      [
        14,
        17
      ],
      [
        77,
        76
      ],
      [
        62,
        6
      ],
      [
        81,
        29
      ],
      [
        91,
        92
      ],
      [
        16,
        20
      ],
      [
        65,
        96
      ],
      [
        45,
        33
      ],
      [
        43,
        70
      ],
      [
        64,
        51
      ],
      [
        2,
        34
      ],
      [
        84,
        79
      ],
      [
        27,
        53
      ],
      [
        49,
        54
      ],
      [
        88,
        8
      ],
      [
        13,
        9
      ],
      [
        41,
        46
      ],
      [
        3,
        12
      ],
      [
        0,
        32
      ],
      [
        4,
        21
      ],
      [
        61,
        22
      ],
      [
        23,
        72
      ],
      [
        60,
        89
      ]
    ],
    "in_cols": [
      18,
      47,
      37,
      38,
      27,
      22,
      5,
      42,
      20,
      36,
      28,
      46,
      16,
      11,
      24,
      9,
      17,
      35,
      6,
      43,
      15,
      26,
      14,
      1,
      29,
      8,
      39,
      32,
      40,
      45,
      10,
      34,
      23,
      21,
      33,
      2,
      41,
      13,
      25,
      44,
      7,
      19,
      3,
      0,
      4,
      31,
      12,
      30
    ],
    "out_cols": [
      15,
      36,
      25,
      28,
      41,
      7,
      38,
      40,
      42,
      46,
      44,
      1,
      12,
      11,
      13,
      32,
      29,
      23,
      21,
      30,
      19,
      31,
      20,
      34,
      4,
      6,
      37,
      0,
      14,
      45,
      8,
      47,
      17,
      33,
      24,
      18,
      39,
      26,
      27,
      2,
      3,
      22,
      5,
      16,
      9,
      10,
      35,
      43
    ]
  }
}