{
  "config": {
    "steps": 900,
    "lr": 0.03,
    "tau_start": 1.0,
    "tau_end": 0.028,
    "sinkhorn_iters": 30,
    "lambda_ent": 0.0003,
    "train_subsample": 4096,
    "seed": 9602,
    "device": "cuda"
  },
  "final": {
    "soft_mse_full": 0.3876880407333374,
    "discrete_mse": 13.77574634552002,
    "hash_match": false,
    "perm_str": "95,75,39,72,59,52,74,80,42,63,44,82,49,29,0,55,81,93,58,78,94,53,18,38,15,67,86,90,28,19,37,7,73,47,68,24,87,71,50,57,3,26,1,40,31,36,84,25,23,11,14,17,27,51,77,76,5,6,91,66,43,22,35,92,16,20,4,96,65,33,48,70,13,34,62,83,56,54,41,46,10,30,2,9,61,32,45,8,88,21,69,79,60,89,64,12,85",
    "in_cols": [
      47,
      18,
      29,
      38,
      20,
      22,
      25,
      0,
      40,
      28,
      46,
      11,
      9,
      42,
      14,
      17,
      37,
      35,
      43,
      26,
      3,
      1,
      15,
      41,
      12,
      8,
      13,
      39,
      5,
      45,
      21,
      16,
      10,
      4,
      34,
      24,
      7,
      32,
      27,
      19,
      6,
      2,
      31,
      23,
      44,
      36,
      30,
      33
    ],
    "out_cols": [
      36,
      35,
      25,
      40,
      30,
      41,
      14,
      28,
      46,
      38,
      26,
      20,
      32,
      44,
      7,
      1,
      23,
      11,
      34,
      29,
      13,
      21,
      19,
      12,
      4,
      6,
      24,
      37,
      0,
      31,
      10,
      45,
      8,
      47,
      17,
      33,
      18,
      42,
      27,
      22,
      15,
      3,
      16,
      2,
      9,
      39,
      43,
      5
    ]
  },
  "best_seen": {
    "discrete_mse": 1.5112916231155396,
    "order": [
      [
        95,
        75
      ],
      [
        39,
        72
      ],
      [
        59,
        52
      ],
      [
        86,
        80
      ],
      [
        49,
        63
      ],
      [
        44,
        82
      ],
      [
        68,
        29
      ],
      [
        42,
        55
      ],
      [
        74,
        93
      ],
      [
        58,
        30
      ],
      [
        94,
        40
      ],
      [
        18,
        38
      ],
      [
        15,
        67
      ],
      [
        64,
        90
      ],
      [
        28,
        19
      ],
      [
        37,
        7
      ],
      [
        73,
        47
      ],
      [
        35,
        24
      ],
      [
        87,
        57
      ],
      [
        50,
        66
      ],
      [
        3,
        26
      ],
      [
        1,
        71
      ],
      [
        31,
        36
      ],
      [
        84,
        25
      ],
      [
        23,
        11
      ],
      [
        14,
        17
      ],
      [
        27,
        51
      ],
      [
        77,
        78
      ],
      [
        5,
        6
      ],
      [
        91,
        53
      ],
      [
        81,
        22
      ],
      [
        65,
        92
      ],
      [
        16,
        20
      ],
      [
        4,
        96
      ],
      [
        45,
        33
      ],
      [
        48,
        70
      ],
      [
        13,
        34
      ],
      [
        62,
        83
      ],
      [
        0,
        54
      ],
      [
        41,
        46
      ],
      [
        10,
        8
      ],
      [
        2,
        9
      ],
      [
        61,
        32
      ],
      [
        56,
        76
      ],
      [
        88,
        21
      ],
      [
        69,
        79
      ],
      [
        60,
        89
      ],
      [
        43,
        12
      ]
    ],
    "in_cols": [
      47,
      18,
      29,
      42,
      25,
      22,
      35,
      20,
      38,
      28,
      46,
      11,
      9,
      33,
      14,
      17,
      37,
      16,
      43,
      26,
      3,
      1,
      15,
      41,
      12,
      8,
      13,
      39,
      5,
      45,
      40,
      34,
      10,
      4,
      23,
      24,
      7,
      32,
      0,
      19,
      6,
      2,
      31,
      27,
      44,
      36,
      30,
      21
    ],
    "out_cols": [
      36,
      35,
      25,
      40,
      30,
      41,
      14,
      28,
      46,
      15,
      21,
      20,
      32,
      44,
      7,
      1,
      23,
      11,
      29,
      31,
      13,
      34,
      19,
      12,
      4,
      6,
      24,
      38,
      0,
      26,
      10,
      45,
      8,
      47,
      17,
      33,
      18,
      42,
      27,
      22,
      2,
      3,
      16,
      37,
      9,
      39,
      43,
      5
    ]
  }
}