{
  "config": {
    "steps": 700,
    "lr": 0.015,
    "tau_start": 1.0,
    "tau_end": 0.025,
    "sinkhorn_iters": 30,
    "lambda_ent": 0.0001,
    "train_subsample": 0,
    "seed": 27704,
    "device": "cuda"
  },
  "final": {
    "soft_mse_full": 0.3211142122745514,
    "discrete_mse": 233.107421875,
    "hash_match": false,
    "perm_str": "59,30,86,72,39,52,95,93,44,82,74,55,37,78,91,80,42,38,58,29,18,90,94,83,28,19,10,7,15,67,73,57,68,47,35,24,48,40,1,63,3,25,31,36,50,26,87,71,16,17,14,12,5,51,77,11,45,92,56,6,4,33,65,96,62,20,43,70,81,75,23,53,27,54,13,89,2,32,49,76,41,34,0,9,84,66,61,79,60,8,64,22,69,46,88,21,85",
    "in_cols": [
      29,
      42,
      18,
      47,
      22,
      38,
      17,
      45,
      20,
      28,
      11,
      46,
      14,
      6,
      9,
      37,
      35,
      16,
      24,
      1,
      3,
      15,
      26,
      43,
      10,
      8,
      5,
      39,
      23,
      27,
      4,
      34,
      32,
      21,
      40,
      12,
      13,
      7,
      2,
      25,
      19,
      0,
      41,
      31,
      30,
      33,
      36,
      44
    ],
    "out_cols": [
      15,
      35,
      25,
      46,
      41,
      28,
      38,
      40,
      20,
      14,
      44,
      42,
      7,
      1,
      32,
      29,
      23,
      11,
      21,
      30,
      12,
      19,
      13,
      34,
      6,
      5,
      24,
      4,
      45,
      0,
      17,
      47,
      8,
      33,
      36,
      26,
      27,
      43,
      16,
      37,
      18,
      3,
      31,
      39,
      2,
      10,
      22,
      9
    ]
  },
  "best_seen": {
    "discrete_mse": 71.7081298828125,
    "order": [
      [
        59,
        80
      ],
      [
        87,
        72
      ],
      [
        95,
        52
      ],
      [
        39,
        93
      ],
      [
        44,
        82
      ],
      [
        74,
        55
      ],
      [
        18,
        78
      ],
      [
        50,
        90
      ],
      [
        42,
        38
      ],
      [
        88,
        30
      ],
      [
        58,
        29
      ],
      [
        94,
        83
      ],
      [
        28,
        19
      ],
      [
        10,
        57
      ],
      [
        15,
        67
      ],
      [
        37,
        7
      ],
      [
        68,
        47
      ],
      [
        86,
        24
      ],
      [
        48,
        40
      ],
      [
        35,
        63
      ],
      [
        3,
        25
      ],
      [
        31,
        36
      ],
      [
        1,
        26
      ],
      [
        23,
        71
      ],
      [
        73,
        17
      ],
      [
        14,
        12
      ],
      [
        5,
        51
      ],
      [
        77,
        11
      ],
      [
        45,
        92
      ],
      [
        56,
        6
      ],
      [
        4,
        33
      ],
      [
        16,
        96
      ],
      [
        62,
        20
      ],
      [
        43,
        70
      ],
      [
        81,
        75
      ],
      [
        13,
        53
      ],
      [
        49,
        54
      ],
      [
        65,
        89
      ],
      [
        2,
        32
      ],
      [
        69,
        76
      ],
      [
        41,
        34
      ],
      [
        0,
        9
      ],
      [
        91,
        66
      ],
      [
        84,
        79
      ],
      [
        60,
        8
      ],
      [
        64,
        22
      ],
      [
        61,
        46
      ],
      [
        27,
        21
      ]
    ],
    "in_cols": [
      29,
      43,
      47,
      18,
      22,
      38,
      11,
      26,
      20,
      44,
      28,
      46,
      14,
      6,
      9,
      17,
      35,
      42,
      24,
      16,
      3,
      15,
      1,
      12,
      37,
      8,
      5,
      39,
      23,
      27,
      4,
      10,
      32,
      21,
      40,
      7,
      25,
      34,
      2,
      36,
      19,
      0,
      45,
      41,
      30,
      33,
      31,
      13
    ],
    "out_cols": [
      40,
      35,
      25,
      46,
      41,
      28,
      38,
      44,
      20,
      15,
      14,
      42,
      7,
      29,
      32,
      1,
      23,
      11,
      21,
      30,
      12,
      19,
      13,
      34,
      6,
      5,
      24,
      4,
      45,
      0,
      17,
      47,
      8,
      33,
      36,
      26,
      27,
      43,
      16,
      37,
      18,
      3,
      31,
      39,
      2,
      10,
      22,
      9
    ]
  }
}