{
  "config": {
    "steps": 700,
    "lr": 0.02,
    "tau_start": 1.0,
    "tau_end": 0.03,
    "sinkhorn_iters": 30,
    "lambda_ent": 0.0003,
    "train_subsample": 0,
    "seed": 11703,
    "device": "cuda"
  },
  "final": {
    "soft_mse_full": 0.4104442298412323,
    "discrete_mse": 26.561195373535156,
    "hash_match": false,
    "perm_str": "59,33,73,72,39,52,95,55,56,30,62,78,44,82,42,80,10,29,58,93,18,90,94,7,35,57,86,40,28,19,15,67,37,47,87,26,68,24,50,63,3,53,31,36,1,38,23,71,84,25,14,76,4,32,81,6,5,11,48,12,45,92,65,20,16,70,13,89,91,75,43,8,2,34,27,17,0,54,74,22,41,9,69,83,60,51,49,66,88,96,61,46,64,21,77,79,85",
    "in_cols": [
      29,
      37,
      18,
      47,
      27,
      32,
      22,
      20,
      6,
      28,
      11,
      46,
      16,
      42,
      14,
      9,
      17,
      43,
      35,
      26,
      3,
      15,
      1,
      12,
      41,
      8,
      4,
      40,
      5,
      24,
      23,
      34,
      10,
      7,
      45,
      21,
      2,
      13,
      0,
      38,
      19,
      36,
      30,
      25,
      44,
      31,
      33,
      39
    ],
    "out_cols": [
      17,
      35,
      25,
      28,
      15,
      38,
      41,
      40,
      14,
      46,
      44,
      1,
      29,
      21,
      7,
      32,
      23,
      13,
      11,
      30,
      26,
      19,
      20,
      34,
      12,
      37,
      16,
      0,
      4,
      5,
      45,
      8,
      33,
      43,
      36,
      2,
      18,
      6,
      27,
      10,
      3,
      42,
      24,
      31,
      47,
      22,
      9,
      39
    ]
  },
  "best_seen": {
    "discrete_mse": 11.471909523010254,
    "order": [
      [
        59,
        52
      ],
      [
        42,
        72
      ],
      [
        39,
        76
      ],
      [
        95,
        55
      ],
      [
        56,
        30
      ],
      [
        77,
        78
      ],
      [
        44,
        82
      ],
      [
        68,
        80
      ],
      [
        10,
        29
      ],
      [
        58,
        93
      ],
      [
        18,
        90
      ],
      [
        94,
        7
      ],
      [
        37,
        57
      ],
      [
        86,
        40
      ],
      [
        28,
        19
      ],
      [
        15,
        67
      ],
      [
        73,
        47
      ],
      [
        50,
        26
      ],
      [
        35,
        24
      ],
      [
        91,
        63
      ],
      [
        3,
        53
      ],
      [
        31,
        36
      ],
      [
        1,
        38
      ],
      [
        87,
        71
      ],
      [
        23,
        25
      ],
      [
        14,
        11
      ],
      [
        4,
        32
      ],
      [
        81,
        6
      ],
      [
        5,
        33
      ],
      [
        48,
        12
      ],
      [
        45,
        92
      ],
      [
        65,
        20
      ],
      [
        16,
        70
      ],
      [
        13,
        89
      ],
      [
        62,
        75
      ],
      [
        69,
        8
      ],
      [
        2,
        34
      ],
      [
        27,
        17
      ],
      [
        0,
        54
      ],
      [
        74,
        22
      ],
      [
        43,
        9
      ],
      [
        41,
        83
      ],
      [
        60,
        51
      ],
      [
        49,
        66
      ],
      [
        88,
        96
      ],
      [
        61,
        46
      ],
      [
        64,
        21
      ],
      [
        84,
        79
      ]
    ],
    "in_cols": [
      29,
      20,
      18,
      47,
      27,
      39,
      22,
      35,
      6,
      28,
      11,
      46,
      17,
      42,
      14,
      9,
      37,
      26,
      16,
      45,
      3,
      15,
      1,
      43,
      12,
      8,
      4,
      40,
      5,
      24,
      23,
      34,
      10,
      7,
      32,
      36,
      2,
      13,
      0,
      38,
      21,
      19,
      30,
      25,
      44,
      31,
      33,
      41
    ],
    "out_cols": [
      25,
      35,
      37,
      28,
      15,
      38,
      41,
      40,
      14,
      46,
      44,
      1,
      29,
      21,
      7,
      32,
      23,
      13,
      11,
      30,
      26,
      19,
      20,
      34,
      12,
      4,
      16,
      0,
      17,
      5,
      45,
      8,
      33,
      43,
      36,
      2,
      18,
      6,
      27,
      10,
      3,
      42,
      24,
      31,
      47,
      22,
      9,
      39
    ]
  }
}