{
  "config": {
    "steps": 700,
    "lr": 0.015,
    "tau_start": 1.0,
    "tau_end": 0.025,
    "sinkhorn_iters": 30,
    "lambda_ent": 0.0001,
    "train_subsample": 0,
    "seed": 11304,
    "device": "cuda"
  },
  "final": {
    "soft_mse_full": 0.33016306161880493,
    "discrete_mse": 37.29627227783203,
    "hash_match": false,
    "perm_str": "59,52,74,78,42,72,95,63,56,30,44,82,94,80,39,55,14,29,58,93,18,90,86,53,37,67,35,19,1,7,15,57,73,26,68,47,28,24,31,36,3,25,50,66,27,38,87,71,23,40,77,11,5,17,13,79,4,32,48,6,62,20,43,70,81,33,16,96,65,54,0,75,69,83,10,8,49,34,84,22,60,92,2,51,91,89,45,9,41,76,61,46,88,12,64,21,85",
    "in_cols": [
      29,
      38,
      20,
      47,
      27,
      22,
      46,
      18,
      8,
      28,
      11,
      42,
      17,
      16,
      1,
      9,
      37,
      35,
      14,
      15,
      3,
      26,
      13,
      43,
      12,
      39,
      5,
      7,
      4,
      24,
      32,
      21,
      40,
      10,
      34,
      0,
      36,
      6,
      25,
      41,
      30,
      2,
      45,
      23,
      19,
      31,
      44,
      33
    ],
    "out_cols": [
      25,
      38,
      35,
      30,
      15,
      41,
      40,
      28,
      14,
      46,
      44,
      26,
      32,
      7,
      1,
      29,
      13,
      23,
      11,
      19,
      12,
      31,
      20,
      34,
      21,
      4,
      6,
      39,
      16,
      0,
      8,
      33,
      17,
      47,
      27,
      36,
      42,
      2,
      18,
      10,
      45,
      24,
      43,
      3,
      37,
      22,
      5,
      9
    ]
  },
  "best_seen": {
    "discrete_mse": 10.478548049926758,
    "order": [
      [
        59,
        52
      ],
      [
        73,
        78
      ],
      [
        42,
        72
      ],
      [
        95,
        63
      ],
      [
        56,
        30
      ],
      [
        44,
        82
      ],
      [
        94,
        80
      ],
      [
        39,
        55
      ],
      [
        88,
        29
      ],
      [
        58,
        93
      ],
      [
        18,
        90
      ],
      [
        86,
        53
      ],
      [
        60,
        67
      ],
      [
        35,
        19
      ],
      [
        28,
        7
      ],
      [
        15,
        57
      ],
      [
        37,
        26
      ],
      [
        68,
        47
      ],
      [
        0,
        24
      ],
      [
        31,
        36
      ],
      [
        3,
        25
      ],
      [
        50,
        66
      ],
      [
        1,
        38
      ],
      [
        87,
        71
      ],
      [
        23,
        40
      ],
      [
        14,
        11
      ],
      [
        5,
        17
      ],
      [
        77,
        79
      ],
      [
        4,
        32
      ],
      [
        48,
        6
      ],
      [
        65,
        20
      ],
      [
        43,
        70
      ],
      [
        81,
        33
      ],
      [
        16,
        96
      ],
      [
        13,
        54
      ],
      [
        62,
        75
      ],
      [
        69,
        83
      ],
      [
        10,
        8
      ],
      [
        49,
        34
      ],
      [
        84,
        22
      ],
      [
        74,
        92
      ],
      [
        2,
        51
      ],
      [
        91,
        89
      ],
      [
        45,
        9
      ],
      [
        41,
        76
      ],
      [
        61,
        46
      ],
      [
        27,
        12
      ],
      [
        64,
        21
      ]
    ],
    "in_cols": [
      29,
      37,
      20,
      47,
      27,
      22,
      46,
      18,
      44,
      28,
      11,
      42,
      30,
      16,
      14,
      9,
      17,
      35,
      0,
      15,
      3,
      26,
      1,
      43,
      12,
      8,
      5,
      39,
      4,
      24,
      34,
      21,
      40,
      10,
      7,
      32,
      36,
      6,
      25,
      41,
      38,
      2,
      45,
      23,
      19,
      31,
      13,
      33
    ],
    "out_cols": [
      25,
      38,
      35,
      30,
      15,
      41,
      40,
      28,
      14,
      46,
      44,
      26,
      32,
      7,
      1,
      29,
      13,
      23,
      11,
      19,
      12,
      31,
      20,
      34,
      21,
      4,
      6,
      39,
      16,
      0,
      8,
      33,
      17,
      47,
      27,
      36,
      42,
      2,
      18,
      10,
      45,
      24,
      43,
      3,
      37,
      22,
      5,
      9
    ]
  }
}