{
  "config": {
    "steps": 900,
    "lr": 0.03,
    "tau_start": 1.0,
    "tau_end": 0.03,
    "sinkhorn_iters": 30,
    "lambda_ent": 0.0003,
    "train_subsample": 4096,
    "seed": 24601,
    "device": "cuda"
  },
  "final": {
    "soft_mse_full": 0.5265538692474365,
    "discrete_mse": 10.246997833251953,
    "hash_match": false,
    "perm_str": "39,52,42,72,95,29,73,78,74,19,44,82,49,93,68,80,94,83,58,90,86,30,50,26,35,25,15,67,37,47,18,57,10,7,4,24,28,63,87,71,3,53,31,36,1,40,23,38,14,17,59,21,77,11,60,66,81,51,5,6,16,20,62,96,91,33,61,70,65,9,13,54,27,55,48,75,2,34,43,76,45,32,84,79,0,92,88,22,56,89,69,8,64,12,41,46,85",
    "in_cols": [
      18,
      20,
      47,
      37,
      38,
      22,
      25,
      35,
      46,
      28,
      42,
      26,
      16,
      9,
      17,
      11,
      6,
      4,
      14,
      43,
      3,
      15,
      1,
      12,
      8,
      29,
      39,
      30,
      40,
      5,
      10,
      32,
      45,
      31,
      34,
      7,
      13,
      24,
      2,
      21,
      23,
      41,
      0,
      44,
      27,
      36,
      33,
      19
    ],
    "out_cols": [
      25,
      35,
      14,
      38,
      7,
      41,
      46,
      40,
      42,
      44,
      15,
      13,
      12,
      32,
      23,
      29,
      1,
      11,
      30,
      34,
      26,
      19,
      21,
      20,
      6,
      9,
      4,
      31,
      24,
      0,
      8,
      47,
      17,
      33,
      3,
      27,
      28,
      36,
      18,
      37,
      16,
      39,
      45,
      10,
      43,
      2,
      5,
      22
    ]
  },
  "best_seen": {
    "discrete_mse": 2.218494176864624,
    "order": [
      [
        41,
        80
      ],
      [
        56,
        67
      ],
      [
        45,
        82
      ],
      [
        62,
        38
      ],
      [
        65,
        89
      ],
      [
        3,
        25
      ],
      [
        27,
        76
      ],
      [
        35,
        36
      ],
      [
        68,
        20
      ],
      [
        64,
        96
      ],
      [
        59,
        7
      ],
      [
        39,
        33
      ],
      [
        23,
        52
      ],
      [
        10,
        29
      ],
      [
        48,
        21
      ],
      [
        69,
        53
      ],
      [
        88,
        12
      ],
      [
        74,
        30
      ],
      [
        50,
        55
      ],
      [
        4,
        34
      ],
      [
        95,
        22
      ],
      [
        73,
        9
      ],
      [
        86,
        83
      ],
      [
        60,
        32
      ],
      [
        1,
        11
      ],
      [
        5,
        72
      ],
      [
        91,
        24
      ],
      [
        84,
        92
      ],
      [
        28,
        17
      ],
      [
        77,
        93
      ],
      [
        13,
        47
      ],
      [
        58,
        6
      ],
      [
        49,
        8
      ],
      [
        42,
        79
      ],
      [
        15,
        78
      ],
      [
        31,
        46
      ],
      [
        14,
        40
      ],
      [
        37,
        26
      ],
      [
        2,
        63
      ],
      [
        87,
        70
      ],
      [
        61,
        19
      ],
      [
        81,
        57
      ],
      [
        16,
        71
      ],
      [
        18,
        90
      ],
      [
        94,
        54
      ],
      [
        0,
        66
      ],
      [
        43,
        75
      ],
      [
        44,
        51
      ]
    ],
    "in_cols": [
      19,
      27,
      23,
      32,
      34,
      3,
      13,
      16,
      35,
      33,
      29,
      18,
      12,
      6,
      24,
      36,
      44,
      38,
      26,
      4,
      47,
      37,
      42,
      30,
      1,
      5,
      45,
      41,
      14,
      39,
      7,
      28,
      25,
      20,
      9,
      15,
      8,
      17,
      2,
      43,
      31,
      40,
      10,
      11,
      46,
      0,
      21,
      22
    ],
    "out_cols": [
      40,
      32,
      41,
      20,
      43,
      12,
      37,
      19,
      8,
      47,
      1,
      17,
      25,
      14,
      9,
      26,
      5,
      15,
      28,
      18,
      10,
      3,
      42,
      16,
      4,
      35,
      11,
      45,
      6,
      46,
      23,
      0,
      2,
      39,
      38,
      22,
      21,
      13,
      30,
      33,
      7,
      29,
      34,
      44,
      27,
      31,
      36,
      24
    ]
  }
}