{
  "config": {
    "steps": 900,
    "lr": 0.03,
    "tau_start": 1.0,
    "tau_end": 0.03,
    "sinkhorn_iters": 30,
    "lambda_ent": 0.0003,
    "train_subsample": 4096,
    "seed": 23101,
    "device": "cuda"
  },
  "final": {
    "soft_mse_full": 0.4133206903934479,
    "discrete_mse": 18.317068099975586,
    "hash_match": false,
    "perm_str": "48,72,95,30,39,75,42,55,74,82,44,78,68,29,94,80,88,54,69,93,60,90,18,67,86,47,10,7,37,38,73,36,59,57,35,19,1,40,87,71,3,26,28,24,50,52,23,11,84,25,81,6,77,76,14,17,4,32,65,33,62,20,16,70,5,96,91,83,13,53,15,63,49,21,56,79,27,46,64,9,2,66,45,34,0,8,41,51,61,22,58,12,31,92,43,89,85",
    "in_cols": [
      24,
      47,
      18,
      20,
      38,
      22,
      35,
      46,
      44,
      36,
      30,
      11,
      42,
      6,
      17,
      37,
      29,
      16,
      1,
      43,
      3,
      14,
      26,
      12,
      41,
      40,
      39,
      8,
      4,
      34,
      32,
      10,
      5,
      45,
      7,
      9,
      25,
      27,
      13,
      33,
      2,
      23,
      0,
      19,
      31,
      28,
      15,
      21
    ],
    "out_cols": [
      35,
      15,
      36,
      28,
      41,
      38,
      14,
      40,
      27,
      46,
      44,
      32,
      23,
      1,
      20,
      19,
      29,
      7,
      21,
      34,
      13,
      11,
      25,
      4,
      12,
      0,
      37,
      6,
      16,
      17,
      8,
      33,
      47,
      42,
      26,
      30,
      9,
      39,
      22,
      3,
      31,
      18,
      2,
      24,
      10,
      5,
      45,
      43
    ]
  },
  "best_seen": {
    "discrete_mse": 18.44910430908203,
    "order": [
      [
        39,
        72
      ],
      [
        59,
        52
      ],
      [
        95,
        63
      ],
      [
        42,
        55
      ],
      [
        68,
        82
      ],
      [
        58,
        78
      ],
      [
        44,
        29
      ],
      [
        86,
        80
      ],
      [
        88,
        54
      ],
      [
        94,
        30
      ],
      [
        35,
        90
      ],
      [
        18,
        67
      ],
      [
        48,
        47
      ],
      [
        73,
        7
      ],
      [
        37,
        38
      ],
      [
        15,
        36
      ],
      [
        28,
        57
      ],
      [
        10,
        19
      ],
      [
        1,
        40
      ],
      [
        87,
        71
      ],
      [
        3,
        26
      ],
      [
        65,
        24
      ],
      [
        50,
        93
      ],
      [
        23,
        11
      ],
      [
        84,
        25
      ],
      [
        81,
        6
      ],
      [
        77,
        76
      ],
      [
        0,
        17
      ],
      [
        4,
        32
      ],
      [
        64,
        33
      ],
      [
        62,
        20
      ],
      [
        16,
        70
      ],
      [
        5,
        96
      ],
      [
        74,
        83
      ],
      [
        60,
        53
      ],
      [
        13,
        75
      ],
      [
        41,
        21
      ],
      [
        56,
        79
      ],
      [
        27,
        46
      ],
      [
        91,
        9
      ],
      [
        2,
        66
      ],
      [
        45,
        34
      ],
      [
        49,
        8
      ],
      [
        61,
        51
      ],
      [
        69,
        22
      ],
      [
        14,
        12
      ],
      [
        31,
        92
      ],
      [
        43,
        89
      ]
    ],
    "in_cols": [
      18,
      29,
      47,
      20,
      35,
      28,
      22,
      42,
      44,
      46,
      16,
      11,
      24,
      37,
      17,
      9,
      14,
      6,
      1,
      43,
      3,
      34,
      26,
      12,
      41,
      40,
      39,
      0,
      4,
      33,
      32,
      10,
      5,
      38,
      30,
      7,
      19,
      27,
      13,
      45,
      2,
      23,
      25,
      31,
      36,
      8,
      15,
      21
    ],
    "out_cols": [
      35,
      25,
      30,
      28,
      41,
      38,
      14,
      40,
      27,
      15,
      44,
      32,
      23,
      1,
      20,
      19,
      29,
      7,
      21,
      34,
      13,
      11,
      46,
      4,
      12,
      0,
      37,
      6,
      16,
      17,
      8,
      33,
      47,
      42,
      26,
      36,
      9,
      39,
      22,
      3,
      31,
      18,
      2,
      24,
      10,
      5,
      45,
      43
    ]
  }
}