{
  "config": {
    "steps": 700,
    "lr": 0.02,
    "tau_start": 1.0,
    "tau_end": 0.03,
    "sinkhorn_iters": 30,
    "lambda_ent": 0.0003,
    "train_subsample": 0,
    "seed": 14503,
    "device": "cuda"
  },
  "final": {
    "soft_mse_full": 0.3000074625015259,
    "discrete_mse": 53.22197341918945,
    "hash_match": false,
    "perm_str": "59,52,39,72,74,55,95,63,56,30,10,78,44,82,94,80,42,83,58,29,18,38,86,90,28,19,73,93,35,24,15,67,37,47,68,7,87,57,50,26,3,25,31,36,1,40,23,71,60,76,64,70,4,51,5,17,81,6,77,11,48,33,14,20,16,96,65,89,91,53,62,75,13,34,27,12,45,92,41,46,49,54,43,32,84,66,0,79,2,9,88,22,61,8,69,21,85",
    "in_cols": [
      29,
      18,
      38,
      47,
      27,
      6,
      22,
      46,
      20,
      28,
      11,
      42,
      14,
      37,
      16,
      9,
      17,
      35,
      43,
      26,
      3,
      15,
      1,
      12,
      30,
      33,
      4,
      5,
      40,
      39,
      24,
      8,
      10,
      34,
      45,
      32,
      7,
      13,
      23,
      19,
      25,
      21,
      41,
      0,
      2,
      44,
      31,
      36
    ],
    "out_cols": [
      25,
      35,
      28,
      30,
      15,
      38,
      41,
      40,
      42,
      14,
      20,
      44,
      7,
      46,
      11,
      32,
      23,
      1,
      29,
      13,
      12,
      19,
      21,
      34,
      37,
      33,
      24,
      6,
      0,
      4,
      17,
      8,
      47,
      43,
      26,
      36,
      18,
      5,
      45,
      22,
      27,
      16,
      31,
      39,
      3,
      10,
      2,
      9
    ]
  },
  "best_seen": {
    "discrete_mse": 20.573068618774414,
    "order": [
      [
        0,
        29
      ],
      [
        44,
        79
      ],
      [
        64,
        30
      ],
      [
        28,
        6
      ],
      [
        45,
        67
      ],
      [
        86,
        66
      ],
      [
        35,
        34
      ],
      [
        13,
        71
      ],
      [
        58,
        47
      ],
      [
        60,
        51
      ],
      [
        37,
        20
      ],
      [
        5,
        12
      ],
      [
        18,
        32
      ],
      [
        42,
        11
      ],
      [
        62,
        46
      ],
      [
        84,
        38
      ],
      [
        43,
        22
      ],
      [
        88,
        36
      ],
      [
        2,
        21
      ],
      [
        16,
        72
      ],
      [
        49,
        93
      ],
      [
        15,
        82
      ],
      [
        56,
        17
      ],
      [
        59,
        90
      ],
      [
        31,
        76
      ],
      [
        65,
        54
      ],
      [
        41,
        75
      ],
      [
        77,
        96
      ],
      [
        95,
        53
      ],
      [
        94,
        40
      ],
      [
        3,
        33
      ],
      [
        68,
        57
      ],
      [
        81,
        63
      ],
      [
        50,
        24
      ],
      [
        73,
        55
      ],
      [
        61,
        8
      ],
      [
        27,
        89
      ],
      [
        23,
        25
      ],
      [
        48,
        7
      ],
      [
        91,
        9
      ],
      [
        39,
        92
      ],
      [
        4,
        78
      ],
      [
        1,
        19
      ],
      [
        14,
        52
      ],
      [
        10,
        26
      ],
      [
        87,
        80
      ],
      [
        69,
        83
      ],
      [
        74,
        70
      ]
    ],
    "in_cols": [
      0,
      22,
      33,
      14,
      23,
      42,
      16,
      7,
      28,
      30,
      17,
      5,
      11,
      20,
      32,
      41,
      21,
      44,
      2,
      10,
      25,
      9,
      27,
      29,
      15,
      34,
      19,
      39,
      47,
      46,
      3,
      35,
      40,
      26,
      37,
      31,
      13,
      12,
      24,
      45,
      18,
      4,
      1,
      8,
      6,
      43,
      36,
      38
    ],
    "out_cols": [
      14,
      39,
      15,
      0,
      32,
      31,
      18,
      34,
      23,
      24,
      8,
      5,
      16,
      4,
      22,
      20,
      10,
      19,
      9,
      35,
      46,
      41,
      6,
      44,
      37,
      27,
      36,
      47,
      26,
      21,
      17,
      29,
      30,
      11,
      28,
      2,
      43,
      12,
      1,
      3,
      45,
      38,
      7,
      25,
      13,
      40,
      42,
      33
    ]
  }
}