{
  "config": {
    "steps": 700,
    "lr": 0.015,
    "tau_start": 1.0,
    "tau_end": 0.025,
    "sinkhorn_iters": 30,
    "lambda_ent": 0.0001,
    "train_subsample": 0,
    "seed": 15504,
    "device": "cuda"
  },
  "final": {
    "soft_mse_full": 0.31295791268348694,
    "discrete_mse": 163.32095336914062,
    "hash_match": false,
    "perm_str": "59,52,39,30,31,72,95,63,56,82,44,78,74,55,10,7,42,29,58,93,86,80,94,38,18,90,37,19,4,36,73,57,15,67,68,47,35,24,1,40,3,26,50,66,28,75,87,71,23,25,0,17,27,51,64,32,14,6,81,20,5,11,91,33,16,96,77,89,65,53,48,70,62,83,43,92,13,76,41,46,60,34,84,22,2,9,45,79,49,54,61,12,88,8,69,21,85",
    "in_cols": [
      29,
      18,
      15,
      47,
      27,
      22,
      38,
      6,
      20,
      28,
      42,
      46,
      11,
      17,
      4,
      37,
      9,
      35,
      16,
      1,
      3,
      26,
      14,
      43,
      12,
      0,
      13,
      33,
      8,
      40,
      5,
      45,
      10,
      39,
      34,
      24,
      32,
      21,
      7,
      19,
      30,
      41,
      2,
      23,
      25,
      31,
      44,
      36
    ],
    "out_cols": [
      25,
      15,
      35,
      30,
      41,
      38,
      28,
      1,
      14,
      46,
      40,
      20,
      44,
      7,
      19,
      29,
      32,
      23,
      11,
      21,
      13,
      31,
      36,
      34,
      12,
      6,
      24,
      16,
      0,
      8,
      4,
      17,
      47,
      43,
      26,
      33,
      42,
      45,
      37,
      22,
      18,
      10,
      3,
      39,
      27,
      5,
      2,
      9
    ]
  },
  "best_seen": {
    "discrete_mse": 8.275215148925781,
    "order": [
      [
        59,
        52
      ],
      [
        39,
        30
      ],
      [
        74,
        72
      ],
      [
        95,
        80
      ],
      [
        56,
        82
      ],
      [
        44,
        78
      ],
      [
        73,
        55
      ],
      [
        10,
        7
      ],
      [
        42,
        29
      ],
      [
        58,
        93
      ],
      [
        86,
        53
      ],
      [
        94,
        38
      ],
      [
        18,
        90
      ],
      [
        28,
        19
      ],
      [
        69,
        36
      ],
      [
        37,
        57
      ],
      [
        15,
        67
      ],
      [
        68,
        47
      ],
      [
        35,
        24
      ],
      [
        31,
        63
      ],
      [
        3,
        26
      ],
      [
        50,
        66
      ],
      [
        1,
        40
      ],
      [
        87,
        71
      ],
      [
        23,
        25
      ],
      [
        0,
        17
      ],
      [
        27,
        51
      ],
      [
        64,
        32
      ],
      [
        14,
        6
      ],
      [
        81,
        20
      ],
      [
        5,
        11
      ],
      [
        77,
        33
      ],
      [
        16,
        96
      ],
      [
        91,
        89
      ],
      [
        65,
        75
      ],
      [
        48,
        70
      ],
      [
        62,
        83
      ],
      [
        43,
        92
      ],
      [
        13,
        76
      ],
      [
        41,
        46
      ],
      [
        60,
        34
      ],
      [
        84,
        22
      ],
      [
        2,
        9
      ],
      [
        45,
        79
      ],
      [
        49,
        54
      ],
      [
        61,
        12
      ],
      [
        88,
        8
      ],
      [
        4,
        21
      ]
    ],
    "in_cols": [
      29,
      18,
      38,
      47,
      27,
      22,
      37,
      6,
      20,
      28,
      42,
      46,
      11,
      14,
      36,
      17,
      9,
      35,
      16,
      15,
      3,
      26,
      1,
      43,
      12,
      0,
      13,
      33,
      8,
      40,
      5,
      39,
      10,
      45,
      34,
      24,
      32,
      21,
      7,
      19,
      30,
      41,
      2,
      23,
      25,
      31,
      44,
      4
    ],
    "out_cols": [
      25,
      15,
      35,
      40,
      41,
      38,
      28,
      1,
      14,
      46,
      26,
      20,
      44,
      7,
      19,
      29,
      32,
      23,
      11,
      30,
      13,
      31,
      21,
      34,
      12,
      6,
      24,
      16,
      0,
      8,
      4,
      17,
      47,
      43,
      36,
      33,
      42,
      45,
      37,
      22,
      18,
      10,
      3,
      39,
      27,
      5,
      2,
      9
    ]
  }
}