{
  "config": {
    "steps": 900,
    "lr": 0.03,
    "tau_start": 1.0,
    "tau_end": 0.028,
    "sinkhorn_iters": 30,
    "lambda_ent": 0.0003,
    "train_subsample": 4096,
    "seed": 27502,
    "device": "cuda"
  },
  "final": {
    "soft_mse_full": 0.4449642598628998,
    "discrete_mse": 36.09174728393555,
    "hash_match": false,
    "perm_str": "59,52,95,72,74,63,58,78,44,82,42,55,86,80,68,29,88,54,56,30,18,93,14,67,94,90,3,19,28,47,37,7,73,57,87,71,15,40,35,24,50,26,1,38,39,25,0,36,23,75,77,76,4,17,81,11,5,6,65,92,48,70,43,51,16,20,45,33,13,83,61,53,27,79,60,21,49,96,41,46,62,32,10,8,91,22,84,9,69,12,31,34,2,66,64,89,85",
    "in_cols": [
      29,
      47,
      38,
      28,
      22,
      20,
      42,
      35,
      44,
      27,
      11,
      8,
      46,
      3,
      14,
      17,
      37,
      43,
      9,
      16,
      26,
      1,
      18,
      0,
      12,
      39,
      4,
      40,
      5,
      34,
      24,
      21,
      10,
      23,
      7,
      31,
      13,
      30,
      25,
      19,
      32,
      6,
      45,
      41,
      36,
      15,
      2,
      33
    ],
    "out_cols": [
      25,
      35,
      30,
      38,
      41,
      28,
      40,
      14,
      27,
      15,
      46,
      32,
      44,
      7,
      23,
      1,
      29,
      34,
      21,
      11,
      13,
      20,
      12,
      19,
      36,
      37,
      6,
      4,
      0,
      45,
      33,
      24,
      8,
      17,
      42,
      26,
      39,
      9,
      47,
      22,
      16,
      2,
      10,
      3,
      5,
      18,
      31,
      43
    ]
  },
  "best_seen": {
    "discrete_mse": 4.112041473388672,
    "order": [
      [
        59,
        52
      ],
      [
        39,
        72
      ],
      [
        95,
        63
      ],
      [
        58,
        78
      ],
      [
        44,
        82
      ],
      [
        42,
        55
      ],
      [
        86,
        80
      ],
      [
        68,
        29
      ],
      [
        88,
        54
      ],
      [
        56,
        30
      ],
      [
        18,
        93
      ],
      [
        35,
        67
      ],
      [
        94,
        90
      ],
      [
        69,
        19
      ],
      [
        28,
        47
      ],
      [
        37,
        7
      ],
      [
        73,
        57
      ],
      [
        87,
        71
      ],
      [
        15,
        40
      ],
      [
        3,
        24
      ],
      [
        50,
        26
      ],
      [
        1,
        38
      ],
      [
        14,
        25
      ],
      [
        74,
        36
      ],
      [
        23,
        75
      ],
      [
        77,
        76
      ],
      [
        4,
        17
      ],
      [
        81,
        11
      ],
      [
        5,
        6
      ],
      [
        65,
        92
      ],
      [
        48,
        51
      ],
      [
        43,
        70
      ],
      [
        16,
        20
      ],
      [
        45,
        33
      ],
      [
        13,
        83
      ],
      [
        61,
        53
      ],
      [
        27,
        79
      ],
      [
        60,
        21
      ],
      [
        49,
        96
      ],
      [
        41,
        46
      ],
      [
        62,
        32
      ],
      [
        10,
        8
      ],
      [
        91,
        22
      ],
      [
        84,
        9
      ],
      [
        0,
        12
      ],
      [
        31,
        34
      ],
      [
        2,
        66
      ],
      [
        64,
        89
      ]
    ],
    "in_cols": [
      29,
      18,
      47,
      28,
      22,
      20,
      42,
      35,
      44,
      27,
      11,
      16,
      46,
      36,
      14,
      17,
      37,
      43,
      9,
      3,
      26,
      1,
      8,
      38,
      12,
      39,
      4,
      40,
      5,
      34,
      24,
      21,
      10,
      23,
      7,
      31,
      13,
      30,
      25,
      19,
      32,
      6,
      45,
      41,
      0,
      15,
      2,
      33
    ],
    "out_cols": [
      25,
      35,
      30,
      38,
      41,
      28,
      40,
      14,
      27,
      15,
      46,
      32,
      44,
      7,
      23,
      1,
      29,
      34,
      21,
      11,
      13,
      20,
      12,
      19,
      36,
      37,
      6,
      4,
      0,
      45,
      24,
      33,
      8,
      17,
      42,
      26,
      39,
      9,
      47,
      22,
      16,
      2,
      10,
      3,
      5,
      18,
      31,
      43
    ]
  }
}