{
  "config": {
    "steps": 900,
    "lr": 0.03,
    "tau_start": 1.0,
    "tau_end": 0.03,
    "sinkhorn_iters": 30,
    "lambda_ent": 0.0003,
    "train_subsample": 4096,
    "seed": 25801,
    "device": "cuda"
  },
  "final": {
    "soft_mse_full": 0.38074350357055664,
    "discrete_mse": 55.794734954833984,
    "hash_match": false,
    "perm_str": "56,30,81,72,59,52,95,93,44,82,42,78,73,25,94,80,39,55,86,29,18,67,28,47,10,7,35,24,50,36,15,19,37,57,68,26,3,53,1,40,31,63,84,90,87,71,23,38,27,11,14,76,43,17,4,32,48,51,65,33,77,20,5,6,91,96,62,54,16,75,13,9,58,89,61,83,2,70,45,12,41,22,74,66,0,46,49,21,64,79,88,8,69,92,60,34,85",
    "in_cols": [
      27,
      40,
      29,
      47,
      22,
      20,
      37,
      46,
      18,
      42,
      11,
      14,
      6,
      16,
      26,
      9,
      17,
      35,
      3,
      1,
      15,
      41,
      43,
      12,
      13,
      8,
      21,
      4,
      24,
      34,
      39,
      5,
      45,
      32,
      10,
      7,
      28,
      31,
      2,
      23,
      19,
      38,
      0,
      25,
      33,
      44,
      36,
      30
    ],
    "out_cols": [
      15,
      35,
      25,
      46,
      41,
      38,
      12,
      40,
      28,
      14,
      32,
      23,
      1,
      11,
      19,
      7,
      29,
      13,
      26,
      21,
      30,
      44,
      34,
      20,
      4,
      37,
      6,
      16,
      24,
      17,
      8,
      0,
      47,
      27,
      36,
      3,
      43,
      42,
      33,
      5,
      10,
      31,
      22,
      9,
      39,
      2,
      45,
      18
    ]
  },
  "best_seen": {
    "discrete_mse": 1.1475555896759033,
    "order": [
      [
        56,
        30
      ],
      [
        62,
        72
      ],
      [
        59,
        52
      ],
      [
        95,
        25
      ],
      [
        44,
        82
      ],
      [
        42,
        78
      ],
      [
        73,
        93
      ],
      [
        94,
        80
      ],
      [
        39,
        55
      ],
      [
        86,
        29
      ],
      [
        18,
        67
      ],
      [
        28,
        47
      ],
      [
        10,
        7
      ],
      [
        35,
        24
      ],
      [
        50,
        36
      ],
      [
        15,
        19
      ],
      [
        37,
        57
      ],
      [
        68,
        26
      ],
      [
        3,
        53
      ],
      [
        1,
        40
      ],
      [
        31,
        63
      ],
      [
        84,
        90
      ],
      [
        87,
        71
      ],
      [
        23,
        38
      ],
      [
        27,
        11
      ],
      [
        14,
        76
      ],
      [
        43,
        17
      ],
      [
        4,
        32
      ],
      [
        48,
        51
      ],
      [
        65,
        33
      ],
      [
        77,
        20
      ],
      [
        81,
        6
      ],
      [
        5,
        96
      ],
      [
        91,
        54
      ],
      [
        16,
        75
      ],
      [
        61,
        9
      ],
      [
        58,
        89
      ],
      [
        13,
        83
      ],
      [
        2,
        70
      ],
      [
        45,
        12
      ],
      [
        41,
        22
      ],
      [
        74,
        66
      ],
      [
        0,
        46
      ],
      [
        49,
        21
      ],
      [
        64,
        79
      ],
      [
        88,
        8
      ],
      [
        69,
        92
      ],
      [
        60,
        34
      ]
    ],
    "in_cols": [
      27,
      32,
      29,
      47,
      22,
      20,
      37,
      46,
      18,
      42,
      11,
      14,
      6,
      16,
      26,
      9,
      17,
      35,
      3,
      1,
      15,
      41,
      43,
      12,
      13,
      8,
      21,
      4,
      24,
      34,
      39,
      40,
      5,
      45,
      10,
      31,
      28,
      7,
      2,
      23,
      19,
      38,
      0,
      25,
      33,
      44,
      36,
      30
    ],
    "out_cols": [
      15,
      35,
      25,
      12,
      41,
      38,
      46,
      40,
      28,
      14,
      32,
      23,
      1,
      11,
      19,
      7,
      29,
      13,
      26,
      21,
      30,
      44,
      34,
      20,
      4,
      37,
      6,
      16,
      24,
      17,
      8,
      0,
      47,
      27,
      36,
      3,
      43,
      42,
      33,
      5,
      10,
      31,
      22,
      9,
      39,
      2,
      45,
      18
    ]
  }
}