{
  "config": {
    "steps": 900,
    "lr": 0.03,
    "tau_start": 1.0,
    "tau_end": 0.03,
    "sinkhorn_iters": 30,
    "lambda_ent": 0.0003,
    "train_subsample": 4096,
    "seed": 24501,
    "device": "cuda"
  },
  "final": {
    "soft_mse_full": 0.3911563456058502,
    "discrete_mse": 19.624826431274414,
    "hash_match": false,
    "perm_str": "1,75,95,52,59,78,42,63,68,80,39,55,37,93,94,29,69,72,18,47,88,26,86,90,73,7,15,67,28,19,48,82,35,57,10,20,3,53,50,24,56,25,31,36,0,38,87,71,64,40,4,8,77,11,14,17,65,32,81,30,5,6,23,33,16,70,62,96,27,54,84,34,44,46,60,83,45,76,74,92,43,9,2,21,61,66,13,79,49,12,91,51,41,22,58,89,85",
    "in_cols": [
      1,
      47,
      29,
      20,
      35,
      18,
      17,
      46,
      36,
      11,
      44,
      42,
      37,
      9,
      14,
      24,
      16,
      6,
      3,
      26,
      27,
      15,
      0,
      43,
      33,
      4,
      39,
      8,
      34,
      40,
      5,
      12,
      10,
      32,
      13,
      41,
      22,
      30,
      23,
      38,
      21,
      2,
      31,
      7,
      25,
      45,
      19,
      28
    ],
    "out_cols": [
      36,
      25,
      38,
      30,
      40,
      28,
      46,
      14,
      35,
      23,
      13,
      44,
      1,
      32,
      7,
      41,
      29,
      8,
      26,
      11,
      12,
      19,
      20,
      34,
      21,
      2,
      4,
      6,
      16,
      15,
      0,
      17,
      33,
      47,
      27,
      18,
      22,
      42,
      37,
      45,
      3,
      9,
      31,
      39,
      5,
      24,
      10,
      43
    ]
  },
  "best_seen": {
    "discrete_mse": 16.349903106689453,
    "order": [
      [
        39,
        75
      ],
      [
        86,
        52
      ],
      [
        95,
        55
      ],
      [
        59,
        63
      ],
      [
        42,
        80
      ],
      [
        56,
        30
      ],
      [
        37,
        93
      ],
      [
        68,
        29
      ],
      [
        69,
        72
      ],
      [
        18,
        47
      ],
      [
        88,
        26
      ],
      [
        94,
        90
      ],
      [
        73,
        7
      ],
      [
        15,
        67
      ],
      [
        28,
        19
      ],
      [
        48,
        82
      ],
      [
        1,
        57
      ],
      [
        10,
        20
      ],
      [
        3,
        53
      ],
      [
        35,
        24
      ],
      [
        50,
        25
      ],
      [
        31,
        36
      ],
      [
        0,
        38
      ],
      [
        87,
        71
      ],
      [
        64,
        40
      ],
      [
        4,
        8
      ],
      [
        77,
        11
      ],
      [
        14,
        17
      ],
      [
        65,
        32
      ],
      [
        81,
        51
      ],
      [
        5,
        6
      ],
      [
        23,
        33
      ],
      [
        16,
        70
      ],
      [
        62,
        96
      ],
      [
        27,
        54
      ],
      [
        84,
        34
      ],
      [
        44,
        46
      ],
      [
        60,
        83
      ],
      [
        45,
        76
      ],
      [
        74,
        78
      ],
      [
        43,
        9
      ],
      [
        2,
        21
      ],
      [
        61,
        66
      ],
      [
        13,
        79
      ],
      [
        49,
        12
      ],
      [
        91,
        92
      ],
      [
        41,
        22
      ],
      [
        58,
        89
      ]
    ],
    "in_cols": [
      18,
      42,
      47,
      29,
      20,
      27,
      17,
      35,
      36,
      11,
      44,
      46,
      37,
      9,
      14,
      24,
      1,
      6,
      3,
      16,
      26,
      15,
      0,
      43,
      33,
      4,
      39,
      8,
      34,
      40,
      5,
      12,
      10,
      32,
      13,
      41,
      22,
      30,
      23,
      38,
      21,
      2,
      31,
      7,
      25,
      45,
      19,
      28
    ],
    "out_cols": [
      36,
      25,
      28,
      30,
      40,
      15,
      46,
      14,
      35,
      23,
      13,
      44,
      1,
      32,
      7,
      41,
      29,
      8,
      26,
      11,
      12,
      19,
      20,
      34,
      21,
      2,
      4,
      6,
      16,
      24,
      0,
      17,
      33,
      47,
      27,
      18,
      22,
      42,
      37,
      38,
      3,
      9,
      31,
      39,
      5,
      45,
      10,
      43
    ]
  }
}