{
  "config": {
    "steps": 900,
    "lr": 0.03,
    "tau_start": 1.0,
    "tau_end": 0.028,
    "sinkhorn_iters": 30,
    "lambda_ent": 0.0003,
    "train_subsample": 4096,
    "seed": 17302,
    "device": "cuda"
  },
  "final": {
    "soft_mse_full": 0.4733862280845642,
    "discrete_mse": 3.897512435913086,
    "hash_match": false,
    "perm_str": "59,52,39,72,88,78,95,75,44,82,74,80,68,93,65,63,42,55,94,83,86,90,18,29,37,40,15,67,73,47,28,19,10,7,50,57,87,71,35,24,3,26,31,36,27,25,1,38,23,11,4,12,62,20,14,32,81,6,77,51,5,70,48,33,16,96,91,53,43,9,60,89,45,46,84,66,13,79,64,34,0,92,56,54,49,8,41,22,58,30,61,76,2,21,69,17,85",
    "in_cols": [
      29,
      18,
      44,
      47,
      22,
      38,
      35,
      34,
      20,
      46,
      42,
      11,
      17,
      9,
      37,
      14,
      6,
      26,
      43,
      16,
      3,
      15,
      13,
      1,
      12,
      4,
      32,
      8,
      40,
      39,
      5,
      24,
      10,
      45,
      21,
      30,
      23,
      41,
      7,
      33,
      0,
      27,
      25,
      19,
      28,
      31,
      2,
      36
    ],
    "out_cols": [
      25,
      35,
      38,
      36,
      41,
      40,
      46,
      30,
      28,
      42,
      44,
      14,
      21,
      32,
      23,
      7,
      1,
      29,
      34,
      11,
      13,
      19,
      12,
      20,
      4,
      5,
      8,
      16,
      0,
      24,
      33,
      17,
      47,
      26,
      3,
      43,
      22,
      31,
      39,
      18,
      45,
      27,
      2,
      10,
      15,
      37,
      9,
      6
    ]
  },
  "best_seen": {
    "discrete_mse": 0.8113707900047302,
    "order": [
      [
        59,
        52
      ],
      [
        39,
        30
      ],
      [
        88,
        29
      ],
      [
        95,
        75
      ],
      [
        44,
        82
      ],
      [
        74,
        80
      ],
      [
        68,
        93
      ],
      [
        42,
        63
      ],
      [
        5,
        55
      ],
      [
        94,
        83
      ],
      [
        86,
        90
      ],
      [
        18,
        78
      ],
      [
        37,
        40
      ],
      [
        15,
        67
      ],
      [
        73,
        47
      ],
      [
        28,
        19
      ],
      [
        10,
        7
      ],
      [
        50,
        57
      ],
      [
        87,
        71
      ],
      [
        35,
        24
      ],
      [
        3,
        26
      ],
      [
        31,
        36
      ],
      [
        27,
        25
      ],
      [
        1,
        38
      ],
      [
        23,
        51
      ],
      [
        4,
        12
      ],
      [
        62,
        6
      ],
      [
        14,
        32
      ],
      [
        81,
        11
      ],
      [
        77,
        20
      ],
      [
        65,
        70
      ],
      [
        48,
        33
      ],
      [
        16,
        96
      ],
      [
        91,
        53
      ],
      [
        43,
        9
      ],
      [
        60,
        89
      ],
      [
        64,
        46
      ],
      [
        84,
        66
      ],
      [
        13,
        79
      ],
      [
        41,
        34
      ],
      [
        0,
        92
      ],
      [
        56,
        54
      ],
      [
        49,
        8
      ],
      [
        45,
        22
      ],
      [
        58,
        72
      ],
      [
        61,
        76
      ],
      [
        2,
        21
      ],
      [
        69,
        17
      ]
    ],
    "in_cols": [
      29,
      18,
      44,
      47,
      22,
      38,
      35,
      20,
      5,
      46,
      42,
      11,
      17,
      9,
      37,
      14,
      6,
      26,
      43,
      16,
      3,
      15,
      13,
      1,
      12,
      4,
      32,
      8,
      40,
      39,
      34,
      24,
      10,
      45,
      21,
      30,
      33,
      41,
      7,
      19,
      0,
      27,
      25,
      23,
      28,
      31,
      2,
      36
    ],
    "out_cols": [
      25,
      15,
      14,
      36,
      41,
      40,
      46,
      30,
      28,
      42,
      44,
      38,
      21,
      32,
      23,
      7,
      1,
      29,
      34,
      11,
      13,
      19,
      12,
      20,
      24,
      5,
      0,
      16,
      4,
      8,
      33,
      17,
      47,
      26,
      3,
      43,
      22,
      31,
      39,
      18,
      45,
      27,
      2,
      10,
      35,
      37,
      9,
      6
    ]
  }
}