{
  "config": {
    "steps": 700,
    "lr": 0.015,
    "tau_start": 1.0,
    "tau_end": 0.025,
    "sinkhorn_iters": 30,
    "lambda_ent": 0.0001,
    "train_subsample": 0,
    "seed": 9904,
    "device": "cuda"
  },
  "final": {
    "soft_mse_full": 0.3192063570022583,
    "discrete_mse": 58.10880661010742,
    "hash_match": false,
    "perm_str": "59,52,39,72,95,93,56,30,44,82,86,63,74,55,73,80,42,38,58,78,18,83,94,90,37,7,28,19,10,29,15,67,48,47,35,24,68,40,3,26,50,25,31,36,1,57,23,75,87,71,61,66,27,51,14,17,5,70,45,33,81,11,62,6,77,20,91,96,65,53,16,76,49,54,13,32,64,92,41,46,2,9,84,22,69,79,0,12,60,89,43,21,88,8,4,34,85",
    "in_cols": [
      29,
      18,
      47,
      27,
      22,
      42,
      38,
      37,
      20,
      28,
      11,
      46,
      17,
      14,
      6,
      9,
      24,
      16,
      35,
      3,
      26,
      15,
      1,
      12,
      43,
      31,
      13,
      8,
      5,
      23,
      40,
      32,
      39,
      45,
      34,
      10,
      25,
      7,
      33,
      19,
      2,
      41,
      36,
      0,
      30,
      21,
      44,
      4
    ],
    "out_cols": [
      25,
      35,
      46,
      15,
      41,
      30,
      28,
      40,
      20,
      38,
      42,
      44,
      1,
      7,
      14,
      32,
      23,
      11,
      21,
      13,
      12,
      19,
      29,
      36,
      34,
      31,
      24,
      6,
      33,
      17,
      4,
      0,
      8,
      47,
      26,
      37,
      27,
      16,
      45,
      22,
      3,
      10,
      39,
      5,
      43,
      9,
      2,
      18
    ]
  },
  "best_seen": {
    "discrete_mse": 21.937780380249023,
    "order": [
      [
        59,
        52
      ],
      [
        73,
        55
      ],
      [
        39,
        72
      ],
      [
        56,
        30
      ],
      [
        44,
        82
      ],
      [
        95,
        93
      ],
      [
        74,
        80
      ],
      [
        42,
        29
      ],
      [
        86,
        38
      ],
      [
        58,
        78
      ],
      [
        18,
        83
      ],
      [
        94,
        90
      ],
      [
        37,
        63
      ],
      [
        28,
        19
      ],
      [
        10,
        7
      ],
      [
        15,
        67
      ],
      [
        48,
        47
      ],
      [
        35,
        24
      ],
      [
        68,
        40
      ],
      [
        3,
        26
      ],
      [
        50,
        25
      ],
      [
        31,
        36
      ],
      [
        1,
        57
      ],
      [
        23,
        75
      ],
      [
        87,
        71
      ],
      [
        61,
        66
      ],
      [
        49,
        51
      ],
      [
        14,
        17
      ],
      [
        5,
        70
      ],
      [
        45,
        92
      ],
      [
        81,
        33
      ],
      [
        62,
        6
      ],
      [
        77,
        20
      ],
      [
        91,
        96
      ],
      [
        65,
        53
      ],
      [
        16,
        76
      ],
      [
        27,
        11
      ],
      [
        13,
        32
      ],
      [
        64,
        54
      ],
      [
        41,
        46
      ],
      [
        2,
        9
      ],
      [
        84,
        22
      ],
      [
        69,
        79
      ],
      [
        0,
        12
      ],
      [
        60,
        89
      ],
      [
        43,
        21
      ],
      [
        88,
        8
      ],
      [
        4,
        34
      ]
    ],
    "in_cols": [
      29,
      37,
      18,
      27,
      22,
      47,
      38,
      20,
      42,
      28,
      11,
      46,
      17,
      14,
      6,
      9,
      24,
      16,
      35,
      3,
      26,
      15,
      1,
      12,
      43,
      31,
      25,
      8,
      5,
      23,
      40,
      32,
      39,
      45,
      34,
      10,
      13,
      7,
      33,
      19,
      2,
      41,
      36,
      0,
      30,
      21,
      44,
      4
    ],
    "out_cols": [
      25,
      28,
      35,
      15,
      41,
      46,
      40,
      14,
      20,
      38,
      42,
      44,
      30,
      7,
      1,
      32,
      23,
      11,
      21,
      13,
      12,
      19,
      29,
      36,
      34,
      31,
      24,
      6,
      33,
      45,
      17,
      0,
      8,
      47,
      26,
      37,
      4,
      16,
      27,
      22,
      3,
      10,
      39,
      5,
      43,
      9,
      2,
      18
    ]
  }
}