{
  "config": {
    "steps": 900,
    "lr": 0.03,
    "tau_start": 1.0,
    "tau_end": 0.03,
    "sinkhorn_iters": 30,
    "lambda_ent": 0.0003,
    "train_subsample": 4096,
    "seed": 26701,
    "device": "cuda"
  },
  "final": {
    "soft_mse_full": 0.39773622155189514,
    "discrete_mse": 82.21548461914062,
    "hash_match": false,
    "perm_str": "39,30,59,52,69,72,95,63,56,82,44,78,14,93,42,7,48,55,94,83,86,29,37,38,18,25,28,19,73,57,15,67,10,24,68,47,50,90,35,53,31,36,3,26,1,40,87,71,23,11,4,32,5,51,77,17,43,80,91,92,45,33,81,6,65,20,16,96,62,75,61,70,13,34,60,76,41,9,74,54,88,22,49,8,2,21,58,89,64,12,0,79,84,66,27,46,85",
    "in_cols": [
      18,
      29,
      36,
      47,
      27,
      22,
      8,
      20,
      24,
      46,
      42,
      17,
      11,
      14,
      37,
      9,
      6,
      35,
      26,
      16,
      15,
      3,
      1,
      43,
      12,
      4,
      5,
      39,
      21,
      45,
      23,
      40,
      34,
      10,
      32,
      31,
      7,
      30,
      19,
      38,
      44,
      25,
      2,
      28,
      33,
      0,
      41,
      13
    ],
    "out_cols": [
      15,
      25,
      35,
      30,
      41,
      38,
      46,
      1,
      28,
      42,
      14,
      20,
      12,
      7,
      29,
      32,
      11,
      23,
      44,
      26,
      19,
      13,
      21,
      34,
      4,
      16,
      24,
      6,
      40,
      45,
      17,
      0,
      8,
      47,
      36,
      33,
      18,
      37,
      3,
      27,
      10,
      2,
      9,
      43,
      5,
      39,
      31,
      22
    ]
  },
  "best_seen": {
    "discrete_mse": 21.098493576049805,
    "order": [
      [
        39,
        30
      ],
      [
        59,
        52
      ],
      [
        87,
        55
      ],
      [
        95,
        63
      ],
      [
        56,
        82
      ],
      [
        44,
        72
      ],
      [
        74,
        93
      ],
      [
        42,
        7
      ],
      [
        58,
        78
      ],
      [
        18,
        83
      ],
      [
        69,
        29
      ],
      [
        94,
        38
      ],
      [
        86,
        25
      ],
      [
        28,
        19
      ],
      [
        73,
        57
      ],
      [
        15,
        67
      ],
      [
        10,
        24
      ],
      [
        68,
        47
      ],
      [
        50,
        90
      ],
      [
        35,
        53
      ],
      [
        31,
        36
      ],
      [
        3,
        26
      ],
      [
        37,
        40
      ],
      [
        1,
        71
      ],
      [
        23,
        11
      ],
      [
        4,
        32
      ],
      [
        5,
        51
      ],
      [
        45,
        80
      ],
      [
        14,
        17
      ],
      [
        91,
        92
      ],
      [
        77,
        33
      ],
      [
        81,
        6
      ],
      [
        16,
        20
      ],
      [
        65,
        96
      ],
      [
        62,
        75
      ],
      [
        60,
        70
      ],
      [
        13,
        34
      ],
      [
        0,
        76
      ],
      [
        48,
        9
      ],
      [
        41,
        54
      ],
      [
        88,
        22
      ],
      [
        49,
        8
      ],
      [
        2,
        21
      ],
      [
        43,
        89
      ],
      [
        64,
        12
      ],
      [
        61,
        79
      ],
      [
        84,
        66
      ],
      [
        27,
        46
      ]
    ],
    "in_cols": [
      18,
      29,
      43,
      47,
      27,
      22,
      38,
      20,
      28,
      11,
      36,
      46,
      42,
      14,
      37,
      9,
      6,
      35,
      26,
      16,
      15,
      3,
      17,
      1,
      12,
      4,
      5,
      23,
      8,
      45,
      39,
      40,
      10,
      34,
      32,
      30,
      7,
      0,
      24,
      19,
      44,
      25,
      2,
      21,
      33,
      31,
      41,
      13
    ],
    "out_cols": [
      15,
      25,
      28,
      30,
      41,
      35,
      46,
      1,
      38,
      42,
      14,
      20,
      12,
      7,
      29,
      32,
      11,
      23,
      44,
      26,
      19,
      13,
      21,
      34,
      4,
      16,
      24,
      40,
      6,
      45,
      17,
      0,
      8,
      47,
      36,
      33,
      18,
      37,
      3,
      27,
      10,
      2,
      9,
      43,
      5,
      39,
      31,
      22
    ]
  }
}