{
  "config": {
    "steps": 900,
    "lr": 0.03,
    "tau_start": 1.0,
    "tau_end": 0.028,
    "sinkhorn_iters": 30,
    "lambda_ent": 0.0003,
    "train_subsample": 4096,
    "seed": 11002,
    "device": "cuda"
  },
  "final": {
    "soft_mse_full": 0.411014586687088,
    "discrete_mse": 16.012170791625977,
    "hash_match": false,
    "perm_str": "39,30,68,75,59,52,95,93,15,82,74,78,44,21,86,80,42,55,58,29,3,53,94,7,37,57,50,90,10,19,18,67,35,24,28,26,73,47,31,36,87,25,56,63,23,38,1,40,27,11,16,33,14,17,64,32,4,51,81,6,62,20,65,96,45,92,48,70,77,71,60,54,2,34,69,83,49,12,61,8,5,72,13,9,91,66,41,76,88,22,0,89,84,79,43,46,85",
    "in_cols": [
      18,
      35,
      29,
      47,
      9,
      38,
      22,
      42,
      20,
      28,
      3,
      46,
      17,
      26,
      6,
      11,
      16,
      14,
      37,
      15,
      43,
      27,
      12,
      1,
      13,
      10,
      8,
      33,
      4,
      40,
      32,
      34,
      23,
      24,
      39,
      30,
      2,
      36,
      25,
      31,
      5,
      7,
      45,
      19,
      44,
      0,
      41,
      21
    ],
    "out_cols": [
      15,
      36,
      25,
      46,
      41,
      38,
      9,
      40,
      28,
      14,
      26,
      1,
      29,
      44,
      7,
      32,
      11,
      13,
      23,
      19,
      12,
      30,
      20,
      21,
      4,
      17,
      6,
      16,
      24,
      0,
      8,
      47,
      45,
      33,
      34,
      27,
      18,
      42,
      5,
      2,
      35,
      3,
      31,
      37,
      10,
      43,
      39,
      22
    ]
  },
  "best_seen": {
    "discrete_mse": 15.631011962890625,
    "order": [
      [
        39,
        30
      ],
      [
        95,
        75
      ],
      [
        59,
        52
      ],
      [
        42,
        21
      ],
      [
        56,
        82
      ],
      [
        44,
        78
      ],
      [
        74,
        93
      ],
      [
        18,
        80
      ],
      [
        94,
        55
      ],
      [
        58,
        29
      ],
      [
        3,
        53
      ],
      [
        86,
        7
      ],
      [
        37,
        57
      ],
      [
        68,
        90
      ],
      [
        10,
        19
      ],
      [
        15,
        67
      ],
      [
        35,
        24
      ],
      [
        28,
        26
      ],
      [
        73,
        47
      ],
      [
        31,
        36
      ],
      [
        87,
        25
      ],
      [
        41,
        63
      ],
      [
        23,
        38
      ],
      [
        1,
        71
      ],
      [
        27,
        11
      ],
      [
        16,
        33
      ],
      [
        14,
        17
      ],
      [
        64,
        32
      ],
      [
        4,
        51
      ],
      [
        81,
        6
      ],
      [
        62,
        20
      ],
      [
        65,
        40
      ],
      [
        45,
        92
      ],
      [
        48,
        70
      ],
      [
        77,
        96
      ],
      [
        60,
        54
      ],
      [
        2,
        34
      ],
      [
        69,
        83
      ],
      [
        49,
        12
      ],
      [
        50,
        8
      ],
      [
        5,
        72
      ],
      [
        13,
        9
      ],
      [
        91,
        66
      ],
      [
        61,
        76
      ],
      [
        88,
        22
      ],
      [
        0,
        89
      ],
      [
        84,
        79
      ],
      [
        43,
        46
      ]
    ],
    "in_cols": [
      18,
      47,
      29,
      20,
      27,
      22,
      38,
      11,
      46,
      28,
      3,
      42,
      17,
      35,
      6,
      9,
      16,
      14,
      37,
      15,
      43,
      19,
      12,
      1,
      13,
      10,
      8,
      33,
      4,
      40,
      32,
      34,
      23,
      24,
      39,
      30,
      2,
      36,
      25,
      26,
      5,
      7,
      45,
      31,
      44,
      0,
      41,
      21
    ],
    "out_cols": [
      15,
      36,
      25,
      9,
      41,
      38,
      46,
      40,
      28,
      14,
      26,
      1,
      29,
      44,
      7,
      32,
      11,
      13,
      23,
      19,
      12,
      30,
      20,
      34,
      4,
      17,
      6,
      16,
      24,
      0,
      8,
      21,
      45,
      33,
      47,
      27,
      18,
      42,
      5,
      2,
      35,
      3,
      31,
      37,
      10,
      43,
      39,
      22
    ]
  }
}