{
  "config": {
    "steps": 900,
    "lr": 0.03,
    "tau_start": 1.0,
    "tau_end": 0.028,
    "sinkhorn_iters": 30,
    "lambda_ent": 0.0003,
    "train_subsample": 4096,
    "seed": 28602,
    "device": "cuda"
  },
  "final": {
    "soft_mse_full": 0.39323413372039795,
    "discrete_mse": 14.044790267944336,
    "hash_match": false,
    "perm_str": "39,75,59,52,62,55,42,78,56,30,95,93,44,82,86,80,94,29,10,83,88,38,35,90,18,67,28,19,50,7,73,47,15,57,68,26,87,71,3,53,48,24,1,63,37,36,64,40,23,25,14,21,31,33,27,11,81,89,45,6,4,20,77,70,5,12,16,96,65,32,0,17,43,9,13,72,74,34,41,54,91,76,61,51,2,46,60,22,58,92,69,66,49,8,84,79,85",
    "in_cols": [
      18,
      29,
      32,
      20,
      27,
      47,
      22,
      42,
      46,
      6,
      44,
      16,
      11,
      14,
      26,
      37,
      9,
      35,
      43,
      3,
      24,
      1,
      17,
      33,
      12,
      8,
      15,
      13,
      40,
      23,
      4,
      39,
      5,
      10,
      34,
      0,
      21,
      7,
      38,
      19,
      45,
      31,
      2,
      30,
      28,
      36,
      25,
      41
    ],
    "out_cols": [
      36,
      25,
      28,
      38,
      15,
      46,
      41,
      40,
      14,
      42,
      20,
      44,
      32,
      7,
      1,
      23,
      29,
      13,
      34,
      26,
      11,
      30,
      19,
      21,
      12,
      9,
      17,
      4,
      43,
      0,
      8,
      33,
      5,
      47,
      16,
      6,
      3,
      35,
      18,
      27,
      37,
      24,
      22,
      10,
      45,
      31,
      2,
      39
    ]
  },
  "best_seen": {
    "discrete_mse": 8.948606491088867,
    "order": [
      [
        3,
        75
      ],
      [
        59,
        52
      ],
      [
        39,
        55
      ],
      [
        42,
        78
      ],
      [
        56,
        30
      ],
      [
        95,
        93
      ],
      [
        44,
        82
      ],
      [
        86,
        80
      ],
      [
        94,
        29
      ],
      [
        10,
        83
      ],
      [
        88,
        54
      ],
      [
        35,
        90
      ],
      [
        18,
        67
      ],
      [
        28,
        19
      ],
      [
        50,
        7
      ],
      [
        73,
        47
      ],
      [
        15,
        57
      ],
      [
        68,
        26
      ],
      [
        87,
        71
      ],
      [
        48,
        53
      ],
      [
        62,
        24
      ],
      [
        1,
        63
      ],
      [
        37,
        36
      ],
      [
        64,
        40
      ],
      [
        23,
        25
      ],
      [
        14,
        21
      ],
      [
        31,
        33
      ],
      [
        13,
        11
      ],
      [
        81,
        89
      ],
      [
        45,
        6
      ],
      [
        4,
        20
      ],
      [
        77,
        70
      ],
      [
        5,
        12
      ],
      [
        16,
        96
      ],
      [
        65,
        32
      ],
      [
        0,
        17
      ],
      [
        43,
        9
      ],
      [
        27,
        72
      ],
      [
        74,
        34
      ],
      [
        41,
        38
      ],
      [
        91,
        76
      ],
      [
        61,
        51
      ],
      [
        2,
        46
      ],
      [
        60,
        22
      ],
      [
        58,
        92
      ],
      [
        69,
        66
      ],
      [
        49,
        8
      ],
      [
        84,
        79
      ]
    ],
    "in_cols": [
      3,
      29,
      18,
      20,
      27,
      47,
      22,
      42,
      46,
      6,
      44,
      16,
      11,
      14,
      26,
      37,
      9,
      35,
      43,
      24,
      32,
      1,
      17,
      33,
      12,
      8,
      15,
      7,
      40,
      23,
      4,
      39,
      5,
      10,
      34,
      0,
      21,
      13,
      38,
      19,
      45,
      31,
      2,
      30,
      28,
      36,
      25,
      41
    ],
    "out_cols": [
      36,
      25,
      28,
      38,
      15,
      46,
      41,
      40,
      14,
      42,
      27,
      44,
      32,
      7,
      1,
      23,
      29,
      13,
      34,
      26,
      11,
      30,
      19,
      21,
      12,
      9,
      17,
      4,
      43,
      0,
      8,
      33,
      5,
      47,
      16,
      6,
      3,
      35,
      18,
      20,
      37,
      24,
      22,
      10,
      45,
      31,
      2,
      39
    ]
  }
}