{
  "config": {
    "steps": 900,
    "lr": 0.03,
    "tau_start": 1.0,
    "tau_end": 0.03,
    "sinkhorn_iters": 30,
    "lambda_ent": 0.0003,
    "train_subsample": 4096,
    "seed": 16401,
    "device": "cuda"
  },
  "final": {
    "soft_mse_full": 0.47914108633995056,
    "discrete_mse": 6.709609031677246,
    "hash_match": false,
    "perm_str": "59,52,39,75,95,29,42,55,56,78,74,19,44,82,88,54,37,93,69,67,86,7,58,72,18,47,73,90,35,24,10,80,15,57,87,71,94,38,31,63,3,26,91,36,1,30,28,40,50,25,49,79,45,92,81,11,77,33,5,12,16,20,43,6,4,96,48,70,65,53,13,89,0,32,27,17,62,83,60,8,61,9,14,46,84,34,64,66,2,51,23,22,41,76,68,21,85",
    "in_cols": [
      29,
      18,
      47,
      20,
      27,
      38,
      22,
      44,
      17,
      36,
      42,
      28,
      11,
      37,
      16,
      6,
      9,
      43,
      46,
      15,
      3,
      45,
      1,
      14,
      26,
      25,
      23,
      40,
      39,
      5,
      10,
      21,
      4,
      24,
      34,
      7,
      0,
      13,
      32,
      30,
      31,
      8,
      41,
      33,
      2,
      12,
      19,
      35
    ],
    "out_cols": [
      25,
      36,
      14,
      28,
      38,
      7,
      41,
      27,
      46,
      32,
      1,
      35,
      23,
      44,
      11,
      40,
      29,
      34,
      20,
      30,
      13,
      19,
      15,
      21,
      12,
      39,
      45,
      4,
      17,
      5,
      8,
      0,
      47,
      33,
      26,
      43,
      16,
      6,
      42,
      2,
      3,
      22,
      18,
      31,
      24,
      10,
      37,
      9
    ]
  },
  "best_seen": {
    "discrete_mse": 6.709609031677246,
    "order": [
      [
        59,
        52
      ],
      [
        39,
        75
      ],
      [
        95,
        29
      ],
      [
        42,
        55
      ],
      [
        56,
        78
      ],
      [
        74,
        19
      ],
      [
        44,
        82
      ],
      [
        88,
        54
      ],
      [
        37,
        93
      ],
      [
        69,
        67
      ],
      [
        86,
        7
      ],
      [
        58,
        72
      ],
      [
        18,
        47
      ],
      [
        73,
        90
      ],
      [
        35,
        24
      ],
      [
        10,
        80
      ],
      [
        15,
        57
      ],
      [
        87,
        71
      ],
      [
        94,
        38
      ],
      [
        31,
        63
      ],
      [
        3,
        26
      ],
      [
        91,
        36
      ],
      [
        1,
        30
      ],
      [
        28,
        40
      ],
      [
        50,
        25
      ],
      [
        49,
        79
      ],
      [
        45,
        92
      ],
      [
        81,
        11
      ],
      [
        77,
        33
      ],
      [
        5,
        12
      ],
      [
        16,
        20
      ],
      [
        43,
        6
      ],
      [
        4,
        96
      ],
      [
        48,
        70
      ],
      [
        65,
        53
      ],
      [
        13,
        89
      ],
      [
        0,
        32
      ],
      [
        27,
        17
      ],
      [
        62,
        83
      ],
      [
        60,
        8
      ],
      [
        61,
        9
      ],
      [
        14,
        46
      ],
      [
        84,
        34
      ],
      [
        64,
        66
      ],
      [
        2,
        51
      ],
      [
        23,
        22
      ],
      [
        41,
        76
      ],
      [
        68,
        21
      ]
    ],
    "in_cols": [
      29,
      18,
      47,
      20,
      27,
      38,
      22,
      44,
      17,
      36,
      42,
      28,
      11,
      37,
      16,
      6,
      9,
      43,
      46,
      15,
      3,
      45,
      1,
      14,
      26,
      25,
      23,
      40,
      39,
      5,
      10,
      21,
      4,
      24,
      34,
      7,
      0,
      13,
      32,
      30,
      31,
      8,
      41,
      33,
      2,
      12,
      19,
      35
    ],
    "out_cols": [
      25,
      36,
      14,
      28,
      38,
      7,
      41,
      27,
      46,
      32,
      1,
      35,
      23,
      44,
      11,
      40,
      29,
      34,
      20,
      30,
      13,
      19,
      15,
      21,
      12,
      39,
      45,
      4,
      17,
      5,
      8,
      0,
      47,
      33,
      26,
      43,
      16,
      6,
      42,
      2,
      3,
      22,
      18,
      31,
      24,
      10,
      37,
      9
    ]
  }
}