{
  "config": {
    "steps": 700,
    "lr": 0.015,
    "tau_start": 1.0,
    "tau_end": 0.025,
    "sinkhorn_iters": 30,
    "lambda_ent": 0.0001,
    "train_subsample": 0,
    "seed": 8204,
    "device": "cuda"
  },
  "final": {
    "soft_mse_full": 0.30814096331596375,
    "discrete_mse": 310.7044372558594,
    "hash_match": false,
    "perm_str": "59,52,39,30,37,72,74,55,95,63,44,82,68,93,94,7,42,29,58,78,88,71,18,80,28,19,73,47,48,24,15,67,1,57,86,40,35,90,31,36,50,66,3,26,87,83,91,38,23,25,14,17,81,11,27,51,4,12,65,92,16,20,5,6,45,96,62,32,77,70,0,53,13,75,56,34,10,8,61,89,2,9,41,76,60,22,43,79,49,54,69,33,64,21,84,46,85",
    "in_cols": [
      29,
      18,
      17,
      38,
      47,
      22,
      35,
      46,
      20,
      28,
      44,
      11,
      14,
      37,
      24,
      9,
      1,
      42,
      16,
      15,
      26,
      3,
      43,
      45,
      12,
      8,
      40,
      13,
      4,
      34,
      10,
      5,
      23,
      32,
      39,
      0,
      7,
      27,
      6,
      31,
      2,
      19,
      30,
      21,
      25,
      36,
      33,
      41
    ],
    "out_cols": [
      25,
      15,
      35,
      28,
      30,
      41,
      46,
      1,
      14,
      38,
      34,
      40,
      7,
      23,
      11,
      32,
      29,
      21,
      44,
      19,
      31,
      13,
      42,
      20,
      12,
      6,
      4,
      24,
      5,
      45,
      8,
      0,
      47,
      16,
      33,
      26,
      36,
      18,
      2,
      43,
      3,
      37,
      10,
      39,
      27,
      17,
      9,
      22
    ]
  },
  "best_seen": {
    "discrete_mse": 93.04542541503906,
    "order": [
      [
        59,
        52
      ],
      [
        48,
        30
      ],
      [
        39,
        72
      ],
      [
        74,
        55
      ],
      [
        95,
        63
      ],
      [
        44,
        82
      ],
      [
        68,
        93
      ],
      [
        94,
        7
      ],
      [
        42,
        29
      ],
      [
        58,
        78
      ],
      [
        88,
        71
      ],
      [
        18,
        80
      ],
      [
        28,
        19
      ],
      [
        73,
        47
      ],
      [
        37,
        24
      ],
      [
        15,
        67
      ],
      [
        1,
        57
      ],
      [
        86,
        40
      ],
      [
        35,
        90
      ],
      [
        31,
        36
      ],
      [
        50,
        66
      ],
      [
        3,
        26
      ],
      [
        87,
        38
      ],
      [
        23,
        54
      ],
      [
        16,
        25
      ],
      [
        14,
        11
      ],
      [
        81,
        6
      ],
      [
        27,
        51
      ],
      [
        4,
        32
      ],
      [
        77,
        33
      ],
      [
        65,
        20
      ],
      [
        5,
        70
      ],
      [
        45,
        96
      ],
      [
        43,
        83
      ],
      [
        61,
        89
      ],
      [
        0,
        53
      ],
      [
        62,
        75
      ],
      [
        56,
        17
      ],
      [
        10,
        8
      ],
      [
        84,
        34
      ],
      [
        91,
        9
      ],
      [
        41,
        76
      ],
      [
        2,
        22
      ],
      [
        13,
        79
      ],
      [
        49,
        92
      ],
      [
        69,
        12
      ],
      [
        64,
        21
      ],
      [
        60,
        46
      ]
    ],
    "in_cols": [
      29,
      24,
      18,
      38,
      47,
      22,
      35,
      46,
      20,
      28,
      44,
      11,
      14,
      37,
      17,
      9,
      1,
      42,
      16,
      15,
      26,
      3,
      43,
      12,
      10,
      8,
      40,
      13,
      4,
      39,
      34,
      5,
      23,
      21,
      31,
      0,
      32,
      27,
      6,
      41,
      45,
      19,
      2,
      7,
      25,
      36,
      33,
      30
    ],
    "out_cols": [
      25,
      15,
      35,
      28,
      30,
      41,
      46,
      1,
      14,
      38,
      34,
      40,
      7,
      23,
      11,
      32,
      29,
      21,
      44,
      19,
      31,
      13,
      20,
      27,
      12,
      4,
      0,
      24,
      16,
      17,
      8,
      33,
      47,
      42,
      43,
      26,
      36,
      6,
      2,
      18,
      3,
      37,
      10,
      39,
      45,
      5,
      9,
      22
    ]
  }
}