{
  "config": {
    "steps": 700,
    "lr": 0.02,
    "tau_start": 1.0,
    "tau_end": 0.03,
    "sinkhorn_iters": 30,
    "lambda_ent": 0.0003,
    "train_subsample": 0,
    "seed": 16903,
    "device": "cuda"
  },
  "final": {
    "soft_mse_full": 0.3940391540527344,
    "discrete_mse": 162.32423400878906,
    "hash_match": false,
    "perm_str": "59,78,39,72,86,52,95,63,56,30,44,82,41,55,42,80,68,29,58,93,94,90,18,67,28,19,35,24,73,57,15,40,37,47,87,71,48,26,31,7,3,25,50,66,1,36,23,38,0,75,14,17,64,51,81,11,5,33,4,6,91,92,62,20,77,96,65,53,16,70,13,32,2,34,27,54,43,83,84,22,74,89,10,46,69,9,88,12,61,76,45,8,49,21,60,79,85",
    "in_cols": [
      29,
      18,
      42,
      47,
      27,
      22,
      19,
      20,
      35,
      28,
      46,
      11,
      14,
      16,
      37,
      9,
      17,
      43,
      24,
      15,
      3,
      26,
      1,
      12,
      0,
      8,
      33,
      40,
      5,
      4,
      45,
      32,
      39,
      34,
      10,
      7,
      2,
      13,
      21,
      41,
      38,
      6,
      36,
      44,
      31,
      23,
      25,
      30
    ],
    "out_cols": [
      38,
      35,
      25,
      30,
      15,
      41,
      28,
      40,
      14,
      46,
      44,
      32,
      7,
      11,
      29,
      21,
      23,
      34,
      13,
      1,
      12,
      31,
      19,
      20,
      36,
      6,
      24,
      4,
      17,
      0,
      45,
      8,
      47,
      26,
      33,
      16,
      18,
      27,
      42,
      10,
      43,
      22,
      3,
      5,
      37,
      2,
      9,
      39
    ]
  },
  "best_seen": {
    "discrete_mse": 18.00361442565918,
    "order": [
      [
        59,
        52
      ],
      [
        39,
        30
      ],
      [
        95,
        93
      ],
      [
        73,
        63
      ],
      [
        56,
        82
      ],
      [
        44,
        72
      ],
      [
        74,
        55
      ],
      [
        68,
        80
      ],
      [
        42,
        29
      ],
      [
        58,
        78
      ],
      [
        94,
        7
      ],
      [
        18,
        67
      ],
      [
        28,
        19
      ],
      [
        35,
        24
      ],
      [
        41,
        57
      ],
      [
        15,
        40
      ],
      [
        48,
        47
      ],
      [
        87,
        71
      ],
      [
        10,
        26
      ],
      [
        31,
        25
      ],
      [
        3,
        90
      ],
      [
        50,
        66
      ],
      [
        37,
        36
      ],
      [
        1,
        38
      ],
      [
        23,
        75
      ],
      [
        5,
        17
      ],
      [
        4,
        51
      ],
      [
        77,
        11
      ],
      [
        13,
        33
      ],
      [
        62,
        6
      ],
      [
        65,
        92
      ],
      [
        81,
        20
      ],
      [
        16,
        96
      ],
      [
        91,
        53
      ],
      [
        84,
        70
      ],
      [
        0,
        32
      ],
      [
        2,
        34
      ],
      [
        27,
        54
      ],
      [
        43,
        83
      ],
      [
        86,
        22
      ],
      [
        61,
        89
      ],
      [
        14,
        46
      ],
      [
        69,
        9
      ],
      [
        88,
        12
      ],
      [
        49,
        76
      ],
      [
        45,
        8
      ],
      [
        64,
        21
      ],
      [
        60,
        79
      ]
    ],
    "in_cols": [
      29,
      18,
      47,
      37,
      27,
      22,
      38,
      35,
      20,
      28,
      46,
      11,
      14,
      16,
      19,
      9,
      24,
      43,
      6,
      15,
      3,
      26,
      17,
      1,
      12,
      5,
      4,
      39,
      7,
      32,
      34,
      40,
      10,
      45,
      41,
      0,
      2,
      13,
      21,
      42,
      31,
      8,
      36,
      44,
      25,
      23,
      33,
      30
    ],
    "out_cols": [
      25,
      15,
      46,
      30,
      41,
      35,
      28,
      40,
      14,
      38,
      1,
      32,
      7,
      11,
      29,
      21,
      23,
      34,
      13,
      12,
      44,
      31,
      19,
      20,
      36,
      6,
      24,
      4,
      17,
      0,
      45,
      8,
      47,
      26,
      33,
      16,
      18,
      27,
      42,
      10,
      43,
      22,
      3,
      5,
      37,
      2,
      9,
      39
    ]
  }
}