{
  "config": {
    "steps": 700,
    "lr": 0.02,
    "tau_start": 1.0,
    "tau_end": 0.03,
    "sinkhorn_iters": 30,
    "lambda_ent": 0.0003,
    "train_subsample": 0,
    "seed": 11803,
    "device": "cuda"
  },
  "final": {
    "soft_mse_full": 0.4437808096408844,
    "discrete_mse": 298.2593688964844,
    "hash_match": false,
    "perm_str": "95,72,39,52,59,55,43,63,56,30,44,82,88,29,42,80,10,78,18,83,94,90,86,67,28,19,35,24,73,7,15,57,37,47,68,26,87,40,50,12,3,25,31,36,14,71,1,38,23,11,84,66,5,92,4,32,48,6,81,93,91,33,65,96,16,20,0,89,61,53,77,22,62,76,13,75,60,70,27,46,74,9,58,54,41,79,2,51,49,34,45,8,69,17,64,21,85",
    "in_cols": [
      47,
      18,
      29,
      21,
      27,
      22,
      44,
      20,
      6,
      11,
      46,
      42,
      14,
      16,
      37,
      9,
      17,
      35,
      43,
      26,
      3,
      15,
      8,
      1,
      12,
      41,
      5,
      4,
      24,
      40,
      45,
      34,
      10,
      0,
      31,
      39,
      32,
      7,
      30,
      13,
      38,
      28,
      19,
      2,
      25,
      23,
      36,
      33
    ],
    "out_cols": [
      35,
      25,
      28,
      30,
      15,
      41,
      14,
      40,
      38,
      42,
      44,
      32,
      7,
      11,
      1,
      29,
      23,
      13,
      21,
      5,
      12,
      19,
      34,
      20,
      4,
      31,
      45,
      16,
      0,
      46,
      17,
      47,
      8,
      43,
      26,
      10,
      37,
      36,
      33,
      22,
      3,
      27,
      39,
      24,
      18,
      2,
      6,
      9
    ]
  },
  "best_seen": {
    "discrete_mse": 15.73324966430664,
    "order": [
      [
        73,
        75
      ],
      [
        59,
        52
      ],
      [
        39,
        72
      ],
      [
        95,
        93
      ],
      [
        56,
        30
      ],
      [
        44,
        82
      ],
      [
        88,
        29
      ],
      [
        42,
        80
      ],
      [
        58,
        78
      ],
      [
        86,
        83
      ],
      [
        94,
        90
      ],
      [
        18,
        67
      ],
      [
        28,
        19
      ],
      [
        35,
        24
      ],
      [
        50,
        7
      ],
      [
        15,
        57
      ],
      [
        37,
        47
      ],
      [
        68,
        26
      ],
      [
        48,
        40
      ],
      [
        87,
        63
      ],
      [
        3,
        25
      ],
      [
        31,
        36
      ],
      [
        14,
        71
      ],
      [
        1,
        38
      ],
      [
        23,
        55
      ],
      [
        10,
        66
      ],
      [
        77,
        11
      ],
      [
        4,
        32
      ],
      [
        13,
        12
      ],
      [
        81,
        6
      ],
      [
        91,
        33
      ],
      [
        5,
        96
      ],
      [
        16,
        20
      ],
      [
        65,
        89
      ],
      [
        61,
        53
      ],
      [
        0,
        22
      ],
      [
        62,
        76
      ],
      [
        43,
        79
      ],
      [
        60,
        70
      ],
      [
        27,
        46
      ],
      [
        74,
        9
      ],
      [
        84,
        54
      ],
      [
        41,
        34
      ],
      [
        2,
        51
      ],
      [
        49,
        8
      ],
      [
        45,
        92
      ],
      [
        69,
        17
      ],
      [
        64,
        21
      ]
    ],
    "in_cols": [
      37,
      29,
      18,
      47,
      27,
      22,
      44,
      20,
      28,
      42,
      46,
      11,
      14,
      16,
      26,
      9,
      17,
      35,
      24,
      43,
      3,
      15,
      8,
      1,
      12,
      6,
      39,
      4,
      7,
      40,
      45,
      5,
      10,
      34,
      31,
      0,
      32,
      21,
      30,
      13,
      38,
      41,
      19,
      2,
      25,
      23,
      36,
      33
    ],
    "out_cols": [
      36,
      25,
      35,
      46,
      15,
      41,
      14,
      40,
      38,
      42,
      44,
      32,
      7,
      11,
      1,
      29,
      23,
      13,
      21,
      30,
      12,
      19,
      34,
      20,
      28,
      31,
      4,
      16,
      5,
      0,
      17,
      47,
      8,
      43,
      26,
      10,
      37,
      39,
      33,
      22,
      3,
      27,
      18,
      24,
      2,
      45,
      6,
      9
    ]
  }
}