{
  "config": {
    "steps": 700,
    "lr": 0.015,
    "tau_start": 1.0,
    "tau_end": 0.025,
    "sinkhorn_iters": 30,
    "lambda_ent": 0.0001,
    "train_subsample": 0,
    "seed": 24904,
    "device": "cuda"
  },
  "final": {
    "soft_mse_full": 0.32371771335601807,
    "discrete_mse": 89.66332244873047,
    "hash_match": false,
    "perm_str": "39,75,59,30,95,52,73,63,13,82,56,80,44,72,10,29,42,55,58,78,86,7,18,67,50,90,35,93,28,19,15,57,37,47,68,24,1,40,94,38,3,26,31,36,23,25,87,71,16,21,14,17,27,51,5,6,77,33,81,11,4,20,48,70,65,22,62,96,0,83,60,53,49,54,2,34,74,9,41,46,91,76,45,79,84,66,43,8,61,32,69,12,88,89,64,92,85",
    "in_cols": [
      18,
      29,
      47,
      37,
      7,
      27,
      22,
      6,
      20,
      28,
      42,
      11,
      26,
      16,
      14,
      9,
      17,
      35,
      1,
      46,
      3,
      15,
      12,
      43,
      10,
      8,
      13,
      5,
      39,
      40,
      4,
      24,
      34,
      32,
      0,
      30,
      25,
      2,
      38,
      19,
      45,
      23,
      41,
      21,
      31,
      36,
      44,
      33
    ],
    "out_cols": [
      36,
      15,
      25,
      30,
      41,
      40,
      35,
      14,
      28,
      38,
      1,
      32,
      44,
      46,
      7,
      29,
      23,
      11,
      21,
      20,
      13,
      19,
      12,
      34,
      9,
      6,
      24,
      0,
      17,
      4,
      8,
      33,
      10,
      47,
      42,
      26,
      27,
      18,
      3,
      22,
      37,
      39,
      31,
      2,
      16,
      5,
      43,
      45
    ]
  },
  "best_seen": {
    "discrete_mse": 60.821861267089844,
    "order": [
      [
        44,
        89
      ],
      [
        48,
        22
      ],
      [
        58,
        96
      ],
      [
        60,
        80
      ],
      [
        62,
        30
      ],
      [
        73,
        34
      ],
      [
        37,
        52
      ],
      [
        94,
        54
      ],
      [
        87,
        76
      ],
      [
        39,
        90
      ],
      [
        65,
        46
      ],
      [
        5,
        6
      ],
      [
        14,
        72
      ],
      [
        68,
        67
      ],
      [
        86,
        26
      ],
      [
        42,
        36
      ],
      [
        18,
        19
      ],
      [
        35,
        32
      ],
      [
        50,
        83
      ],
      [
        43,
        25
      ],
      [
        84,
        55
      ],
      [
        69,
        17
      ],
      [
        56,
        20
      ],
      [
        31,
        9
      ],
      [
        1,
        92
      ],
      [
        59,
        70
      ],
      [
        4,
        66
      ],
      [
        81,
        24
      ],
      [
        91,
        21
      ],
      [
        61,
        57
      ],
      [
        49,
        71
      ],
      [
        28,
        78
      ],
      [
        74,
        11
      ],
      [
        3,
        47
      ],
      [
        41,
        38
      ],
      [
        95,
        40
      ],
      [
        45,
        51
      ],
      [
        77,
        53
      ],
      [
        15,
        29
      ],
      [
        10,
        82
      ],
      [
        2,
        63
      ],
      [
        13,
        75
      ],
      [
        64,
        7
      ],
      [
        27,
        12
      ],
      [
        23,
        33
      ],
      [
        88,
        8
      ],
      [
        16,
        93
      ],
      [
        0,
        79
      ]
    ],
    "in_cols": [
      22,
      24,
      28,
      30,
      32,
      37,
      17,
      46,
      43,
      18,
      34,
      5,
      8,
      35,
      42,
      20,
      11,
      16,
      26,
      21,
      41,
      36,
      27,
      15,
      1,
      29,
      4,
      40,
      45,
      31,
      25,
      14,
      38,
      3,
      19,
      47,
      23,
      39,
      9,
      6,
      2,
      7,
      33,
      13,
      12,
      44,
      10,
      0
    ],
    "out_cols": [
      43,
      10,
      47,
      40,
      15,
      18,
      25,
      27,
      37,
      44,
      22,
      0,
      35,
      32,
      13,
      19,
      7,
      16,
      42,
      12,
      28,
      6,
      8,
      3,
      45,
      33,
      31,
      11,
      9,
      29,
      34,
      38,
      4,
      23,
      20,
      21,
      24,
      26,
      14,
      41,
      30,
      36,
      1,
      5,
      17,
      2,
      46,
      39
    ]
  }
}