{
  "config": {
    "steps": 700,
    "lr": 0.015,
    "tau_start": 1.0,
    "tau_end": 0.025,
    "sinkhorn_iters": 30,
    "lambda_ent": 0.0001,
    "train_subsample": 0,
    "seed": 20104,
    "device": "cuda"
  },
  "final": {
    "soft_mse_full": 0.33060333132743835,
    "discrete_mse": 12.595466613769531,
    "hash_match": false,
    "perm_str": "59,52,39,72,0,63,95,93,56,30,44,82,42,78,94,80,68,55,88,29,58,26,18,67,86,90,28,19,50,7,37,57,73,47,35,24,15,40,48,71,3,25,31,36,1,12,87,38,23,11,14,17,77,76,5,51,45,33,10,92,81,6,16,20,65,96,2,70,61,53,62,83,13,89,60,75,74,32,69,8,4,34,49,54,41,22,84,79,43,9,91,66,27,46,64,21,85",
    "in_cols": [
      29,
      18,
      0,
      47,
      27,
      22,
      20,
      46,
      35,
      44,
      28,
      11,
      42,
      14,
      26,
      17,
      37,
      16,
      9,
      24,
      3,
      15,
      1,
      43,
      12,
      8,
      39,
      5,
      23,
      6,
      40,
      10,
      34,
      2,
      31,
      32,
      7,
      30,
      38,
      36,
      4,
      25,
      19,
      41,
      21,
      45,
      13,
      33
    ],
    "out_cols": [
      25,
      35,
      30,
      46,
      15,
      41,
      38,
      40,
      28,
      14,
      13,
      32,
      44,
      7,
      1,
      29,
      23,
      11,
      21,
      34,
      12,
      19,
      5,
      20,
      4,
      6,
      37,
      24,
      17,
      45,
      0,
      8,
      47,
      33,
      26,
      42,
      43,
      36,
      16,
      2,
      18,
      27,
      10,
      39,
      3,
      31,
      22,
      9
    ]
  },
  "best_seen": {
    "discrete_mse": 15.410112380981445,
    "order": [
      [
        59,
        52
      ],
      [
        39,
        72
      ],
      [
        42,
        63
      ],
      [
        95,
        93
      ],
      [
        56,
        30
      ],
      [
        44,
        82
      ],
      [
        73,
        78
      ],
      [
        94,
        80
      ],
      [
        68,
        55
      ],
      [
        88,
        29
      ],
      [
        58,
        26
      ],
      [
        18,
        67
      ],
      [
        86,
        90
      ],
      [
        28,
        19
      ],
      [
        50,
        7
      ],
      [
        37,
        57
      ],
      [
        10,
        47
      ],
      [
        35,
        24
      ],
      [
        15,
        40
      ],
      [
        48,
        71
      ],
      [
        3,
        25
      ],
      [
        31,
        36
      ],
      [
        1,
        12
      ],
      [
        87,
        38
      ],
      [
        23,
        11
      ],
      [
        14,
        17
      ],
      [
        77,
        76
      ],
      [
        5,
        51
      ],
      [
        45,
        33
      ],
      [
        0,
        92
      ],
      [
        81,
        6
      ],
      [
        16,
        20
      ],
      [
        65,
        96
      ],
      [
        2,
        70
      ],
      [
        61,
        53
      ],
      [
        62,
        83
      ],
      [
        13,
        89
      ],
      [
        60,
        75
      ],
      [
        74,
        32
      ],
      [
        69,
        8
      ],
      [
        4,
        34
      ],
      [
        49,
        54
      ],
      [
        41,
        22
      ],
      [
        84,
        79
      ],
      [
        43,
        9
      ],
      [
        91,
        66
      ],
      [
        27,
        46
      ],
      [
        64,
        21
      ]
    ],
    "in_cols": [
      29,
      18,
      20,
      47,
      27,
      22,
      37,
      46,
      35,
      44,
      28,
      11,
      42,
      14,
      26,
      17,
      6,
      16,
      9,
      24,
      3,
      15,
      1,
      43,
      12,
      8,
      39,
      5,
      23,
      0,
      40,
      10,
      34,
      2,
      31,
      32,
      7,
      30,
      38,
      36,
      4,
      25,
      19,
      41,
      21,
      45,
      13,
      33
    ],
    "out_cols": [
      25,
      35,
      30,
      46,
      15,
      41,
      38,
      40,
      28,
      14,
      13,
      32,
      44,
      7,
      1,
      29,
      23,
      11,
      21,
      34,
      12,
      19,
      5,
      20,
      4,
      6,
      37,
      24,
      17,
      45,
      0,
      8,
      47,
      33,
      26,
      42,
      43,
      36,
      16,
      2,
      18,
      27,
      10,
      39,
      3,
      31,
      22,
      9
    ]
  }
}