{
  "config": {
    "steps": 900,
    "lr": 0.03,
    "tau_start": 1.0,
    "tau_end": 0.03,
    "sinkhorn_iters": 30,
    "lambda_ent": 0.0003,
    "train_subsample": 4096,
    "seed": 18801,
    "device": "cuda"
  },
  "final": {
    "soft_mse_full": 0.37591949105262756,
    "discrete_mse": 71.74661254882812,
    "hash_match": false,
    "perm_str": "39,72,59,30,74,63,95,52,73,80,56,82,44,78,42,29,68,24,58,90,94,25,18,47,13,55,37,93,10,19,15,67,35,7,1,70,31,40,50,57,3,26,28,36,87,71,23,38,64,11,14,75,77,17,91,6,88,20,62,96,16,12,81,51,48,76,5,89,61,53,65,34,45,46,27,21,43,54,86,32,0,83,41,33,4,66,49,79,2,9,84,8,60,22,69,92,85",
    "in_cols": [
      18,
      29,
      38,
      47,
      37,
      27,
      22,
      20,
      35,
      28,
      46,
      11,
      7,
      17,
      6,
      9,
      16,
      1,
      15,
      26,
      3,
      14,
      43,
      12,
      33,
      8,
      39,
      45,
      44,
      32,
      10,
      40,
      24,
      5,
      31,
      34,
      23,
      13,
      21,
      42,
      0,
      19,
      4,
      25,
      2,
      41,
      30,
      36
    ],
    "out_cols": [
      35,
      15,
      30,
      25,
      40,
      41,
      38,
      14,
      11,
      44,
      12,
      23,
      28,
      46,
      7,
      32,
      1,
      33,
      21,
      29,
      13,
      19,
      34,
      20,
      4,
      36,
      6,
      0,
      8,
      47,
      5,
      24,
      37,
      43,
      26,
      18,
      22,
      9,
      27,
      16,
      42,
      17,
      31,
      39,
      3,
      2,
      10,
      45
    ]
  },
  "best_seen": {
    "discrete_mse": 2.377500534057617,
    "order": [
      [
        39,
        72
      ],
      [
        59,
        30
      ],
      [
        86,
        63
      ],
      [
        95,
        52
      ],
      [
        73,
        80
      ],
      [
        56,
        82
      ],
      [
        44,
        78
      ],
      [
        68,
        29
      ],
      [
        88,
        55
      ],
      [
        58,
        90
      ],
      [
        94,
        24
      ],
      [
        18,
        26
      ],
      [
        42,
        47
      ],
      [
        37,
        93
      ],
      [
        10,
        19
      ],
      [
        15,
        67
      ],
      [
        35,
        7
      ],
      [
        1,
        70
      ],
      [
        31,
        40
      ],
      [
        50,
        57
      ],
      [
        3,
        25
      ],
      [
        28,
        36
      ],
      [
        87,
        71
      ],
      [
        23,
        38
      ],
      [
        77,
        11
      ],
      [
        64,
        75
      ],
      [
        14,
        17
      ],
      [
        91,
        6
      ],
      [
        16,
        76
      ],
      [
        65,
        96
      ],
      [
        62,
        12
      ],
      [
        81,
        51
      ],
      [
        48,
        20
      ],
      [
        5,
        89
      ],
      [
        61,
        53
      ],
      [
        74,
        34
      ],
      [
        45,
        46
      ],
      [
        27,
        21
      ],
      [
        43,
        54
      ],
      [
        13,
        32
      ],
      [
        0,
        83
      ],
      [
        41,
        33
      ],
      [
        4,
        66
      ],
      [
        49,
        79
      ],
      [
        2,
        9
      ],
      [
        84,
        8
      ],
      [
        60,
        22
      ],
      [
        69,
        92
      ]
    ],
    "in_cols": [
      18,
      29,
      42,
      47,
      37,
      27,
      22,
      35,
      44,
      28,
      46,
      11,
      20,
      17,
      6,
      9,
      16,
      1,
      15,
      26,
      3,
      14,
      43,
      12,
      39,
      33,
      8,
      45,
      10,
      34,
      32,
      40,
      24,
      5,
      31,
      38,
      23,
      13,
      21,
      7,
      0,
      19,
      4,
      25,
      2,
      41,
      30,
      36
    ],
    "out_cols": [
      35,
      15,
      30,
      25,
      40,
      41,
      38,
      14,
      28,
      44,
      11,
      13,
      23,
      46,
      7,
      32,
      1,
      33,
      21,
      29,
      12,
      19,
      34,
      20,
      4,
      36,
      6,
      0,
      37,
      47,
      5,
      24,
      8,
      43,
      26,
      18,
      22,
      9,
      27,
      16,
      42,
      17,
      31,
      39,
      3,
      2,
      10,
      45
    ]
  }
}