{
  "config": {
    "steps": 700,
    "lr": 0.015,
    "tau_start": 1.0,
    "tau_end": 0.025,
    "sinkhorn_iters": 30,
    "lambda_ent": 0.0001,
    "train_subsample": 0,
    "seed": 11404,
    "device": "cuda"
  },
  "final": {
    "soft_mse_full": 0.2980472147464752,
    "discrete_mse": 104.52333068847656,
    "hash_match": false,
    "perm_str": "39,75,59,52,35,72,95,29,44,82,73,63,94,93,50,80,42,55,58,78,86,30,69,67,37,7,28,19,18,90,15,57,77,47,10,24,68,26,48,40,3,25,31,36,1,38,87,71,23,53,14,11,64,51,5,17,4,33,65,20,81,6,16,96,45,92,43,70,91,89,13,54,62,83,2,9,74,66,0,46,41,76,84,34,60,22,27,79,56,12,49,21,61,32,88,8,85",
    "in_cols": [
      18,
      29,
      16,
      47,
      22,
      37,
      46,
      26,
      20,
      28,
      42,
      36,
      17,
      14,
      11,
      9,
      39,
      6,
      35,
      24,
      3,
      15,
      1,
      43,
      12,
      8,
      33,
      5,
      4,
      34,
      40,
      10,
      23,
      21,
      45,
      7,
      32,
      2,
      38,
      0,
      19,
      41,
      30,
      13,
      27,
      25,
      31,
      44
    ],
    "out_cols": [
      36,
      25,
      35,
      14,
      41,
      30,
      46,
      40,
      28,
      38,
      15,
      32,
      1,
      7,
      44,
      29,
      23,
      11,
      13,
      21,
      12,
      19,
      20,
      34,
      26,
      4,
      24,
      6,
      17,
      8,
      0,
      47,
      45,
      33,
      43,
      27,
      42,
      3,
      31,
      22,
      37,
      18,
      10,
      39,
      5,
      9,
      16,
      2
    ]
  },
  "best_seen": {
    "discrete_mse": 43.032833099365234,
    "order": [
      [
        35,
        17
      ],
      [
        49,
        30
      ],
      [
        15,
        83
      ],
      [
        58,
        12
      ],
      [
        44,
        22
      ],
      [
        43,
        79
      ],
      [
        94,
        93
      ],
      [
        81,
        32
      ],
      [
        16,
        29
      ],
      [
        48,
        82
      ],
      [
        31,
        47
      ],
      [
        14,
        34
      ],
      [
        50,
        51
      ],
      [
        74,
        75
      ],
      [
        1,
        38
      ],
      [
        56,
        21
      ],
      [
        45,
        70
      ],
      [
        61,
        25
      ],
      [
        18,
        53
      ],
      [
        87,
        11
      ],
      [
        42,
        89
      ],
      [
        69,
        54
      ],
      [
        68,
        46
      ],
      [
        2,
        6
      ],
      [
        59,
        72
      ],
      [
        65,
        52
      ],
      [
        73,
        8
      ],
      [
        28,
        24
      ],
      [
        37,
        26
      ],
      [
        62,
        63
      ],
      [
        41,
        96
      ],
      [
        39,
        40
      ],
      [
        23,
        57
      ],
      [
        3,
        80
      ],
      [
        4,
        33
      ],
      [
        86,
        78
      ],
      [
        77,
        92
      ],
      [
        91,
        90
      ],
      [
        95,
        76
      ],
      [
        88,
        20
      ],
      [
        13,
        7
      ],
      [
        84,
        55
      ],
      [
        27,
        66
      ],
      [
        60,
        19
      ],
      [
        0,
        9
      ],
      [
        10,
        36
      ],
      [
        5,
        67
      ],
      [
        64,
        71
      ]
    ],
    "in_cols": [
      16,
      25,
      9,
      28,
      22,
      21,
      46,
      40,
      10,
      24,
      15,
      8,
      26,
      38,
      1,
      27,
      23,
      31,
      11,
      43,
      20,
      36,
      35,
      2,
      29,
      34,
      37,
      14,
      17,
      32,
      19,
      18,
      12,
      3,
      4,
      42,
      39,
      45,
      47,
      44,
      7,
      41,
      13,
      30,
      0,
      6,
      5,
      33
    ],
    "out_cols": [
      6,
      15,
      42,
      5,
      10,
      39,
      46,
      16,
      14,
      41,
      23,
      18,
      24,
      36,
      20,
      9,
      33,
      12,
      26,
      4,
      43,
      27,
      22,
      0,
      35,
      25,
      2,
      11,
      13,
      30,
      47,
      21,
      29,
      40,
      17,
      38,
      45,
      44,
      37,
      8,
      1,
      28,
      31,
      7,
      3,
      19,
      32,
      34
    ]
  }
}