{
  "config": {
    "steps": 900,
    "lr": 0.03,
    "tau_start": 1.0,
    "tau_end": 0.028,
    "sinkhorn_iters": 30,
    "lambda_ent": 0.0003,
    "train_subsample": 4096,
    "seed": 23302,
    "device": "cuda"
  },
  "final": {
    "soft_mse_full": 0.5003023743629456,
    "discrete_mse": 518.8975219726562,
    "hash_match": false,
    "perm_str": "59,52,39,30,18,72,95,90,81,93,56,80,44,82,42,29,74,55,58,78,86,75,69,67,35,24,15,19,10,7,50,57,68,47,73,36,28,40,87,63,3,26,31,25,1,71,37,38,77,11,5,51,14,12,27,33,43,6,4,92,16,20,65,96,48,70,62,83,61,53,0,17,23,54,13,9,49,8,41,22,84,46,91,32,2,66,94,34,45,79,60,89,88,21,64,76,85",
    "in_cols": [
      29,
      18,
      11,
      47,
      40,
      27,
      22,
      20,
      38,
      28,
      42,
      36,
      16,
      9,
      6,
      26,
      35,
      37,
      14,
      43,
      3,
      15,
      1,
      17,
      39,
      5,
      8,
      13,
      21,
      4,
      10,
      34,
      24,
      32,
      31,
      0,
      12,
      7,
      25,
      19,
      41,
      45,
      2,
      46,
      23,
      30,
      44,
      33
    ],
    "out_cols": [
      25,
      15,
      35,
      44,
      46,
      40,
      41,
      14,
      28,
      38,
      36,
      32,
      11,
      7,
      1,
      29,
      23,
      19,
      21,
      30,
      13,
      12,
      34,
      20,
      4,
      24,
      5,
      17,
      0,
      45,
      8,
      47,
      33,
      42,
      26,
      6,
      27,
      3,
      2,
      10,
      22,
      16,
      31,
      18,
      39,
      43,
      9,
      37
    ]
  },
  "best_seen": {
    "discrete_mse": 26.40996742248535,
    "order": [
      [
        5,
        47
      ],
      [
        10,
        70
      ],
      [
        15,
        76
      ],
      [
        73,
        24
      ],
      [
        94,
        92
      ],
      [
        64,
        66
      ],
      [
        84,
        26
      ],
      [
        35,
        93
      ],
      [
        91,
        12
      ],
      [
        23,
        7
      ],
      [
        39,
        19
      ],
      [
        69,
        33
      ],
      [
        50,
        83
      ],
      [
        4,
        8
      ],
      [
        16,
        11
      ],
      [
        28,
        51
      ],
      [
        42,
        96
      ],
      [
        48,
        38
      ],
      [
        81,
        9
      ],
      [
        43,
        21
      ],
      [
        58,
        54
      ],
      [
        45,
        34
      ],
      [
        88,
        30
      ],
      [
        65,
        75
      ],
      [
        14,
        36
      ],
      [
        3,
        46
      ],
      [
        13,
        80
      ],
      [
        44,
        90
      ],
      [
        1,
        32
      ],
      [
        86,
        57
      ],
      [
        60,
        71
      ],
      [
        61,
        55
      ],
      [
        68,
        17
      ],
      [
        18,
        25
      ],
      [
        59,
        52
      ],
      [
        0,
        22
      ],
      [
        49,
        67
      ],
      [
        31,
        20
      ],
      [
        41,
        63
      ],
      [
        27,
        82
      ],
      [
        77,
        53
      ],
      [
        37,
        79
      ],
      [
        2,
        29
      ],
      [
        56,
        6
      ],
      [
        95,
        89
      ],
      [
        87,
        40
      ],
      [
        62,
        72
      ],
      [
        74,
        78
      ]
    ],
    "in_cols": [
      5,
      6,
      9,
      37,
      46,
      33,
      41,
      16,
      45,
      12,
      18,
      36,
      26,
      4,
      10,
      14,
      20,
      24,
      40,
      21,
      28,
      23,
      44,
      34,
      8,
      3,
      7,
      22,
      1,
      42,
      30,
      31,
      35,
      11,
      29,
      0,
      25,
      15,
      19,
      13,
      39,
      17,
      2,
      27,
      47,
      43,
      32,
      38
    ],
    "out_cols": [
      23,
      33,
      37,
      11,
      45,
      31,
      13,
      46,
      5,
      1,
      7,
      17,
      42,
      2,
      4,
      24,
      47,
      20,
      3,
      9,
      27,
      18,
      15,
      36,
      19,
      22,
      40,
      44,
      16,
      29,
      34,
      28,
      6,
      12,
      25,
      10,
      32,
      8,
      30,
      41,
      26,
      39,
      14,
      0,
      43,
      21,
      35,
      38
    ]
  }
}