{
  "config": {
    "steps": 900,
    "lr": 0.03,
    "tau_start": 1.0,
    "tau_end": 0.028,
    "sinkhorn_iters": 30,
    "lambda_ent": 0.0003,
    "train_subsample": 4096,
    "seed": 18402,
    "device": "cuda"
  },
  "final": {
    "soft_mse_full": 0.4110129773616791,
    "discrete_mse": 178.23036193847656,
    "hash_match": false,
    "perm_str": "59,52,39,30,42,72,95,78,56,80,44,82,74,55,88,29,37,93,69,67,18,90,35,24,94,53,1,7,68,47,28,19,15,51,86,40,10,36,31,63,3,26,5,57,50,38,87,71,84,25,64,75,77,11,23,32,81,6,91,92,14,20,43,70,4,96,48,33,60,89,65,54,62,83,13,9,49,17,73,34,16,66,27,46,0,21,45,22,41,8,58,79,61,76,2,12,85",
    "in_cols": [
      29,
      18,
      20,
      47,
      27,
      22,
      38,
      44,
      17,
      36,
      11,
      16,
      46,
      1,
      35,
      14,
      9,
      42,
      6,
      15,
      3,
      5,
      26,
      43,
      41,
      33,
      39,
      12,
      40,
      45,
      8,
      21,
      4,
      24,
      30,
      34,
      32,
      7,
      25,
      37,
      10,
      13,
      0,
      23,
      19,
      28,
      31,
      2
    ],
    "out_cols": [
      25,
      15,
      35,
      38,
      40,
      41,
      28,
      14,
      46,
      32,
      44,
      11,
      26,
      1,
      23,
      7,
      24,
      21,
      19,
      30,
      13,
      29,
      20,
      34,
      12,
      36,
      4,
      16,
      0,
      45,
      8,
      33,
      47,
      17,
      43,
      27,
      42,
      3,
      6,
      18,
      31,
      22,
      9,
      10,
      2,
      39,
      37,
      5
    ]
  },
  "best_seen": {
    "discrete_mse": 10.822529792785645,
    "order": [
      [
        59,
        52
      ],
      [
        39,
        30
      ],
      [
        73,
        72
      ],
      [
        95,
        78
      ],
      [
        56,
        80
      ],
      [
        44,
        82
      ],
      [
        74,
        55
      ],
      [
        42,
        29
      ],
      [
        37,
        93
      ],
      [
        69,
        67
      ],
      [
        18,
        90
      ],
      [
        35,
        24
      ],
      [
        94,
        53
      ],
      [
        10,
        7
      ],
      [
        68,
        47
      ],
      [
        28,
        19
      ],
      [
        15,
        57
      ],
      [
        86,
        40
      ],
      [
        31,
        36
      ],
      [
        50,
        63
      ],
      [
        3,
        26
      ],
      [
        5,
        75
      ],
      [
        1,
        38
      ],
      [
        87,
        71
      ],
      [
        23,
        25
      ],
      [
        64,
        51
      ],
      [
        14,
        11
      ],
      [
        4,
        32
      ],
      [
        81,
        6
      ],
      [
        91,
        92
      ],
      [
        62,
        20
      ],
      [
        61,
        70
      ],
      [
        77,
        96
      ],
      [
        16,
        33
      ],
      [
        60,
        89
      ],
      [
        65,
        54
      ],
      [
        0,
        83
      ],
      [
        13,
        9
      ],
      [
        49,
        17
      ],
      [
        2,
        34
      ],
      [
        48,
        66
      ],
      [
        27,
        46
      ],
      [
        84,
        21
      ],
      [
        45,
        22
      ],
      [
        41,
        8
      ],
      [
        58,
        79
      ],
      [
        43,
        76
      ],
      [
        88,
        12
      ]
    ],
    "in_cols": [
      29,
      18,
      37,
      47,
      27,
      22,
      38,
      20,
      17,
      36,
      11,
      16,
      46,
      6,
      35,
      14,
      9,
      42,
      15,
      26,
      3,
      5,
      1,
      43,
      12,
      33,
      8,
      4,
      40,
      45,
      32,
      31,
      39,
      10,
      30,
      34,
      0,
      7,
      25,
      2,
      24,
      13,
      41,
      23,
      19,
      28,
      21,
      44
    ],
    "out_cols": [
      25,
      15,
      35,
      38,
      40,
      41,
      28,
      14,
      46,
      32,
      44,
      11,
      26,
      1,
      23,
      7,
      29,
      21,
      19,
      30,
      13,
      36,
      20,
      34,
      12,
      24,
      4,
      16,
      0,
      45,
      8,
      33,
      47,
      17,
      43,
      27,
      42,
      3,
      6,
      18,
      31,
      22,
      9,
      10,
      2,
      39,
      37,
      5
    ]
  }
}