{
  "config": {
    "steps": 700,
    "lr": 0.02,
    "tau_start": 1.0,
    "tau_end": 0.03,
    "sinkhorn_iters": 30,
    "lambda_ent": 0.0003,
    "train_subsample": 0,
    "seed": 20903,
    "device": "cuda"
  },
  "final": {
    "soft_mse_full": 0.3172585070133209,
    "discrete_mse": 31.75605583190918,
    "hash_match": false,
    "perm_str": "59,52,73,72,39,75,95,63,56,30,44,82,74,55,42,29,94,83,58,78,86,90,18,67,28,19,35,24,50,7,15,57,37,47,68,26,1,40,48,53,3,80,31,36,87,71,27,38,23,25,49,21,77,11,14,17,65,20,81,6,5,51,45,33,91,96,4,89,16,70,62,32,0,54,2,12,60,79,43,8,64,22,13,9,41,76,69,34,61,93,84,66,10,92,88,46,85",
    "in_cols": [
      29,
      37,
      18,
      47,
      27,
      22,
      38,
      20,
      46,
      28,
      42,
      11,
      14,
      16,
      26,
      9,
      17,
      35,
      1,
      24,
      3,
      15,
      43,
      13,
      12,
      25,
      39,
      8,
      34,
      40,
      5,
      23,
      45,
      4,
      10,
      32,
      0,
      2,
      30,
      21,
      33,
      7,
      19,
      36,
      31,
      41,
      6,
      44
    ],
    "out_cols": [
      25,
      35,
      36,
      30,
      15,
      41,
      28,
      14,
      42,
      38,
      44,
      32,
      7,
      11,
      1,
      29,
      23,
      13,
      21,
      26,
      40,
      19,
      34,
      20,
      12,
      9,
      4,
      6,
      8,
      0,
      24,
      17,
      47,
      43,
      33,
      16,
      27,
      5,
      39,
      2,
      10,
      3,
      37,
      18,
      46,
      31,
      45,
      22
    ]
  },
  "best_seen": {
    "discrete_mse": 2.9827382564544678,
    "order": [
      [
        59,
        52
      ],
      [
        39,
        72
      ],
      [
        73,
        75
      ],
      [
        95,
        63
      ],
      [
        56,
        30
      ],
      [
        44,
        78
      ],
      [
        74,
        55
      ],
      [
        42,
        80
      ],
      [
        69,
        83
      ],
      [
        58,
        29
      ],
      [
        86,
        90
      ],
      [
        18,
        67
      ],
      [
        28,
        19
      ],
      [
        35,
        24
      ],
      [
        50,
        7
      ],
      [
        15,
        57
      ],
      [
        37,
        82
      ],
      [
        68,
        47
      ],
      [
        1,
        40
      ],
      [
        94,
        53
      ],
      [
        3,
        26
      ],
      [
        31,
        36
      ],
      [
        87,
        71
      ],
      [
        27,
        38
      ],
      [
        23,
        25
      ],
      [
        4,
        21
      ],
      [
        77,
        11
      ],
      [
        14,
        17
      ],
      [
        65,
        20
      ],
      [
        81,
        6
      ],
      [
        48,
        51
      ],
      [
        5,
        33
      ],
      [
        45,
        96
      ],
      [
        61,
        89
      ],
      [
        16,
        70
      ],
      [
        62,
        32
      ],
      [
        0,
        54
      ],
      [
        2,
        12
      ],
      [
        60,
        79
      ],
      [
        49,
        8
      ],
      [
        10,
        22
      ],
      [
        13,
        9
      ],
      [
        91,
        76
      ],
      [
        88,
        34
      ],
      [
        41,
        46
      ],
      [
        84,
        66
      ],
      [
        43,
        92
      ],
      [
        64,
        93
      ]
    ],
    "in_cols": [
      29,
      18,
      37,
      47,
      27,
      22,
      38,
      20,
      36,
      28,
      42,
      11,
      14,
      16,
      26,
      9,
      17,
      35,
      1,
      46,
      3,
      15,
      43,
      13,
      12,
      4,
      39,
      8,
      34,
      40,
      24,
      5,
      23,
      31,
      10,
      32,
      0,
      2,
      30,
      25,
      6,
      7,
      45,
      44,
      19,
      41,
      21,
      33
    ],
    "out_cols": [
      25,
      35,
      36,
      30,
      15,
      38,
      28,
      40,
      42,
      14,
      44,
      32,
      7,
      11,
      1,
      29,
      41,
      23,
      21,
      26,
      13,
      19,
      34,
      20,
      12,
      9,
      4,
      6,
      8,
      0,
      24,
      17,
      47,
      43,
      33,
      16,
      27,
      5,
      39,
      2,
      10,
      3,
      37,
      18,
      22,
      31,
      45,
      46
    ]
  }
}