{
  "config": {
    "steps": 900,
    "lr": 0.03,
    "tau_start": 1.0,
    "tau_end": 0.03,
    "sinkhorn_iters": 30,
    "lambda_ent": 0.0003,
    "train_subsample": 4096,
    "seed": 25101,
    "device": "cuda"
  },
  "final": {
    "soft_mse_full": 0.36646997928619385,
    "discrete_mse": 29.025724411010742,
    "hash_match": false,
    "perm_str": "56,72,59,52,86,63,95,82,42,78,74,80,39,55,44,29,88,54,18,30,58,90,94,93,48,47,37,19,15,67,73,57,3,26,35,24,65,7,87,71,50,25,31,36,1,75,23,40,4,32,14,11,0,17,5,51,28,33,62,6,16,96,43,70,45,92,77,20,13,89,84,9,81,53,61,83,27,21,68,22,49,46,2,34,91,66,41,79,10,76,60,38,69,8,64,12,85",
    "in_cols": [
      27,
      29,
      42,
      47,
      20,
      38,
      18,
      22,
      44,
      11,
      28,
      46,
      24,
      17,
      9,
      37,
      3,
      16,
      34,
      43,
      26,
      15,
      1,
      12,
      4,
      8,
      0,
      5,
      14,
      32,
      10,
      21,
      23,
      39,
      7,
      41,
      40,
      31,
      13,
      35,
      25,
      2,
      45,
      19,
      6,
      30,
      36,
      33
    ],
    "out_cols": [
      35,
      25,
      30,
      41,
      38,
      40,
      28,
      14,
      27,
      15,
      44,
      46,
      23,
      7,
      32,
      29,
      13,
      11,
      1,
      34,
      12,
      19,
      36,
      21,
      16,
      4,
      6,
      24,
      17,
      0,
      47,
      33,
      45,
      8,
      43,
      3,
      26,
      42,
      9,
      10,
      22,
      18,
      31,
      39,
      37,
      20,
      2,
      5
    ]
  },
  "best_seen": {
    "discrete_mse": 18.753461837768555,
    "order": [
      [
        42,
        72
      ],
      [
        59,
        52
      ],
      [
        86,
        63
      ],
      [
        95,
        82
      ],
      [
        87,
        78
      ],
      [
        74,
        80
      ],
      [
        39,
        55
      ],
      [
        44,
        29
      ],
      [
        88,
        54
      ],
      [
        18,
        30
      ],
      [
        58,
        90
      ],
      [
        94,
        93
      ],
      [
        37,
        47
      ],
      [
        28,
        19
      ],
      [
        15,
        67
      ],
      [
        73,
        57
      ],
      [
        3,
        26
      ],
      [
        35,
        24
      ],
      [
        10,
        7
      ],
      [
        48,
        71
      ],
      [
        50,
        25
      ],
      [
        31,
        36
      ],
      [
        1,
        75
      ],
      [
        23,
        38
      ],
      [
        4,
        32
      ],
      [
        14,
        11
      ],
      [
        0,
        17
      ],
      [
        5,
        51
      ],
      [
        65,
        33
      ],
      [
        62,
        6
      ],
      [
        16,
        96
      ],
      [
        43,
        70
      ],
      [
        45,
        92
      ],
      [
        77,
        20
      ],
      [
        13,
        89
      ],
      [
        84,
        9
      ],
      [
        81,
        53
      ],
      [
        61,
        83
      ],
      [
        27,
        40
      ],
      [
        68,
        22
      ],
      [
        49,
        46
      ],
      [
        2,
        34
      ],
      [
        91,
        66
      ],
      [
        41,
        79
      ],
      [
        56,
        76
      ],
      [
        60,
        21
      ],
      [
        69,
        8
      ],
      [
        64,
        12
      ]
    ],
    "in_cols": [
      20,
      29,
      42,
      47,
      43,
      38,
      18,
      22,
      44,
      11,
      28,
      46,
      17,
      14,
      9,
      37,
      3,
      16,
      6,
      24,
      26,
      15,
      1,
      12,
      4,
      8,
      0,
      5,
      34,
      32,
      10,
      21,
      23,
      39,
      7,
      41,
      40,
      31,
      13,
      35,
      25,
      2,
      45,
      19,
      27,
      30,
      36,
      33
    ],
    "out_cols": [
      35,
      25,
      30,
      41,
      38,
      40,
      28,
      14,
      27,
      15,
      44,
      46,
      23,
      7,
      32,
      29,
      13,
      11,
      1,
      34,
      12,
      19,
      36,
      20,
      16,
      4,
      6,
      24,
      17,
      0,
      47,
      33,
      45,
      8,
      43,
      3,
      26,
      42,
      21,
      10,
      22,
      18,
      31,
      39,
      37,
      9,
      2,
      5
    ]
  }
}