{
  "config": {
    "steps": 700,
    "lr": 0.015,
    "tau_start": 1.0,
    "tau_end": 0.025,
    "sinkhorn_iters": 30,
    "lambda_ent": 0.0001,
    "train_subsample": 0,
    "seed": 27504,
    "device": "cuda"
  },
  "final": {
    "soft_mse_full": 0.329277366399765,
    "discrete_mse": 72.73946380615234,
    "hash_match": false,
    "perm_str": "39,30,59,52,74,72,95,93,56,82,44,78,73,55,42,29,37,40,18,83,86,90,94,53,48,7,10,19,35,24,15,67,28,47,23,57,1,26,68,63,3,25,31,36,50,38,87,71,14,17,64,75,27,51,4,32,81,11,77,33,5,6,62,20,43,70,16,96,0,54,65,89,45,46,58,92,49,8,13,34,91,76,2,21,41,80,84,22,61,9,69,66,88,12,60,79,85",
    "in_cols": [
      18,
      29,
      38,
      47,
      27,
      22,
      37,
      20,
      17,
      11,
      42,
      46,
      24,
      6,
      16,
      9,
      14,
      12,
      1,
      35,
      3,
      15,
      26,
      43,
      8,
      33,
      13,
      4,
      40,
      39,
      5,
      32,
      21,
      10,
      0,
      34,
      23,
      28,
      25,
      7,
      45,
      2,
      19,
      41,
      31,
      36,
      44,
      30
    ],
    "out_cols": [
      15,
      25,
      35,
      46,
      41,
      38,
      28,
      14,
      21,
      42,
      44,
      26,
      1,
      7,
      11,
      32,
      23,
      29,
      13,
      30,
      12,
      19,
      20,
      34,
      6,
      36,
      24,
      16,
      4,
      17,
      0,
      8,
      33,
      47,
      27,
      43,
      22,
      45,
      2,
      18,
      37,
      9,
      40,
      10,
      3,
      31,
      5,
      39
    ]
  },
  "best_seen": {
    "discrete_mse": 7.04455041885376,
    "order": [
      [
        3,
        83
      ],
      [
        58,
        90
      ],
      [
        14,
        17
      ],
      [
        60,
        12
      ],
      [
        74,
        11
      ],
      [
        68,
        9
      ],
      [
        13,
        93
      ],
      [
        43,
        21
      ],
      [
        31,
        34
      ],
      [
        4,
        76
      ],
      [
        35,
        70
      ],
      [
        81,
        40
      ],
      [
        94,
        78
      ],
      [
        41,
        89
      ],
      [
        91,
        33
      ],
      [
        69,
        46
      ],
      [
        28,
        38
      ],
      [
        50,
        54
      ],
      [
        95,
        7
      ],
      [
        37,
        32
      ],
      [
        39,
        72
      ],
      [
        1,
        57
      ],
      [
        45,
        52
      ],
      [
        0,
        19
      ],
      [
        49,
        47
      ],
      [
        5,
        36
      ],
      [
        2,
        96
      ],
      [
        64,
        75
      ],
      [
        88,
        26
      ],
      [
        65,
        25
      ],
      [
        73,
        80
      ],
      [
        56,
        82
      ],
      [
        59,
        8
      ],
      [
        16,
        22
      ],
      [
        84,
        79
      ],
      [
        10,
        30
      ],
      [
        44,
        24
      ],
      [
        27,
        71
      ],
      [
        86,
        67
      ],
      [
        18,
        92
      ],
      [
        42,
        29
      ],
      [
        62,
        51
      ],
      [
        87,
        6
      ],
      [
        23,
        66
      ],
      [
        48,
        53
      ],
      [
        15,
        20
      ],
      [
        77,
        55
      ],
      [
        61,
        63
      ]
    ],
    "in_cols": [
      3,
      28,
      8,
      30,
      38,
      35,
      7,
      21,
      15,
      4,
      16,
      40,
      46,
      19,
      45,
      36,
      14,
      26,
      47,
      17,
      18,
      1,
      23,
      0,
      25,
      5,
      2,
      33,
      44,
      34,
      37,
      27,
      29,
      10,
      41,
      6,
      22,
      13,
      42,
      11,
      20,
      32,
      43,
      12,
      24,
      9,
      39,
      31
    ],
    "out_cols": [
      42,
      44,
      6,
      5,
      4,
      3,
      46,
      9,
      18,
      37,
      33,
      21,
      38,
      43,
      17,
      22,
      20,
      27,
      1,
      16,
      35,
      29,
      25,
      7,
      23,
      19,
      47,
      36,
      13,
      12,
      40,
      41,
      2,
      10,
      39,
      15,
      11,
      34,
      32,
      45,
      14,
      24,
      0,
      31,
      26,
      8,
      28,
      30
    ]
  }
}