{
  "config": {
    "steps": 700,
    "lr": 0.015,
    "tau_start": 1.0,
    "tau_end": 0.025,
    "sinkhorn_iters": 30,
    "lambda_ent": 0.0001,
    "train_subsample": 0,
    "seed": 26604,
    "device": "cuda"
  },
  "final": {
    "soft_mse_full": 0.38981863856315613,
    "discrete_mse": 97.43494415283203,
    "hash_match": false,
    "perm_str": "59,52,39,25,31,72,74,55,56,30,44,82,95,93,68,80,42,7,58,29,94,38,18,90,35,24,28,19,37,47,73,57,15,67,86,26,3,53,1,40,14,63,50,66,62,36,87,71,23,78,77,11,27,51,81,6,48,33,45,92,5,70,4,20,16,96,91,89,13,83,49,79,65,34,0,17,10,46,43,9,61,54,2,21,64,32,41,75,84,8,60,22,69,12,88,76,85",
    "in_cols": [
      29,
      18,
      15,
      38,
      27,
      22,
      47,
      35,
      20,
      28,
      46,
      11,
      16,
      14,
      17,
      37,
      9,
      42,
      3,
      1,
      8,
      26,
      32,
      43,
      12,
      39,
      13,
      40,
      24,
      23,
      5,
      4,
      10,
      45,
      7,
      25,
      34,
      0,
      6,
      21,
      31,
      2,
      33,
      19,
      41,
      30,
      36,
      44
    ],
    "out_cols": [
      25,
      12,
      35,
      28,
      15,
      41,
      46,
      40,
      1,
      14,
      20,
      44,
      11,
      7,
      23,
      29,
      32,
      13,
      26,
      21,
      30,
      31,
      19,
      34,
      38,
      4,
      24,
      0,
      17,
      45,
      33,
      8,
      47,
      43,
      42,
      39,
      18,
      6,
      22,
      3,
      27,
      9,
      16,
      36,
      2,
      10,
      5,
      37
    ]
  },
  "best_seen": {
    "discrete_mse": 6.700089454650879,
    "order": [
      [
        59,
        52
      ],
      [
        39,
        30
      ],
      [
        69,
        72
      ],
      [
        74,
        55
      ],
      [
        56,
        82
      ],
      [
        44,
        78
      ],
      [
        95,
        93
      ],
      [
        68,
        80
      ],
      [
        42,
        7
      ],
      [
        58,
        29
      ],
      [
        94,
        38
      ],
      [
        18,
        90
      ],
      [
        35,
        24
      ],
      [
        28,
        19
      ],
      [
        37,
        47
      ],
      [
        73,
        57
      ],
      [
        15,
        67
      ],
      [
        86,
        26
      ],
      [
        3,
        53
      ],
      [
        1,
        40
      ],
      [
        14,
        63
      ],
      [
        50,
        66
      ],
      [
        31,
        36
      ],
      [
        87,
        71
      ],
      [
        23,
        75
      ],
      [
        81,
        11
      ],
      [
        5,
        51
      ],
      [
        4,
        6
      ],
      [
        45,
        33
      ],
      [
        65,
        92
      ],
      [
        48,
        70
      ],
      [
        62,
        20
      ],
      [
        16,
        96
      ],
      [
        91,
        89
      ],
      [
        13,
        83
      ],
      [
        77,
        79
      ],
      [
        2,
        34
      ],
      [
        27,
        17
      ],
      [
        10,
        46
      ],
      [
        43,
        9
      ],
      [
        61,
        54
      ],
      [
        60,
        21
      ],
      [
        64,
        32
      ],
      [
        41,
        25
      ],
      [
        49,
        8
      ],
      [
        84,
        22
      ],
      [
        0,
        12
      ],
      [
        88,
        76
      ]
    ],
    "in_cols": [
      29,
      18,
      36,
      38,
      27,
      22,
      47,
      35,
      20,
      28,
      46,
      11,
      16,
      14,
      17,
      37,
      9,
      42,
      3,
      1,
      8,
      26,
      15,
      43,
      12,
      40,
      5,
      4,
      23,
      34,
      24,
      32,
      10,
      45,
      7,
      39,
      2,
      13,
      6,
      21,
      31,
      30,
      33,
      19,
      25,
      41,
      0,
      44
    ],
    "out_cols": [
      25,
      15,
      35,
      28,
      41,
      38,
      46,
      40,
      1,
      14,
      20,
      44,
      11,
      7,
      23,
      29,
      32,
      13,
      26,
      21,
      30,
      31,
      19,
      34,
      36,
      4,
      24,
      0,
      17,
      45,
      33,
      8,
      47,
      43,
      42,
      39,
      18,
      6,
      22,
      3,
      27,
      9,
      16,
      12,
      2,
      10,
      5,
      37
    ]
  }
}