{
  "config": {
    "steps": 900,
    "lr": 0.03,
    "tau_start": 1.0,
    "tau_end": 0.028,
    "sinkhorn_iters": 30,
    "lambda_ent": 0.0003,
    "train_subsample": 4096,
    "seed": 15202,
    "device": "cuda"
  },
  "final": {
    "soft_mse_full": 0.38476860523223877,
    "discrete_mse": 32.538108825683594,
    "hash_match": false,
    "perm_str": "59,52,69,72,39,55,73,78,56,30,44,82,95,93,68,29,42,90,86,80,28,19,94,38,18,47,62,7,37,36,15,57,35,24,10,26,31,25,48,40,3,67,50,66,1,63,23,75,87,71,60,11,27,51,14,17,43,6,65,92,81,20,4,33,5,96,77,53,58,70,0,83,16,76,2,9,84,89,74,32,13,34,41,79,61,22,45,46,64,54,49,21,91,8,88,12,85",
    "in_cols": [
      29,
      36,
      18,
      37,
      27,
      22,
      47,
      35,
      20,
      42,
      14,
      46,
      11,
      32,
      17,
      9,
      16,
      6,
      15,
      24,
      3,
      26,
      1,
      12,
      43,
      30,
      13,
      8,
      21,
      34,
      40,
      4,
      5,
      39,
      28,
      0,
      10,
      2,
      41,
      38,
      7,
      19,
      31,
      23,
      33,
      25,
      45,
      44
    ],
    "out_cols": [
      25,
      35,
      28,
      38,
      15,
      41,
      46,
      14,
      44,
      40,
      7,
      20,
      23,
      1,
      19,
      29,
      11,
      13,
      12,
      21,
      32,
      31,
      30,
      36,
      34,
      4,
      24,
      6,
      0,
      45,
      8,
      17,
      47,
      26,
      33,
      42,
      37,
      3,
      43,
      16,
      18,
      39,
      10,
      22,
      27,
      9,
      2,
      5
    ]
  },
  "best_seen": {
    "discrete_mse": 23.626558303833008,
    "order": [
      [
        59,
        52
      ],
      [
        69,
        72
      ],
      [
        39,
        55
      ],
      [
        73,
        78
      ],
      [
        56,
        30
      ],
      [
        44,
        82
      ],
      [
        95,
        93
      ],
      [
        68,
        29
      ],
      [
        42,
        90
      ],
      [
        86,
        80
      ],
      [
        28,
        19
      ],
      [
        94,
        38
      ],
      [
        18,
        47
      ],
      [
        62,
        7
      ],
      [
        10,
        36
      ],
      [
        37,
        57
      ],
      [
        35,
        24
      ],
      [
        15,
        26
      ],
      [
        31,
        25
      ],
      [
        48,
        40
      ],
      [
        3,
        67
      ],
      [
        50,
        66
      ],
      [
        1,
        63
      ],
      [
        23,
        75
      ],
      [
        87,
        71
      ],
      [
        60,
        11
      ],
      [
        27,
        51
      ],
      [
        14,
        17
      ],
      [
        43,
        6
      ],
      [
        91,
        92
      ],
      [
        81,
        20
      ],
      [
        4,
        33
      ],
      [
        5,
        96
      ],
      [
        77,
        53
      ],
      [
        58,
        70
      ],
      [
        0,
        83
      ],
      [
        16,
        76
      ],
      [
        2,
        9
      ],
      [
        84,
        89
      ],
      [
        74,
        32
      ],
      [
        13,
        34
      ],
      [
        41,
        79
      ],
      [
        61,
        22
      ],
      [
        45,
        46
      ],
      [
        64,
        54
      ],
      [
        49,
        21
      ],
      [
        65,
        8
      ],
      [
        88,
        12
      ]
    ],
    "in_cols": [
      29,
      36,
      18,
      37,
      27,
      22,
      47,
      35,
      20,
      42,
      14,
      46,
      11,
      32,
      6,
      17,
      16,
      9,
      15,
      24,
      3,
      26,
      1,
      12,
      43,
      30,
      13,
      8,
      21,
      45,
      40,
      4,
      5,
      39,
      28,
      0,
      10,
      2,
      41,
      38,
      7,
      19,
      31,
      23,
      33,
      25,
      34,
      44
    ],
    "out_cols": [
      25,
      35,
      28,
      38,
      15,
      41,
      46,
      14,
      44,
      40,
      7,
      20,
      23,
      1,
      19,
      29,
      11,
      13,
      12,
      21,
      32,
      31,
      30,
      36,
      34,
      4,
      24,
      6,
      0,
      45,
      8,
      17,
      47,
      26,
      33,
      42,
      37,
      3,
      43,
      16,
      18,
      39,
      10,
      22,
      27,
      9,
      2,
      5
    ]
  }
}