{
  "config": {
    "steps": 700,
    "lr": 0.02,
    "tau_start": 1.0,
    "tau_end": 0.03,
    "sinkhorn_iters": 30,
    "lambda_ent": 0.0003,
    "train_subsample": 0,
    "seed": 11903,
    "device": "cuda"
  },
  "final": {
    "soft_mse_full": 0.37642011046409607,
    "discrete_mse": 36.90480422973633,
    "hash_match": false,
    "perm_str": "59,52,69,72,39,66,42,78,56,30,44,82,95,80,68,29,94,93,58,55,18,90,2,83,28,19,10,57,1,7,15,67,73,47,86,40,35,24,50,63,3,26,31,36,37,38,87,71,23,75,77,11,14,17,48,51,81,33,65,25,62,6,16,20,4,96,43,70,91,53,60,54,84,89,5,32,49,21,61,34,0,79,74,76,13,9,45,22,64,92,27,46,41,12,88,8,85",
    "in_cols": [
      29,
      36,
      18,
      20,
      27,
      22,
      47,
      35,
      46,
      28,
      11,
      2,
      14,
      6,
      1,
      9,
      37,
      42,
      16,
      26,
      3,
      15,
      17,
      43,
      12,
      39,
      8,
      24,
      40,
      34,
      32,
      10,
      4,
      21,
      45,
      30,
      41,
      5,
      25,
      31,
      0,
      38,
      7,
      23,
      33,
      13,
      19,
      44
    ],
    "out_cols": [
      25,
      35,
      31,
      38,
      15,
      41,
      40,
      14,
      46,
      28,
      44,
      42,
      7,
      29,
      1,
      32,
      23,
      21,
      11,
      30,
      13,
      19,
      20,
      34,
      36,
      4,
      6,
      24,
      17,
      12,
      0,
      8,
      47,
      33,
      26,
      27,
      43,
      16,
      9,
      18,
      39,
      37,
      3,
      10,
      45,
      22,
      5,
      2
    ]
  },
  "best_seen": {
    "discrete_mse": 36.92979431152344,
    "order": [
      [
        59,
        52
      ],
      [
        39,
        72
      ],
      [
        95,
        78
      ],
      [
        42,
        63
      ],
      [
        56,
        30
      ],
      [
        44,
        82
      ],
      [
        74,
        80
      ],
      [
        68,
        29
      ],
      [
        0,
        93
      ],
      [
        58,
        55
      ],
      [
        18,
        90
      ],
      [
        94,
        83
      ],
      [
        28,
        19
      ],
      [
        10,
        57
      ],
      [
        1,
        7
      ],
      [
        15,
        67
      ],
      [
        73,
        47
      ],
      [
        86,
        40
      ],
      [
        35,
        24
      ],
      [
        50,
        25
      ],
      [
        3,
        26
      ],
      [
        31,
        36
      ],
      [
        37,
        38
      ],
      [
        87,
        71
      ],
      [
        23,
        75
      ],
      [
        77,
        11
      ],
      [
        14,
        17
      ],
      [
        64,
        51
      ],
      [
        81,
        33
      ],
      [
        65,
        66
      ],
      [
        48,
        6
      ],
      [
        62,
        20
      ],
      [
        4,
        96
      ],
      [
        16,
        70
      ],
      [
        91,
        53
      ],
      [
        60,
        54
      ],
      [
        84,
        89
      ],
      [
        5,
        32
      ],
      [
        49,
        21
      ],
      [
        61,
        34
      ],
      [
        41,
        79
      ],
      [
        43,
        76
      ],
      [
        13,
        9
      ],
      [
        45,
        22
      ],
      [
        2,
        92
      ],
      [
        27,
        46
      ],
      [
        69,
        12
      ],
      [
        88,
        8
      ]
    ],
    "in_cols": [
      29,
      18,
      47,
      20,
      27,
      22,
      38,
      35,
      0,
      28,
      11,
      46,
      14,
      6,
      1,
      9,
      37,
      42,
      16,
      26,
      3,
      15,
      17,
      43,
      12,
      39,
      8,
      33,
      40,
      34,
      24,
      32,
      4,
      10,
      45,
      30,
      41,
      5,
      25,
      31,
      19,
      21,
      7,
      23,
      2,
      13,
      36,
      44
    ],
    "out_cols": [
      25,
      35,
      38,
      30,
      15,
      41,
      40,
      14,
      46,
      28,
      44,
      42,
      7,
      29,
      1,
      32,
      23,
      21,
      11,
      12,
      13,
      19,
      20,
      34,
      36,
      4,
      6,
      24,
      17,
      31,
      0,
      8,
      47,
      33,
      26,
      27,
      43,
      16,
      9,
      18,
      39,
      37,
      3,
      10,
      45,
      22,
      5,
      2
    ]
  }
}