{
  "config": {
    "steps": 700,
    "lr": 0.015,
    "tau_start": 1.0,
    "tau_end": 0.025,
    "sinkhorn_iters": 30,
    "lambda_ent": 0.0001,
    "train_subsample": 0,
    "seed": 17304,
    "device": "cuda"
  },
  "final": {
    "soft_mse_full": 0.31582480669021606,
    "discrete_mse": 142.25389099121094,
    "hash_match": false,
    "perm_str": "86,52,59,30,23,72,73,19,95,93,44,82,56,80,39,55,42,29,58,78,94,90,18,11,48,47,35,24,10,7,15,67,37,57,68,26,87,71,28,63,3,25,50,66,31,36,1,38,64,40,14,33,81,79,77,17,13,32,91,92,5,6,62,20,16,96,60,53,43,70,84,54,65,89,74,83,49,21,4,8,45,9,61,22,41,75,88,34,0,76,69,46,2,51,27,12,85",
    "in_cols": [
      42,
      29,
      12,
      37,
      47,
      22,
      27,
      18,
      20,
      28,
      46,
      11,
      24,
      16,
      6,
      9,
      17,
      35,
      43,
      14,
      3,
      26,
      15,
      1,
      33,
      8,
      40,
      39,
      7,
      45,
      5,
      32,
      10,
      30,
      21,
      41,
      34,
      38,
      25,
      4,
      23,
      31,
      19,
      44,
      0,
      36,
      2,
      13
    ],
    "out_cols": [
      25,
      15,
      35,
      7,
      46,
      41,
      40,
      28,
      14,
      38,
      44,
      4,
      23,
      11,
      1,
      32,
      29,
      13,
      34,
      30,
      12,
      31,
      19,
      20,
      21,
      17,
      39,
      6,
      16,
      45,
      0,
      8,
      47,
      26,
      33,
      27,
      43,
      42,
      9,
      2,
      3,
      10,
      36,
      18,
      37,
      22,
      24,
      5
    ]
  },
  "best_seen": {
    "discrete_mse": 23.179033279418945,
    "order": [
      [
        86,
        52
      ],
      [
        59,
        30
      ],
      [
        64,
        72
      ],
      [
        56,
        19
      ],
      [
        95,
        93
      ],
      [
        44,
        82
      ],
      [
        23,
        80
      ],
      [
        39,
        55
      ],
      [
        42,
        29
      ],
      [
        58,
        78
      ],
      [
        94,
        90
      ],
      [
        18,
        40
      ],
      [
        48,
        47
      ],
      [
        35,
        24
      ],
      [
        73,
        7
      ],
      [
        15,
        67
      ],
      [
        37,
        57
      ],
      [
        68,
        26
      ],
      [
        28,
        71
      ],
      [
        87,
        63
      ],
      [
        3,
        25
      ],
      [
        50,
        66
      ],
      [
        31,
        36
      ],
      [
        1,
        38
      ],
      [
        77,
        11
      ],
      [
        14,
        33
      ],
      [
        10,
        79
      ],
      [
        0,
        17
      ],
      [
        13,
        32
      ],
      [
        91,
        92
      ],
      [
        62,
        6
      ],
      [
        5,
        20
      ],
      [
        81,
        96
      ],
      [
        60,
        53
      ],
      [
        43,
        70
      ],
      [
        16,
        54
      ],
      [
        65,
        89
      ],
      [
        74,
        83
      ],
      [
        49,
        21
      ],
      [
        4,
        8
      ],
      [
        45,
        9
      ],
      [
        84,
        22
      ],
      [
        41,
        75
      ],
      [
        88,
        34
      ],
      [
        69,
        76
      ],
      [
        61,
        46
      ],
      [
        2,
        51
      ],
      [
        27,
        12
      ]
    ],
    "in_cols": [
      42,
      29,
      33,
      27,
      47,
      22,
      12,
      18,
      20,
      28,
      46,
      11,
      24,
      16,
      37,
      9,
      17,
      35,
      14,
      43,
      3,
      26,
      15,
      1,
      39,
      8,
      6,
      0,
      7,
      45,
      32,
      5,
      40,
      30,
      21,
      10,
      34,
      38,
      25,
      4,
      23,
      41,
      19,
      44,
      36,
      31,
      2,
      13
    ],
    "out_cols": [
      25,
      15,
      35,
      7,
      46,
      41,
      40,
      28,
      14,
      38,
      44,
      21,
      23,
      11,
      1,
      32,
      29,
      13,
      34,
      30,
      12,
      31,
      19,
      20,
      4,
      17,
      39,
      6,
      16,
      45,
      0,
      8,
      47,
      26,
      33,
      27,
      43,
      42,
      9,
      2,
      3,
      10,
      36,
      18,
      37,
      22,
      24,
      5
    ]
  }
}