{
  "config": {
    "steps": 700,
    "lr": 0.02,
    "tau_start": 1.0,
    "tau_end": 0.03,
    "sinkhorn_iters": 30,
    "lambda_ent": 0.0003,
    "train_subsample": 0,
    "seed": 23003,
    "device": "cuda"
  },
  "final": {
    "soft_mse_full": 0.33918970823287964,
    "discrete_mse": 56.639892578125,
    "hash_match": false,
    "perm_str": "95,30,59,52,35,72,39,63,74,55,73,80,44,82,42,29,18,83,58,93,88,90,94,78,48,40,28,19,50,7,15,67,10,57,86,47,68,24,87,36,3,26,31,25,1,38,23,71,14,12,5,51,81,11,4,17,45,33,62,6,65,96,77,20,16,70,91,76,13,89,43,32,27,53,2,9,41,46,0,54,61,22,49,8,56,75,84,79,64,34,60,92,69,66,37,21,85",
    "in_cols": [
      47,
      29,
      16,
      18,
      38,
      37,
      22,
      20,
      11,
      28,
      44,
      46,
      24,
      14,
      26,
      9,
      6,
      42,
      35,
      43,
      3,
      15,
      1,
      12,
      8,
      5,
      40,
      4,
      23,
      32,
      34,
      39,
      10,
      45,
      7,
      21,
      13,
      2,
      19,
      0,
      31,
      25,
      27,
      41,
      33,
      30,
      36,
      17
    ],
    "out_cols": [
      15,
      25,
      35,
      30,
      28,
      40,
      41,
      14,
      42,
      46,
      44,
      38,
      21,
      7,
      1,
      32,
      29,
      23,
      11,
      19,
      13,
      12,
      20,
      34,
      5,
      24,
      4,
      6,
      17,
      0,
      47,
      8,
      33,
      37,
      43,
      16,
      26,
      3,
      22,
      27,
      10,
      2,
      36,
      39,
      18,
      45,
      31,
      9
    ]
  },
  "best_seen": {
    "discrete_mse": 3.2518553733825684,
    "order": [
      [
        3,
        7
      ],
      [
        58,
        80
      ],
      [
        42,
        22
      ],
      [
        74,
        36
      ],
      [
        41,
        38
      ],
      [
        18,
        90
      ],
      [
        39,
        67
      ],
      [
        95,
        17
      ],
      [
        60,
        89
      ],
      [
        68,
        71
      ],
      [
        28,
        66
      ],
      [
        94,
        57
      ],
      [
        0,
        47
      ],
      [
        56,
        8
      ],
      [
        50,
        96
      ],
      [
        2,
        76
      ],
      [
        62,
        33
      ],
      [
        91,
        52
      ],
      [
        59,
        75
      ],
      [
        69,
        9
      ],
      [
        86,
        32
      ],
      [
        64,
        24
      ],
      [
        37,
        46
      ],
      [
        73,
        78
      ],
      [
        1,
        21
      ],
      [
        48,
        26
      ],
      [
        5,
        29
      ],
      [
        35,
        63
      ],
      [
        44,
        83
      ],
      [
        43,
        19
      ],
      [
        88,
        54
      ],
      [
        65,
        51
      ],
      [
        4,
        20
      ],
      [
        15,
        55
      ],
      [
        31,
        79
      ],
      [
        14,
        30
      ],
      [
        23,
        12
      ],
      [
        10,
        11
      ],
      [
        45,
        70
      ],
      [
        13,
        40
      ],
      [
        61,
        53
      ],
      [
        27,
        82
      ],
      [
        16,
        72
      ],
      [
        87,
        34
      ],
      [
        84,
        6
      ],
      [
        81,
        93
      ],
      [
        49,
        92
      ],
      [
        77,
        25
      ]
    ],
    "in_cols": [
      3,
      28,
      20,
      38,
      19,
      11,
      18,
      47,
      30,
      35,
      14,
      46,
      0,
      27,
      26,
      2,
      32,
      45,
      29,
      36,
      42,
      33,
      17,
      37,
      1,
      24,
      5,
      16,
      22,
      21,
      44,
      34,
      4,
      9,
      15,
      8,
      12,
      6,
      23,
      7,
      31,
      13,
      10,
      43,
      41,
      40,
      25,
      39
    ],
    "out_cols": [
      1,
      40,
      10,
      19,
      20,
      44,
      32,
      6,
      43,
      34,
      31,
      29,
      23,
      2,
      47,
      37,
      17,
      25,
      36,
      3,
      16,
      11,
      22,
      38,
      9,
      13,
      14,
      30,
      42,
      7,
      27,
      24,
      8,
      28,
      39,
      15,
      5,
      4,
      33,
      21,
      26,
      41,
      35,
      18,
      0,
      46,
      45,
      12
    ]
  }
}