{
  "config": {
    "steps": 700,
    "lr": 0.015,
    "tau_start": 1.0,
    "tau_end": 0.025,
    "sinkhorn_iters": 30,
    "lambda_ent": 0.0001,
    "train_subsample": 0,
    "seed": 6004,
    "device": "cuda"
  },
  "final": {
    "soft_mse_full": 0.4298604428768158,
    "discrete_mse": 15.462618827819824,
    "hash_match": false,
    "perm_str": "59,52,23,72,95,63,56,30,44,82,94,80,42,78,39,29,88,55,37,83,69,90,86,38,18,93,28,19,50,7,15,67,73,47,35,57,68,24,1,26,3,25,31,36,27,40,87,71,16,21,14,17,64,51,5,11,62,6,45,12,48,20,81,96,77,33,65,76,91,53,4,32,0,54,60,70,13,9,10,8,41,75,74,92,43,22,84,66,61,46,49,79,2,34,58,89,85",
    "in_cols": [
      29,
      12,
      47,
      27,
      22,
      46,
      20,
      18,
      44,
      17,
      36,
      42,
      11,
      14,
      26,
      9,
      37,
      16,
      35,
      1,
      3,
      15,
      13,
      43,
      10,
      8,
      33,
      5,
      32,
      23,
      24,
      40,
      39,
      34,
      45,
      4,
      0,
      30,
      7,
      6,
      19,
      38,
      21,
      41,
      31,
      25,
      2,
      28
    ],
    "out_cols": [
      25,
      35,
      30,
      15,
      41,
      40,
      38,
      14,
      28,
      42,
      44,
      20,
      46,
      7,
      1,
      32,
      23,
      29,
      11,
      13,
      12,
      19,
      21,
      34,
      9,
      6,
      24,
      4,
      0,
      5,
      8,
      47,
      17,
      37,
      26,
      16,
      27,
      33,
      3,
      2,
      36,
      45,
      10,
      31,
      22,
      39,
      18,
      43
    ]
  },
  "best_seen": {
    "discrete_mse": 6.994136333465576,
    "order": [
      [
        39,
        30
      ],
      [
        59,
        72
      ],
      [
        95,
        93
      ],
      [
        56,
        82
      ],
      [
        44,
        26
      ],
      [
        94,
        80
      ],
      [
        73,
        78
      ],
      [
        42,
        55
      ],
      [
        88,
        54
      ],
      [
        37,
        83
      ],
      [
        23,
        29
      ],
      [
        86,
        38
      ],
      [
        18,
        90
      ],
      [
        28,
        19
      ],
      [
        50,
        7
      ],
      [
        15,
        67
      ],
      [
        48,
        47
      ],
      [
        35,
        57
      ],
      [
        68,
        24
      ],
      [
        1,
        63
      ],
      [
        3,
        25
      ],
      [
        31,
        36
      ],
      [
        27,
        40
      ],
      [
        87,
        71
      ],
      [
        16,
        21
      ],
      [
        14,
        51
      ],
      [
        64,
        75
      ],
      [
        81,
        11
      ],
      [
        62,
        6
      ],
      [
        45,
        12
      ],
      [
        10,
        20
      ],
      [
        65,
        96
      ],
      [
        77,
        33
      ],
      [
        43,
        76
      ],
      [
        91,
        53
      ],
      [
        4,
        32
      ],
      [
        0,
        17
      ],
      [
        5,
        70
      ],
      [
        13,
        9
      ],
      [
        49,
        8
      ],
      [
        41,
        52
      ],
      [
        74,
        92
      ],
      [
        84,
        22
      ],
      [
        60,
        66
      ],
      [
        61,
        46
      ],
      [
        69,
        79
      ],
      [
        2,
        34
      ],
      [
        58,
        89
      ]
    ],
    "in_cols": [
      18,
      29,
      47,
      27,
      22,
      46,
      37,
      20,
      44,
      17,
      12,
      42,
      11,
      14,
      26,
      9,
      24,
      16,
      35,
      1,
      3,
      15,
      13,
      43,
      10,
      8,
      33,
      40,
      32,
      23,
      6,
      34,
      39,
      21,
      45,
      4,
      0,
      5,
      7,
      25,
      19,
      38,
      41,
      30,
      31,
      36,
      2,
      28
    ],
    "out_cols": [
      15,
      35,
      46,
      41,
      13,
      40,
      38,
      28,
      27,
      42,
      14,
      20,
      44,
      7,
      1,
      32,
      23,
      29,
      11,
      30,
      12,
      19,
      21,
      34,
      9,
      24,
      36,
      4,
      0,
      5,
      8,
      47,
      17,
      37,
      26,
      16,
      6,
      33,
      3,
      2,
      25,
      45,
      10,
      31,
      22,
      39,
      18,
      43
    ]
  }
}