{
  "config": {
    "steps": 900,
    "lr": 0.03,
    "tau_start": 1.0,
    "tau_end": 0.028,
    "sinkhorn_iters": 30,
    "lambda_ent": 0.0003,
    "train_subsample": 4096,
    "seed": 25402,
    "device": "cuda"
  },
  "final": {
    "soft_mse_full": 0.4021851718425751,
    "discrete_mse": 1.0453238487243652,
    "hash_match": false,
    "perm_str": "59,52,39,30,88,55,35,29,95,63,44,82,37,78,42,80,58,93,86,7,74,54,94,53,15,67,18,90,28,19,73,36,10,24,68,47,1,71,87,57,84,40,31,25,50,26,23,38,64,12,14,32,5,11,45,33,81,6,91,92,4,51,16,20,62,96,48,72,65,75,77,83,60,8,27,17,0,70,13,66,2,9,3,22,43,76,49,21,61,34,41,46,56,79,69,89,85",
    "in_cols": [
      29,
      18,
      44,
      16,
      47,
      22,
      17,
      20,
      28,
      42,
      38,
      46,
      9,
      11,
      14,
      37,
      6,
      35,
      1,
      43,
      41,
      15,
      26,
      12,
      33,
      8,
      5,
      23,
      40,
      45,
      4,
      10,
      32,
      24,
      34,
      39,
      30,
      13,
      0,
      7,
      2,
      3,
      21,
      25,
      31,
      19,
      27,
      36
    ],
    "out_cols": [
      25,
      15,
      28,
      14,
      30,
      41,
      38,
      40,
      46,
      1,
      27,
      26,
      32,
      44,
      7,
      19,
      11,
      23,
      34,
      29,
      21,
      12,
      13,
      20,
      5,
      16,
      4,
      17,
      0,
      45,
      24,
      8,
      47,
      35,
      36,
      42,
      2,
      6,
      33,
      31,
      3,
      10,
      37,
      9,
      18,
      22,
      39,
      43
    ]
  },
  "best_seen": {
    "discrete_mse": 1.0453238487243652,
    "order": [
      [
        59,
        52
      ],
      [
        39,
        30
      ],
      [
        88,
        55
      ],
      [
        35,
        29
      ],
      [
        95,
        63
      ],
      [
        44,
        82
      ],
      [
        37,
        78
      ],
      [
        42,
        80
      ],
      [
        58,
        93
      ],
      [
        86,
        7
      ],
      [
        74,
        54
      ],
      [
        94,
        53
      ],
      [
        15,
        67
      ],
      [
        18,
        90
      ],
      [
        28,
        19
      ],
      [
        73,
        36
      ],
      [
        10,
        24
      ],
      [
        68,
        47
      ],
      [
        1,
        71
      ],
      [
        87,
        57
      ],
      [
        84,
        40
      ],
      [
        31,
        25
      ],
      [
        50,
        26
      ],
      [
        23,
        38
      ],
      [
        64,
        12
      ],
      [
        14,
        32
      ],
      [
        5,
        11
      ],
      [
        45,
        33
      ],
      [
        81,
        6
      ],
      [
        91,
        92
      ],
      [
        4,
        51
      ],
      [
        16,
        20
      ],
      [
        62,
        96
      ],
      [
        48,
        72
      ],
      [
        65,
        75
      ],
      [
        77,
        83
      ],
      [
        60,
        8
      ],
      [
        27,
        17
      ],
      [
        0,
        70
      ],
      [
        13,
        66
      ],
      [
        2,
        9
      ],
      [
        3,
        22
      ],
      [
        43,
        76
      ],
      [
        49,
        21
      ],
      [
        61,
        34
      ],
      [
        41,
        46
      ],
      [
        56,
        79
      ],
      [
        69,
        89
      ]
    ],
    "in_cols": [
      29,
      18,
      44,
      16,
      47,
      22,
      17,
      20,
      28,
      42,
      38,
      46,
      9,
      11,
      14,
      37,
      6,
      35,
      1,
      43,
      41,
      15,
      26,
      12,
      33,
      8,
      5,
      23,
      40,
      45,
      4,
      10,
      32,
      24,
      34,
      39,
      30,
      13,
      0,
      7,
      2,
      3,
      21,
      25,
      31,
      19,
      27,
      36
    ],
    "out_cols": [
      25,
      15,
      28,
      14,
      30,
      41,
      38,
      40,
      46,
      1,
      27,
      26,
      32,
      44,
      7,
      19,
      11,
      23,
      34,
      29,
      21,
      12,
      13,
      20,
      5,
      16,
      4,
      17,
      0,
      45,
      24,
      8,
      47,
      35,
      36,
      42,
      2,
      6,
      33,
      31,
      3,
      10,
      37,
      9,
      18,
      22,
      39,
      43
    ]
  }
}