{
  "config": {
    "steps": 900,
    "lr": 0.03,
    "tau_start": 1.0,
    "tau_end": 0.03,
    "sinkhorn_iters": 30,
    "lambda_ent": 0.0003,
    "train_subsample": 4096,
    "seed": 19701,
    "device": "cuda"
  },
  "final": {
    "soft_mse_full": 0.3923817574977875,
    "discrete_mse": 11.147265434265137,
    "hash_match": false,
    "perm_str": "49,75,18,52,59,30,95,90,14,63,44,82,39,72,68,29,42,55,94,93,58,78,15,67,35,47,48,19,10,7,73,80,86,26,37,57,50,24,28,40,3,25,31,36,1,38,87,71,64,12,23,11,4,32,41,17,81,6,91,92,62,20,16,33,5,96,56,70,0,83,77,54,13,9,65,53,60,51,74,76,43,79,84,66,88,22,45,89,27,46,61,34,2,21,69,8,85",
    "in_cols": [
      25,
      11,
      29,
      47,
      8,
      22,
      18,
      35,
      20,
      46,
      28,
      9,
      16,
      24,
      6,
      37,
      42,
      17,
      26,
      14,
      3,
      15,
      1,
      43,
      33,
      12,
      4,
      19,
      40,
      45,
      32,
      10,
      5,
      27,
      0,
      39,
      7,
      34,
      30,
      38,
      21,
      41,
      44,
      23,
      13,
      31,
      2,
      36
    ],
    "out_cols": [
      36,
      25,
      15,
      44,
      30,
      41,
      35,
      14,
      28,
      46,
      38,
      32,
      23,
      7,
      1,
      40,
      13,
      29,
      11,
      21,
      12,
      19,
      20,
      34,
      5,
      4,
      16,
      6,
      0,
      45,
      8,
      17,
      47,
      33,
      42,
      27,
      3,
      26,
      24,
      37,
      39,
      31,
      10,
      43,
      22,
      18,
      9,
      2
    ]
  },
  "best_seen": {
    "discrete_mse": 0.7387232780456543,
    "order": [
      [
        18,
        75
      ],
      [
        39,
        52
      ],
      [
        59,
        30
      ],
      [
        95,
        80
      ],
      [
        43,
        63
      ],
      [
        44,
        82
      ],
      [
        68,
        72
      ],
      [
        88,
        29
      ],
      [
        42,
        55
      ],
      [
        94,
        93
      ],
      [
        58,
        78
      ],
      [
        15,
        67
      ],
      [
        35,
        90
      ],
      [
        48,
        19
      ],
      [
        10,
        7
      ],
      [
        73,
        47
      ],
      [
        86,
        26
      ],
      [
        37,
        57
      ],
      [
        50,
        24
      ],
      [
        28,
        40
      ],
      [
        3,
        25
      ],
      [
        31,
        36
      ],
      [
        1,
        38
      ],
      [
        87,
        71
      ],
      [
        64,
        12
      ],
      [
        23,
        11
      ],
      [
        4,
        32
      ],
      [
        14,
        17
      ],
      [
        81,
        6
      ],
      [
        91,
        92
      ],
      [
        62,
        20
      ],
      [
        16,
        33
      ],
      [
        5,
        96
      ],
      [
        56,
        70
      ],
      [
        0,
        83
      ],
      [
        77,
        54
      ],
      [
        13,
        9
      ],
      [
        65,
        53
      ],
      [
        60,
        51
      ],
      [
        74,
        76
      ],
      [
        49,
        79
      ],
      [
        84,
        66
      ],
      [
        41,
        22
      ],
      [
        45,
        89
      ],
      [
        27,
        46
      ],
      [
        61,
        34
      ],
      [
        2,
        21
      ],
      [
        69,
        8
      ]
    ],
    "in_cols": [
      11,
      18,
      29,
      47,
      21,
      22,
      35,
      44,
      20,
      46,
      28,
      9,
      16,
      24,
      6,
      37,
      42,
      17,
      26,
      14,
      3,
      15,
      1,
      43,
      33,
      12,
      4,
      8,
      40,
      45,
      32,
      10,
      5,
      27,
      0,
      39,
      7,
      34,
      30,
      38,
      25,
      41,
      19,
      23,
      13,
      31,
      2,
      36
    ],
    "out_cols": [
      36,
      25,
      15,
      40,
      30,
      41,
      35,
      14,
      28,
      46,
      38,
      32,
      44,
      7,
      1,
      23,
      13,
      29,
      11,
      21,
      12,
      19,
      20,
      34,
      5,
      4,
      16,
      6,
      0,
      45,
      8,
      17,
      47,
      33,
      42,
      27,
      3,
      26,
      24,
      37,
      39,
      31,
      10,
      43,
      22,
      18,
      9,
      2
    ]
  }
}