{
  "config": {
    "steps": 700,
    "lr": 0.02,
    "tau_start": 1.0,
    "tau_end": 0.03,
    "sinkhorn_iters": 30,
    "lambda_ent": 0.0003,
    "train_subsample": 0,
    "seed": 18103,
    "device": "cuda"
  },
  "final": {
    "soft_mse_full": 0.30711060762405396,
    "discrete_mse": 17.534029006958008,
    "hash_match": false,
    "perm_str": "59,52,95,93,39,25,42,63,44,82,74,55,88,29,94,80,68,72,58,78,0,30,18,67,86,90,28,19,37,57,10,24,35,7,73,47,50,40,3,53,1,26,31,36,23,38,87,71,14,17,77,11,16,32,4,6,45,92,62,20,91,33,65,96,81,22,5,75,61,9,48,70,13,79,49,54,15,51,56,89,27,21,84,66,60,83,41,34,2,46,43,76,64,12,69,8,85",
    "in_cols": [
      29,
      47,
      18,
      20,
      22,
      38,
      44,
      46,
      35,
      28,
      0,
      11,
      42,
      14,
      17,
      6,
      16,
      37,
      26,
      3,
      1,
      15,
      12,
      43,
      8,
      39,
      10,
      4,
      23,
      32,
      45,
      34,
      40,
      5,
      31,
      24,
      7,
      25,
      9,
      27,
      13,
      41,
      30,
      19,
      2,
      21,
      33,
      36
    ],
    "out_cols": [
      25,
      46,
      12,
      30,
      41,
      28,
      14,
      40,
      35,
      38,
      15,
      32,
      44,
      7,
      29,
      11,
      1,
      23,
      21,
      26,
      13,
      19,
      20,
      34,
      6,
      4,
      16,
      0,
      45,
      8,
      17,
      47,
      10,
      36,
      3,
      33,
      39,
      27,
      24,
      43,
      9,
      31,
      42,
      18,
      22,
      37,
      5,
      2
    ]
  },
  "best_seen": {
    "discrete_mse": 5.6792311668396,
    "order": [
      [
        59,
        52
      ],
      [
        95,
        93
      ],
      [
        39,
        25
      ],
      [
        42,
        63
      ],
      [
        44,
        82
      ],
      [
        74,
        55
      ],
      [
        88,
        29
      ],
      [
        94,
        80
      ],
      [
        68,
        72
      ],
      [
        58,
        78
      ],
      [
        0,
        30
      ],
      [
        18,
        67
      ],
      [
        86,
        90
      ],
      [
        28,
        19
      ],
      [
        37,
        57
      ],
      [
        10,
        24
      ],
      [
        35,
        7
      ],
      [
        73,
        47
      ],
      [
        50,
        40
      ],
      [
        3,
        53
      ],
      [
        1,
        26
      ],
      [
        31,
        36
      ],
      [
        23,
        38
      ],
      [
        87,
        71
      ],
      [
        14,
        17
      ],
      [
        77,
        11
      ],
      [
        65,
        32
      ],
      [
        4,
        6
      ],
      [
        45,
        92
      ],
      [
        62,
        20
      ],
      [
        91,
        33
      ],
      [
        16,
        96
      ],
      [
        81,
        22
      ],
      [
        5,
        75
      ],
      [
        48,
        9
      ],
      [
        61,
        70
      ],
      [
        13,
        79
      ],
      [
        49,
        54
      ],
      [
        15,
        51
      ],
      [
        56,
        89
      ],
      [
        27,
        21
      ],
      [
        84,
        66
      ],
      [
        60,
        83
      ],
      [
        41,
        34
      ],
      [
        2,
        46
      ],
      [
        43,
        76
      ],
      [
        64,
        12
      ],
      [
        69,
        8
      ]
    ],
    "in_cols": [
      29,
      47,
      18,
      20,
      22,
      38,
      44,
      46,
      35,
      28,
      0,
      11,
      42,
      14,
      17,
      6,
      16,
      37,
      26,
      3,
      1,
      15,
      12,
      43,
      8,
      39,
      34,
      4,
      23,
      32,
      45,
      10,
      40,
      5,
      24,
      31,
      7,
      25,
      9,
      27,
      13,
      41,
      30,
      19,
      2,
      21,
      33,
      36
    ],
    "out_cols": [
      25,
      46,
      12,
      30,
      41,
      28,
      14,
      40,
      35,
      38,
      15,
      32,
      44,
      7,
      29,
      11,
      1,
      23,
      21,
      26,
      13,
      19,
      20,
      34,
      6,
      4,
      16,
      0,
      45,
      8,
      17,
      47,
      10,
      36,
      3,
      33,
      39,
      27,
      24,
      43,
      9,
      31,
      42,
      18,
      22,
      37,
      5,
      2
    ]
  }
}