{
  "config": {
    "steps": 700,
    "lr": 0.015,
    "tau_start": 1.0,
    "tau_end": 0.025,
    "sinkhorn_iters": 30,
    "lambda_ent": 0.0001,
    "train_subsample": 0,
    "seed": 25304,
    "device": "cuda"
  },
  "final": {
    "soft_mse_full": 0.33882400393486023,
    "discrete_mse": 680.2334594726562,
    "hash_match": false,
    "perm_str": "73,30,59,52,68,72,95,63,56,82,44,78,39,93,42,29,86,80,88,55,94,53,58,90,18,67,28,19,37,57,48,47,15,40,35,24,50,38,87,12,3,25,31,36,1,26,91,75,60,71,64,66,14,17,13,33,4,32,81,11,5,6,62,20,43,70,16,96,65,7,84,89,77,54,45,83,27,34,23,22,41,79,74,92,2,9,61,51,0,76,69,46,49,8,10,21,85",
    "in_cols": [
      37,
      29,
      35,
      47,
      27,
      22,
      18,
      20,
      42,
      44,
      46,
      28,
      11,
      14,
      17,
      24,
      9,
      16,
      26,
      43,
      3,
      15,
      1,
      45,
      30,
      33,
      8,
      7,
      4,
      40,
      5,
      32,
      21,
      10,
      34,
      41,
      39,
      23,
      13,
      12,
      19,
      38,
      2,
      31,
      0,
      36,
      25,
      6
    ],
    "out_cols": [
      15,
      25,
      35,
      30,
      41,
      38,
      46,
      14,
      40,
      28,
      26,
      44,
      32,
      7,
      29,
      23,
      21,
      11,
      20,
      5,
      12,
      19,
      13,
      36,
      34,
      31,
      6,
      17,
      16,
      4,
      0,
      8,
      33,
      47,
      1,
      43,
      27,
      42,
      18,
      10,
      39,
      45,
      3,
      24,
      37,
      22,
      2,
      9
    ]
  },
  "best_seen": {
    "discrete_mse": 10.870018005371094,
    "order": [
      [
        39,
        55
      ],
      [
        59,
        52
      ],
      [
        68,
        72
      ],
      [
        95,
        63
      ],
      [
        56,
        30
      ],
      [
        44,
        82
      ],
      [
        73,
        93
      ],
      [
        42,
        29
      ],
      [
        86,
        80
      ],
      [
        48,
        83
      ],
      [
        94,
        53
      ],
      [
        58,
        90
      ],
      [
        18,
        67
      ],
      [
        28,
        19
      ],
      [
        10,
        7
      ],
      [
        15,
        47
      ],
      [
        37,
        57
      ],
      [
        35,
        24
      ],
      [
        50,
        38
      ],
      [
        84,
        40
      ],
      [
        3,
        25
      ],
      [
        31,
        36
      ],
      [
        1,
        26
      ],
      [
        91,
        75
      ],
      [
        87,
        71
      ],
      [
        64,
        51
      ],
      [
        14,
        17
      ],
      [
        5,
        33
      ],
      [
        4,
        32
      ],
      [
        13,
        11
      ],
      [
        81,
        6
      ],
      [
        62,
        20
      ],
      [
        43,
        70
      ],
      [
        16,
        96
      ],
      [
        65,
        89
      ],
      [
        60,
        66
      ],
      [
        77,
        54
      ],
      [
        45,
        12
      ],
      [
        27,
        34
      ],
      [
        23,
        22
      ],
      [
        2,
        79
      ],
      [
        74,
        92
      ],
      [
        41,
        9
      ],
      [
        69,
        78
      ],
      [
        0,
        76
      ],
      [
        61,
        46
      ],
      [
        88,
        8
      ],
      [
        49,
        21
      ]
    ],
    "in_cols": [
      18,
      29,
      35,
      47,
      27,
      22,
      37,
      20,
      42,
      24,
      46,
      28,
      11,
      14,
      6,
      9,
      17,
      16,
      26,
      41,
      3,
      15,
      1,
      45,
      43,
      33,
      8,
      5,
      4,
      7,
      40,
      32,
      21,
      10,
      34,
      30,
      39,
      23,
      13,
      12,
      2,
      38,
      19,
      36,
      0,
      31,
      44,
      25
    ],
    "out_cols": [
      28,
      25,
      35,
      30,
      15,
      41,
      46,
      14,
      40,
      42,
      26,
      44,
      32,
      7,
      1,
      23,
      29,
      11,
      20,
      21,
      12,
      19,
      13,
      36,
      34,
      24,
      6,
      17,
      16,
      4,
      0,
      8,
      33,
      47,
      43,
      31,
      27,
      5,
      18,
      10,
      39,
      45,
      3,
      38,
      37,
      22,
      2,
      9
    ]
  }
}