{
  "config": {
    "steps": 900,
    "lr": 0.03,
    "tau_start": 1.0,
    "tau_end": 0.028,
    "sinkhorn_iters": 30,
    "lambda_ent": 0.0003,
    "train_subsample": 4096,
    "seed": 16802,
    "device": "cuda"
  },
  "final": {
    "soft_mse_full": 0.3838973045349121,
    "discrete_mse": 28.984943389892578,
    "hash_match": false,
    "perm_str": "59,52,39,72,95,55,58,63,56,30,73,78,44,82,42,29,37,93,88,83,69,67,18,90,35,7,28,19,10,80,15,57,68,47,3,12,87,24,1,40,94,53,31,36,50,26,27,71,84,25,5,51,14,11,81,6,4,17,77,92,48,70,62,20,16,33,91,96,65,9,74,75,0,32,49,8,13,79,86,22,60,46,41,38,43,54,2,21,45,34,23,66,64,89,61,76,85",
    "in_cols": [
      29,
      18,
      47,
      28,
      27,
      37,
      22,
      20,
      17,
      44,
      36,
      11,
      16,
      14,
      6,
      9,
      35,
      3,
      43,
      1,
      46,
      15,
      26,
      13,
      41,
      5,
      8,
      40,
      4,
      39,
      24,
      32,
      10,
      45,
      34,
      38,
      0,
      25,
      7,
      42,
      30,
      19,
      21,
      2,
      23,
      12,
      33,
      31
    ],
    "out_cols": [
      25,
      35,
      28,
      30,
      15,
      38,
      41,
      14,
      46,
      42,
      32,
      44,
      1,
      7,
      40,
      29,
      23,
      5,
      11,
      21,
      26,
      19,
      13,
      34,
      12,
      24,
      4,
      0,
      6,
      45,
      33,
      8,
      17,
      47,
      3,
      36,
      16,
      2,
      39,
      10,
      22,
      20,
      27,
      9,
      18,
      31,
      43,
      37
    ]
  },
  "best_seen": {
    "discrete_mse": 8.252779960632324,
    "order": [
      [
        59,
        52
      ],
      [
        39,
        30
      ],
      [
        95,
        93
      ],
      [
        87,
        63
      ],
      [
        56,
        82
      ],
      [
        73,
        78
      ],
      [
        44,
        72
      ],
      [
        42,
        29
      ],
      [
        88,
        38
      ],
      [
        69,
        55
      ],
      [
        18,
        67
      ],
      [
        35,
        90
      ],
      [
        1,
        7
      ],
      [
        15,
        19
      ],
      [
        10,
        80
      ],
      [
        37,
        57
      ],
      [
        86,
        47
      ],
      [
        3,
        26
      ],
      [
        68,
        24
      ],
      [
        28,
        40
      ],
      [
        94,
        53
      ],
      [
        31,
        36
      ],
      [
        50,
        66
      ],
      [
        27,
        71
      ],
      [
        64,
        25
      ],
      [
        5,
        51
      ],
      [
        14,
        11
      ],
      [
        81,
        6
      ],
      [
        0,
        17
      ],
      [
        45,
        92
      ],
      [
        48,
        70
      ],
      [
        62,
        20
      ],
      [
        16,
        33
      ],
      [
        65,
        96
      ],
      [
        91,
        83
      ],
      [
        49,
        75
      ],
      [
        77,
        32
      ],
      [
        84,
        8
      ],
      [
        43,
        79
      ],
      [
        60,
        22
      ],
      [
        41,
        46
      ],
      [
        13,
        9
      ],
      [
        74,
        54
      ],
      [
        2,
        21
      ],
      [
        61,
        34
      ],
      [
        23,
        12
      ],
      [
        58,
        89
      ],
      [
        4,
        76
      ]
    ],
    "in_cols": [
      29,
      18,
      47,
      43,
      27,
      37,
      22,
      20,
      44,
      36,
      11,
      16,
      1,
      9,
      6,
      17,
      42,
      3,
      35,
      14,
      46,
      15,
      26,
      13,
      33,
      5,
      8,
      40,
      0,
      23,
      24,
      32,
      10,
      34,
      45,
      25,
      39,
      41,
      21,
      30,
      19,
      7,
      38,
      2,
      31,
      12,
      28,
      4
    ],
    "out_cols": [
      25,
      15,
      46,
      30,
      41,
      38,
      35,
      14,
      20,
      28,
      32,
      44,
      1,
      7,
      40,
      29,
      23,
      13,
      11,
      21,
      26,
      19,
      31,
      34,
      12,
      24,
      4,
      0,
      6,
      45,
      33,
      8,
      17,
      47,
      42,
      36,
      16,
      2,
      39,
      10,
      22,
      3,
      27,
      9,
      18,
      5,
      43,
      37
    ]
  }
}