{
  "config": {
    "steps": 700,
    "lr": 0.02,
    "tau_start": 1.0,
    "tau_end": 0.03,
    "sinkhorn_iters": 30,
    "lambda_ent": 0.0003,
    "train_subsample": 0,
    "seed": 17303,
    "device": "cuda"
  },
  "final": {
    "soft_mse_full": 0.30668574571609497,
    "discrete_mse": 30.917936325073242,
    "hash_match": false,
    "perm_str": "39,30,95,72,59,52,13,63,74,80,44,82,73,55,42,29,18,83,88,93,94,53,86,90,28,19,35,24,10,7,15,67,37,36,68,47,1,71,3,57,65,25,50,66,23,38,87,40,14,33,64,78,5,51,4,17,77,11,81,6,62,20,43,70,16,96,91,92,48,75,31,9,2,89,0,21,58,22,49,46,84,54,41,26,56,34,61,32,45,76,27,79,60,8,69,12,85",
    "in_cols": [
      18,
      47,
      29,
      7,
      38,
      22,
      37,
      20,
      11,
      44,
      46,
      42,
      14,
      16,
      6,
      9,
      17,
      35,
      1,
      3,
      34,
      26,
      12,
      43,
      8,
      33,
      5,
      4,
      39,
      40,
      32,
      21,
      10,
      45,
      24,
      15,
      2,
      0,
      28,
      25,
      41,
      19,
      27,
      31,
      23,
      13,
      30,
      36
    ],
    "out_cols": [
      15,
      35,
      25,
      30,
      40,
      41,
      28,
      14,
      42,
      46,
      26,
      44,
      7,
      11,
      1,
      32,
      19,
      23,
      34,
      29,
      12,
      31,
      20,
      21,
      17,
      38,
      24,
      6,
      4,
      0,
      8,
      33,
      47,
      45,
      36,
      3,
      43,
      9,
      10,
      22,
      27,
      13,
      18,
      16,
      37,
      39,
      2,
      5
    ]
  },
  "best_seen": {
    "discrete_mse": 5.595338821411133,
    "order": [
      [
        39,
        30
      ],
      [
        95,
        72
      ],
      [
        59,
        52
      ],
      [
        42,
        63
      ],
      [
        87,
        80
      ],
      [
        44,
        82
      ],
      [
        74,
        55
      ],
      [
        88,
        29
      ],
      [
        18,
        83
      ],
      [
        69,
        93
      ],
      [
        94,
        53
      ],
      [
        86,
        90
      ],
      [
        28,
        19
      ],
      [
        35,
        24
      ],
      [
        10,
        7
      ],
      [
        37,
        67
      ],
      [
        73,
        36
      ],
      [
        68,
        47
      ],
      [
        15,
        71
      ],
      [
        3,
        57
      ],
      [
        65,
        25
      ],
      [
        50,
        66
      ],
      [
        1,
        38
      ],
      [
        23,
        40
      ],
      [
        14,
        33
      ],
      [
        64,
        26
      ],
      [
        5,
        51
      ],
      [
        4,
        17
      ],
      [
        77,
        11
      ],
      [
        81,
        6
      ],
      [
        62,
        20
      ],
      [
        43,
        70
      ],
      [
        16,
        96
      ],
      [
        91,
        92
      ],
      [
        48,
        75
      ],
      [
        13,
        9
      ],
      [
        2,
        89
      ],
      [
        0,
        21
      ],
      [
        58,
        22
      ],
      [
        41,
        46
      ],
      [
        84,
        54
      ],
      [
        31,
        78
      ],
      [
        56,
        34
      ],
      [
        61,
        32
      ],
      [
        45,
        76
      ],
      [
        27,
        79
      ],
      [
        60,
        8
      ],
      [
        49,
        12
      ]
    ],
    "in_cols": [
      18,
      47,
      29,
      20,
      43,
      22,
      38,
      44,
      11,
      36,
      46,
      42,
      14,
      16,
      6,
      17,
      37,
      35,
      9,
      3,
      34,
      26,
      1,
      12,
      8,
      33,
      5,
      4,
      39,
      40,
      32,
      21,
      10,
      45,
      24,
      7,
      2,
      0,
      28,
      19,
      41,
      15,
      27,
      31,
      23,
      13,
      30,
      25
    ],
    "out_cols": [
      15,
      35,
      25,
      30,
      40,
      41,
      28,
      14,
      42,
      46,
      26,
      44,
      7,
      11,
      1,
      32,
      19,
      23,
      34,
      29,
      12,
      31,
      20,
      21,
      17,
      13,
      24,
      6,
      4,
      0,
      8,
      33,
      47,
      45,
      36,
      3,
      43,
      9,
      10,
      22,
      27,
      38,
      18,
      16,
      37,
      39,
      2,
      5
    ]
  }
}