{
  "config": {
    "steps": 900,
    "lr": 0.03,
    "tau_start": 1.0,
    "tau_end": 0.03,
    "sinkhorn_iters": 30,
    "lambda_ent": 0.0003,
    "train_subsample": 4096,
    "seed": 15901,
    "device": "cuda"
  },
  "final": {
    "soft_mse_full": 0.3507089614868164,
    "discrete_mse": 19.791683197021484,
    "hash_match": false,
    "perm_str": "59,52,73,72,95,75,39,63,56,82,74,80,44,78,88,29,42,55,69,67,84,90,94,38,48,53,35,24,28,19,50,93,10,7,3,26,15,57,87,47,23,25,1,40,31,36,16,71,27,30,60,92,81,6,65,20,5,11,14,33,45,12,18,70,91,22,49,96,61,66,62,76,77,32,4,8,64,54,37,51,13,9,41,46,43,34,0,83,2,21,58,89,86,79,68,17,85",
    "in_cols": [
      29,
      37,
      47,
      18,
      27,
      38,
      22,
      44,
      20,
      36,
      41,
      46,
      24,
      16,
      14,
      26,
      6,
      3,
      9,
      43,
      12,
      1,
      15,
      10,
      13,
      30,
      40,
      34,
      5,
      8,
      23,
      11,
      45,
      25,
      31,
      32,
      39,
      4,
      33,
      17,
      7,
      19,
      21,
      0,
      2,
      28,
      42,
      35
    ],
    "out_cols": [
      25,
      35,
      36,
      30,
      41,
      40,
      38,
      14,
      28,
      32,
      44,
      20,
      26,
      11,
      7,
      46,
      1,
      13,
      29,
      23,
      12,
      21,
      19,
      34,
      15,
      45,
      0,
      8,
      4,
      17,
      5,
      33,
      10,
      47,
      31,
      37,
      16,
      2,
      27,
      24,
      3,
      22,
      18,
      42,
      9,
      43,
      39,
      6
    ]
  },
  "best_seen": {
    "discrete_mse": 1.128810167312622,
    "order": [
      [
        59,
        52
      ],
      [
        39,
        72
      ],
      [
        73,
        75
      ],
      [
        95,
        63
      ],
      [
        56,
        82
      ],
      [
        74,
        80
      ],
      [
        44,
        78
      ],
      [
        88,
        29
      ],
      [
        42,
        55
      ],
      [
        69,
        67
      ],
      [
        84,
        90
      ],
      [
        94,
        38
      ],
      [
        48,
        53
      ],
      [
        35,
        24
      ],
      [
        28,
        19
      ],
      [
        50,
        93
      ],
      [
        10,
        7
      ],
      [
        3,
        26
      ],
      [
        37,
        57
      ],
      [
        87,
        47
      ],
      [
        23,
        25
      ],
      [
        1,
        40
      ],
      [
        31,
        36
      ],
      [
        16,
        71
      ],
      [
        27,
        30
      ],
      [
        60,
        92
      ],
      [
        15,
        6
      ],
      [
        65,
        20
      ],
      [
        81,
        11
      ],
      [
        14,
        33
      ],
      [
        45,
        12
      ],
      [
        5,
        70
      ],
      [
        91,
        22
      ],
      [
        49,
        96
      ],
      [
        61,
        66
      ],
      [
        62,
        76
      ],
      [
        77,
        32
      ],
      [
        4,
        8
      ],
      [
        64,
        54
      ],
      [
        18,
        51
      ],
      [
        13,
        9
      ],
      [
        41,
        46
      ],
      [
        43,
        34
      ],
      [
        0,
        83
      ],
      [
        2,
        21
      ],
      [
        58,
        89
      ],
      [
        86,
        79
      ],
      [
        68,
        17
      ]
    ],
    "in_cols": [
      29,
      18,
      37,
      47,
      27,
      38,
      22,
      44,
      20,
      36,
      41,
      46,
      24,
      16,
      14,
      26,
      6,
      3,
      17,
      43,
      12,
      1,
      15,
      10,
      13,
      30,
      9,
      34,
      40,
      8,
      23,
      5,
      45,
      25,
      31,
      32,
      39,
      4,
      33,
      11,
      7,
      19,
      21,
      0,
      2,
      28,
      42,
      35
    ],
    "out_cols": [
      25,
      35,
      36,
      30,
      41,
      40,
      38,
      14,
      28,
      32,
      44,
      20,
      26,
      11,
      7,
      46,
      1,
      13,
      29,
      23,
      12,
      21,
      19,
      34,
      15,
      45,
      0,
      8,
      4,
      17,
      5,
      33,
      10,
      47,
      31,
      37,
      16,
      2,
      27,
      24,
      3,
      22,
      18,
      42,
      9,
      43,
      39,
      6
    ]
  }
}