{
  "config": {
    "steps": 700,
    "lr": 0.02,
    "tau_start": 1.0,
    "tau_end": 0.03,
    "sinkhorn_iters": 30,
    "lambda_ent": 0.0003,
    "train_subsample": 0,
    "seed": 9503,
    "device": "cuda"
  },
  "final": {
    "soft_mse_full": 0.3625864088535309,
    "discrete_mse": 215.3885498046875,
    "hash_match": false,
    "perm_str": "59,52,35,72,39,93,74,55,95,63,44,82,68,80,42,38,58,78,56,30,94,53,18,90,15,19,28,67,50,7,37,57,73,47,86,26,87,24,48,40,3,25,31,36,1,71,91,75,23,29,14,17,4,51,5,11,81,6,45,92,62,20,65,70,16,96,77,33,2,9,60,54,13,89,69,83,84,34,27,79,41,46,10,12,61,32,0,22,43,8,49,66,64,21,88,76,85",
    "in_cols": [
      29,
      16,
      18,
      38,
      47,
      22,
      35,
      20,
      28,
      27,
      46,
      11,
      9,
      14,
      26,
      17,
      37,
      42,
      43,
      24,
      3,
      15,
      1,
      45,
      12,
      8,
      4,
      5,
      40,
      23,
      32,
      34,
      10,
      39,
      2,
      30,
      7,
      36,
      41,
      13,
      19,
      6,
      31,
      0,
      21,
      25,
      33,
      44
    ],
    "out_cols": [
      25,
      35,
      46,
      28,
      30,
      41,
      40,
      20,
      38,
      15,
      26,
      44,
      7,
      32,
      1,
      29,
      23,
      13,
      11,
      21,
      12,
      19,
      34,
      36,
      14,
      6,
      24,
      4,
      0,
      45,
      8,
      33,
      47,
      17,
      3,
      27,
      43,
      42,
      18,
      39,
      22,
      5,
      16,
      10,
      2,
      31,
      9,
      37
    ]
  },
  "best_seen": {
    "discrete_mse": 18.26650047302246,
    "order": [
      [
        2,
        53
      ],
      [
        13,
        89
      ],
      [
        3,
        92
      ],
      [
        10,
        79
      ],
      [
        74,
        30
      ],
      [
        37,
        8
      ],
      [
        5,
        19
      ],
      [
        15,
        90
      ],
      [
        64,
        38
      ],
      [
        41,
        22
      ],
      [
        94,
        46
      ],
      [
        61,
        17
      ],
      [
        0,
        75
      ],
      [
        81,
        9
      ],
      [
        86,
        96
      ],
      [
        16,
        93
      ],
      [
        77,
        83
      ],
      [
        60,
        70
      ],
      [
        49,
        80
      ],
      [
        59,
        12
      ],
      [
        50,
        55
      ],
      [
        27,
        54
      ],
      [
        73,
        20
      ],
      [
        87,
        33
      ],
      [
        88,
        52
      ],
      [
        31,
        76
      ],
      [
        56,
        26
      ],
      [
        4,
        51
      ],
      [
        69,
        40
      ],
      [
        14,
        47
      ],
      [
        28,
        6
      ],
      [
        91,
        36
      ],
      [
        43,
        67
      ],
      [
        68,
        63
      ],
      [
        65,
        7
      ],
      [
        23,
        57
      ],
      [
        1,
        21
      ],
      [
        45,
        72
      ],
      [
        44,
        29
      ],
      [
        84,
        82
      ],
      [
        42,
        11
      ],
      [
        39,
        34
      ],
      [
        62,
        25
      ],
      [
        35,
        71
      ],
      [
        18,
        78
      ],
      [
        58,
        24
      ],
      [
        48,
        66
      ],
      [
        95,
        32
      ]
    ],
    "in_cols": [
      2,
      7,
      3,
      6,
      38,
      17,
      5,
      9,
      33,
      19,
      46,
      31,
      0,
      40,
      42,
      10,
      39,
      30,
      25,
      29,
      26,
      13,
      37,
      43,
      44,
      15,
      27,
      4,
      36,
      8,
      14,
      45,
      21,
      35,
      34,
      12,
      1,
      23,
      22,
      41,
      20,
      18,
      32,
      16,
      11,
      28,
      24,
      47
    ],
    "out_cols": [
      26,
      43,
      45,
      39,
      15,
      2,
      7,
      44,
      20,
      10,
      22,
      6,
      36,
      3,
      47,
      46,
      42,
      33,
      40,
      5,
      28,
      27,
      8,
      17,
      25,
      37,
      13,
      24,
      21,
      23,
      0,
      19,
      32,
      30,
      1,
      29,
      9,
      35,
      14,
      41,
      4,
      18,
      12,
      34,
      38,
      11,
      31,
      16
    ]
  }
}