{
  "config": {
    "steps": 700,
    "lr": 0.02,
    "tau_start": 1.0,
    "tau_end": 0.03,
    "sinkhorn_iters": 30,
    "lambda_ent": 0.0003,
    "train_subsample": 0,
    "seed": 6703,
    "device": "cuda"
  },
  "final": {
    "soft_mse_full": 0.3259987533092499,
    "discrete_mse": 63.81781768798828,
    "hash_match": false,
    "perm_str": "59,52,39,30,74,55,95,63,56,82,44,78,68,93,42,80,58,29,69,67,94,26,86,25,18,90,28,19,1,7,15,57,37,47,35,24,50,40,3,53,31,36,62,72,23,38,87,71,60,11,77,76,14,17,4,6,48,75,27,92,81,96,73,51,5,70,65,20,16,54,43,9,91,89,45,79,2,32,13,83,10,34,41,12,49,8,84,66,61,22,0,46,88,33,64,21,85",
    "in_cols": [
      29,
      18,
      38,
      47,
      27,
      22,
      35,
      20,
      28,
      36,
      46,
      42,
      11,
      14,
      1,
      9,
      17,
      16,
      26,
      3,
      15,
      32,
      12,
      43,
      30,
      39,
      8,
      4,
      24,
      13,
      40,
      37,
      5,
      34,
      10,
      21,
      45,
      23,
      2,
      7,
      6,
      19,
      25,
      41,
      31,
      0,
      44,
      33
    ],
    "out_cols": [
      25,
      15,
      28,
      30,
      41,
      38,
      46,
      40,
      14,
      32,
      13,
      12,
      44,
      7,
      1,
      29,
      23,
      11,
      21,
      26,
      19,
      35,
      20,
      34,
      4,
      37,
      6,
      0,
      36,
      45,
      47,
      24,
      33,
      8,
      27,
      3,
      43,
      39,
      16,
      42,
      18,
      5,
      2,
      31,
      10,
      22,
      17,
      9
    ]
  },
  "best_seen": {
    "discrete_mse": 0.9401735067367554,
    "order": [
      [
        59,
        52
      ],
      [
        39,
        72
      ],
      [
        74,
        55
      ],
      [
        95,
        63
      ],
      [
        56,
        82
      ],
      [
        44,
        78
      ],
      [
        68,
        93
      ],
      [
        42,
        80
      ],
      [
        58,
        29
      ],
      [
        69,
        67
      ],
      [
        94,
        26
      ],
      [
        86,
        25
      ],
      [
        18,
        90
      ],
      [
        28,
        19
      ],
      [
        1,
        7
      ],
      [
        15,
        57
      ],
      [
        37,
        47
      ],
      [
        35,
        24
      ],
      [
        50,
        40
      ],
      [
        3,
        53
      ],
      [
        31,
        36
      ],
      [
        73,
        30
      ],
      [
        23,
        38
      ],
      [
        87,
        71
      ],
      [
        60,
        11
      ],
      [
        77,
        76
      ],
      [
        14,
        17
      ],
      [
        4,
        6
      ],
      [
        48,
        75
      ],
      [
        27,
        92
      ],
      [
        81,
        96
      ],
      [
        65,
        51
      ],
      [
        5,
        70
      ],
      [
        62,
        20
      ],
      [
        16,
        54
      ],
      [
        43,
        9
      ],
      [
        91,
        89
      ],
      [
        45,
        79
      ],
      [
        2,
        32
      ],
      [
        13,
        83
      ],
      [
        10,
        34
      ],
      [
        41,
        12
      ],
      [
        49,
        8
      ],
      [
        84,
        66
      ],
      [
        61,
        22
      ],
      [
        0,
        46
      ],
      [
        88,
        33
      ],
      [
        64,
        21
      ]
    ],
    "in_cols": [
      29,
      18,
      38,
      47,
      27,
      22,
      35,
      20,
      28,
      36,
      46,
      42,
      11,
      14,
      1,
      9,
      17,
      16,
      26,
      3,
      15,
      37,
      12,
      43,
      30,
      39,
      8,
      4,
      24,
      13,
      40,
      34,
      5,
      32,
      10,
      21,
      45,
      23,
      2,
      7,
      6,
      19,
      25,
      41,
      31,
      0,
      44,
      33
    ],
    "out_cols": [
      25,
      35,
      28,
      30,
      41,
      38,
      46,
      40,
      14,
      32,
      13,
      12,
      44,
      7,
      1,
      29,
      23,
      11,
      21,
      26,
      19,
      15,
      20,
      34,
      4,
      37,
      6,
      0,
      36,
      45,
      47,
      24,
      33,
      8,
      27,
      3,
      43,
      39,
      16,
      42,
      18,
      5,
      2,
      31,
      10,
      22,
      17,
      9
    ]
  }
}