{
  "config": {
    "steps": 900,
    "lr": 0.03,
    "tau_start": 1.0,
    "tau_end": 0.028,
    "sinkhorn_iters": 30,
    "lambda_ent": 0.0003,
    "train_subsample": 4096,
    "seed": 10302,
    "device": "cuda"
  },
  "final": {
    "soft_mse_full": 0.3940517008304596,
    "discrete_mse": 8.426924705505371,
    "hash_match": false,
    "perm_str": "95,75,39,78,73,72,84,63,56,30,44,82,42,29,86,80,68,55,58,90,94,93,59,38,37,57,15,67,18,47,35,19,28,7,10,24,1,40,31,36,3,53,50,66,91,26,87,71,23,25,81,11,77,76,5,21,62,6,65,20,16,96,4,32,61,70,27,46,0,54,48,89,45,92,13,79,74,83,69,8,41,51,14,33,2,9,60,22,88,34,43,17,64,12,49,52,85",
    "in_cols": [
      47,
      18,
      37,
      41,
      27,
      22,
      20,
      42,
      35,
      28,
      46,
      29,
      17,
      9,
      11,
      16,
      14,
      6,
      1,
      15,
      3,
      26,
      45,
      43,
      12,
      40,
      39,
      5,
      32,
      34,
      10,
      4,
      31,
      13,
      0,
      24,
      23,
      7,
      38,
      36,
      19,
      8,
      2,
      30,
      44,
      21,
      33,
      25
    ],
    "out_cols": [
      36,
      38,
      35,
      30,
      15,
      41,
      14,
      40,
      28,
      44,
      46,
      20,
      29,
      32,
      23,
      7,
      1,
      11,
      21,
      19,
      26,
      31,
      13,
      34,
      12,
      4,
      37,
      9,
      0,
      8,
      47,
      16,
      33,
      22,
      27,
      43,
      45,
      39,
      42,
      2,
      24,
      17,
      3,
      10,
      18,
      6,
      5,
      25
    ]
  },
  "best_seen": {
    "discrete_mse": 5.286524295806885,
    "order": [
      [
        95,
        75
      ],
      [
        39,
        52
      ],
      [
        73,
        72
      ],
      [
        84,
        63
      ],
      [
        56,
        30
      ],
      [
        44,
        82
      ],
      [
        42,
        29
      ],
      [
        86,
        80
      ],
      [
        68,
        55
      ],
      [
        58,
        90
      ],
      [
        94,
        93
      ],
      [
        59,
        38
      ],
      [
        37,
        57
      ],
      [
        15,
        67
      ],
      [
        18,
        47
      ],
      [
        35,
        19
      ],
      [
        28,
        7
      ],
      [
        10,
        24
      ],
      [
        1,
        40
      ],
      [
        31,
        36
      ],
      [
        3,
        53
      ],
      [
        50,
        66
      ],
      [
        91,
        26
      ],
      [
        87,
        71
      ],
      [
        14,
        25
      ],
      [
        81,
        11
      ],
      [
        77,
        76
      ],
      [
        5,
        78
      ],
      [
        62,
        6
      ],
      [
        65,
        20
      ],
      [
        16,
        96
      ],
      [
        4,
        32
      ],
      [
        61,
        70
      ],
      [
        27,
        46
      ],
      [
        0,
        54
      ],
      [
        48,
        89
      ],
      [
        45,
        92
      ],
      [
        13,
        79
      ],
      [
        74,
        83
      ],
      [
        69,
        8
      ],
      [
        41,
        51
      ],
      [
        23,
        33
      ],
      [
        2,
        9
      ],
      [
        60,
        22
      ],
      [
        88,
        34
      ],
      [
        43,
        17
      ],
      [
        64,
        12
      ],
      [
        49,
        21
      ]
    ],
    "in_cols": [
      47,
      18,
      37,
      41,
      27,
      22,
      20,
      42,
      35,
      28,
      46,
      29,
      17,
      9,
      11,
      16,
      14,
      6,
      1,
      15,
      3,
      26,
      45,
      43,
      8,
      40,
      39,
      5,
      32,
      34,
      10,
      4,
      31,
      13,
      0,
      24,
      23,
      7,
      38,
      36,
      19,
      12,
      2,
      30,
      44,
      21,
      33,
      25
    ],
    "out_cols": [
      36,
      25,
      35,
      30,
      15,
      41,
      14,
      40,
      28,
      44,
      46,
      20,
      29,
      32,
      23,
      7,
      1,
      11,
      21,
      19,
      26,
      31,
      13,
      34,
      12,
      4,
      37,
      38,
      0,
      8,
      47,
      16,
      33,
      22,
      27,
      43,
      45,
      39,
      42,
      2,
      24,
      17,
      3,
      10,
      18,
      6,
      5,
      9
    ]
  }
}