{
  "config": {
    "steps": 900,
    "lr": 0.03,
    "tau_start": 1.0,
    "tau_end": 0.028,
    "sinkhorn_iters": 30,
    "lambda_ent": 0.0003,
    "train_subsample": 4096,
    "seed": 9302,
    "device": "cuda"
  },
  "final": {
    "soft_mse_full": 0.38730761408805847,
    "discrete_mse": 72.4666976928711,
    "hash_match": false,
    "perm_str": "73,30,59,52,87,63,95,93,56,54,44,82,74,78,42,80,39,55,58,29,18,67,15,71,28,47,68,7,37,57,48,19,35,90,94,24,1,40,50,26,3,53,31,36,69,75,91,38,84,25,60,11,14,17,4,51,81,6,65,12,45,33,16,20,77,96,62,83,43,9,2,34,5,70,13,79,86,66,41,32,61,72,23,22,0,92,10,21,88,89,49,8,27,46,64,76,85",
    "in_cols": [
      37,
      29,
      43,
      47,
      27,
      22,
      38,
      20,
      18,
      28,
      11,
      9,
      14,
      35,
      17,
      24,
      16,
      46,
      1,
      26,
      3,
      15,
      36,
      45,
      41,
      30,
      8,
      4,
      40,
      34,
      23,
      10,
      39,
      32,
      21,
      2,
      5,
      7,
      42,
      19,
      31,
      12,
      0,
      6,
      44,
      25,
      13,
      33
    ],
    "out_cols": [
      15,
      25,
      30,
      46,
      27,
      41,
      38,
      40,
      28,
      14,
      32,
      34,
      23,
      1,
      29,
      7,
      44,
      11,
      21,
      13,
      26,
      19,
      36,
      20,
      12,
      4,
      6,
      24,
      0,
      5,
      17,
      8,
      47,
      42,
      3,
      18,
      33,
      39,
      31,
      16,
      35,
      10,
      45,
      9,
      43,
      2,
      22,
      37
    ]
  },
  "best_seen": {
    "discrete_mse": 10.939282417297363,
    "order": [
      [
        1,
        34
      ],
      [
        15,
        93
      ],
      [
        37,
        11
      ],
      [
        88,
        96
      ],
      [
        74,
        57
      ],
      [
        61,
        76
      ],
      [
        2,
        92
      ],
      [
        42,
        54
      ],
      [
        5,
        26
      ],
      [
        62,
        7
      ],
      [
        56,
        72
      ],
      [
        60,
        89
      ],
      [
        69,
        47
      ],
      [
        35,
        71
      ],
      [
        44,
        90
      ],
      [
        77,
        46
      ],
      [
        94,
        79
      ],
      [
        65,
        78
      ],
      [
        87,
        51
      ],
      [
        86,
        29
      ],
      [
        27,
        24
      ],
      [
        28,
        12
      ],
      [
        23,
        83
      ],
      [
        18,
        36
      ],
      [
        13,
        70
      ],
      [
        10,
        6
      ],
      [
        43,
        22
      ],
      [
        59,
        52
      ],
      [
        50,
        40
      ],
      [
        81,
        19
      ],
      [
        39,
        55
      ],
      [
        3,
        67
      ],
      [
        49,
        53
      ],
      [
        58,
        30
      ],
      [
        48,
        66
      ],
      [
        4,
        33
      ],
      [
        91,
        25
      ],
      [
        95,
        17
      ],
      [
        73,
        80
      ],
      [
        0,
        21
      ],
      [
        16,
        82
      ],
      [
        84,
        9
      ],
      [
        45,
        63
      ],
      [
        14,
        32
      ],
      [
        31,
        38
      ],
      [
        64,
        75
      ],
      [
        68,
        20
      ],
      [
        41,
        8
      ]
    ],
    "in_cols": [
      1,
      9,
      17,
      44,
      38,
      31,
      2,
      20,
      5,
      32,
      27,
      30,
      36,
      16,
      22,
      39,
      46,
      34,
      43,
      42,
      13,
      14,
      12,
      11,
      7,
      6,
      21,
      29,
      26,
      40,
      18,
      3,
      25,
      28,
      24,
      4,
      45,
      47,
      37,
      0,
      10,
      41,
      23,
      8,
      15,
      33,
      35,
      19
    ],
    "out_cols": [
      18,
      46,
      4,
      47,
      29,
      37,
      45,
      27,
      13,
      1,
      35,
      43,
      23,
      34,
      44,
      22,
      39,
      38,
      24,
      14,
      11,
      5,
      42,
      19,
      33,
      0,
      10,
      25,
      21,
      7,
      28,
      32,
      26,
      15,
      31,
      17,
      12,
      6,
      40,
      9,
      41,
      3,
      30,
      16,
      20,
      36,
      8,
      2
    ]
  }
}