{
  "config": {
    "steps": 700,
    "lr": 0.02,
    "tau_start": 1.0,
    "tau_end": 0.03,
    "sinkhorn_iters": 30,
    "lambda_ent": 0.0003,
    "train_subsample": 0,
    "seed": 16403,
    "device": "cuda"
  },
  "final": {
    "soft_mse_full": 0.4134956896305084,
    "discrete_mse": 15.568458557128906,
    "hash_match": false,
    "perm_str": "59,52,73,72,39,78,95,80,56,30,74,55,44,82,42,29,58,93,10,83,18,89,94,90,35,24,28,19,50,7,37,57,15,67,68,47,87,71,48,63,3,26,65,25,31,36,1,38,23,40,4,70,14,11,27,17,62,6,77,92,91,33,5,20,16,96,81,75,0,32,61,53,64,54,49,21,86,34,13,9,41,51,45,46,84,66,60,79,43,22,69,8,2,12,88,76,85",
    "in_cols": [
      29,
      37,
      18,
      47,
      27,
      38,
      22,
      20,
      28,
      6,
      11,
      46,
      16,
      14,
      26,
      17,
      9,
      35,
      43,
      24,
      3,
      34,
      15,
      1,
      12,
      4,
      8,
      13,
      32,
      39,
      45,
      5,
      10,
      40,
      0,
      31,
      33,
      25,
      42,
      7,
      19,
      23,
      41,
      30,
      21,
      36,
      2,
      44
    ],
    "out_cols": [
      25,
      35,
      38,
      40,
      15,
      28,
      41,
      14,
      46,
      42,
      43,
      44,
      11,
      7,
      1,
      29,
      32,
      23,
      34,
      30,
      13,
      12,
      19,
      20,
      21,
      33,
      4,
      6,
      0,
      45,
      17,
      8,
      47,
      36,
      16,
      26,
      27,
      9,
      18,
      3,
      24,
      22,
      31,
      39,
      10,
      2,
      5,
      37
    ]
  },
  "best_seen": {
    "discrete_mse": 41.08545684814453,
    "order": [
      [
        59,
        52
      ],
      [
        73,
        72
      ],
      [
        39,
        78
      ],
      [
        95,
        80
      ],
      [
        56,
        30
      ],
      [
        74,
        55
      ],
      [
        44,
        82
      ],
      [
        42,
        29
      ],
      [
        58,
        93
      ],
      [
        10,
        83
      ],
      [
        18,
        89
      ],
      [
        94,
        90
      ],
      [
        35,
        24
      ],
      [
        28,
        19
      ],
      [
        50,
        7
      ],
      [
        37,
        57
      ],
      [
        15,
        67
      ],
      [
        68,
        47
      ],
      [
        87,
        71
      ],
      [
        48,
        63
      ],
      [
        3,
        26
      ],
      [
        65,
        25
      ],
      [
        31,
        36
      ],
      [
        1,
        38
      ],
      [
        23,
        40
      ],
      [
        4,
        70
      ],
      [
        77,
        11
      ],
      [
        14,
        17
      ],
      [
        62,
        6
      ],
      [
        64,
        92
      ],
      [
        91,
        33
      ],
      [
        5,
        20
      ],
      [
        16,
        96
      ],
      [
        81,
        75
      ],
      [
        0,
        32
      ],
      [
        61,
        53
      ],
      [
        27,
        54
      ],
      [
        49,
        21
      ],
      [
        86,
        34
      ],
      [
        13,
        9
      ],
      [
        41,
        51
      ],
      [
        45,
        46
      ],
      [
        84,
        66
      ],
      [
        60,
        79
      ],
      [
        43,
        22
      ],
      [
        69,
        8
      ],
      [
        2,
        12
      ],
      [
        88,
        76
      ]
    ],
    "in_cols": [
      29,
      37,
      18,
      47,
      27,
      38,
      22,
      20,
      28,
      6,
      11,
      46,
      16,
      14,
      26,
      17,
      9,
      35,
      43,
      24,
      3,
      34,
      15,
      1,
      12,
      4,
      39,
      8,
      32,
      33,
      45,
      5,
      10,
      40,
      0,
      31,
      13,
      25,
      42,
      7,
      19,
      23,
      41,
      30,
      21,
      36,
      2,
      44
    ],
    "out_cols": [
      25,
      35,
      38,
      40,
      15,
      28,
      41,
      14,
      46,
      42,
      43,
      44,
      11,
      7,
      1,
      29,
      32,
      23,
      34,
      30,
      13,
      12,
      19,
      20,
      21,
      33,
      4,
      6,
      0,
      45,
      17,
      8,
      47,
      36,
      16,
      26,
      27,
      9,
      18,
      3,
      24,
      22,
      31,
      39,
      10,
      2,
      5,
      37
    ]
  }
}