{
  "config": {
    "steps": 700,
    "lr": 0.015,
    "tau_start": 1.0,
    "tau_end": 0.025,
    "sinkhorn_iters": 30,
    "lambda_ent": 0.0001,
    "train_subsample": 0,
    "seed": 26904,
    "device": "cuda"
  },
  "final": {
    "soft_mse_full": 0.370541512966156,
    "discrete_mse": 12.183195114135742,
    "hash_match": false,
    "perm_str": "59,52,86,30,73,55,95,82,74,78,39,83,44,72,42,80,81,93,58,29,18,25,94,7,28,40,10,24,35,90,15,67,37,57,68,47,87,71,1,63,3,26,50,66,31,36,23,38,5,76,0,75,77,11,14,17,4,6,45,33,48,51,62,20,16,70,65,96,91,9,27,53,49,54,60,79,88,34,56,21,41,8,13,89,84,22,43,19,64,92,69,32,61,46,2,12,85",
    "in_cols": [
      29,
      42,
      37,
      47,
      38,
      18,
      22,
      20,
      40,
      28,
      11,
      46,
      14,
      6,
      16,
      9,
      17,
      35,
      43,
      1,
      3,
      26,
      15,
      12,
      5,
      0,
      39,
      8,
      4,
      23,
      24,
      32,
      10,
      34,
      45,
      13,
      25,
      30,
      44,
      27,
      19,
      7,
      41,
      21,
      33,
      36,
      31,
      2
    ],
    "out_cols": [
      25,
      15,
      28,
      41,
      38,
      42,
      35,
      40,
      46,
      14,
      12,
      1,
      21,
      11,
      44,
      32,
      29,
      23,
      34,
      30,
      13,
      31,
      19,
      20,
      37,
      36,
      4,
      6,
      0,
      17,
      24,
      8,
      33,
      47,
      3,
      26,
      27,
      39,
      18,
      9,
      2,
      43,
      10,
      7,
      45,
      16,
      22,
      5
    ]
  },
  "best_seen": {
    "discrete_mse": 12.183195114135742,
    "order": [
      [
        59,
        52
      ],
      [
        86,
        30
      ],
      [
        73,
        55
      ],
      [
        95,
        82
      ],
      [
        74,
        78
      ],
      [
        39,
        83
      ],
      [
        44,
        72
      ],
      [
        42,
        80
      ],
      [
        81,
        93
      ],
      [
        58,
        29
      ],
      [
        18,
        25
      ],
      [
        94,
        7
      ],
      [
        28,
        40
      ],
      [
        10,
        24
      ],
      [
        35,
        90
      ],
      [
        15,
        67
      ],
      [
        37,
        57
      ],
      [
        68,
        47
      ],
      [
        87,
        71
      ],
      [
        1,
        63
      ],
      [
        3,
        26
      ],
      [
        50,
        66
      ],
      [
        31,
        36
      ],
      [
        23,
        38
      ],
      [
        5,
        76
      ],
      [
        0,
        75
      ],
      [
        77,
        11
      ],
      [
        14,
        17
      ],
      [
        4,
        6
      ],
      [
        45,
        33
      ],
      [
        48,
        51
      ],
      [
        62,
        20
      ],
      [
        16,
        70
      ],
      [
        65,
        96
      ],
      [
        91,
        9
      ],
      [
        27,
        53
      ],
      [
        49,
        54
      ],
      [
        60,
        79
      ],
      [
        88,
        34
      ],
      [
        56,
        21
      ],
      [
        41,
        8
      ],
      [
        13,
        89
      ],
      [
        84,
        22
      ],
      [
        43,
        19
      ],
      [
        64,
        92
      ],
      [
        69,
        32
      ],
      [
        61,
        46
      ],
      [
        2,
        12
      ]
    ],
    "in_cols": [
      29,
      42,
      37,
      47,
      38,
      18,
      22,
      20,
      40,
      28,
      11,
      46,
      14,
      6,
      16,
      9,
      17,
      35,
      43,
      1,
      3,
      26,
      15,
      12,
      5,
      0,
      39,
      8,
      4,
      23,
      24,
      32,
      10,
      34,
      45,
      13,
      25,
      30,
      44,
      27,
      19,
      7,
      41,
      21,
      33,
      36,
      31,
      2
    ],
    "out_cols": [
      25,
      15,
      28,
      41,
      38,
      42,
      35,
      40,
      46,
      14,
      12,
      1,
      21,
      11,
      44,
      32,
      29,
      23,
      34,
      30,
      13,
      31,
      19,
      20,
      37,
      36,
      4,
      6,
      0,
      17,
      24,
      8,
      33,
      47,
      3,
      26,
      27,
      39,
      18,
      9,
      2,
      43,
      10,
      7,
      45,
      16,
      22,
      5
    ]
  }
}