{
  "config": {
    "steps": 700,
    "lr": 0.015,
    "tau_start": 1.0,
    "tau_end": 0.025,
    "sinkhorn_iters": 30,
    "lambda_ent": 0.0001,
    "train_subsample": 0,
    "seed": 10904,
    "device": "cuda"
  },
  "final": {
    "soft_mse_full": 0.4045100510120392,
    "discrete_mse": 139.1476287841797,
    "hash_match": false,
    "perm_str": "39,72,73,55,59,52,95,63,56,30,44,78,68,93,49,38,42,29,58,82,69,83,94,53,37,47,28,19,18,67,48,7,86,90,15,57,1,26,35,24,3,25,31,36,87,71,50,40,23,80,14,17,77,51,81,6,64,11,91,92,45,33,16,20,62,96,43,70,65,76,41,75,5,54,13,9,74,32,10,12,0,79,2,21,84,22,27,34,61,46,88,66,4,8,60,89,85",
    "in_cols": [
      18,
      37,
      29,
      47,
      27,
      22,
      35,
      25,
      20,
      28,
      36,
      46,
      17,
      14,
      11,
      24,
      42,
      9,
      1,
      16,
      3,
      15,
      43,
      26,
      12,
      8,
      39,
      40,
      33,
      45,
      23,
      10,
      32,
      21,
      34,
      19,
      5,
      7,
      38,
      6,
      0,
      2,
      41,
      13,
      31,
      44,
      4,
      30
    ],
    "out_cols": [
      35,
      28,
      25,
      30,
      15,
      38,
      46,
      20,
      14,
      41,
      42,
      26,
      23,
      7,
      32,
      1,
      44,
      29,
      13,
      11,
      12,
      19,
      34,
      21,
      40,
      6,
      24,
      0,
      4,
      45,
      17,
      8,
      47,
      33,
      37,
      36,
      27,
      3,
      16,
      5,
      39,
      9,
      10,
      18,
      22,
      31,
      2,
      43
    ]
  },
  "best_seen": {
    "discrete_mse": 109.59362030029297,
    "order": [
      [
        73,
        72
      ],
      [
        39,
        55
      ],
      [
        59,
        52
      ],
      [
        95,
        63
      ],
      [
        56,
        30
      ],
      [
        44,
        78
      ],
      [
        74,
        93
      ],
      [
        68,
        38
      ],
      [
        42,
        29
      ],
      [
        58,
        82
      ],
      [
        18,
        83
      ],
      [
        94,
        80
      ],
      [
        48,
        47
      ],
      [
        28,
        19
      ],
      [
        15,
        67
      ],
      [
        50,
        7
      ],
      [
        86,
        90
      ],
      [
        37,
        57
      ],
      [
        1,
        26
      ],
      [
        35,
        24
      ],
      [
        3,
        25
      ],
      [
        31,
        36
      ],
      [
        87,
        71
      ],
      [
        64,
        40
      ],
      [
        23,
        75
      ],
      [
        14,
        17
      ],
      [
        4,
        51
      ],
      [
        81,
        6
      ],
      [
        5,
        11
      ],
      [
        91,
        92
      ],
      [
        45,
        33
      ],
      [
        62,
        20
      ],
      [
        16,
        96
      ],
      [
        77,
        70
      ],
      [
        65,
        53
      ],
      [
        41,
        34
      ],
      [
        61,
        54
      ],
      [
        13,
        9
      ],
      [
        43,
        32
      ],
      [
        10,
        22
      ],
      [
        0,
        76
      ],
      [
        2,
        21
      ],
      [
        84,
        79
      ],
      [
        27,
        46
      ],
      [
        69,
        12
      ],
      [
        49,
        66
      ],
      [
        88,
        8
      ],
      [
        60,
        89
      ]
    ],
    "in_cols": [
      37,
      18,
      29,
      47,
      27,
      22,
      38,
      35,
      20,
      28,
      11,
      46,
      24,
      14,
      9,
      26,
      42,
      17,
      1,
      16,
      3,
      15,
      43,
      33,
      12,
      8,
      4,
      40,
      5,
      45,
      23,
      32,
      10,
      39,
      34,
      19,
      31,
      7,
      21,
      6,
      0,
      2,
      41,
      13,
      36,
      25,
      44,
      30
    ],
    "out_cols": [
      35,
      28,
      25,
      30,
      15,
      38,
      46,
      20,
      14,
      41,
      42,
      40,
      23,
      7,
      32,
      1,
      44,
      29,
      13,
      11,
      12,
      19,
      34,
      21,
      36,
      6,
      24,
      0,
      4,
      45,
      17,
      8,
      47,
      33,
      26,
      18,
      27,
      3,
      16,
      10,
      37,
      9,
      39,
      22,
      5,
      31,
      2,
      43
    ]
  }
}