{
  "config": {
    "steps": 700,
    "lr": 0.015,
    "tau_start": 1.0,
    "tau_end": 0.025,
    "sinkhorn_iters": 30,
    "lambda_ent": 0.0001,
    "train_subsample": 0,
    "seed": 26304,
    "device": "cuda"
  },
  "final": {
    "soft_mse_full": 0.3077176809310913,
    "discrete_mse": 36.07611846923828,
    "hash_match": false,
    "perm_str": "39,72,59,52,73,78,95,63,56,30,44,82,23,93,68,80,42,29,88,54,94,7,18,67,28,19,35,24,10,57,50,25,37,47,86,90,15,26,1,40,3,53,31,36,27,38,87,71,5,76,14,55,4,6,0,17,81,11,77,20,91,33,48,70,16,96,43,22,62,75,74,9,13,83,60,89,2,51,41,34,65,32,45,79,61,46,84,66,49,8,58,92,64,12,69,21,85",
    "in_cols": [
      18,
      29,
      37,
      47,
      27,
      22,
      12,
      35,
      20,
      44,
      46,
      11,
      14,
      16,
      6,
      26,
      17,
      42,
      9,
      1,
      3,
      15,
      13,
      43,
      5,
      8,
      4,
      0,
      40,
      39,
      45,
      24,
      10,
      21,
      32,
      38,
      7,
      30,
      2,
      19,
      34,
      23,
      31,
      41,
      25,
      28,
      33,
      36
    ],
    "out_cols": [
      35,
      25,
      38,
      30,
      15,
      41,
      46,
      40,
      14,
      27,
      1,
      32,
      7,
      11,
      29,
      12,
      23,
      44,
      13,
      21,
      26,
      19,
      20,
      34,
      37,
      28,
      0,
      6,
      4,
      8,
      17,
      33,
      47,
      10,
      36,
      3,
      42,
      43,
      24,
      18,
      16,
      39,
      22,
      31,
      2,
      45,
      5,
      9
    ]
  },
  "best_seen": {
    "discrete_mse": 22.297571182250977,
    "order": [
      [
        39,
        72
      ],
      [
        59,
        52
      ],
      [
        73,
        78
      ],
      [
        95,
        63
      ],
      [
        56,
        30
      ],
      [
        44,
        82
      ],
      [
        23,
        93
      ],
      [
        68,
        80
      ],
      [
        42,
        29
      ],
      [
        88,
        54
      ],
      [
        94,
        53
      ],
      [
        18,
        67
      ],
      [
        28,
        19
      ],
      [
        35,
        24
      ],
      [
        10,
        7
      ],
      [
        50,
        25
      ],
      [
        37,
        47
      ],
      [
        86,
        90
      ],
      [
        15,
        57
      ],
      [
        1,
        40
      ],
      [
        3,
        26
      ],
      [
        31,
        36
      ],
      [
        27,
        38
      ],
      [
        87,
        71
      ],
      [
        5,
        76
      ],
      [
        14,
        55
      ],
      [
        4,
        6
      ],
      [
        0,
        17
      ],
      [
        81,
        11
      ],
      [
        77,
        20
      ],
      [
        91,
        33
      ],
      [
        48,
        70
      ],
      [
        16,
        96
      ],
      [
        43,
        22
      ],
      [
        62,
        75
      ],
      [
        74,
        9
      ],
      [
        13,
        83
      ],
      [
        60,
        89
      ],
      [
        2,
        51
      ],
      [
        41,
        34
      ],
      [
        65,
        32
      ],
      [
        45,
        79
      ],
      [
        61,
        46
      ],
      [
        84,
        66
      ],
      [
        49,
        8
      ],
      [
        58,
        92
      ],
      [
        64,
        12
      ],
      [
        69,
        21
      ]
    ],
    "in_cols": [
      18,
      29,
      37,
      47,
      27,
      22,
      12,
      35,
      20,
      44,
      46,
      11,
      14,
      16,
      6,
      26,
      17,
      42,
      9,
      1,
      3,
      15,
      13,
      43,
      5,
      8,
      4,
      0,
      40,
      39,
      45,
      24,
      10,
      21,
      32,
      38,
      7,
      30,
      2,
      19,
      34,
      23,
      31,
      41,
      25,
      28,
      33,
      36
    ],
    "out_cols": [
      35,
      25,
      38,
      30,
      15,
      41,
      46,
      40,
      14,
      27,
      26,
      32,
      7,
      11,
      1,
      12,
      23,
      44,
      29,
      21,
      13,
      19,
      20,
      34,
      37,
      28,
      0,
      6,
      4,
      8,
      17,
      33,
      47,
      10,
      36,
      3,
      42,
      43,
      24,
      18,
      16,
      39,
      22,
      31,
      2,
      45,
      5,
      9
    ]
  }
}