{
  "config": {
    "steps": 900,
    "lr": 0.03,
    "tau_start": 1.0,
    "tau_end": 0.03,
    "sinkhorn_iters": 30,
    "lambda_ent": 0.0003,
    "train_subsample": 4096,
    "seed": 28201,
    "device": "cuda"
  },
  "final": {
    "soft_mse_full": 0.384543240070343,
    "discrete_mse": 14.649701118469238,
    "hash_match": false,
    "perm_str": "73,72,59,52,39,55,95,78,44,82,56,80,74,93,42,29,18,83,69,30,86,67,94,90,35,24,28,19,48,47,37,7,15,57,68,40,87,71,1,26,3,53,50,25,31,36,23,38,14,11,41,17,77,92,81,6,64,32,45,63,65,20,4,33,5,12,16,96,91,70,61,54,13,9,27,89,62,75,10,46,60,51,0,76,49,22,84,66,58,79,43,34,2,21,88,8,85",
    "in_cols": [
      37,
      29,
      18,
      47,
      22,
      27,
      38,
      20,
      11,
      36,
      42,
      46,
      16,
      14,
      24,
      17,
      9,
      35,
      43,
      1,
      3,
      26,
      15,
      12,
      8,
      19,
      39,
      40,
      33,
      23,
      34,
      4,
      5,
      10,
      45,
      31,
      7,
      13,
      32,
      6,
      30,
      0,
      25,
      41,
      28,
      21,
      2,
      44
    ],
    "out_cols": [
      35,
      25,
      28,
      38,
      41,
      40,
      46,
      14,
      42,
      15,
      32,
      44,
      11,
      7,
      23,
      1,
      29,
      21,
      34,
      13,
      26,
      12,
      19,
      20,
      4,
      6,
      45,
      0,
      16,
      30,
      8,
      17,
      5,
      47,
      33,
      27,
      3,
      43,
      36,
      22,
      24,
      37,
      10,
      31,
      39,
      18,
      9,
      2
    ]
  },
  "best_seen": {
    "discrete_mse": 1.018643856048584,
    "order": [
      [
        39,
        72
      ],
      [
        59,
        52
      ],
      [
        73,
        55
      ],
      [
        95,
        78
      ],
      [
        44,
        82
      ],
      [
        74,
        80
      ],
      [
        41,
        93
      ],
      [
        42,
        29
      ],
      [
        69,
        83
      ],
      [
        56,
        30
      ],
      [
        86,
        67
      ],
      [
        94,
        90
      ],
      [
        35,
        24
      ],
      [
        18,
        19
      ],
      [
        28,
        47
      ],
      [
        1,
        7
      ],
      [
        37,
        57
      ],
      [
        68,
        40
      ],
      [
        87,
        71
      ],
      [
        15,
        26
      ],
      [
        3,
        53
      ],
      [
        50,
        25
      ],
      [
        31,
        36
      ],
      [
        23,
        38
      ],
      [
        14,
        11
      ],
      [
        77,
        17
      ],
      [
        45,
        92
      ],
      [
        81,
        6
      ],
      [
        64,
        32
      ],
      [
        91,
        63
      ],
      [
        65,
        20
      ],
      [
        4,
        33
      ],
      [
        5,
        12
      ],
      [
        16,
        96
      ],
      [
        48,
        70
      ],
      [
        61,
        54
      ],
      [
        13,
        9
      ],
      [
        27,
        89
      ],
      [
        62,
        75
      ],
      [
        10,
        46
      ],
      [
        60,
        51
      ],
      [
        0,
        76
      ],
      [
        49,
        22
      ],
      [
        84,
        66
      ],
      [
        58,
        79
      ],
      [
        43,
        34
      ],
      [
        2,
        21
      ],
      [
        88,
        8
      ]
    ],
    "in_cols": [
      18,
      29,
      37,
      47,
      22,
      38,
      19,
      20,
      36,
      27,
      42,
      46,
      16,
      11,
      14,
      1,
      17,
      35,
      43,
      9,
      3,
      26,
      15,
      12,
      8,
      39,
      23,
      40,
      33,
      45,
      34,
      4,
      5,
      10,
      24,
      31,
      7,
      13,
      32,
      6,
      30,
      0,
      25,
      41,
      28,
      21,
      2,
      44
    ],
    "out_cols": [
      35,
      25,
      28,
      38,
      41,
      40,
      46,
      14,
      42,
      15,
      32,
      44,
      11,
      7,
      23,
      1,
      29,
      21,
      34,
      13,
      26,
      12,
      19,
      20,
      4,
      6,
      45,
      0,
      16,
      30,
      8,
      17,
      5,
      47,
      33,
      27,
      3,
      43,
      36,
      22,
      24,
      37,
      10,
      31,
      39,
      18,
      9,
      2
    ]
  }
}