{
  "config": {
    "steps": 900,
    "lr": 0.03,
    "tau_start": 1.0,
    "tau_end": 0.028,
    "sinkhorn_iters": 30,
    "lambda_ent": 0.0003,
    "train_subsample": 4096,
    "seed": 25102,
    "device": "cuda"
  },
  "final": {
    "soft_mse_full": 0.3890242874622345,
    "discrete_mse": 20.683006286621094,
    "hash_match": false,
    "perm_str": "73,72,59,52,95,30,44,93,58,78,56,82,3,55,88,29,42,80,94,38,69,83,86,90,18,67,68,47,15,57,28,19,1,7,35,24,37,63,87,71,31,36,65,25,50,26,23,40,14,76,5,51,64,11,4,32,62,12,81,6,77,20,16,96,39,75,48,70,61,53,2,9,13,89,45,92,41,46,74,54,49,79,0,17,43,34,91,33,27,21,84,66,10,8,60,22,85",
    "in_cols": [
      37,
      29,
      47,
      22,
      28,
      27,
      3,
      44,
      20,
      46,
      36,
      42,
      11,
      35,
      9,
      14,
      1,
      16,
      17,
      43,
      15,
      34,
      26,
      12,
      8,
      5,
      33,
      4,
      32,
      40,
      39,
      10,
      18,
      24,
      31,
      2,
      7,
      23,
      19,
      38,
      25,
      0,
      21,
      45,
      13,
      41,
      6,
      30
    ],
    "out_cols": [
      35,
      25,
      15,
      46,
      38,
      41,
      28,
      14,
      40,
      20,
      42,
      44,
      32,
      23,
      29,
      7,
      1,
      11,
      30,
      34,
      19,
      12,
      13,
      21,
      37,
      24,
      4,
      16,
      5,
      0,
      8,
      47,
      36,
      33,
      26,
      3,
      43,
      45,
      22,
      27,
      39,
      6,
      18,
      17,
      9,
      31,
      2,
      10
    ]
  },
  "best_seen": {
    "discrete_mse": 0.8733291029930115,
    "order": [
      [
        5,
        72
      ],
      [
        59,
        52
      ],
      [
        95,
        78
      ],
      [
        84,
        93
      ],
      [
        74,
        82
      ],
      [
        56,
        30
      ],
      [
        3,
        55
      ],
      [
        18,
        29
      ],
      [
        42,
        80
      ],
      [
        94,
        38
      ],
      [
        69,
        83
      ],
      [
        86,
        90
      ],
      [
        37,
        67
      ],
      [
        68,
        47
      ],
      [
        15,
        57
      ],
      [
        28,
        19
      ],
      [
        1,
        7
      ],
      [
        35,
        24
      ],
      [
        73,
        63
      ],
      [
        87,
        71
      ],
      [
        31,
        36
      ],
      [
        65,
        25
      ],
      [
        50,
        26
      ],
      [
        23,
        40
      ],
      [
        60,
        76
      ],
      [
        64,
        51
      ],
      [
        14,
        11
      ],
      [
        4,
        32
      ],
      [
        62,
        12
      ],
      [
        81,
        6
      ],
      [
        77,
        20
      ],
      [
        16,
        96
      ],
      [
        39,
        75
      ],
      [
        48,
        70
      ],
      [
        61,
        53
      ],
      [
        2,
        9
      ],
      [
        13,
        89
      ],
      [
        45,
        92
      ],
      [
        41,
        46
      ],
      [
        44,
        54
      ],
      [
        49,
        79
      ],
      [
        0,
        17
      ],
      [
        43,
        34
      ],
      [
        91,
        33
      ],
      [
        27,
        21
      ],
      [
        88,
        66
      ],
      [
        10,
        8
      ],
      [
        58,
        22
      ]
    ],
    "in_cols": [
      5,
      29,
      47,
      41,
      38,
      27,
      3,
      11,
      20,
      46,
      36,
      42,
      17,
      35,
      9,
      14,
      1,
      16,
      37,
      43,
      15,
      34,
      26,
      12,
      30,
      33,
      8,
      4,
      32,
      40,
      39,
      10,
      18,
      24,
      31,
      2,
      7,
      23,
      19,
      22,
      25,
      0,
      21,
      45,
      13,
      44,
      6,
      28
    ],
    "out_cols": [
      35,
      25,
      38,
      46,
      41,
      15,
      28,
      14,
      40,
      20,
      42,
      44,
      32,
      23,
      29,
      7,
      1,
      11,
      30,
      34,
      19,
      12,
      13,
      21,
      37,
      24,
      4,
      16,
      5,
      0,
      8,
      47,
      36,
      33,
      26,
      3,
      43,
      45,
      22,
      27,
      39,
      6,
      18,
      17,
      9,
      31,
      2,
      10
    ]
  }
}