{
  "config": {
    "steps": 700,
    "lr": 0.02,
    "tau_start": 1.0,
    "tau_end": 0.03,
    "sinkhorn_iters": 30,
    "lambda_ent": 0.0003,
    "train_subsample": 0,
    "seed": 16603,
    "device": "cuda"
  },
  "final": {
    "soft_mse_full": 0.34660613536834717,
    "discrete_mse": 23.613327026367188,
    "hash_match": false,
    "perm_str": "59,52,39,30,95,75,45,63,58,78,44,82,68,80,42,55,69,29,18,83,1,90,94,38,28,19,35,24,50,7,15,57,37,67,86,72,73,47,48,40,3,26,31,36,23,93,87,71,84,25,4,6,14,17,64,11,5,33,77,92,81,51,16,20,65,70,62,96,49,54,91,53,43,76,41,32,74,34,60,89,10,46,2,21,61,66,56,22,0,12,13,9,88,8,27,79,85",
    "in_cols": [
      29,
      18,
      47,
      23,
      28,
      22,
      35,
      20,
      36,
      11,
      1,
      46,
      14,
      16,
      26,
      9,
      17,
      42,
      37,
      24,
      3,
      15,
      12,
      43,
      41,
      4,
      8,
      33,
      5,
      39,
      40,
      10,
      34,
      32,
      25,
      45,
      21,
      19,
      38,
      30,
      6,
      2,
      31,
      27,
      0,
      7,
      44,
      13
    ],
    "out_cols": [
      25,
      15,
      36,
      30,
      38,
      41,
      40,
      28,
      14,
      42,
      44,
      20,
      7,
      11,
      1,
      29,
      32,
      35,
      23,
      21,
      13,
      19,
      46,
      34,
      12,
      0,
      6,
      4,
      17,
      45,
      24,
      8,
      33,
      47,
      27,
      26,
      37,
      16,
      18,
      43,
      22,
      9,
      31,
      10,
      5,
      3,
      2,
      39
    ]
  },
  "best_seen": {
    "discrete_mse": 11.359126091003418,
    "order": [
      [
        59,
        52
      ],
      [
        23,
        30
      ],
      [
        39,
        75
      ],
      [
        95,
        63
      ],
      [
        58,
        78
      ],
      [
        44,
        82
      ],
      [
        68,
        80
      ],
      [
        42,
        55
      ],
      [
        69,
        93
      ],
      [
        18,
        83
      ],
      [
        45,
        90
      ],
      [
        94,
        38
      ],
      [
        28,
        19
      ],
      [
        35,
        24
      ],
      [
        50,
        7
      ],
      [
        15,
        57
      ],
      [
        37,
        67
      ],
      [
        86,
        72
      ],
      [
        73,
        70
      ],
      [
        48,
        40
      ],
      [
        3,
        26
      ],
      [
        31,
        36
      ],
      [
        1,
        47
      ],
      [
        87,
        71
      ],
      [
        84,
        25
      ],
      [
        4,
        29
      ],
      [
        14,
        17
      ],
      [
        13,
        11
      ],
      [
        5,
        33
      ],
      [
        77,
        92
      ],
      [
        81,
        6
      ],
      [
        16,
        20
      ],
      [
        65,
        51
      ],
      [
        62,
        96
      ],
      [
        49,
        54
      ],
      [
        91,
        53
      ],
      [
        43,
        76
      ],
      [
        41,
        32
      ],
      [
        74,
        34
      ],
      [
        64,
        89
      ],
      [
        10,
        46
      ],
      [
        60,
        21
      ],
      [
        61,
        66
      ],
      [
        56,
        22
      ],
      [
        0,
        12
      ],
      [
        2,
        9
      ],
      [
        88,
        8
      ],
      [
        27,
        79
      ]
    ],
    "in_cols": [
      29,
      12,
      18,
      47,
      28,
      22,
      35,
      20,
      36,
      11,
      23,
      46,
      14,
      16,
      26,
      9,
      17,
      42,
      37,
      24,
      3,
      15,
      1,
      43,
      41,
      4,
      8,
      7,
      5,
      39,
      40,
      10,
      34,
      32,
      25,
      45,
      21,
      19,
      38,
      33,
      6,
      30,
      31,
      27,
      0,
      2,
      44,
      13
    ],
    "out_cols": [
      25,
      15,
      36,
      30,
      38,
      41,
      40,
      28,
      46,
      42,
      44,
      20,
      7,
      11,
      1,
      29,
      32,
      35,
      33,
      21,
      13,
      19,
      23,
      34,
      12,
      14,
      6,
      4,
      17,
      45,
      0,
      8,
      24,
      47,
      27,
      26,
      37,
      16,
      18,
      43,
      22,
      9,
      31,
      10,
      5,
      3,
      2,
      39
    ]
  }
}