{
  "config": {
    "steps": 700,
    "lr": 0.015,
    "tau_start": 1.0,
    "tau_end": 0.025,
    "sinkhorn_iters": 30,
    "lambda_ent": 0.0001,
    "train_subsample": 0,
    "seed": 14904,
    "device": "cuda"
  },
  "final": {
    "soft_mse_full": 0.347494512796402,
    "discrete_mse": 79.32642364501953,
    "hash_match": false,
    "perm_str": "59,25,73,72,39,52,95,55,56,30,44,82,74,80,42,29,37,83,58,78,94,53,69,7,18,90,28,19,48,47,15,67,68,57,86,93,35,24,31,36,3,26,50,66,1,38,87,71,14,21,23,40,77,11,45,63,81,51,4,6,65,33,5,20,2,70,16,96,91,89,62,32,27,17,0,54,84,79,13,22,10,46,61,9,60,34,43,76,41,75,88,8,49,12,64,92,85",
    "in_cols": [
      29,
      37,
      18,
      47,
      27,
      22,
      38,
      20,
      17,
      28,
      46,
      36,
      11,
      14,
      24,
      9,
      35,
      42,
      16,
      15,
      3,
      26,
      1,
      43,
      8,
      12,
      39,
      23,
      40,
      4,
      34,
      5,
      2,
      10,
      45,
      32,
      13,
      0,
      41,
      7,
      6,
      31,
      30,
      21,
      19,
      44,
      25,
      33
    ],
    "out_cols": [
      12,
      35,
      25,
      28,
      15,
      41,
      40,
      14,
      42,
      38,
      26,
      1,
      44,
      7,
      23,
      32,
      29,
      46,
      11,
      19,
      13,
      31,
      20,
      34,
      9,
      21,
      4,
      30,
      24,
      0,
      17,
      8,
      33,
      47,
      43,
      16,
      6,
      27,
      39,
      10,
      22,
      3,
      18,
      37,
      36,
      2,
      5,
      45
    ]
  },
  "best_seen": {
    "discrete_mse": 55.21053695678711,
    "order": [
      [
        59,
        25
      ],
      [
        23,
        72
      ],
      [
        95,
        52
      ],
      [
        39,
        93
      ],
      [
        73,
        30
      ],
      [
        44,
        82
      ],
      [
        74,
        80
      ],
      [
        42,
        29
      ],
      [
        94,
        83
      ],
      [
        58,
        78
      ],
      [
        86,
        53
      ],
      [
        37,
        7
      ],
      [
        18,
        90
      ],
      [
        28,
        19
      ],
      [
        48,
        47
      ],
      [
        15,
        67
      ],
      [
        10,
        57
      ],
      [
        68,
        55
      ],
      [
        35,
        24
      ],
      [
        31,
        36
      ],
      [
        3,
        26
      ],
      [
        50,
        66
      ],
      [
        1,
        38
      ],
      [
        87,
        71
      ],
      [
        16,
        21
      ],
      [
        0,
        40
      ],
      [
        14,
        11
      ],
      [
        4,
        32
      ],
      [
        81,
        63
      ],
      [
        56,
        6
      ],
      [
        45,
        33
      ],
      [
        65,
        20
      ],
      [
        5,
        70
      ],
      [
        77,
        96
      ],
      [
        91,
        89
      ],
      [
        62,
        75
      ],
      [
        27,
        17
      ],
      [
        60,
        54
      ],
      [
        61,
        79
      ],
      [
        13,
        22
      ],
      [
        49,
        46
      ],
      [
        69,
        9
      ],
      [
        84,
        34
      ],
      [
        43,
        76
      ],
      [
        41,
        51
      ],
      [
        88,
        8
      ],
      [
        2,
        12
      ],
      [
        64,
        92
      ]
    ],
    "in_cols": [
      29,
      12,
      47,
      18,
      37,
      22,
      38,
      20,
      46,
      28,
      42,
      17,
      11,
      14,
      24,
      9,
      6,
      35,
      16,
      15,
      3,
      26,
      1,
      43,
      10,
      0,
      8,
      4,
      40,
      27,
      23,
      34,
      5,
      39,
      45,
      32,
      13,
      30,
      31,
      7,
      25,
      36,
      41,
      21,
      19,
      44,
      2,
      33
    ],
    "out_cols": [
      12,
      35,
      25,
      46,
      15,
      41,
      40,
      14,
      42,
      38,
      26,
      1,
      44,
      7,
      23,
      32,
      29,
      28,
      11,
      19,
      13,
      31,
      20,
      34,
      9,
      21,
      4,
      16,
      30,
      0,
      17,
      8,
      33,
      47,
      43,
      36,
      6,
      27,
      39,
      10,
      22,
      3,
      18,
      37,
      24,
      2,
      5,
      45
    ]
  }
}