{
  "config": {
    "steps": 700,
    "lr": 0.02,
    "tau_start": 1.0,
    "tau_end": 0.03,
    "sinkhorn_iters": 30,
    "lambda_ent": 0.0003,
    "train_subsample": 0,
    "seed": 23403,
    "device": "cuda"
  },
  "final": {
    "soft_mse_full": 0.3351036012172699,
    "discrete_mse": 16.263805389404297,
    "hash_match": false,
    "perm_str": "59,52,39,72,42,63,95,80,56,30,44,82,73,55,68,29,37,93,58,78,69,83,94,90,35,24,28,19,48,47,15,67,10,7,86,51,87,71,1,57,3,25,31,36,50,38,0,26,23,75,5,40,14,11,77,17,62,33,81,6,45,92,65,20,16,70,4,96,91,53,27,89,18,54,43,12,13,32,49,76,74,22,2,9,61,34,88,8,41,46,60,66,84,79,64,21,85",
    "in_cols": [
      29,
      18,
      20,
      47,
      27,
      22,
      37,
      35,
      17,
      28,
      36,
      46,
      16,
      14,
      24,
      9,
      6,
      42,
      43,
      1,
      3,
      15,
      26,
      0,
      12,
      5,
      8,
      39,
      32,
      40,
      23,
      34,
      10,
      4,
      45,
      13,
      11,
      21,
      7,
      25,
      38,
      2,
      31,
      44,
      19,
      30,
      41,
      33
    ],
    "out_cols": [
      25,
      35,
      30,
      40,
      15,
      41,
      28,
      14,
      46,
      38,
      42,
      44,
      11,
      7,
      23,
      32,
      1,
      24,
      34,
      29,
      12,
      19,
      20,
      13,
      36,
      21,
      4,
      6,
      17,
      0,
      45,
      8,
      33,
      47,
      26,
      43,
      27,
      5,
      16,
      37,
      10,
      3,
      18,
      2,
      22,
      31,
      39,
      9
    ]
  },
  "best_seen": {
    "discrete_mse": 4.450429916381836,
    "order": [
      [
        59,
        52
      ],
      [
        39,
        72
      ],
      [
        28,
        63
      ],
      [
        95,
        80
      ],
      [
        56,
        30
      ],
      [
        44,
        82
      ],
      [
        73,
        55
      ],
      [
        42,
        29
      ],
      [
        37,
        93
      ],
      [
        58,
        78
      ],
      [
        94,
        83
      ],
      [
        18,
        90
      ],
      [
        35,
        24
      ],
      [
        10,
        19
      ],
      [
        48,
        47
      ],
      [
        15,
        67
      ],
      [
        1,
        7
      ],
      [
        86,
        11
      ],
      [
        87,
        71
      ],
      [
        68,
        57
      ],
      [
        3,
        25
      ],
      [
        31,
        36
      ],
      [
        50,
        38
      ],
      [
        0,
        26
      ],
      [
        23,
        75
      ],
      [
        5,
        40
      ],
      [
        14,
        51
      ],
      [
        4,
        17
      ],
      [
        77,
        33
      ],
      [
        81,
        6
      ],
      [
        91,
        92
      ],
      [
        62,
        20
      ],
      [
        43,
        70
      ],
      [
        16,
        96
      ],
      [
        65,
        53
      ],
      [
        27,
        89
      ],
      [
        49,
        54
      ],
      [
        74,
        12
      ],
      [
        13,
        32
      ],
      [
        61,
        76
      ],
      [
        84,
        22
      ],
      [
        69,
        9
      ],
      [
        41,
        34
      ],
      [
        88,
        8
      ],
      [
        2,
        46
      ],
      [
        60,
        66
      ],
      [
        45,
        79
      ],
      [
        64,
        21
      ]
    ],
    "in_cols": [
      29,
      18,
      14,
      47,
      27,
      22,
      37,
      20,
      17,
      28,
      46,
      11,
      16,
      6,
      24,
      9,
      1,
      42,
      43,
      35,
      3,
      15,
      26,
      0,
      12,
      5,
      8,
      4,
      39,
      40,
      45,
      32,
      21,
      10,
      34,
      13,
      25,
      38,
      7,
      31,
      41,
      36,
      19,
      44,
      2,
      30,
      23,
      33
    ],
    "out_cols": [
      25,
      35,
      30,
      40,
      15,
      41,
      28,
      14,
      46,
      38,
      42,
      44,
      11,
      7,
      23,
      32,
      1,
      4,
      34,
      29,
      12,
      19,
      20,
      13,
      36,
      21,
      24,
      6,
      17,
      0,
      45,
      8,
      33,
      47,
      26,
      43,
      27,
      5,
      16,
      37,
      10,
      3,
      18,
      2,
      22,
      31,
      39,
      9
    ]
  }
}