{
  "config": {
    "steps": 700,
    "lr": 0.015,
    "tau_start": 1.0,
    "tau_end": 0.025,
    "sinkhorn_iters": 30,
    "lambda_ent": 0.0001,
    "train_subsample": 0,
    "seed": 13004,
    "device": "cuda"
  },
  "final": {
    "soft_mse_full": 0.3560219705104828,
    "discrete_mse": 95.22427368164062,
    "hash_match": false,
    "perm_str": "39,75,59,52,5,72,95,63,56,30,74,82,44,78,94,80,42,29,58,55,86,90,18,93,28,19,50,7,35,24,15,67,73,47,10,57,68,26,1,40,3,25,31,36,23,38,87,71,0,17,14,76,27,51,77,11,48,70,81,6,65,92,91,33,62,20,16,96,43,89,13,53,41,83,2,34,37,9,49,21,45,54,4,8,69,32,60,12,64,22,84,66,88,79,61,46,85",
    "in_cols": [
      18,
      29,
      5,
      47,
      27,
      38,
      22,
      46,
      20,
      28,
      42,
      11,
      14,
      26,
      16,
      9,
      37,
      6,
      35,
      1,
      3,
      15,
      12,
      43,
      0,
      8,
      13,
      39,
      24,
      40,
      34,
      45,
      32,
      10,
      21,
      7,
      19,
      2,
      17,
      25,
      23,
      4,
      36,
      30,
      33,
      41,
      44,
      31
    ],
    "out_cols": [
      36,
      25,
      35,
      30,
      15,
      41,
      38,
      40,
      14,
      28,
      44,
      46,
      7,
      1,
      11,
      32,
      23,
      29,
      13,
      21,
      12,
      19,
      20,
      34,
      6,
      37,
      24,
      4,
      33,
      0,
      45,
      17,
      8,
      47,
      43,
      26,
      42,
      18,
      3,
      9,
      27,
      2,
      16,
      5,
      10,
      31,
      39,
      22
    ]
  },
  "best_seen": {
    "discrete_mse": 11.758323669433594,
    "order": [
      [
        73,
        70
      ],
      [
        59,
        52
      ],
      [
        39,
        72
      ],
      [
        95,
        93
      ],
      [
        56,
        30
      ],
      [
        44,
        82
      ],
      [
        74,
        78
      ],
      [
        94,
        80
      ],
      [
        42,
        55
      ],
      [
        58,
        29
      ],
      [
        86,
        90
      ],
      [
        18,
        67
      ],
      [
        28,
        19
      ],
      [
        50,
        7
      ],
      [
        35,
        24
      ],
      [
        37,
        57
      ],
      [
        48,
        47
      ],
      [
        15,
        40
      ],
      [
        68,
        26
      ],
      [
        10,
        63
      ],
      [
        3,
        25
      ],
      [
        31,
        36
      ],
      [
        1,
        38
      ],
      [
        87,
        71
      ],
      [
        14,
        17
      ],
      [
        77,
        76
      ],
      [
        27,
        51
      ],
      [
        5,
        11
      ],
      [
        91,
        12
      ],
      [
        81,
        6
      ],
      [
        65,
        92
      ],
      [
        45,
        33
      ],
      [
        62,
        20
      ],
      [
        16,
        96
      ],
      [
        43,
        75
      ],
      [
        13,
        53
      ],
      [
        0,
        83
      ],
      [
        84,
        34
      ],
      [
        2,
        9
      ],
      [
        49,
        21
      ],
      [
        61,
        54
      ],
      [
        4,
        8
      ],
      [
        41,
        32
      ],
      [
        64,
        89
      ],
      [
        88,
        22
      ],
      [
        23,
        66
      ],
      [
        60,
        79
      ],
      [
        69,
        46
      ]
    ],
    "in_cols": [
      37,
      29,
      18,
      47,
      27,
      22,
      38,
      46,
      20,
      28,
      42,
      11,
      14,
      26,
      16,
      17,
      24,
      9,
      35,
      6,
      3,
      15,
      1,
      43,
      8,
      39,
      13,
      5,
      45,
      40,
      34,
      23,
      32,
      10,
      21,
      7,
      0,
      41,
      2,
      25,
      31,
      4,
      19,
      33,
      44,
      12,
      30,
      36
    ],
    "out_cols": [
      33,
      25,
      35,
      46,
      15,
      41,
      38,
      40,
      28,
      14,
      44,
      32,
      7,
      1,
      11,
      29,
      23,
      21,
      13,
      30,
      12,
      19,
      20,
      34,
      6,
      37,
      24,
      4,
      5,
      0,
      45,
      17,
      8,
      47,
      36,
      26,
      42,
      18,
      3,
      9,
      27,
      2,
      16,
      43,
      10,
      31,
      39,
      22
    ]
  }
}