{
  "config": {
    "steps": 900,
    "lr": 0.03,
    "tau_start": 1.0,
    "tau_end": 0.028,
    "sinkhorn_iters": 30,
    "lambda_ent": 0.0003,
    "train_subsample": 4096,
    "seed": 8602,
    "device": "cuda"
  },
  "final": {
    "soft_mse_full": 0.3812667727470398,
    "discrete_mse": 8.568641662597656,
    "hash_match": false,
    "perm_str": "39,25,5,72,59,52,95,55,56,30,73,80,44,82,42,29,45,83,58,93,18,67,94,78,86,90,48,47,15,7,1,40,35,24,37,57,68,63,50,26,3,53,28,36,23,38,87,71,14,33,81,11,61,6,4,32,27,70,91,66,62,20,77,92,65,51,16,96,49,54,43,9,13,75,0,21,2,89,10,34,84,79,41,46,31,22,74,76,64,12,69,17,60,19,88,8,85",
    "in_cols": [
      18,
      5,
      29,
      47,
      27,
      37,
      22,
      20,
      23,
      28,
      11,
      46,
      42,
      24,
      9,
      1,
      16,
      17,
      35,
      26,
      3,
      14,
      12,
      43,
      8,
      40,
      31,
      4,
      13,
      45,
      32,
      39,
      34,
      10,
      25,
      21,
      7,
      0,
      2,
      6,
      41,
      19,
      15,
      38,
      33,
      36,
      30,
      44
    ],
    "out_cols": [
      12,
      35,
      25,
      28,
      15,
      40,
      41,
      14,
      42,
      46,
      32,
      38,
      44,
      23,
      1,
      21,
      11,
      29,
      30,
      13,
      26,
      19,
      20,
      34,
      17,
      4,
      0,
      16,
      33,
      31,
      8,
      45,
      24,
      47,
      27,
      3,
      36,
      9,
      43,
      18,
      39,
      22,
      10,
      37,
      5,
      6,
      7,
      2
    ]
  },
  "best_seen": {
    "discrete_mse": 1.3230693340301514,
    "order": [
      [
        91,
        25
      ],
      [
        5,
        72
      ],
      [
        59,
        52
      ],
      [
        95,
        55
      ],
      [
        56,
        30
      ],
      [
        73,
        80
      ],
      [
        44,
        82
      ],
      [
        42,
        29
      ],
      [
        94,
        83
      ],
      [
        58,
        93
      ],
      [
        18,
        67
      ],
      [
        48,
        78
      ],
      [
        86,
        90
      ],
      [
        37,
        47
      ],
      [
        50,
        7
      ],
      [
        1,
        40
      ],
      [
        35,
        24
      ],
      [
        15,
        57
      ],
      [
        68,
        63
      ],
      [
        31,
        26
      ],
      [
        3,
        53
      ],
      [
        28,
        36
      ],
      [
        23,
        38
      ],
      [
        87,
        71
      ],
      [
        14,
        33
      ],
      [
        81,
        11
      ],
      [
        61,
        6
      ],
      [
        4,
        32
      ],
      [
        27,
        70
      ],
      [
        45,
        66
      ],
      [
        62,
        20
      ],
      [
        77,
        92
      ],
      [
        65,
        51
      ],
      [
        16,
        96
      ],
      [
        49,
        54
      ],
      [
        43,
        9
      ],
      [
        13,
        75
      ],
      [
        0,
        21
      ],
      [
        2,
        89
      ],
      [
        10,
        34
      ],
      [
        39,
        79
      ],
      [
        41,
        46
      ],
      [
        84,
        22
      ],
      [
        74,
        76
      ],
      [
        64,
        12
      ],
      [
        69,
        17
      ],
      [
        60,
        19
      ],
      [
        88,
        8
      ]
    ],
    "in_cols": [
      45,
      5,
      29,
      47,
      27,
      37,
      22,
      20,
      46,
      28,
      11,
      24,
      42,
      17,
      26,
      1,
      16,
      9,
      35,
      15,
      3,
      14,
      12,
      43,
      8,
      40,
      31,
      4,
      13,
      23,
      32,
      39,
      34,
      10,
      25,
      21,
      7,
      0,
      2,
      6,
      18,
      19,
      41,
      38,
      33,
      36,
      30,
      44
    ],
    "out_cols": [
      12,
      35,
      25,
      28,
      15,
      40,
      41,
      14,
      42,
      46,
      32,
      38,
      44,
      23,
      1,
      21,
      11,
      29,
      30,
      13,
      26,
      19,
      20,
      34,
      17,
      4,
      0,
      16,
      33,
      31,
      8,
      45,
      24,
      47,
      27,
      3,
      36,
      9,
      43,
      18,
      39,
      22,
      10,
      37,
      5,
      6,
      7,
      2
    ]
  }
}