{
  "config": {
    "steps": 700,
    "lr": 0.015,
    "tau_start": 1.0,
    "tau_end": 0.025,
    "sinkhorn_iters": 30,
    "lambda_ent": 0.0001,
    "train_subsample": 0,
    "seed": 23904,
    "device": "cuda"
  },
  "final": {
    "soft_mse_full": 0.32428187131881714,
    "discrete_mse": 151.828125,
    "hash_match": false,
    "perm_str": "59,52,39,30,95,93,73,63,56,82,44,78,94,80,88,29,42,67,58,55,0,90,18,38,28,19,10,24,1,72,15,57,37,47,35,7,48,40,50,53,3,25,31,36,65,26,87,71,14,21,64,12,5,11,77,20,4,32,45,33,81,6,23,96,16,70,84,89,62,83,27,17,13,75,74,34,86,54,41,22,91,79,2,9,60,66,49,8,43,76,61,46,69,51,68,92,85",
    "in_cols": [
      29,
      18,
      47,
      37,
      27,
      22,
      46,
      44,
      20,
      28,
      0,
      11,
      14,
      6,
      1,
      9,
      17,
      16,
      24,
      26,
      3,
      15,
      34,
      43,
      8,
      33,
      5,
      39,
      4,
      23,
      40,
      12,
      10,
      41,
      32,
      13,
      7,
      38,
      42,
      19,
      45,
      2,
      30,
      25,
      21,
      31,
      36,
      35
    ],
    "out_cols": [
      25,
      15,
      46,
      30,
      41,
      38,
      40,
      14,
      32,
      28,
      44,
      20,
      7,
      11,
      35,
      29,
      23,
      1,
      21,
      26,
      12,
      19,
      13,
      34,
      9,
      5,
      4,
      8,
      16,
      17,
      0,
      47,
      33,
      43,
      42,
      6,
      36,
      18,
      27,
      10,
      39,
      3,
      31,
      2,
      37,
      22,
      24,
      45
    ]
  },
  "best_seen": {
    "discrete_mse": 17.279767990112305,
    "order": [
      [
        56,
        34
      ],
      [
        28,
        70
      ],
      [
        4,
        24
      ],
      [
        2,
        19
      ],
      [
        42,
        26
      ],
      [
        91,
        7
      ],
      [
        37,
        72
      ],
      [
        73,
        33
      ],
      [
        60,
        40
      ],
      [
        45,
        78
      ],
      [
        94,
        80
      ],
      [
        95,
        82
      ],
      [
        58,
        96
      ],
      [
        50,
        75
      ],
      [
        86,
        89
      ],
      [
        62,
        22
      ],
      [
        65,
        20
      ],
      [
        43,
        47
      ],
      [
        15,
        21
      ],
      [
        69,
        52
      ],
      [
        13,
        46
      ],
      [
        31,
        8
      ],
      [
        27,
        83
      ],
      [
        35,
        90
      ],
      [
        74,
        30
      ],
      [
        3,
        63
      ],
      [
        87,
        36
      ],
      [
        49,
        51
      ],
      [
        61,
        79
      ],
      [
        10,
        54
      ],
      [
        64,
        29
      ],
      [
        48,
        32
      ],
      [
        0,
        53
      ],
      [
        88,
        93
      ],
      [
        16,
        25
      ],
      [
        84,
        9
      ],
      [
        1,
        17
      ],
      [
        68,
        76
      ],
      [
        39,
        57
      ],
      [
        77,
        12
      ],
      [
        59,
        55
      ],
      [
        81,
        11
      ],
      [
        14,
        6
      ],
      [
        23,
        71
      ],
      [
        5,
        66
      ],
      [
        18,
        92
      ],
      [
        41,
        38
      ],
      [
        44,
        67
      ]
    ],
    "in_cols": [
      27,
      14,
      4,
      2,
      20,
      45,
      17,
      37,
      30,
      23,
      46,
      47,
      28,
      26,
      42,
      32,
      34,
      21,
      9,
      36,
      7,
      15,
      13,
      16,
      38,
      3,
      43,
      25,
      31,
      6,
      33,
      24,
      0,
      44,
      10,
      41,
      1,
      35,
      18,
      39,
      29,
      40,
      8,
      12,
      5,
      11,
      19,
      22
    ],
    "out_cols": [
      18,
      33,
      11,
      7,
      13,
      1,
      35,
      17,
      21,
      38,
      40,
      41,
      47,
      36,
      43,
      10,
      8,
      23,
      9,
      25,
      22,
      2,
      42,
      44,
      15,
      30,
      19,
      24,
      39,
      27,
      14,
      16,
      26,
      46,
      12,
      3,
      6,
      37,
      29,
      5,
      28,
      4,
      0,
      34,
      31,
      45,
      20,
      32
    ]
  }
}