{
  "config": {
    "steps": 700,
    "lr": 0.02,
    "tau_start": 1.0,
    "tau_end": 0.03,
    "sinkhorn_iters": 30,
    "lambda_ent": 0.0003,
    "train_subsample": 0,
    "seed": 28503,
    "device": "cuda"
  },
  "final": {
    "soft_mse_full": 0.3413040339946747,
    "discrete_mse": 74.67831420898438,
    "hash_match": false,
    "perm_str": "59,72,42,63,74,52,95,30,56,82,44,78,73,80,39,55,88,29,58,93,94,53,86,90,18,57,28,19,37,7,15,67,68,47,35,24,48,26,50,40,3,25,31,36,1,38,23,71,87,17,77,11,5,6,64,12,81,20,14,32,65,92,16,70,60,96,43,75,62,83,49,54,4,8,10,34,13,89,84,79,2,9,69,66,91,51,0,76,27,46,45,22,61,33,41,21,85",
    "in_cols": [
      29,
      20,
      38,
      47,
      27,
      22,
      37,
      18,
      44,
      28,
      46,
      42,
      11,
      14,
      17,
      9,
      35,
      16,
      24,
      26,
      3,
      15,
      1,
      12,
      43,
      39,
      5,
      33,
      40,
      8,
      34,
      10,
      30,
      21,
      32,
      25,
      4,
      6,
      7,
      41,
      2,
      36,
      45,
      0,
      13,
      23,
      31,
      19
    ],
    "out_cols": [
      35,
      30,
      25,
      15,
      41,
      38,
      40,
      28,
      14,
      46,
      26,
      44,
      29,
      7,
      1,
      32,
      23,
      11,
      13,
      21,
      12,
      19,
      20,
      34,
      6,
      4,
      0,
      5,
      8,
      16,
      45,
      33,
      47,
      36,
      42,
      27,
      2,
      18,
      43,
      39,
      3,
      31,
      24,
      37,
      22,
      10,
      17,
      9
    ]
  },
  "best_seen": {
    "discrete_mse": 25.742206573486328,
    "order": [
      [
        10,
        26
      ],
      [
        31,
        32
      ],
      [
        5,
        30
      ],
      [
        68,
        67
      ],
      [
        14,
        57
      ],
      [
        1,
        72
      ],
      [
        56,
        34
      ],
      [
        65,
        22
      ],
      [
        60,
        29
      ],
      [
        15,
        8
      ],
      [
        61,
        89
      ],
      [
        81,
        90
      ],
      [
        95,
        96
      ],
      [
        41,
        53
      ],
      [
        27,
        12
      ],
      [
        4,
        46
      ],
      [
        44,
        54
      ],
      [
        87,
        63
      ],
      [
        16,
        52
      ],
      [
        48,
        19
      ],
      [
        88,
        80
      ],
      [
        18,
        71
      ],
      [
        39,
        25
      ],
      [
        45,
        75
      ],
      [
        23,
        47
      ],
      [
        84,
        40
      ],
      [
        69,
        24
      ],
      [
        28,
        9
      ],
      [
        62,
        55
      ],
      [
        50,
        6
      ],
      [
        42,
        70
      ],
      [
        73,
        7
      ],
      [
        94,
        33
      ],
      [
        3,
        82
      ],
      [
        58,
        17
      ],
      [
        2,
        36
      ],
      [
        35,
        76
      ],
      [
        0,
        38
      ],
      [
        13,
        11
      ],
      [
        74,
        93
      ],
      [
        37,
        83
      ],
      [
        64,
        66
      ],
      [
        43,
        51
      ],
      [
        86,
        20
      ],
      [
        77,
        78
      ],
      [
        49,
        92
      ],
      [
        91,
        79
      ],
      [
        59,
        21
      ]
    ],
    "in_cols": [
      6,
      15,
      5,
      35,
      8,
      1,
      27,
      34,
      30,
      9,
      31,
      40,
      47,
      19,
      13,
      4,
      22,
      43,
      10,
      24,
      44,
      11,
      18,
      23,
      12,
      41,
      36,
      14,
      32,
      26,
      20,
      37,
      46,
      3,
      28,
      2,
      16,
      0,
      7,
      38,
      17,
      33,
      21,
      42,
      39,
      25,
      45,
      29
    ],
    "out_cols": [
      13,
      16,
      15,
      32,
      29,
      35,
      18,
      10,
      14,
      2,
      43,
      44,
      47,
      26,
      5,
      22,
      27,
      30,
      25,
      7,
      40,
      34,
      12,
      36,
      23,
      21,
      11,
      3,
      28,
      0,
      33,
      1,
      17,
      41,
      6,
      19,
      37,
      20,
      4,
      46,
      42,
      31,
      24,
      8,
      38,
      45,
      39,
      9
    ]
  }
}