{
  "config": {
    "steps": 700,
    "lr": 0.02,
    "tau_start": 1.0,
    "tau_end": 0.03,
    "sinkhorn_iters": 30,
    "lambda_ent": 0.0003,
    "train_subsample": 0,
    "seed": 13603,
    "device": "cuda"
  },
  "final": {
    "soft_mse_full": 0.3585611581802368,
    "discrete_mse": 70.20407104492188,
    "hash_match": false,
    "perm_str": "59,52,35,72,39,75,95,63,44,82,73,78,88,80,42,29,94,93,18,83,58,30,86,90,48,55,28,19,37,7,15,67,10,57,68,47,50,26,1,24,3,25,31,36,91,38,87,71,23,40,14,11,27,51,4,17,81,6,45,33,65,20,5,96,16,70,13,89,62,32,60,53,49,54,56,8,77,66,41,46,74,22,84,92,43,9,2,21,0,76,61,79,69,34,64,12,85",
    "in_cols": [
      29,
      16,
      18,
      47,
      22,
      37,
      44,
      20,
      46,
      11,
      28,
      42,
      24,
      14,
      17,
      9,
      6,
      35,
      26,
      1,
      3,
      15,
      45,
      43,
      12,
      8,
      13,
      4,
      40,
      23,
      34,
      5,
      10,
      7,
      32,
      30,
      25,
      27,
      39,
      19,
      38,
      41,
      21,
      2,
      0,
      31,
      36,
      33
    ],
    "out_cols": [
      25,
      35,
      36,
      30,
      41,
      38,
      40,
      14,
      46,
      42,
      15,
      44,
      28,
      7,
      1,
      32,
      29,
      23,
      13,
      11,
      12,
      19,
      20,
      34,
      21,
      4,
      24,
      6,
      0,
      17,
      8,
      47,
      33,
      43,
      16,
      26,
      27,
      2,
      31,
      22,
      10,
      45,
      3,
      9,
      37,
      39,
      18,
      5
    ]
  },
  "best_seen": {
    "discrete_mse": 20.632795333862305,
    "order": [
      [
        62,
        70
      ],
      [
        69,
        7
      ],
      [
        43,
        9
      ],
      [
        3,
        17
      ],
      [
        16,
        80
      ],
      [
        2,
        38
      ],
      [
        10,
        32
      ],
      [
        28,
        40
      ],
      [
        41,
        90
      ],
      [
        86,
        76
      ],
      [
        56,
        36
      ],
      [
        59,
        82
      ],
      [
        84,
        21
      ],
      [
        48,
        93
      ],
      [
        58,
        52
      ],
      [
        44,
        92
      ],
      [
        91,
        33
      ],
      [
        81,
        24
      ],
      [
        35,
        6
      ],
      [
        18,
        29
      ],
      [
        61,
        54
      ],
      [
        87,
        89
      ],
      [
        42,
        11
      ],
      [
        95,
        63
      ],
      [
        50,
        25
      ],
      [
        65,
        12
      ],
      [
        60,
        51
      ],
      [
        31,
        72
      ],
      [
        15,
        53
      ],
      [
        5,
        75
      ],
      [
        45,
        22
      ],
      [
        77,
        20
      ],
      [
        23,
        19
      ],
      [
        39,
        30
      ],
      [
        37,
        96
      ],
      [
        49,
        34
      ],
      [
        14,
        78
      ],
      [
        64,
        66
      ],
      [
        4,
        83
      ],
      [
        88,
        46
      ],
      [
        27,
        71
      ],
      [
        74,
        8
      ],
      [
        13,
        79
      ],
      [
        0,
        47
      ],
      [
        94,
        57
      ],
      [
        1,
        26
      ],
      [
        68,
        55
      ],
      [
        73,
        67
      ]
    ],
    "in_cols": [
      32,
      36,
      21,
      3,
      10,
      2,
      6,
      14,
      19,
      42,
      27,
      29,
      41,
      24,
      28,
      22,
      45,
      40,
      16,
      11,
      31,
      43,
      20,
      47,
      26,
      34,
      30,
      15,
      9,
      5,
      23,
      39,
      12,
      18,
      17,
      25,
      8,
      33,
      4,
      44,
      13,
      38,
      7,
      0,
      46,
      1,
      35,
      37
    ],
    "out_cols": [
      33,
      1,
      3,
      6,
      40,
      20,
      16,
      21,
      44,
      37,
      19,
      41,
      9,
      46,
      25,
      45,
      17,
      11,
      0,
      14,
      27,
      43,
      4,
      30,
      12,
      5,
      24,
      35,
      26,
      36,
      10,
      8,
      7,
      15,
      47,
      18,
      38,
      31,
      42,
      22,
      34,
      2,
      39,
      23,
      29,
      13,
      28,
      32
    ]
  }
}