{
  "config": {
    "steps": 700,
    "lr": 0.02,
    "tau_start": 1.0,
    "tau_end": 0.03,
    "sinkhorn_iters": 30,
    "lambda_ent": 0.0003,
    "train_subsample": 0,
    "seed": 17103,
    "device": "cuda"
  },
  "final": {
    "soft_mse_full": 0.4126235246658325,
    "discrete_mse": 20.34505271911621,
    "hash_match": false,
    "perm_str": "59,52,39,72,95,80,23,63,14,30,73,55,44,78,42,29,94,83,74,93,58,82,86,90,18,24,28,19,50,7,15,67,37,57,68,47,10,26,35,40,3,25,31,36,1,38,87,71,4,17,77,76,27,11,5,51,81,6,45,33,65,20,16,96,91,92,56,89,62,75,13,53,43,70,60,22,64,8,49,34,69,54,2,9,48,12,41,32,61,46,88,79,84,66,0,21,85",
    "in_cols": [
      29,
      18,
      47,
      12,
      8,
      37,
      22,
      20,
      46,
      38,
      28,
      42,
      11,
      14,
      26,
      9,
      17,
      35,
      6,
      16,
      3,
      15,
      1,
      43,
      4,
      39,
      13,
      5,
      40,
      23,
      34,
      10,
      45,
      27,
      32,
      7,
      21,
      30,
      33,
      25,
      36,
      2,
      24,
      19,
      31,
      44,
      41,
      0
    ],
    "out_cols": [
      25,
      35,
      40,
      30,
      15,
      28,
      38,
      14,
      42,
      46,
      41,
      44,
      11,
      7,
      1,
      32,
      29,
      23,
      13,
      21,
      12,
      19,
      20,
      34,
      6,
      37,
      4,
      24,
      0,
      17,
      8,
      47,
      45,
      43,
      36,
      26,
      33,
      10,
      2,
      18,
      27,
      3,
      5,
      16,
      22,
      39,
      31,
      9
    ]
  },
  "best_seen": {
    "discrete_mse": 11.958023071289062,
    "order": [
      [
        59,
        52
      ],
      [
        39,
        72
      ],
      [
        95,
        80
      ],
      [
        42,
        63
      ],
      [
        56,
        30
      ],
      [
        74,
        55
      ],
      [
        44,
        82
      ],
      [
        73,
        29
      ],
      [
        94,
        83
      ],
      [
        58,
        93
      ],
      [
        69,
        38
      ],
      [
        86,
        90
      ],
      [
        18,
        78
      ],
      [
        28,
        19
      ],
      [
        50,
        7
      ],
      [
        15,
        67
      ],
      [
        37,
        57
      ],
      [
        68,
        47
      ],
      [
        23,
        26
      ],
      [
        35,
        24
      ],
      [
        3,
        25
      ],
      [
        31,
        36
      ],
      [
        1,
        71
      ],
      [
        87,
        40
      ],
      [
        4,
        17
      ],
      [
        14,
        11
      ],
      [
        81,
        79
      ],
      [
        5,
        51
      ],
      [
        62,
        6
      ],
      [
        45,
        33
      ],
      [
        48,
        20
      ],
      [
        16,
        96
      ],
      [
        77,
        92
      ],
      [
        65,
        89
      ],
      [
        0,
        75
      ],
      [
        27,
        53
      ],
      [
        43,
        70
      ],
      [
        13,
        22
      ],
      [
        60,
        8
      ],
      [
        10,
        34
      ],
      [
        49,
        54
      ],
      [
        2,
        9
      ],
      [
        91,
        76
      ],
      [
        41,
        32
      ],
      [
        61,
        46
      ],
      [
        88,
        12
      ],
      [
        84,
        66
      ],
      [
        64,
        21
      ]
    ],
    "in_cols": [
      29,
      18,
      47,
      20,
      27,
      38,
      22,
      37,
      46,
      28,
      36,
      42,
      11,
      14,
      26,
      9,
      17,
      35,
      12,
      16,
      3,
      15,
      1,
      43,
      4,
      8,
      40,
      5,
      32,
      23,
      24,
      10,
      39,
      34,
      0,
      13,
      21,
      7,
      30,
      6,
      25,
      2,
      45,
      19,
      31,
      44,
      41,
      33
    ],
    "out_cols": [
      25,
      35,
      40,
      30,
      15,
      28,
      41,
      14,
      42,
      46,
      20,
      44,
      38,
      7,
      1,
      32,
      29,
      23,
      13,
      11,
      12,
      19,
      34,
      21,
      6,
      4,
      39,
      24,
      0,
      17,
      8,
      47,
      45,
      43,
      36,
      26,
      33,
      10,
      2,
      18,
      27,
      3,
      37,
      16,
      22,
      5,
      31,
      9
    ]
  }
}