{
  "config": {
    "steps": 700,
    "lr": 0.015,
    "tau_start": 1.0,
    "tau_end": 0.025,
    "sinkhorn_iters": 30,
    "lambda_ent": 0.0001,
    "train_subsample": 0,
    "seed": 5704,
    "device": "cuda"
  },
  "final": {
    "soft_mse_full": 0.37994495034217834,
    "discrete_mse": 99.1776123046875,
    "hash_match": false,
    "perm_str": "59,52,39,30,42,63,95,93,44,82,56,80,68,29,91,55,58,78,37,83,69,67,18,90,86,47,35,19,50,7,10,24,73,36,15,57,48,40,94,53,3,25,31,66,1,38,87,71,23,75,81,11,14,33,4,6,62,26,65,20,5,51,16,96,77,70,43,9,61,89,49,54,27,8,2,34,0,17,41,76,13,22,74,32,64,92,28,46,84,79,45,72,88,12,60,21,85",
    "in_cols": [
      29,
      18,
      20,
      47,
      22,
      27,
      35,
      45,
      28,
      17,
      36,
      11,
      42,
      16,
      26,
      6,
      37,
      9,
      24,
      46,
      3,
      15,
      1,
      43,
      12,
      40,
      8,
      4,
      32,
      34,
      5,
      10,
      39,
      21,
      31,
      25,
      13,
      2,
      0,
      19,
      7,
      38,
      33,
      14,
      41,
      23,
      44,
      30
    ],
    "out_cols": [
      25,
      15,
      30,
      46,
      41,
      40,
      14,
      28,
      38,
      42,
      32,
      44,
      23,
      7,
      1,
      11,
      19,
      29,
      21,
      26,
      12,
      31,
      20,
      34,
      36,
      4,
      17,
      0,
      13,
      8,
      24,
      47,
      33,
      3,
      43,
      27,
      2,
      18,
      6,
      37,
      10,
      16,
      45,
      22,
      39,
      35,
      5,
      9
    ]
  },
  "best_seen": {
    "discrete_mse": 3.3329927921295166,
    "order": [
      [
        5,
        11
      ],
      [
        13,
        83
      ],
      [
        28,
        70
      ],
      [
        74,
        82
      ],
      [
        64,
        57
      ],
      [
        60,
        26
      ],
      [
        42,
        66
      ],
      [
        81,
        40
      ],
      [
        3,
        24
      ],
      [
        68,
        67
      ],
      [
        10,
        80
      ],
      [
        86,
        92
      ],
      [
        94,
        8
      ],
      [
        14,
        12
      ],
      [
        44,
        52
      ],
      [
        1,
        96
      ],
      [
        37,
        72
      ],
      [
        41,
        89
      ],
      [
        27,
        17
      ],
      [
        87,
        75
      ],
      [
        50,
        33
      ],
      [
        91,
        21
      ],
      [
        73,
        71
      ],
      [
        15,
        93
      ],
      [
        95,
        32
      ],
      [
        35,
        9
      ],
      [
        84,
        79
      ],
      [
        88,
        29
      ],
      [
        18,
        25
      ],
      [
        65,
        78
      ],
      [
        4,
        20
      ],
      [
        16,
        54
      ],
      [
        77,
        30
      ],
      [
        45,
        7
      ],
      [
        0,
        19
      ],
      [
        62,
        47
      ],
      [
        23,
        53
      ],
      [
        43,
        36
      ],
      [
        49,
        76
      ],
      [
        69,
        34
      ],
      [
        61,
        38
      ],
      [
        48,
        51
      ],
      [
        39,
        90
      ],
      [
        59,
        55
      ],
      [
        2,
        63
      ],
      [
        31,
        46
      ],
      [
        58,
        22
      ],
      [
        56,
        6
      ]
    ],
    "in_cols": [
      5,
      7,
      14,
      38,
      33,
      30,
      20,
      40,
      3,
      35,
      6,
      42,
      46,
      8,
      22,
      1,
      17,
      19,
      13,
      43,
      26,
      45,
      37,
      9,
      47,
      16,
      41,
      44,
      11,
      34,
      4,
      10,
      39,
      23,
      0,
      32,
      12,
      21,
      25,
      36,
      31,
      24,
      18,
      29,
      2,
      15,
      28,
      27
    ],
    "out_cols": [
      4,
      42,
      33,
      41,
      29,
      13,
      31,
      21,
      11,
      32,
      40,
      45,
      2,
      5,
      25,
      47,
      35,
      43,
      6,
      36,
      17,
      9,
      34,
      46,
      16,
      3,
      39,
      14,
      12,
      38,
      8,
      27,
      15,
      1,
      7,
      23,
      26,
      19,
      37,
      18,
      20,
      24,
      44,
      28,
      30,
      22,
      10,
      0
    ]
  }
}