{
  "config": {
    "steps": 700,
    "lr": 0.015,
    "tau_start": 1.0,
    "tau_end": 0.025,
    "sinkhorn_iters": 30,
    "lambda_ent": 0.0001,
    "train_subsample": 0,
    "seed": 9404,
    "device": "cuda"
  },
  "final": {
    "soft_mse_full": 0.3443111181259155,
    "discrete_mse": 58.58559799194336,
    "hash_match": false,
    "perm_str": "59,52,56,30,3,72,95,80,87,63,44,82,39,55,42,29,69,93,10,83,58,90,18,78,37,7,28,19,35,24,15,67,73,57,68,47,77,71,94,26,50,66,31,36,91,40,1,38,23,75,81,11,48,70,14,17,45,33,5,6,62,25,65,20,2,34,16,96,4,32,27,53,0,21,86,54,41,46,13,9,60,92,74,89,84,79,61,51,43,76,88,22,64,12,49,8,85",
    "in_cols": [
      29,
      27,
      3,
      47,
      43,
      22,
      18,
      20,
      36,
      6,
      28,
      11,
      17,
      14,
      16,
      9,
      37,
      35,
      39,
      46,
      26,
      15,
      45,
      1,
      12,
      40,
      24,
      8,
      23,
      5,
      32,
      34,
      2,
      10,
      4,
      13,
      0,
      42,
      19,
      7,
      30,
      38,
      41,
      31,
      21,
      44,
      33,
      25
    ],
    "out_cols": [
      25,
      15,
      35,
      40,
      30,
      41,
      28,
      14,
      46,
      42,
      44,
      38,
      1,
      7,
      11,
      32,
      29,
      23,
      34,
      13,
      31,
      19,
      21,
      20,
      36,
      4,
      33,
      6,
      17,
      0,
      12,
      8,
      18,
      47,
      16,
      26,
      9,
      27,
      22,
      3,
      45,
      43,
      39,
      24,
      37,
      10,
      5,
      2
    ]
  },
  "best_seen": {
    "discrete_mse": 10.954544067382812,
    "order": [
      [
        59,
        52
      ],
      [
        39,
        30
      ],
      [
        3,
        72
      ],
      [
        95,
        80
      ],
      [
        42,
        63
      ],
      [
        44,
        82
      ],
      [
        74,
        55
      ],
      [
        86,
        29
      ],
      [
        58,
        93
      ],
      [
        10,
        83
      ],
      [
        65,
        90
      ],
      [
        18,
        78
      ],
      [
        37,
        7
      ],
      [
        28,
        19
      ],
      [
        35,
        24
      ],
      [
        15,
        67
      ],
      [
        73,
        57
      ],
      [
        68,
        47
      ],
      [
        1,
        71
      ],
      [
        94,
        26
      ],
      [
        50,
        66
      ],
      [
        31,
        36
      ],
      [
        91,
        40
      ],
      [
        87,
        38
      ],
      [
        23,
        25
      ],
      [
        14,
        11
      ],
      [
        48,
        70
      ],
      [
        77,
        17
      ],
      [
        5,
        33
      ],
      [
        81,
        6
      ],
      [
        62,
        51
      ],
      [
        4,
        20
      ],
      [
        2,
        32
      ],
      [
        16,
        96
      ],
      [
        43,
        75
      ],
      [
        41,
        53
      ],
      [
        0,
        21
      ],
      [
        27,
        54
      ],
      [
        49,
        46
      ],
      [
        13,
        9
      ],
      [
        56,
        92
      ],
      [
        60,
        89
      ],
      [
        84,
        79
      ],
      [
        61,
        34
      ],
      [
        45,
        76
      ],
      [
        88,
        22
      ],
      [
        64,
        12
      ],
      [
        69,
        8
      ]
    ],
    "in_cols": [
      29,
      18,
      3,
      47,
      20,
      22,
      38,
      42,
      28,
      6,
      34,
      11,
      17,
      14,
      16,
      9,
      37,
      35,
      1,
      46,
      26,
      15,
      45,
      43,
      12,
      8,
      24,
      39,
      5,
      40,
      32,
      4,
      2,
      10,
      21,
      19,
      0,
      13,
      25,
      7,
      27,
      30,
      41,
      31,
      23,
      44,
      33,
      36
    ],
    "out_cols": [
      25,
      15,
      35,
      40,
      30,
      41,
      28,
      14,
      46,
      42,
      44,
      38,
      1,
      7,
      11,
      32,
      29,
      23,
      34,
      13,
      31,
      19,
      21,
      20,
      12,
      4,
      33,
      6,
      17,
      0,
      24,
      8,
      16,
      47,
      36,
      26,
      9,
      27,
      22,
      3,
      45,
      43,
      39,
      18,
      37,
      10,
      5,
      2
    ]
  }
}