{
  "config": {
    "steps": 700,
    "lr": 0.015,
    "tau_start": 1.0,
    "tau_end": 0.025,
    "sinkhorn_iters": 30,
    "lambda_ent": 0.0001,
    "train_subsample": 0,
    "seed": 15304,
    "device": "cuda"
  },
  "final": {
    "soft_mse_full": 0.3386939465999603,
    "discrete_mse": 166.05157470703125,
    "hash_match": false,
    "perm_str": "59,52,39,72,73,78,95,63,56,30,44,82,74,55,42,29,88,93,58,83,86,90,18,80,28,19,35,24,37,57,10,7,15,67,87,26,68,47,31,36,3,25,50,66,1,71,23,38,14,11,64,51,4,32,5,17,81,6,77,40,45,33,62,20,16,96,65,53,91,75,41,34,43,70,13,89,27,79,94,9,84,22,0,46,60,12,61,54,69,8,48,92,49,76,2,21,85",
    "in_cols": [
      29,
      18,
      37,
      47,
      27,
      22,
      38,
      20,
      44,
      28,
      42,
      11,
      14,
      16,
      17,
      6,
      9,
      43,
      35,
      15,
      3,
      26,
      1,
      12,
      8,
      33,
      4,
      5,
      40,
      39,
      23,
      32,
      10,
      34,
      45,
      19,
      21,
      7,
      13,
      46,
      41,
      0,
      30,
      31,
      36,
      24,
      25,
      2
    ],
    "out_cols": [
      25,
      35,
      38,
      30,
      15,
      41,
      28,
      14,
      46,
      42,
      44,
      40,
      7,
      11,
      29,
      1,
      32,
      13,
      23,
      19,
      12,
      31,
      34,
      20,
      4,
      24,
      16,
      6,
      0,
      21,
      17,
      8,
      47,
      26,
      36,
      18,
      33,
      43,
      39,
      3,
      10,
      22,
      5,
      27,
      2,
      45,
      37,
      9
    ]
  },
  "best_seen": {
    "discrete_mse": 44.50092697143555,
    "order": [
      [
        59,
        52
      ],
      [
        39,
        72
      ],
      [
        73,
        55
      ],
      [
        95,
        63
      ],
      [
        56,
        30
      ],
      [
        44,
        82
      ],
      [
        74,
        78
      ],
      [
        42,
        29
      ],
      [
        88,
        93
      ],
      [
        86,
        83
      ],
      [
        58,
        90
      ],
      [
        18,
        80
      ],
      [
        28,
        19
      ],
      [
        35,
        24
      ],
      [
        37,
        40
      ],
      [
        10,
        7
      ],
      [
        15,
        57
      ],
      [
        87,
        26
      ],
      [
        68,
        47
      ],
      [
        31,
        36
      ],
      [
        3,
        25
      ],
      [
        50,
        66
      ],
      [
        1,
        71
      ],
      [
        23,
        38
      ],
      [
        14,
        11
      ],
      [
        5,
        51
      ],
      [
        4,
        32
      ],
      [
        77,
        17
      ],
      [
        48,
        67
      ],
      [
        81,
        6
      ],
      [
        45,
        33
      ],
      [
        65,
        20
      ],
      [
        16,
        96
      ],
      [
        91,
        53
      ],
      [
        62,
        75
      ],
      [
        41,
        34
      ],
      [
        43,
        70
      ],
      [
        13,
        89
      ],
      [
        27,
        79
      ],
      [
        94,
        9
      ],
      [
        84,
        22
      ],
      [
        0,
        46
      ],
      [
        60,
        12
      ],
      [
        61,
        54
      ],
      [
        69,
        8
      ],
      [
        2,
        92
      ],
      [
        49,
        76
      ],
      [
        64,
        21
      ]
    ],
    "in_cols": [
      29,
      18,
      37,
      47,
      27,
      22,
      38,
      20,
      44,
      42,
      28,
      11,
      14,
      16,
      17,
      6,
      9,
      43,
      35,
      15,
      3,
      26,
      1,
      12,
      8,
      5,
      4,
      39,
      24,
      40,
      23,
      34,
      10,
      45,
      32,
      19,
      21,
      7,
      13,
      46,
      41,
      0,
      30,
      31,
      36,
      2,
      25,
      33
    ],
    "out_cols": [
      25,
      35,
      28,
      30,
      15,
      41,
      38,
      14,
      46,
      42,
      44,
      40,
      7,
      11,
      21,
      1,
      29,
      13,
      23,
      19,
      12,
      31,
      34,
      20,
      4,
      24,
      16,
      6,
      32,
      0,
      17,
      8,
      47,
      26,
      36,
      18,
      33,
      43,
      39,
      3,
      10,
      22,
      5,
      27,
      2,
      45,
      37,
      9
    ]
  }
}