{
  "config": {
    "steps": 700,
    "lr": 0.015,
    "tau_start": 1.0,
    "tau_end": 0.025,
    "sinkhorn_iters": 30,
    "lambda_ent": 0.0001,
    "train_subsample": 0,
    "seed": 8804,
    "device": "cuda"
  },
  "final": {
    "soft_mse_full": 0.3412064015865326,
    "discrete_mse": 54.52714920043945,
    "hash_match": false,
    "perm_str": "39,72,59,52,95,93,42,80,56,30,44,82,74,55,88,29,94,83,58,78,28,7,86,90,18,67,35,24,73,57,10,19,37,47,15,40,87,71,68,63,3,53,31,36,50,26,1,38,62,25,5,17,77,11,65,33,13,32,45,92,4,6,81,20,16,96,43,70,41,76,49,75,48,34,0,9,27,21,61,22,84,66,91,51,2,12,69,79,64,54,23,8,14,46,60,89,85",
    "in_cols": [
      18,
      29,
      47,
      20,
      27,
      22,
      38,
      44,
      46,
      28,
      14,
      42,
      11,
      16,
      37,
      6,
      17,
      9,
      43,
      35,
      3,
      15,
      26,
      1,
      32,
      5,
      39,
      34,
      7,
      23,
      4,
      40,
      10,
      21,
      19,
      25,
      24,
      0,
      13,
      31,
      41,
      45,
      2,
      36,
      33,
      12,
      8,
      30
    ],
    "out_cols": [
      35,
      25,
      46,
      40,
      15,
      41,
      28,
      14,
      42,
      38,
      1,
      44,
      32,
      11,
      29,
      7,
      23,
      21,
      34,
      30,
      26,
      19,
      13,
      20,
      12,
      6,
      4,
      17,
      16,
      45,
      0,
      8,
      47,
      33,
      37,
      36,
      18,
      3,
      9,
      10,
      31,
      24,
      5,
      39,
      27,
      2,
      22,
      43
    ]
  },
  "best_seen": {
    "discrete_mse": 94.29487609863281,
    "order": [
      [
        39,
        72
      ],
      [
        59,
        52
      ],
      [
        95,
        93
      ],
      [
        74,
        80
      ],
      [
        56,
        30
      ],
      [
        44,
        82
      ],
      [
        68,
        55
      ],
      [
        42,
        29
      ],
      [
        18,
        83
      ],
      [
        58,
        78
      ],
      [
        94,
        7
      ],
      [
        86,
        90
      ],
      [
        15,
        67
      ],
      [
        35,
        24
      ],
      [
        1,
        57
      ],
      [
        10,
        19
      ],
      [
        37,
        47
      ],
      [
        28,
        40
      ],
      [
        87,
        71
      ],
      [
        48,
        63
      ],
      [
        3,
        53
      ],
      [
        31,
        36
      ],
      [
        50,
        26
      ],
      [
        23,
        38
      ],
      [
        73,
        25
      ],
      [
        14,
        17
      ],
      [
        77,
        11
      ],
      [
        65,
        33
      ],
      [
        13,
        32
      ],
      [
        60,
        92
      ],
      [
        4,
        6
      ],
      [
        81,
        20
      ],
      [
        16,
        96
      ],
      [
        43,
        70
      ],
      [
        62,
        76
      ],
      [
        5,
        75
      ],
      [
        91,
        34
      ],
      [
        0,
        9
      ],
      [
        27,
        21
      ],
      [
        49,
        22
      ],
      [
        84,
        66
      ],
      [
        41,
        51
      ],
      [
        2,
        12
      ],
      [
        69,
        79
      ],
      [
        64,
        54
      ],
      [
        45,
        8
      ],
      [
        61,
        46
      ],
      [
        88,
        89
      ]
    ],
    "in_cols": [
      18,
      29,
      47,
      38,
      27,
      22,
      35,
      20,
      11,
      28,
      46,
      42,
      9,
      16,
      1,
      6,
      17,
      14,
      43,
      24,
      3,
      15,
      26,
      12,
      37,
      8,
      39,
      34,
      7,
      30,
      4,
      40,
      10,
      21,
      32,
      5,
      45,
      0,
      13,
      25,
      41,
      19,
      2,
      36,
      33,
      23,
      31,
      44
    ],
    "out_cols": [
      35,
      25,
      46,
      40,
      15,
      41,
      28,
      14,
      42,
      38,
      1,
      44,
      32,
      11,
      29,
      7,
      23,
      21,
      34,
      30,
      26,
      19,
      13,
      20,
      12,
      6,
      4,
      17,
      16,
      45,
      0,
      8,
      47,
      33,
      37,
      36,
      18,
      3,
      9,
      10,
      31,
      24,
      5,
      39,
      27,
      2,
      22,
      43
    ]
  }
}