{
  "config": {
    "steps": 700,
    "lr": 0.02,
    "tau_start": 1.0,
    "tau_end": 0.03,
    "sinkhorn_iters": 30,
    "lambda_ent": 0.0003,
    "train_subsample": 0,
    "seed": 25103,
    "device": "cuda"
  },
  "final": {
    "soft_mse_full": 0.35763201117515564,
    "discrete_mse": 69.51927185058594,
    "hash_match": false,
    "perm_str": "59,30,39,72,95,52,42,63,73,80,56,82,44,78,18,29,69,93,58,55,94,53,86,90,28,47,15,67,35,19,10,24,68,7,37,57,48,26,87,40,3,25,50,66,31,36,1,71,14,11,64,51,77,17,4,33,91,92,81,6,62,20,16,70,65,38,23,9,43,75,0,54,13,83,5,34,27,89,41,8,61,46,74,32,84,22,45,76,60,12,49,96,88,79,2,21,85",
    "in_cols": [
      29,
      18,
      47,
      20,
      37,
      27,
      22,
      11,
      36,
      28,
      46,
      42,
      14,
      9,
      16,
      6,
      35,
      17,
      24,
      43,
      3,
      26,
      15,
      1,
      8,
      33,
      39,
      4,
      45,
      40,
      32,
      10,
      34,
      12,
      21,
      0,
      7,
      5,
      13,
      19,
      31,
      38,
      41,
      23,
      30,
      25,
      44,
      2
    ],
    "out_cols": [
      15,
      35,
      25,
      30,
      40,
      41,
      38,
      14,
      46,
      28,
      26,
      44,
      23,
      32,
      7,
      11,
      1,
      29,
      13,
      21,
      12,
      31,
      19,
      34,
      4,
      24,
      6,
      17,
      45,
      0,
      8,
      33,
      20,
      3,
      36,
      27,
      42,
      18,
      43,
      2,
      22,
      16,
      10,
      37,
      5,
      47,
      39,
      9
    ]
  },
  "best_seen": {
    "discrete_mse": 7.143947601318359,
    "order": [
      [
        59,
        30
      ],
      [
        39,
        72
      ],
      [
        95,
        52
      ],
      [
        69,
        63
      ],
      [
        73,
        80
      ],
      [
        56,
        82
      ],
      [
        44,
        78
      ],
      [
        42,
        29
      ],
      [
        94,
        93
      ],
      [
        58,
        55
      ],
      [
        18,
        53
      ],
      [
        86,
        90
      ],
      [
        10,
        19
      ],
      [
        15,
        67
      ],
      [
        35,
        7
      ],
      [
        28,
        24
      ],
      [
        68,
        47
      ],
      [
        37,
        57
      ],
      [
        48,
        26
      ],
      [
        87,
        40
      ],
      [
        3,
        25
      ],
      [
        50,
        66
      ],
      [
        31,
        36
      ],
      [
        1,
        71
      ],
      [
        14,
        11
      ],
      [
        5,
        51
      ],
      [
        77,
        17
      ],
      [
        45,
        33
      ],
      [
        91,
        92
      ],
      [
        81,
        6
      ],
      [
        62,
        20
      ],
      [
        16,
        70
      ],
      [
        65,
        38
      ],
      [
        4,
        9
      ],
      [
        43,
        75
      ],
      [
        0,
        54
      ],
      [
        13,
        83
      ],
      [
        41,
        34
      ],
      [
        27,
        89
      ],
      [
        49,
        8
      ],
      [
        61,
        46
      ],
      [
        74,
        32
      ],
      [
        23,
        22
      ],
      [
        64,
        76
      ],
      [
        60,
        12
      ],
      [
        84,
        96
      ],
      [
        88,
        79
      ],
      [
        2,
        21
      ]
    ],
    "in_cols": [
      29,
      18,
      47,
      36,
      37,
      27,
      22,
      20,
      46,
      28,
      11,
      42,
      6,
      9,
      16,
      14,
      35,
      17,
      24,
      43,
      3,
      26,
      15,
      1,
      8,
      5,
      39,
      23,
      45,
      40,
      32,
      10,
      34,
      4,
      21,
      0,
      7,
      19,
      13,
      25,
      31,
      38,
      12,
      33,
      30,
      41,
      44,
      2
    ],
    "out_cols": [
      15,
      35,
      25,
      30,
      40,
      41,
      38,
      14,
      46,
      28,
      26,
      44,
      7,
      32,
      1,
      11,
      23,
      29,
      13,
      21,
      12,
      31,
      19,
      34,
      4,
      24,
      6,
      17,
      45,
      0,
      8,
      33,
      20,
      3,
      36,
      27,
      42,
      18,
      43,
      2,
      22,
      16,
      10,
      37,
      5,
      47,
      39,
      9
    ]
  }
}