{
  "config": {
    "steps": 700,
    "lr": 0.02,
    "tau_start": 1.0,
    "tau_end": 0.03,
    "sinkhorn_iters": 30,
    "lambda_ent": 0.0003,
    "train_subsample": 0,
    "seed": 26403,
    "device": "cuda"
  },
  "final": {
    "soft_mse_full": 0.39438503980636597,
    "discrete_mse": 23.023679733276367,
    "hash_match": false,
    "perm_str": "59,52,39,75,61,63,95,55,56,30,44,82,14,72,68,80,42,29,58,78,86,67,18,90,73,47,28,19,50,7,15,57,35,24,10,93,48,26,94,38,3,25,31,36,1,40,87,71,5,11,77,76,81,79,4,32,43,53,91,6,65,20,37,96,45,33,16,70,0,54,62,83,13,9,27,17,74,92,64,51,23,66,41,12,2,34,84,22,88,46,49,21,69,8,60,89,85",
    "in_cols": [
      29,
      18,
      31,
      47,
      27,
      22,
      8,
      35,
      20,
      28,
      42,
      11,
      37,
      14,
      26,
      9,
      16,
      6,
      24,
      46,
      3,
      15,
      1,
      43,
      5,
      39,
      40,
      4,
      21,
      45,
      34,
      17,
      23,
      10,
      0,
      32,
      7,
      13,
      38,
      33,
      12,
      19,
      2,
      41,
      44,
      25,
      36,
      30
    ],
    "out_cols": [
      25,
      36,
      30,
      28,
      15,
      41,
      35,
      40,
      14,
      38,
      32,
      44,
      23,
      7,
      1,
      29,
      11,
      46,
      13,
      20,
      12,
      19,
      21,
      34,
      4,
      37,
      39,
      16,
      26,
      0,
      8,
      47,
      17,
      33,
      27,
      42,
      3,
      6,
      45,
      24,
      31,
      5,
      18,
      10,
      22,
      9,
      2,
      43
    ]
  },
  "best_seen": {
    "discrete_mse": 2.8212718963623047,
    "order": [
      [
        59,
        52
      ],
      [
        39,
        72
      ],
      [
        73,
        63
      ],
      [
        95,
        29
      ],
      [
        56,
        82
      ],
      [
        74,
        78
      ],
      [
        44,
        93
      ],
      [
        88,
        80
      ],
      [
        42,
        55
      ],
      [
        58,
        83
      ],
      [
        18,
        67
      ],
      [
        86,
        47
      ],
      [
        10,
        90
      ],
      [
        28,
        19
      ],
      [
        15,
        57
      ],
      [
        37,
        36
      ],
      [
        35,
        7
      ],
      [
        68,
        24
      ],
      [
        50,
        71
      ],
      [
        94,
        40
      ],
      [
        3,
        26
      ],
      [
        31,
        25
      ],
      [
        1,
        38
      ],
      [
        23,
        30
      ],
      [
        14,
        11
      ],
      [
        77,
        17
      ],
      [
        81,
        66
      ],
      [
        5,
        12
      ],
      [
        91,
        92
      ],
      [
        4,
        6
      ],
      [
        62,
        96
      ],
      [
        65,
        20
      ],
      [
        16,
        70
      ],
      [
        48,
        33
      ],
      [
        13,
        53
      ],
      [
        0,
        75
      ],
      [
        2,
        9
      ],
      [
        27,
        76
      ],
      [
        43,
        22
      ],
      [
        87,
        89
      ],
      [
        49,
        54
      ],
      [
        41,
        32
      ],
      [
        61,
        51
      ],
      [
        84,
        34
      ],
      [
        69,
        46
      ],
      [
        60,
        79
      ],
      [
        64,
        21
      ],
      [
        45,
        8
      ]
    ],
    "in_cols": [
      29,
      18,
      37,
      47,
      27,
      38,
      22,
      44,
      20,
      28,
      11,
      42,
      6,
      14,
      9,
      17,
      16,
      35,
      26,
      46,
      3,
      15,
      1,
      12,
      8,
      39,
      40,
      5,
      45,
      4,
      32,
      34,
      10,
      24,
      7,
      0,
      2,
      13,
      21,
      43,
      25,
      19,
      31,
      41,
      36,
      30,
      33,
      23
    ],
    "out_cols": [
      25,
      35,
      30,
      14,
      41,
      38,
      46,
      40,
      28,
      42,
      32,
      23,
      44,
      7,
      29,
      19,
      1,
      11,
      34,
      21,
      13,
      12,
      20,
      15,
      4,
      6,
      31,
      5,
      45,
      0,
      47,
      8,
      33,
      17,
      26,
      36,
      3,
      37,
      10,
      43,
      27,
      16,
      24,
      18,
      22,
      39,
      9,
      2
    ]
  }
}