{
  "config": {
    "steps": 900,
    "lr": 0.03,
    "tau_start": 1.0,
    "tau_end": 0.03,
    "sinkhorn_iters": 30,
    "lambda_ent": 0.0003,
    "train_subsample": 4096,
    "seed": 26201,
    "device": "cuda"
  },
  "final": {
    "soft_mse_full": 0.4203461706638336,
    "discrete_mse": 799.0269165039062,
    "hash_match": false,
    "perm_str": "95,75,59,52,39,93,74,72,44,82,16,78,94,80,42,29,86,55,18,83,58,71,50,30,15,67,28,19,73,90,37,57,10,7,35,24,87,40,68,63,3,53,31,36,1,38,91,26,23,25,14,21,5,51,65,33,69,6,45,11,81,92,62,20,77,96,48,47,60,70,49,89,2,9,64,54,27,17,61,46,13,32,56,34,84,66,41,79,4,8,0,12,88,22,43,76,85",
    "in_cols": [
      47,
      29,
      18,
      38,
      22,
      10,
      46,
      20,
      42,
      11,
      28,
      26,
      9,
      14,
      37,
      17,
      6,
      16,
      43,
      35,
      3,
      15,
      1,
      45,
      12,
      8,
      5,
      34,
      36,
      23,
      40,
      32,
      39,
      24,
      30,
      25,
      2,
      33,
      13,
      31,
      7,
      27,
      41,
      19,
      4,
      0,
      44,
      21
    ],
    "out_cols": [
      36,
      25,
      46,
      35,
      41,
      38,
      40,
      14,
      28,
      42,
      34,
      15,
      32,
      7,
      44,
      29,
      1,
      11,
      21,
      30,
      26,
      19,
      20,
      13,
      12,
      9,
      24,
      17,
      0,
      4,
      45,
      8,
      47,
      23,
      33,
      43,
      3,
      27,
      6,
      22,
      16,
      18,
      31,
      39,
      2,
      5,
      10,
      37
    ]
  },
  "best_seen": {
    "discrete_mse": 37.0011100769043,
    "order": [
      [
        73,
        75
      ],
      [
        59,
        52
      ],
      [
        95,
        93
      ],
      [
        14,
        47
      ],
      [
        44,
        82
      ],
      [
        86,
        78
      ],
      [
        94,
        80
      ],
      [
        42,
        29
      ],
      [
        69,
        55
      ],
      [
        18,
        83
      ],
      [
        58,
        71
      ],
      [
        39,
        30
      ],
      [
        15,
        67
      ],
      [
        28,
        19
      ],
      [
        50,
        90
      ],
      [
        37,
        57
      ],
      [
        10,
        7
      ],
      [
        35,
        24
      ],
      [
        87,
        40
      ],
      [
        68,
        63
      ],
      [
        3,
        53
      ],
      [
        31,
        36
      ],
      [
        1,
        38
      ],
      [
        91,
        26
      ],
      [
        23,
        25
      ],
      [
        16,
        21
      ],
      [
        5,
        51
      ],
      [
        65,
        33
      ],
      [
        48,
        6
      ],
      [
        45,
        11
      ],
      [
        81,
        92
      ],
      [
        62,
        20
      ],
      [
        77,
        96
      ],
      [
        13,
        72
      ],
      [
        60,
        70
      ],
      [
        49,
        89
      ],
      [
        2,
        9
      ],
      [
        64,
        54
      ],
      [
        27,
        17
      ],
      [
        61,
        46
      ],
      [
        74,
        32
      ],
      [
        56,
        34
      ],
      [
        84,
        66
      ],
      [
        41,
        79
      ],
      [
        4,
        8
      ],
      [
        0,
        12
      ],
      [
        88,
        22
      ],
      [
        43,
        76
      ]
    ],
    "in_cols": [
      37,
      29,
      47,
      8,
      22,
      42,
      46,
      20,
      36,
      11,
      28,
      18,
      9,
      14,
      26,
      17,
      6,
      16,
      43,
      35,
      3,
      15,
      1,
      45,
      12,
      10,
      5,
      34,
      24,
      23,
      40,
      32,
      39,
      7,
      30,
      25,
      2,
      33,
      13,
      31,
      38,
      27,
      41,
      19,
      4,
      0,
      44,
      21
    ],
    "out_cols": [
      36,
      25,
      46,
      23,
      41,
      38,
      40,
      14,
      28,
      42,
      34,
      15,
      32,
      7,
      44,
      29,
      1,
      11,
      21,
      30,
      26,
      19,
      20,
      13,
      12,
      9,
      24,
      17,
      0,
      4,
      45,
      8,
      47,
      35,
      33,
      43,
      3,
      27,
      6,
      22,
      16,
      18,
      31,
      39,
      2,
      5,
      10,
      37
    ]
  }
}