{
  "config": {
    "steps": 900,
    "lr": 0.03,
    "tau_start": 1.0,
    "tau_end": 0.028,
    "sinkhorn_iters": 30,
    "lambda_ent": 0.0003,
    "train_subsample": 4096,
    "seed": 14802,
    "device": "cuda"
  },
  "final": {
    "soft_mse_full": 0.4372918903827667,
    "discrete_mse": 5.109874248504639,
    "hash_match": false,
    "perm_str": "73,52,59,30,42,63,95,80,94,19,44,82,37,93,39,29,69,83,88,55,18,26,86,90,48,67,35,24,50,7,10,40,68,47,1,72,28,71,31,36,14,12,23,53,87,57,0,38,64,78,15,25,77,11,62,6,65,92,45,33,91,32,5,20,16,70,4,96,43,21,81,75,27,89,3,54,61,66,60,22,13,9,41,46,2,51,84,8,49,34,56,76,58,79,74,17,85",
    "in_cols": [
      37,
      29,
      20,
      47,
      46,
      22,
      17,
      18,
      36,
      44,
      11,
      42,
      24,
      16,
      26,
      6,
      35,
      1,
      14,
      15,
      8,
      12,
      43,
      0,
      33,
      9,
      39,
      32,
      34,
      23,
      45,
      5,
      10,
      4,
      21,
      40,
      13,
      3,
      31,
      30,
      7,
      19,
      2,
      41,
      25,
      27,
      28,
      38
    ],
    "out_cols": [
      25,
      15,
      30,
      40,
      7,
      41,
      46,
      14,
      42,
      28,
      13,
      44,
      32,
      11,
      1,
      21,
      23,
      35,
      34,
      19,
      5,
      26,
      29,
      20,
      38,
      12,
      4,
      0,
      45,
      17,
      16,
      8,
      33,
      47,
      9,
      36,
      43,
      27,
      31,
      10,
      3,
      22,
      24,
      2,
      18,
      37,
      39,
      6
    ]
  },
  "best_seen": {
    "discrete_mse": 2.097656488418579,
    "order": [
      [
        59,
        52
      ],
      [
        39,
        30
      ],
      [
        42,
        63
      ],
      [
        95,
        80
      ],
      [
        44,
        19
      ],
      [
        74,
        82
      ],
      [
        3,
        93
      ],
      [
        68,
        29
      ],
      [
        10,
        83
      ],
      [
        69,
        55
      ],
      [
        18,
        26
      ],
      [
        94,
        90
      ],
      [
        73,
        67
      ],
      [
        35,
        24
      ],
      [
        37,
        7
      ],
      [
        48,
        40
      ],
      [
        28,
        47
      ],
      [
        1,
        72
      ],
      [
        15,
        71
      ],
      [
        31,
        36
      ],
      [
        14,
        12
      ],
      [
        50,
        53
      ],
      [
        87,
        57
      ],
      [
        0,
        38
      ],
      [
        64,
        32
      ],
      [
        23,
        25
      ],
      [
        77,
        11
      ],
      [
        62,
        6
      ],
      [
        65,
        92
      ],
      [
        45,
        33
      ],
      [
        91,
        20
      ],
      [
        5,
        78
      ],
      [
        16,
        70
      ],
      [
        4,
        96
      ],
      [
        86,
        21
      ],
      [
        81,
        75
      ],
      [
        27,
        89
      ],
      [
        49,
        54
      ],
      [
        61,
        66
      ],
      [
        60,
        22
      ],
      [
        13,
        9
      ],
      [
        43,
        46
      ],
      [
        2,
        51
      ],
      [
        84,
        8
      ],
      [
        41,
        34
      ],
      [
        56,
        76
      ],
      [
        58,
        79
      ],
      [
        88,
        17
      ]
    ],
    "in_cols": [
      29,
      18,
      20,
      47,
      22,
      38,
      3,
      35,
      6,
      36,
      11,
      46,
      37,
      16,
      17,
      24,
      14,
      1,
      9,
      15,
      8,
      26,
      43,
      0,
      33,
      12,
      39,
      32,
      34,
      23,
      45,
      5,
      10,
      4,
      42,
      40,
      13,
      25,
      31,
      30,
      7,
      21,
      2,
      41,
      19,
      27,
      28,
      44
    ],
    "out_cols": [
      25,
      15,
      30,
      40,
      7,
      41,
      46,
      14,
      42,
      28,
      13,
      44,
      32,
      11,
      1,
      21,
      23,
      35,
      34,
      19,
      5,
      26,
      29,
      20,
      16,
      12,
      4,
      0,
      45,
      17,
      8,
      38,
      33,
      47,
      9,
      36,
      43,
      27,
      31,
      10,
      3,
      22,
      24,
      2,
      18,
      37,
      39,
      6
    ]
  }
}