{
  "config": {
    "steps": 700,
    "lr": 0.015,
    "tau_start": 1.0,
    "tau_end": 0.025,
    "sinkhorn_iters": 30,
    "lambda_ent": 0.0001,
    "train_subsample": 0,
    "seed": 12504,
    "device": "cuda"
  },
  "final": {
    "soft_mse_full": 0.36494800448417664,
    "discrete_mse": 57.686317443847656,
    "hash_match": false,
    "perm_str": "59,30,39,55,95,52,42,63,56,82,44,93,74,29,37,83,87,72,58,78,18,80,35,90,73,47,94,7,10,24,28,19,15,67,86,26,68,40,50,57,31,36,3,25,23,38,1,71,77,11,14,75,0,17,4,32,64,51,5,33,45,6,16,70,65,20,62,96,48,34,43,9,13,53,60,21,84,66,49,54,91,89,69,76,41,46,2,92,61,22,81,12,27,79,88,8,85",
    "in_cols": [
      29,
      18,
      47,
      20,
      27,
      22,
      38,
      17,
      43,
      28,
      11,
      16,
      37,
      46,
      6,
      14,
      9,
      42,
      35,
      26,
      15,
      3,
      12,
      1,
      39,
      8,
      0,
      4,
      33,
      5,
      23,
      10,
      34,
      32,
      24,
      21,
      7,
      30,
      41,
      25,
      45,
      36,
      19,
      2,
      31,
      40,
      13,
      44
    ],
    "out_cols": [
      15,
      28,
      25,
      30,
      41,
      46,
      14,
      42,
      35,
      38,
      40,
      44,
      23,
      1,
      11,
      7,
      32,
      13,
      21,
      29,
      19,
      12,
      20,
      34,
      4,
      36,
      6,
      16,
      24,
      17,
      0,
      33,
      8,
      47,
      18,
      3,
      26,
      9,
      31,
      27,
      43,
      37,
      22,
      45,
      10,
      5,
      39,
      2
    ]
  },
  "best_seen": {
    "discrete_mse": 0.8311703205108643,
    "order": [
      [
        59,
        30
      ],
      [
        39,
        93
      ],
      [
        95,
        52
      ],
      [
        42,
        63
      ],
      [
        56,
        80
      ],
      [
        44,
        82
      ],
      [
        74,
        55
      ],
      [
        37,
        83
      ],
      [
        86,
        72
      ],
      [
        58,
        78
      ],
      [
        18,
        29
      ],
      [
        35,
        90
      ],
      [
        73,
        47
      ],
      [
        94,
        7
      ],
      [
        10,
        24
      ],
      [
        48,
        19
      ],
      [
        15,
        67
      ],
      [
        68,
        26
      ],
      [
        28,
        40
      ],
      [
        87,
        57
      ],
      [
        31,
        36
      ],
      [
        3,
        25
      ],
      [
        50,
        38
      ],
      [
        1,
        71
      ],
      [
        14,
        11
      ],
      [
        81,
        75
      ],
      [
        0,
        17
      ],
      [
        4,
        32
      ],
      [
        64,
        51
      ],
      [
        5,
        33
      ],
      [
        45,
        6
      ],
      [
        16,
        70
      ],
      [
        77,
        20
      ],
      [
        62,
        96
      ],
      [
        2,
        34
      ],
      [
        13,
        9
      ],
      [
        23,
        53
      ],
      [
        60,
        21
      ],
      [
        84,
        66
      ],
      [
        43,
        54
      ],
      [
        65,
        89
      ],
      [
        69,
        76
      ],
      [
        41,
        46
      ],
      [
        49,
        92
      ],
      [
        61,
        22
      ],
      [
        91,
        12
      ],
      [
        27,
        79
      ],
      [
        88,
        8
      ]
    ],
    "in_cols": [
      29,
      18,
      47,
      20,
      27,
      22,
      38,
      17,
      42,
      28,
      11,
      16,
      37,
      46,
      6,
      24,
      9,
      35,
      14,
      43,
      15,
      3,
      26,
      1,
      8,
      40,
      0,
      4,
      33,
      5,
      23,
      10,
      39,
      32,
      2,
      7,
      12,
      30,
      41,
      21,
      34,
      36,
      19,
      25,
      31,
      45,
      13,
      44
    ],
    "out_cols": [
      15,
      46,
      25,
      30,
      40,
      41,
      28,
      42,
      35,
      38,
      14,
      44,
      23,
      1,
      11,
      7,
      32,
      13,
      21,
      29,
      19,
      12,
      20,
      34,
      4,
      36,
      6,
      16,
      24,
      17,
      0,
      33,
      8,
      47,
      18,
      3,
      26,
      9,
      31,
      27,
      43,
      37,
      22,
      45,
      10,
      5,
      39,
      2
    ]
  }
}