{
  "config": {
    "steps": 900,
    "lr": 0.03,
    "tau_start": 1.0,
    "tau_end": 0.028,
    "sinkhorn_iters": 30,
    "lambda_ent": 0.0003,
    "train_subsample": 4096,
    "seed": 8802,
    "device": "cuda"
  },
  "final": {
    "soft_mse_full": 0.4081241488456726,
    "discrete_mse": 14.673468589782715,
    "hash_match": false,
    "perm_str": "59,52,39,30,95,75,10,63,42,78,74,55,37,93,88,29,58,54,44,83,18,67,94,7,48,40,28,19,73,80,50,36,15,57,68,47,87,71,35,24,3,25,1,26,84,90,31,38,23,6,14,66,4,51,77,11,45,33,91,92,81,20,62,82,65,96,16,70,61,12,41,89,13,53,5,32,86,72,2,9,27,46,49,17,0,76,56,34,43,79,60,22,69,8,64,21,85",
    "in_cols": [
      29,
      18,
      47,
      6,
      20,
      38,
      17,
      44,
      28,
      22,
      11,
      46,
      24,
      14,
      37,
      26,
      9,
      35,
      43,
      16,
      3,
      1,
      41,
      15,
      12,
      8,
      4,
      39,
      23,
      45,
      40,
      32,
      34,
      10,
      31,
      19,
      7,
      5,
      42,
      2,
      13,
      25,
      0,
      27,
      21,
      30,
      36,
      33
    ],
    "out_cols": [
      25,
      15,
      36,
      30,
      38,
      28,
      46,
      14,
      27,
      42,
      32,
      1,
      21,
      7,
      40,
      19,
      29,
      23,
      34,
      11,
      12,
      13,
      44,
      20,
      0,
      31,
      24,
      4,
      17,
      45,
      8,
      41,
      47,
      33,
      5,
      43,
      26,
      16,
      35,
      3,
      22,
      6,
      37,
      18,
      39,
      10,
      2,
      9
    ]
  },
  "best_seen": {
    "discrete_mse": 0.8991755843162537,
    "order": [
      [
        59,
        52
      ],
      [
        39,
        30
      ],
      [
        95,
        75
      ],
      [
        65,
        63
      ],
      [
        42,
        78
      ],
      [
        74,
        55
      ],
      [
        37,
        93
      ],
      [
        88,
        29
      ],
      [
        58,
        54
      ],
      [
        44,
        83
      ],
      [
        18,
        67
      ],
      [
        94,
        7
      ],
      [
        48,
        40
      ],
      [
        28,
        19
      ],
      [
        73,
        80
      ],
      [
        50,
        36
      ],
      [
        15,
        57
      ],
      [
        68,
        47
      ],
      [
        87,
        71
      ],
      [
        35,
        24
      ],
      [
        3,
        25
      ],
      [
        1,
        26
      ],
      [
        84,
        90
      ],
      [
        31,
        38
      ],
      [
        23,
        6
      ],
      [
        14,
        66
      ],
      [
        4,
        51
      ],
      [
        77,
        11
      ],
      [
        45,
        33
      ],
      [
        91,
        92
      ],
      [
        81,
        20
      ],
      [
        62,
        82
      ],
      [
        43,
        96
      ],
      [
        16,
        70
      ],
      [
        61,
        12
      ],
      [
        41,
        89
      ],
      [
        13,
        53
      ],
      [
        5,
        32
      ],
      [
        86,
        72
      ],
      [
        2,
        9
      ],
      [
        27,
        46
      ],
      [
        49,
        17
      ],
      [
        0,
        76
      ],
      [
        56,
        34
      ],
      [
        10,
        79
      ],
      [
        60,
        22
      ],
      [
        69,
        8
      ],
      [
        64,
        21
      ]
    ],
    "in_cols": [
      29,
      18,
      47,
      34,
      20,
      38,
      17,
      44,
      28,
      22,
      11,
      46,
      24,
      14,
      37,
      26,
      9,
      35,
      43,
      16,
      3,
      1,
      41,
      15,
      12,
      8,
      4,
      39,
      23,
      45,
      40,
      32,
      21,
      10,
      31,
      19,
      7,
      5,
      42,
      2,
      13,
      25,
      0,
      27,
      6,
      30,
      36,
      33
    ],
    "out_cols": [
      25,
      15,
      36,
      30,
      38,
      28,
      46,
      14,
      27,
      42,
      32,
      1,
      21,
      7,
      40,
      19,
      29,
      23,
      34,
      11,
      12,
      13,
      44,
      20,
      0,
      31,
      24,
      4,
      17,
      45,
      8,
      41,
      47,
      33,
      5,
      43,
      26,
      16,
      35,
      3,
      22,
      6,
      37,
      18,
      39,
      10,
      2,
      9
    ]
  }
}