{
  "config": {
    "steps": 700,
    "lr": 0.015,
    "tau_start": 1.0,
    "tau_end": 0.025,
    "sinkhorn_iters": 30,
    "lambda_ent": 0.0001,
    "train_subsample": 0,
    "seed": 9004,
    "device": "cuda"
  },
  "final": {
    "soft_mse_full": 0.350760281085968,
    "discrete_mse": 2.668652296066284,
    "hash_match": false,
    "perm_str": "59,55,39,52,73,72,95,63,56,30,44,82,68,93,42,29,37,83,58,7,94,90,18,80,28,47,35,19,10,24,15,67,50,57,86,36,87,40,3,53,14,26,31,66,1,38,62,71,23,25,64,70,5,11,4,17,77,20,91,33,65,6,48,51,16,96,81,75,43,78,13,89,61,9,27,21,84,32,49,46,74,92,0,54,60,22,41,76,45,79,88,34,2,12,69,8,85",
    "in_cols": [
      29,
      18,
      37,
      47,
      27,
      22,
      35,
      20,
      17,
      28,
      46,
      11,
      14,
      16,
      6,
      9,
      26,
      42,
      43,
      3,
      8,
      15,
      1,
      32,
      12,
      33,
      5,
      4,
      39,
      45,
      34,
      24,
      10,
      40,
      21,
      7,
      31,
      13,
      41,
      25,
      38,
      0,
      30,
      19,
      23,
      44,
      2,
      36
    ],
    "out_cols": [
      28,
      25,
      35,
      30,
      15,
      41,
      46,
      14,
      42,
      1,
      44,
      40,
      23,
      7,
      11,
      32,
      29,
      19,
      21,
      26,
      13,
      31,
      20,
      34,
      12,
      33,
      4,
      6,
      8,
      17,
      0,
      24,
      47,
      36,
      38,
      43,
      3,
      9,
      16,
      22,
      45,
      27,
      10,
      37,
      39,
      18,
      5,
      2
    ]
  },
  "best_seen": {
    "discrete_mse": 10.393148422241211,
    "order": [
      [
        39,
        52
      ],
      [
        59,
        55
      ],
      [
        37,
        72
      ],
      [
        95,
        63
      ],
      [
        56,
        30
      ],
      [
        44,
        82
      ],
      [
        68,
        93
      ],
      [
        88,
        29
      ],
      [
        42,
        83
      ],
      [
        58,
        78
      ],
      [
        94,
        7
      ],
      [
        18,
        80
      ],
      [
        73,
        47
      ],
      [
        28,
        19
      ],
      [
        35,
        24
      ],
      [
        15,
        67
      ],
      [
        50,
        57
      ],
      [
        86,
        36
      ],
      [
        48,
        40
      ],
      [
        3,
        53
      ],
      [
        14,
        26
      ],
      [
        31,
        66
      ],
      [
        1,
        38
      ],
      [
        87,
        71
      ],
      [
        23,
        25
      ],
      [
        64,
        70
      ],
      [
        45,
        11
      ],
      [
        4,
        17
      ],
      [
        77,
        20
      ],
      [
        91,
        33
      ],
      [
        65,
        6
      ],
      [
        62,
        51
      ],
      [
        16,
        96
      ],
      [
        81,
        75
      ],
      [
        43,
        90
      ],
      [
        13,
        89
      ],
      [
        61,
        9
      ],
      [
        49,
        21
      ],
      [
        5,
        32
      ],
      [
        10,
        46
      ],
      [
        74,
        92
      ],
      [
        0,
        54
      ],
      [
        60,
        22
      ],
      [
        41,
        76
      ],
      [
        84,
        79
      ],
      [
        27,
        34
      ],
      [
        2,
        12
      ],
      [
        69,
        8
      ]
    ],
    "in_cols": [
      18,
      29,
      17,
      47,
      27,
      22,
      35,
      44,
      20,
      28,
      46,
      11,
      37,
      14,
      16,
      9,
      26,
      42,
      24,
      3,
      8,
      15,
      1,
      43,
      12,
      33,
      23,
      4,
      39,
      45,
      34,
      32,
      10,
      40,
      21,
      7,
      31,
      25,
      5,
      6,
      38,
      0,
      30,
      19,
      41,
      13,
      2,
      36
    ],
    "out_cols": [
      25,
      28,
      35,
      30,
      15,
      41,
      46,
      14,
      42,
      38,
      1,
      40,
      23,
      7,
      11,
      32,
      29,
      19,
      21,
      26,
      13,
      31,
      20,
      34,
      12,
      33,
      4,
      6,
      8,
      17,
      0,
      24,
      47,
      36,
      44,
      43,
      3,
      9,
      16,
      22,
      45,
      27,
      10,
      37,
      39,
      18,
      5,
      2
    ]
  }
}