{
  "config": {
    "steps": 900,
    "lr": 0.03,
    "tau_start": 1.0,
    "tau_end": 0.03,
    "sinkhorn_iters": 30,
    "lambda_ent": 0.0003,
    "train_subsample": 4096,
    "seed": 10601,
    "device": "cuda"
  },
  "final": {
    "soft_mse_full": 0.35081472992897034,
    "discrete_mse": 65.78703308105469,
    "hash_match": false,
    "perm_str": "59,52,39,30,74,55,73,63,58,78,95,80,42,29,44,72,37,93,62,83,69,7,94,38,35,24,18,19,15,67,50,57,48,47,86,36,1,40,31,25,3,53,28,90,14,26,87,71,23,11,4,32,27,51,5,17,81,6,77,20,16,76,2,70,45,33,65,96,0,75,13,54,68,66,56,12,60,8,49,46,43,82,41,22,91,9,10,79,61,92,84,21,88,34,64,89,85",
    "in_cols": [
      29,
      18,
      38,
      37,
      28,
      47,
      20,
      22,
      17,
      32,
      36,
      46,
      16,
      11,
      9,
      26,
      24,
      42,
      1,
      15,
      3,
      14,
      8,
      43,
      12,
      4,
      13,
      5,
      40,
      39,
      10,
      2,
      23,
      34,
      0,
      7,
      35,
      27,
      30,
      25,
      21,
      19,
      45,
      6,
      31,
      41,
      44,
      33
    ],
    "out_cols": [
      25,
      15,
      28,
      30,
      38,
      40,
      14,
      35,
      46,
      42,
      1,
      20,
      11,
      7,
      32,
      29,
      23,
      19,
      21,
      12,
      26,
      44,
      13,
      34,
      4,
      16,
      24,
      6,
      0,
      8,
      37,
      33,
      17,
      47,
      36,
      27,
      31,
      5,
      2,
      22,
      41,
      10,
      3,
      39,
      45,
      9,
      18,
      43
    ]
  },
  "best_seen": {
    "discrete_mse": 4.127362251281738,
    "order": [
      [
        16,
        89
      ],
      [
        60,
        76
      ],
      [
        59,
        8
      ],
      [
        62,
        9
      ],
      [
        41,
        24
      ],
      [
        39,
        21
      ],
      [
        4,
        96
      ],
      [
        1,
        33
      ],
      [
        49,
        6
      ],
      [
        84,
        36
      ],
      [
        94,
        93
      ],
      [
        28,
        66
      ],
      [
        13,
        78
      ],
      [
        23,
        46
      ],
      [
        15,
        26
      ],
      [
        74,
        34
      ],
      [
        58,
        70
      ],
      [
        86,
        30
      ],
      [
        5,
        63
      ],
      [
        81,
        71
      ],
      [
        44,
        19
      ],
      [
        48,
        12
      ],
      [
        64,
        55
      ],
      [
        50,
        29
      ],
      [
        10,
        53
      ],
      [
        31,
        83
      ],
      [
        27,
        32
      ],
      [
        37,
        25
      ],
      [
        0,
        80
      ],
      [
        87,
        82
      ],
      [
        42,
        22
      ],
      [
        3,
        75
      ],
      [
        65,
        7
      ],
      [
        77,
        52
      ],
      [
        68,
        92
      ],
      [
        14,
        20
      ],
      [
        43,
        54
      ],
      [
        61,
        72
      ],
      [
        35,
        17
      ],
      [
        73,
        90
      ],
      [
        91,
        67
      ],
      [
        18,
        11
      ],
      [
        95,
        79
      ],
      [
        45,
        57
      ],
      [
        2,
        51
      ],
      [
        56,
        38
      ],
      [
        88,
        47
      ],
      [
        69,
        40
      ]
    ],
    "in_cols": [
      10,
      30,
      29,
      32,
      19,
      18,
      4,
      1,
      25,
      41,
      46,
      14,
      7,
      12,
      9,
      38,
      28,
      42,
      5,
      40,
      22,
      24,
      33,
      26,
      6,
      15,
      13,
      17,
      0,
      43,
      20,
      3,
      34,
      39,
      35,
      8,
      21,
      31,
      16,
      37,
      45,
      11,
      47,
      23,
      2,
      27,
      44,
      36
    ],
    "out_cols": [
      43,
      37,
      2,
      3,
      11,
      9,
      47,
      17,
      0,
      19,
      46,
      31,
      38,
      22,
      13,
      18,
      33,
      15,
      30,
      34,
      7,
      5,
      28,
      14,
      26,
      42,
      16,
      12,
      40,
      41,
      10,
      36,
      1,
      25,
      45,
      8,
      27,
      35,
      6,
      44,
      32,
      4,
      39,
      29,
      24,
      20,
      23,
      21
    ]
  }
}