{
  "config": {
    "steps": 900,
    "lr": 0.03,
    "tau_start": 1.0,
    "tau_end": 0.028,
    "sinkhorn_iters": 30,
    "lambda_ent": 0.0003,
    "train_subsample": 4096,
    "seed": 15502,
    "device": "cuda"
  },
  "final": {
    "soft_mse_full": 0.3958207666873932,
    "discrete_mse": 4.125878810882568,
    "hash_match": false,
    "perm_str": "5,52,39,30,95,75,42,63,56,82,58,78,87,55,37,93,44,29,88,83,69,67,94,80,18,90,10,19,35,24,73,7,59,57,15,47,68,26,1,40,3,53,28,12,31,36,50,38,60,71,84,25,81,11,77,20,14,6,62,51,4,32,45,33,16,96,48,70,91,89,49,54,13,66,2,9,61,8,41,46,74,79,86,34,23,76,43,22,27,17,0,92,64,21,65,72,85",
    "in_cols": [
      5,
      18,
      47,
      20,
      27,
      28,
      43,
      17,
      22,
      44,
      36,
      46,
      11,
      6,
      16,
      37,
      29,
      9,
      35,
      1,
      3,
      14,
      15,
      26,
      30,
      41,
      40,
      39,
      8,
      32,
      4,
      23,
      10,
      24,
      45,
      25,
      7,
      2,
      31,
      19,
      38,
      42,
      12,
      21,
      13,
      0,
      33,
      34
    ],
    "out_cols": [
      25,
      15,
      36,
      30,
      41,
      38,
      28,
      46,
      14,
      42,
      32,
      40,
      44,
      7,
      11,
      1,
      29,
      23,
      13,
      21,
      26,
      5,
      19,
      20,
      34,
      12,
      4,
      8,
      0,
      24,
      16,
      17,
      47,
      33,
      43,
      27,
      31,
      3,
      2,
      22,
      39,
      18,
      37,
      10,
      6,
      45,
      9,
      35
    ]
  },
  "best_seen": {
    "discrete_mse": 1.0526371002197266,
    "order": [
      [
        95,
        52
      ],
      [
        59,
        30
      ],
      [
        39,
        75
      ],
      [
        42,
        63
      ],
      [
        56,
        82
      ],
      [
        58,
        78
      ],
      [
        68,
        55
      ],
      [
        37,
        93
      ],
      [
        44,
        29
      ],
      [
        88,
        83
      ],
      [
        69,
        67
      ],
      [
        94,
        80
      ],
      [
        18,
        90
      ],
      [
        10,
        20
      ],
      [
        35,
        24
      ],
      [
        73,
        7
      ],
      [
        50,
        57
      ],
      [
        15,
        47
      ],
      [
        87,
        26
      ],
      [
        1,
        40
      ],
      [
        3,
        53
      ],
      [
        28,
        12
      ],
      [
        31,
        36
      ],
      [
        23,
        38
      ],
      [
        60,
        71
      ],
      [
        84,
        25
      ],
      [
        81,
        11
      ],
      [
        77,
        19
      ],
      [
        14,
        6
      ],
      [
        62,
        51
      ],
      [
        4,
        32
      ],
      [
        5,
        33
      ],
      [
        16,
        96
      ],
      [
        48,
        70
      ],
      [
        91,
        89
      ],
      [
        49,
        54
      ],
      [
        13,
        66
      ],
      [
        2,
        9
      ],
      [
        65,
        8
      ],
      [
        41,
        46
      ],
      [
        74,
        79
      ],
      [
        86,
        34
      ],
      [
        45,
        76
      ],
      [
        43,
        22
      ],
      [
        27,
        17
      ],
      [
        0,
        92
      ],
      [
        64,
        21
      ],
      [
        61,
        72
      ]
    ],
    "in_cols": [
      47,
      29,
      18,
      20,
      27,
      28,
      35,
      17,
      22,
      44,
      36,
      46,
      11,
      6,
      16,
      37,
      26,
      9,
      43,
      1,
      3,
      14,
      15,
      12,
      30,
      41,
      40,
      39,
      8,
      32,
      4,
      5,
      10,
      24,
      45,
      25,
      7,
      2,
      34,
      19,
      38,
      42,
      23,
      21,
      13,
      0,
      33,
      31
    ],
    "out_cols": [
      25,
      15,
      36,
      30,
      41,
      38,
      28,
      46,
      14,
      42,
      32,
      40,
      44,
      8,
      11,
      1,
      29,
      23,
      13,
      21,
      26,
      5,
      19,
      20,
      34,
      12,
      4,
      7,
      0,
      24,
      16,
      17,
      47,
      33,
      43,
      27,
      31,
      3,
      2,
      22,
      39,
      18,
      37,
      10,
      6,
      45,
      9,
      35
    ]
  }
}