{
  "config": {
    "steps": 900,
    "lr": 0.03,
    "tau_start": 1.0,
    "tau_end": 0.03,
    "sinkhorn_iters": 30,
    "lambda_ent": 0.0003,
    "train_subsample": 4096,
    "seed": 16801,
    "device": "cuda"
  },
  "final": {
    "soft_mse_full": 0.3689681887626648,
    "discrete_mse": 186.28456115722656,
    "hash_match": false,
    "perm_str": "59,52,39,72,74,82,95,63,56,30,44,78,14,55,10,80,42,29,58,83,94,7,86,90,18,25,35,19,37,57,15,67,73,24,68,47,1,40,28,20,3,26,23,38,84,36,87,71,0,33,50,66,77,11,81,6,5,51,16,12,4,17,62,96,48,22,91,92,43,70,65,53,69,75,27,93,49,46,61,76,31,34,41,79,2,9,13,54,45,21,60,89,64,32,88,8,85",
    "in_cols": [
      29,
      18,
      38,
      47,
      27,
      22,
      8,
      6,
      20,
      28,
      46,
      42,
      11,
      16,
      17,
      9,
      37,
      35,
      1,
      14,
      3,
      12,
      41,
      43,
      0,
      26,
      39,
      40,
      5,
      10,
      4,
      32,
      24,
      45,
      21,
      34,
      36,
      13,
      25,
      31,
      15,
      19,
      2,
      7,
      23,
      30,
      33,
      44
    ],
    "out_cols": [
      25,
      35,
      41,
      30,
      15,
      38,
      28,
      40,
      14,
      42,
      1,
      44,
      12,
      7,
      29,
      32,
      11,
      23,
      21,
      8,
      13,
      20,
      19,
      34,
      17,
      31,
      4,
      0,
      24,
      5,
      6,
      47,
      10,
      45,
      33,
      26,
      36,
      46,
      22,
      37,
      18,
      39,
      3,
      27,
      9,
      43,
      16,
      2
    ]
  },
  "best_seen": {
    "discrete_mse": 111.23461151123047,
    "order": [
      [
        95,
        52
      ],
      [
        49,
        72
      ],
      [
        39,
        82
      ],
      [
        74,
        63
      ],
      [
        56,
        30
      ],
      [
        44,
        78
      ],
      [
        77,
        55
      ],
      [
        10,
        80
      ],
      [
        42,
        29
      ],
      [
        94,
        93
      ],
      [
        58,
        7
      ],
      [
        86,
        20
      ],
      [
        18,
        25
      ],
      [
        35,
        19
      ],
      [
        59,
        57
      ],
      [
        15,
        67
      ],
      [
        73,
        24
      ],
      [
        68,
        47
      ],
      [
        1,
        40
      ],
      [
        28,
        90
      ],
      [
        3,
        26
      ],
      [
        23,
        38
      ],
      [
        37,
        36
      ],
      [
        87,
        71
      ],
      [
        0,
        33
      ],
      [
        50,
        66
      ],
      [
        14,
        11
      ],
      [
        81,
        6
      ],
      [
        5,
        51
      ],
      [
        16,
        12
      ],
      [
        4,
        17
      ],
      [
        62,
        96
      ],
      [
        48,
        22
      ],
      [
        91,
        92
      ],
      [
        43,
        70
      ],
      [
        65,
        53
      ],
      [
        69,
        75
      ],
      [
        27,
        83
      ],
      [
        41,
        46
      ],
      [
        61,
        76
      ],
      [
        31,
        34
      ],
      [
        84,
        79
      ],
      [
        2,
        9
      ],
      [
        13,
        54
      ],
      [
        45,
        21
      ],
      [
        60,
        89
      ],
      [
        64,
        32
      ],
      [
        88,
        8
      ]
    ],
    "in_cols": [
      47,
      25,
      18,
      38,
      27,
      22,
      39,
      6,
      20,
      46,
      28,
      42,
      11,
      16,
      29,
      9,
      37,
      35,
      1,
      14,
      3,
      12,
      17,
      43,
      0,
      26,
      8,
      40,
      5,
      10,
      4,
      32,
      24,
      45,
      21,
      34,
      36,
      13,
      19,
      31,
      15,
      41,
      2,
      7,
      23,
      30,
      33,
      44
    ],
    "out_cols": [
      25,
      35,
      41,
      30,
      15,
      38,
      28,
      40,
      14,
      46,
      1,
      8,
      12,
      7,
      29,
      32,
      11,
      23,
      21,
      44,
      13,
      20,
      19,
      34,
      17,
      31,
      4,
      0,
      24,
      5,
      6,
      47,
      10,
      45,
      33,
      26,
      36,
      42,
      22,
      37,
      18,
      39,
      3,
      27,
      9,
      43,
      16,
      2
    ]
  }
}