{
  "config": {
    "steps": 700,
    "lr": 0.015,
    "tau_start": 1.0,
    "tau_end": 0.025,
    "sinkhorn_iters": 30,
    "lambda_ent": 0.0001,
    "train_subsample": 0,
    "seed": 26404,
    "device": "cuda"
  },
  "final": {
    "soft_mse_full": 0.40769702196121216,
    "discrete_mse": 1.863875150680542,
    "hash_match": false,
    "perm_str": "39,72,59,52,73,55,95,63,56,30,5,82,44,93,42,80,94,83,58,78,18,29,86,90,48,40,28,19,37,7,15,67,68,47,1,26,35,24,50,57,3,25,31,36,23,38,87,71,64,11,14,17,77,20,45,33,4,6,81,75,10,12,43,70,65,96,62,32,61,53,84,66,13,9,16,89,69,76,74,92,49,22,88,54,0,8,41,51,91,34,2,21,27,46,60,79,85",
    "in_cols": [
      18,
      29,
      37,
      47,
      27,
      5,
      22,
      20,
      46,
      28,
      11,
      42,
      24,
      14,
      17,
      9,
      35,
      1,
      16,
      26,
      3,
      15,
      12,
      43,
      33,
      8,
      39,
      23,
      4,
      40,
      6,
      21,
      34,
      32,
      31,
      41,
      7,
      10,
      36,
      38,
      25,
      44,
      0,
      19,
      45,
      2,
      13,
      30
    ],
    "out_cols": [
      35,
      25,
      28,
      30,
      15,
      41,
      46,
      40,
      42,
      38,
      14,
      44,
      21,
      7,
      1,
      32,
      23,
      13,
      11,
      29,
      12,
      19,
      20,
      34,
      4,
      6,
      8,
      17,
      0,
      36,
      5,
      33,
      47,
      16,
      26,
      31,
      3,
      43,
      37,
      45,
      10,
      27,
      2,
      24,
      18,
      9,
      22,
      39
    ]
  },
  "best_seen": {
    "discrete_mse": 1.863875150680542,
    "order": [
      [
        39,
        72
      ],
      [
        59,
        52
      ],
      [
        73,
        55
      ],
      [
        95,
        63
      ],
      [
        56,
        30
      ],
      [
        5,
        82
      ],
      [
        44,
        93
      ],
      [
        42,
        80
      ],
      [
        94,
        83
      ],
      [
        58,
        78
      ],
      [
        18,
        29
      ],
      [
        86,
        90
      ],
      [
        48,
        40
      ],
      [
        28,
        19
      ],
      [
        37,
        7
      ],
      [
        15,
        67
      ],
      [
        68,
        47
      ],
      [
        1,
        26
      ],
      [
        35,
        24
      ],
      [
        50,
        57
      ],
      [
        3,
        25
      ],
      [
        31,
        36
      ],
      [
        23,
        38
      ],
      [
        87,
        71
      ],
      [
        64,
        11
      ],
      [
        14,
        17
      ],
      [
        77,
        20
      ],
      [
        45,
        33
      ],
      [
        4,
        6
      ],
      [
        81,
        75
      ],
      [
        10,
        12
      ],
      [
        43,
        70
      ],
      [
        65,
        96
      ],
      [
        62,
        32
      ],
      [
        61,
        53
      ],
      [
        84,
        66
      ],
      [
        13,
        9
      ],
      [
        16,
        89
      ],
      [
        69,
        76
      ],
      [
        74,
        92
      ],
      [
        49,
        22
      ],
      [
        88,
        54
      ],
      [
        0,
        8
      ],
      [
        41,
        51
      ],
      [
        91,
        34
      ],
      [
        2,
        21
      ],
      [
        27,
        46
      ],
      [
        60,
        79
      ]
    ],
    "in_cols": [
      18,
      29,
      37,
      47,
      27,
      5,
      22,
      20,
      46,
      28,
      11,
      42,
      24,
      14,
      17,
      9,
      35,
      1,
      16,
      26,
      3,
      15,
      12,
      43,
      33,
      8,
      39,
      23,
      4,
      40,
      6,
      21,
      34,
      32,
      31,
      41,
      7,
      10,
      36,
      38,
      25,
      44,
      0,
      19,
      45,
      2,
      13,
      30
    ],
    "out_cols": [
      35,
      25,
      28,
      30,
      15,
      41,
      46,
      40,
      42,
      38,
      14,
      44,
      21,
      7,
      1,
      32,
      23,
      13,
      11,
      29,
      12,
      19,
      20,
      34,
      4,
      6,
      8,
      17,
      0,
      36,
      5,
      33,
      47,
      16,
      26,
      31,
      3,
      43,
      37,
      45,
      10,
      27,
      2,
      24,
      18,
      9,
      22,
      39
    ]
  }
}