{
  "config": {
    "steps": 900,
    "lr": 0.03,
    "tau_start": 1.0,
    "tau_end": 0.03,
    "sinkhorn_iters": 30,
    "lambda_ent": 0.0003,
    "train_subsample": 4096,
    "seed": 9401,
    "device": "cuda"
  },
  "final": {
    "soft_mse_full": 0.332214891910553,
    "discrete_mse": 13.098438262939453,
    "hash_match": false,
    "perm_str": "73,75,39,30,44,52,95,55,74,82,37,78,42,29,86,80,68,72,58,93,15,67,18,25,48,47,35,24,10,20,50,7,28,19,3,26,59,40,94,53,31,36,27,90,1,38,87,71,60,11,14,21,4,17,5,57,81,6,65,32,56,96,16,70,77,63,62,76,13,89,43,66,0,54,45,46,2,9,91,22,61,83,41,51,49,33,84,79,88,12,23,34,69,8,64,92,85",
    "in_cols": [
      37,
      18,
      22,
      47,
      38,
      17,
      20,
      42,
      35,
      28,
      9,
      11,
      24,
      16,
      6,
      26,
      14,
      3,
      29,
      46,
      15,
      13,
      1,
      43,
      30,
      8,
      4,
      5,
      40,
      34,
      27,
      10,
      39,
      32,
      7,
      21,
      0,
      23,
      2,
      45,
      31,
      19,
      25,
      41,
      44,
      12,
      36,
      33
    ],
    "out_cols": [
      36,
      15,
      25,
      28,
      41,
      38,
      14,
      40,
      35,
      46,
      32,
      12,
      23,
      11,
      8,
      1,
      7,
      13,
      21,
      26,
      19,
      44,
      20,
      34,
      4,
      9,
      6,
      29,
      0,
      16,
      47,
      33,
      30,
      37,
      43,
      31,
      27,
      22,
      3,
      10,
      42,
      24,
      17,
      39,
      5,
      18,
      2,
      45
    ]
  },
  "best_seen": {
    "discrete_mse": 3.1247711181640625,
    "order": [
      [
        95,
        75
      ],
      [
        39,
        30
      ],
      [
        44,
        52
      ],
      [
        59,
        55
      ],
      [
        74,
        82
      ],
      [
        37,
        78
      ],
      [
        42,
        29
      ],
      [
        86,
        80
      ],
      [
        68,
        72
      ],
      [
        58,
        93
      ],
      [
        15,
        67
      ],
      [
        18,
        25
      ],
      [
        48,
        47
      ],
      [
        35,
        24
      ],
      [
        10,
        20
      ],
      [
        50,
        7
      ],
      [
        28,
        19
      ],
      [
        3,
        26
      ],
      [
        73,
        40
      ],
      [
        94,
        53
      ],
      [
        31,
        36
      ],
      [
        27,
        90
      ],
      [
        1,
        38
      ],
      [
        87,
        71
      ],
      [
        60,
        11
      ],
      [
        14,
        21
      ],
      [
        4,
        17
      ],
      [
        5,
        57
      ],
      [
        81,
        6
      ],
      [
        65,
        32
      ],
      [
        56,
        96
      ],
      [
        16,
        70
      ],
      [
        45,
        63
      ],
      [
        62,
        76
      ],
      [
        13,
        89
      ],
      [
        77,
        66
      ],
      [
        0,
        54
      ],
      [
        43,
        46
      ],
      [
        2,
        9
      ],
      [
        91,
        22
      ],
      [
        61,
        83
      ],
      [
        41,
        51
      ],
      [
        49,
        33
      ],
      [
        84,
        79
      ],
      [
        88,
        12
      ],
      [
        23,
        34
      ],
      [
        69,
        8
      ],
      [
        64,
        92
      ]
    ],
    "in_cols": [
      47,
      18,
      22,
      29,
      38,
      17,
      20,
      42,
      35,
      28,
      9,
      11,
      24,
      16,
      6,
      26,
      14,
      3,
      37,
      46,
      15,
      13,
      1,
      43,
      30,
      8,
      4,
      5,
      40,
      34,
      27,
      10,
      23,
      32,
      7,
      39,
      0,
      21,
      2,
      45,
      31,
      19,
      25,
      41,
      44,
      12,
      36,
      33
    ],
    "out_cols": [
      36,
      15,
      25,
      28,
      41,
      38,
      14,
      40,
      35,
      46,
      32,
      12,
      23,
      11,
      8,
      1,
      7,
      13,
      21,
      26,
      19,
      44,
      20,
      34,
      4,
      9,
      6,
      29,
      0,
      16,
      47,
      33,
      30,
      37,
      43,
      31,
      27,
      22,
      3,
      10,
      42,
      24,
      17,
      39,
      5,
      18,
      2,
      45
    ]
  }
}