{
  "config": {
    "steps": 900,
    "lr": 0.03,
    "tau_start": 1.0,
    "tau_end": 0.028,
    "sinkhorn_iters": 30,
    "lambda_ent": 0.0003,
    "train_subsample": 4096,
    "seed": 13002,
    "device": "cuda"
  },
  "final": {
    "soft_mse_full": 0.49040359258651733,
    "discrete_mse": 67.42144012451172,
    "hash_match": false,
    "perm_str": "95,75,59,52,56,72,74,55,42,93,44,82,10,78,94,80,88,29,14,71,3,53,18,90,86,36,39,19,73,67,48,40,35,24,50,7,87,57,1,30,68,47,37,63,28,38,91,26,0,17,23,25,4,6,81,11,49,92,62,12,5,51,16,20,45,33,77,70,15,32,13,9,65,83,60,89,43,96,31,79,41,46,2,66,58,22,61,76,64,54,84,34,27,21,69,8,85",
    "in_cols": [
      47,
      29,
      27,
      38,
      20,
      22,
      6,
      46,
      44,
      8,
      3,
      11,
      42,
      18,
      37,
      24,
      16,
      26,
      43,
      1,
      35,
      17,
      14,
      45,
      0,
      12,
      4,
      40,
      25,
      32,
      5,
      10,
      23,
      39,
      9,
      7,
      34,
      30,
      21,
      15,
      19,
      2,
      28,
      31,
      33,
      41,
      13,
      36
    ],
    "out_cols": [
      36,
      25,
      35,
      28,
      46,
      41,
      38,
      40,
      14,
      34,
      26,
      44,
      19,
      7,
      32,
      21,
      11,
      1,
      29,
      15,
      23,
      30,
      20,
      13,
      6,
      12,
      0,
      4,
      45,
      5,
      24,
      8,
      17,
      33,
      16,
      3,
      42,
      43,
      47,
      39,
      22,
      31,
      10,
      37,
      27,
      18,
      9,
      2
    ]
  },
  "best_seen": {
    "discrete_mse": 32.41697311401367,
    "order": [
      [
        27,
        78
      ],
      [
        42,
        38
      ],
      [
        86,
        79
      ],
      [
        62,
        57
      ],
      [
        4,
        20
      ],
      [
        58,
        34
      ],
      [
        39,
        9
      ],
      [
        61,
        24
      ],
      [
        59,
        83
      ],
      [
        48,
        55
      ],
      [
        74,
        63
      ],
      [
        41,
        93
      ],
      [
        23,
        33
      ],
      [
        60,
        25
      ],
      [
        1,
        22
      ],
      [
        84,
        92
      ],
      [
        95,
        75
      ],
      [
        3,
        54
      ],
      [
        45,
        11
      ],
      [
        43,
        96
      ],
      [
        91,
        82
      ],
      [
        77,
        29
      ],
      [
        0,
        67
      ],
      [
        87,
        52
      ],
      [
        50,
        17
      ],
      [
        94,
        90
      ],
      [
        10,
        70
      ],
      [
        37,
        8
      ],
      [
        49,
        76
      ],
      [
        16,
        30
      ],
      [
        28,
        89
      ],
      [
        5,
        40
      ],
      [
        81,
        51
      ],
      [
        88,
        80
      ],
      [
        56,
        19
      ],
      [
        73,
        72
      ],
      [
        2,
        12
      ],
      [
        65,
        7
      ],
      [
        18,
        36
      ],
      [
        31,
        66
      ],
      [
        69,
        32
      ],
      [
        35,
        26
      ],
      [
        64,
        47
      ],
      [
        15,
        6
      ],
      [
        13,
        21
      ],
      [
        68,
        53
      ],
      [
        44,
        71
      ],
      [
        14,
        46
      ]
    ],
    "in_cols": [
      13,
      20,
      42,
      32,
      4,
      28,
      18,
      31,
      29,
      24,
      38,
      19,
      12,
      30,
      1,
      41,
      47,
      3,
      23,
      21,
      45,
      39,
      0,
      43,
      26,
      46,
      6,
      17,
      25,
      10,
      14,
      5,
      40,
      44,
      27,
      37,
      2,
      34,
      11,
      15,
      36,
      16,
      33,
      9,
      7,
      35,
      22,
      8
    ],
    "out_cols": [
      38,
      20,
      39,
      29,
      8,
      18,
      3,
      11,
      42,
      28,
      30,
      46,
      17,
      12,
      10,
      45,
      36,
      27,
      4,
      47,
      41,
      14,
      32,
      25,
      6,
      44,
      33,
      2,
      37,
      15,
      43,
      21,
      24,
      40,
      7,
      35,
      5,
      1,
      19,
      31,
      16,
      13,
      23,
      0,
      9,
      26,
      34,
      22
    ]
  }
}