{
  "config": {
    "steps": 900,
    "lr": 0.03,
    "tau_start": 1.0,
    "tau_end": 0.03,
    "sinkhorn_iters": 30,
    "lambda_ent": 0.0003,
    "train_subsample": 4096,
    "seed": 25701,
    "device": "cuda"
  },
  "final": {
    "soft_mse_full": 0.5149939060211182,
    "discrete_mse": 35.60955047607422,
    "hash_match": false,
    "perm_str": "59,52,3,75,39,55,73,72,56,30,74,19,68,93,94,80,88,29,58,78,69,67,18,90,42,7,35,24,10,36,37,57,15,40,86,47,87,71,31,63,1,38,95,26,28,9,23,54,84,25,77,11,14,32,5,51,62,6,81,82,16,96,44,20,48,33,91,70,13,89,65,53,4,76,0,83,41,34,43,79,27,17,49,8,50,92,64,66,60,22,61,12,45,46,2,21,85",
    "in_cols": [
      29,
      3,
      18,
      37,
      27,
      38,
      35,
      46,
      44,
      28,
      36,
      11,
      20,
      16,
      6,
      17,
      9,
      42,
      43,
      15,
      1,
      47,
      14,
      12,
      41,
      39,
      8,
      5,
      32,
      40,
      10,
      22,
      24,
      45,
      7,
      34,
      4,
      0,
      19,
      21,
      13,
      25,
      26,
      33,
      30,
      31,
      23,
      2
    ],
    "out_cols": [
      25,
      36,
      28,
      35,
      15,
      7,
      46,
      40,
      14,
      38,
      32,
      44,
      1,
      11,
      19,
      29,
      21,
      23,
      34,
      30,
      20,
      13,
      3,
      27,
      12,
      4,
      16,
      24,
      0,
      41,
      47,
      8,
      17,
      33,
      43,
      26,
      37,
      42,
      18,
      39,
      6,
      2,
      45,
      31,
      10,
      5,
      22,
      9
    ]
  },
  "best_seen": {
    "discrete_mse": 49.61539840698242,
    "order": [
      [
        59,
        52
      ],
      [
        3,
        75
      ],
      [
        39,
        55
      ],
      [
        73,
        82
      ],
      [
        56,
        30
      ],
      [
        74,
        19
      ],
      [
        44,
        93
      ],
      [
        86,
        80
      ],
      [
        88,
        54
      ],
      [
        58,
        78
      ],
      [
        69,
        67
      ],
      [
        18,
        90
      ],
      [
        42,
        7
      ],
      [
        35,
        24
      ],
      [
        10,
        36
      ],
      [
        37,
        57
      ],
      [
        15,
        40
      ],
      [
        68,
        47
      ],
      [
        87,
        71
      ],
      [
        31,
        63
      ],
      [
        1,
        38
      ],
      [
        50,
        26
      ],
      [
        28,
        9
      ],
      [
        14,
        29
      ],
      [
        23,
        25
      ],
      [
        77,
        11
      ],
      [
        4,
        32
      ],
      [
        27,
        51
      ],
      [
        62,
        6
      ],
      [
        81,
        72
      ],
      [
        16,
        96
      ],
      [
        5,
        20
      ],
      [
        48,
        33
      ],
      [
        91,
        70
      ],
      [
        13,
        89
      ],
      [
        65,
        53
      ],
      [
        94,
        76
      ],
      [
        0,
        83
      ],
      [
        41,
        34
      ],
      [
        43,
        79
      ],
      [
        49,
        17
      ],
      [
        84,
        8
      ],
      [
        95,
        92
      ],
      [
        64,
        66
      ],
      [
        60,
        22
      ],
      [
        61,
        12
      ],
      [
        45,
        46
      ],
      [
        2,
        21
      ]
    ],
    "in_cols": [
      29,
      3,
      18,
      37,
      27,
      38,
      22,
      42,
      44,
      28,
      36,
      11,
      20,
      16,
      6,
      17,
      9,
      35,
      43,
      15,
      1,
      26,
      14,
      8,
      12,
      39,
      4,
      13,
      32,
      40,
      10,
      5,
      24,
      45,
      7,
      34,
      46,
      0,
      19,
      21,
      25,
      41,
      47,
      33,
      30,
      31,
      23,
      2
    ],
    "out_cols": [
      25,
      36,
      28,
      41,
      15,
      7,
      46,
      40,
      27,
      38,
      32,
      44,
      1,
      11,
      19,
      29,
      21,
      23,
      34,
      30,
      20,
      13,
      3,
      14,
      12,
      4,
      16,
      24,
      0,
      35,
      47,
      8,
      17,
      33,
      43,
      26,
      37,
      42,
      18,
      39,
      6,
      2,
      45,
      31,
      10,
      5,
      22,
      9
    ]
  }
}