{
  "config": {
    "steps": 700,
    "lr": 0.02,
    "tau_start": 1.0,
    "tau_end": 0.03,
    "sinkhorn_iters": 30,
    "lambda_ent": 0.0003,
    "train_subsample": 0,
    "seed": 5303,
    "device": "cuda"
  },
  "final": {
    "soft_mse_full": 0.4003686010837555,
    "discrete_mse": 97.05770111083984,
    "hash_match": false,
    "perm_str": "59,52,73,75,3,72,95,78,56,30,74,55,44,82,94,80,42,29,58,93,18,54,69,67,37,47,10,7,35,24,28,19,15,57,86,36,50,26,68,40,31,25,1,63,27,38,87,71,23,11,5,12,14,17,4,32,81,6,45,33,62,20,16,96,48,70,77,76,0,83,49,46,65,53,84,8,2,90,91,89,43,92,13,9,39,66,41,22,61,51,60,21,64,79,88,34,85",
    "in_cols": [
      29,
      37,
      3,
      47,
      27,
      38,
      22,
      46,
      20,
      28,
      11,
      36,
      17,
      6,
      16,
      14,
      9,
      42,
      26,
      35,
      15,
      1,
      13,
      43,
      12,
      5,
      8,
      4,
      40,
      23,
      32,
      10,
      24,
      39,
      0,
      25,
      34,
      41,
      2,
      45,
      21,
      7,
      18,
      19,
      31,
      30,
      33,
      44
    ],
    "out_cols": [
      25,
      36,
      35,
      38,
      15,
      28,
      41,
      40,
      14,
      46,
      27,
      32,
      23,
      1,
      11,
      7,
      29,
      19,
      13,
      21,
      12,
      30,
      20,
      34,
      4,
      5,
      6,
      16,
      0,
      17,
      8,
      47,
      33,
      37,
      42,
      22,
      26,
      2,
      44,
      43,
      45,
      3,
      31,
      10,
      24,
      9,
      39,
      18
    ]
  },
  "best_seen": {
    "discrete_mse": 10.10178279876709,
    "order": [
      [
        59,
        52
      ],
      [
        95,
        75
      ],
      [
        3,
        72
      ],
      [
        39,
        93
      ],
      [
        56,
        30
      ],
      [
        74,
        55
      ],
      [
        44,
        82
      ],
      [
        68,
        80
      ],
      [
        42,
        29
      ],
      [
        58,
        90
      ],
      [
        18,
        54
      ],
      [
        69,
        67
      ],
      [
        73,
        47
      ],
      [
        10,
        7
      ],
      [
        35,
        24
      ],
      [
        28,
        19
      ],
      [
        37,
        57
      ],
      [
        86,
        36
      ],
      [
        50,
        26
      ],
      [
        15,
        40
      ],
      [
        31,
        25
      ],
      [
        1,
        63
      ],
      [
        27,
        38
      ],
      [
        87,
        71
      ],
      [
        23,
        11
      ],
      [
        5,
        51
      ],
      [
        14,
        17
      ],
      [
        4,
        32
      ],
      [
        81,
        6
      ],
      [
        45,
        33
      ],
      [
        62,
        20
      ],
      [
        16,
        96
      ],
      [
        48,
        70
      ],
      [
        91,
        76
      ],
      [
        0,
        83
      ],
      [
        49,
        46
      ],
      [
        65,
        53
      ],
      [
        84,
        8
      ],
      [
        2,
        34
      ],
      [
        13,
        89
      ],
      [
        43,
        92
      ],
      [
        77,
        9
      ],
      [
        94,
        66
      ],
      [
        41,
        22
      ],
      [
        61,
        12
      ],
      [
        64,
        21
      ],
      [
        60,
        79
      ],
      [
        88,
        78
      ]
    ],
    "in_cols": [
      29,
      47,
      3,
      18,
      27,
      38,
      22,
      35,
      20,
      28,
      11,
      36,
      37,
      6,
      16,
      14,
      17,
      42,
      26,
      9,
      15,
      1,
      13,
      43,
      12,
      5,
      8,
      4,
      40,
      23,
      32,
      10,
      24,
      45,
      0,
      25,
      34,
      41,
      2,
      7,
      21,
      39,
      46,
      19,
      31,
      33,
      30,
      44
    ],
    "out_cols": [
      25,
      36,
      35,
      46,
      15,
      28,
      41,
      40,
      14,
      44,
      27,
      32,
      23,
      1,
      11,
      7,
      29,
      19,
      13,
      21,
      12,
      30,
      20,
      34,
      4,
      24,
      6,
      16,
      0,
      17,
      8,
      47,
      33,
      37,
      42,
      22,
      26,
      2,
      18,
      43,
      45,
      3,
      31,
      10,
      5,
      9,
      39,
      38
    ]
  }
}