{
  "config": {
    "steps": 900,
    "lr": 0.03,
    "tau_start": 1.0,
    "tau_end": 0.03,
    "sinkhorn_iters": 30,
    "lambda_ent": 0.0003,
    "train_subsample": 4096,
    "seed": 7601,
    "device": "cuda"
  },
  "final": {
    "soft_mse_full": 0.5242543816566467,
    "discrete_mse": 6.676208972930908,
    "hash_match": false,
    "perm_str": "84,52,59,72,95,63,56,78,74,55,73,80,68,93,86,90,42,38,44,29,39,71,18,47,48,67,37,7,35,24,28,19,87,57,94,53,10,20,3,25,31,36,50,66,1,26,0,75,23,40,77,11,5,92,81,30,4,6,16,33,65,32,91,96,43,70,13,83,27,89,62,82,61,9,15,51,14,46,49,22,45,79,41,76,60,54,2,34,58,12,64,21,88,8,69,17,85",
    "in_cols": [
      41,
      29,
      47,
      27,
      38,
      37,
      35,
      42,
      20,
      22,
      18,
      11,
      24,
      17,
      16,
      14,
      43,
      46,
      6,
      3,
      15,
      26,
      1,
      0,
      12,
      39,
      5,
      40,
      4,
      10,
      34,
      45,
      21,
      7,
      13,
      32,
      31,
      9,
      8,
      25,
      23,
      19,
      30,
      2,
      28,
      33,
      44,
      36
    ],
    "out_cols": [
      25,
      35,
      30,
      38,
      28,
      40,
      46,
      44,
      20,
      14,
      34,
      23,
      32,
      1,
      11,
      7,
      29,
      26,
      8,
      12,
      19,
      31,
      13,
      36,
      21,
      4,
      45,
      15,
      0,
      17,
      16,
      47,
      33,
      42,
      43,
      41,
      3,
      24,
      22,
      10,
      39,
      37,
      27,
      18,
      5,
      9,
      2,
      6
    ]
  },
  "best_seen": {
    "discrete_mse": 2.6833455562591553,
    "order": [
      [
        59,
        52
      ],
      [
        39,
        72
      ],
      [
        95,
        63
      ],
      [
        44,
        78
      ],
      [
        74,
        55
      ],
      [
        56,
        80
      ],
      [
        68,
        93
      ],
      [
        86,
        90
      ],
      [
        42,
        38
      ],
      [
        73,
        29
      ],
      [
        60,
        71
      ],
      [
        18,
        47
      ],
      [
        48,
        67
      ],
      [
        37,
        7
      ],
      [
        35,
        24
      ],
      [
        28,
        19
      ],
      [
        87,
        57
      ],
      [
        94,
        53
      ],
      [
        10,
        20
      ],
      [
        3,
        25
      ],
      [
        31,
        36
      ],
      [
        50,
        66
      ],
      [
        1,
        26
      ],
      [
        49,
        75
      ],
      [
        23,
        40
      ],
      [
        77,
        11
      ],
      [
        5,
        92
      ],
      [
        81,
        30
      ],
      [
        4,
        6
      ],
      [
        16,
        33
      ],
      [
        65,
        32
      ],
      [
        91,
        96
      ],
      [
        43,
        70
      ],
      [
        13,
        83
      ],
      [
        27,
        89
      ],
      [
        62,
        82
      ],
      [
        61,
        9
      ],
      [
        15,
        51
      ],
      [
        14,
        46
      ],
      [
        84,
        22
      ],
      [
        45,
        79
      ],
      [
        41,
        76
      ],
      [
        0,
        54
      ],
      [
        2,
        34
      ],
      [
        58,
        12
      ],
      [
        64,
        21
      ],
      [
        88,
        8
      ],
      [
        69,
        17
      ]
    ],
    "in_cols": [
      29,
      18,
      47,
      22,
      38,
      27,
      35,
      42,
      20,
      37,
      30,
      11,
      24,
      17,
      16,
      14,
      43,
      46,
      6,
      3,
      15,
      26,
      1,
      25,
      12,
      39,
      5,
      40,
      4,
      10,
      34,
      45,
      21,
      7,
      13,
      32,
      31,
      9,
      8,
      41,
      23,
      19,
      0,
      2,
      28,
      33,
      44,
      36
    ],
    "out_cols": [
      25,
      35,
      30,
      38,
      28,
      40,
      46,
      44,
      20,
      14,
      34,
      23,
      32,
      1,
      11,
      7,
      29,
      26,
      8,
      12,
      19,
      31,
      13,
      36,
      21,
      4,
      45,
      15,
      0,
      17,
      16,
      47,
      33,
      42,
      43,
      41,
      3,
      24,
      22,
      10,
      39,
      37,
      27,
      18,
      5,
      9,
      2,
      6
    ]
  }
}