{
  "config": {
    "steps": 900,
    "lr": 0.03,
    "tau_start": 1.0,
    "tau_end": 0.03,
    "sinkhorn_iters": 30,
    "lambda_ent": 0.0003,
    "train_subsample": 4096,
    "seed": 8101,
    "device": "cuda"
  },
  "final": {
    "soft_mse_full": 0.3512461483478546,
    "discrete_mse": 183.1440887451172,
    "hash_match": false,
    "perm_str": "59,30,95,75,73,55,39,90,0,82,69,78,44,63,42,80,74,29,94,93,18,26,68,71,28,19,35,24,1,57,15,67,87,7,50,40,37,47,10,12,3,53,31,36,23,38,14,11,4,17,84,25,5,52,81,6,65,32,77,51,91,33,62,20,16,96,48,70,49,54,61,9,13,89,27,8,64,83,43,76,86,22,60,46,45,79,88,21,56,66,58,72,2,34,41,92,85",
    "in_cols": [
      29,
      47,
      37,
      18,
      0,
      36,
      22,
      20,
      38,
      46,
      11,
      35,
      14,
      16,
      1,
      9,
      43,
      26,
      17,
      6,
      3,
      15,
      12,
      8,
      4,
      41,
      5,
      40,
      34,
      39,
      45,
      32,
      10,
      24,
      25,
      31,
      7,
      13,
      33,
      21,
      42,
      30,
      23,
      44,
      27,
      28,
      2,
      19
    ],
    "out_cols": [
      15,
      36,
      28,
      44,
      41,
      38,
      30,
      40,
      14,
      46,
      13,
      34,
      7,
      11,
      29,
      32,
      1,
      21,
      23,
      5,
      26,
      19,
      20,
      4,
      6,
      12,
      25,
      0,
      16,
      24,
      17,
      8,
      47,
      33,
      27,
      3,
      43,
      2,
      42,
      37,
      10,
      22,
      39,
      9,
      31,
      35,
      18,
      45
    ]
  },
  "best_seen": {
    "discrete_mse": 52.761898040771484,
    "order": [
      [
        59,
        52
      ],
      [
        39,
        75
      ],
      [
        73,
        55
      ],
      [
        95,
        90
      ],
      [
        14,
        82
      ],
      [
        74,
        78
      ],
      [
        44,
        93
      ],
      [
        42,
        63
      ],
      [
        94,
        29
      ],
      [
        56,
        30
      ],
      [
        18,
        26
      ],
      [
        69,
        71
      ],
      [
        28,
        19
      ],
      [
        35,
        24
      ],
      [
        37,
        57
      ],
      [
        15,
        67
      ],
      [
        87,
        7
      ],
      [
        50,
        40
      ],
      [
        68,
        47
      ],
      [
        10,
        12
      ],
      [
        3,
        53
      ],
      [
        31,
        36
      ],
      [
        1,
        38
      ],
      [
        23,
        80
      ],
      [
        0,
        17
      ],
      [
        77,
        25
      ],
      [
        5,
        11
      ],
      [
        62,
        6
      ],
      [
        65,
        32
      ],
      [
        81,
        51
      ],
      [
        91,
        33
      ],
      [
        4,
        20
      ],
      [
        16,
        96
      ],
      [
        48,
        70
      ],
      [
        49,
        54
      ],
      [
        61,
        9
      ],
      [
        13,
        89
      ],
      [
        27,
        8
      ],
      [
        64,
        83
      ],
      [
        43,
        76
      ],
      [
        86,
        22
      ],
      [
        60,
        46
      ],
      [
        45,
        79
      ],
      [
        88,
        21
      ],
      [
        84,
        66
      ],
      [
        58,
        72
      ],
      [
        2,
        34
      ],
      [
        41,
        92
      ]
    ],
    "in_cols": [
      29,
      18,
      37,
      47,
      8,
      38,
      22,
      20,
      46,
      27,
      11,
      36,
      14,
      16,
      17,
      9,
      43,
      26,
      35,
      6,
      3,
      15,
      1,
      12,
      0,
      39,
      5,
      32,
      34,
      40,
      45,
      4,
      10,
      24,
      25,
      31,
      7,
      13,
      33,
      21,
      42,
      30,
      23,
      44,
      41,
      28,
      2,
      19
    ],
    "out_cols": [
      25,
      36,
      28,
      44,
      41,
      38,
      46,
      30,
      14,
      15,
      13,
      34,
      7,
      11,
      29,
      32,
      1,
      21,
      23,
      5,
      26,
      19,
      20,
      40,
      6,
      12,
      4,
      0,
      16,
      24,
      17,
      8,
      47,
      33,
      27,
      3,
      43,
      2,
      42,
      37,
      10,
      22,
      39,
      9,
      31,
      35,
      18,
      45
    ]
  }
}