{
  "config": {
    "steps": 900,
    "lr": 0.03,
    "tau_start": 1.0,
    "tau_end": 0.03,
    "sinkhorn_iters": 30,
    "lambda_ent": 0.0003,
    "train_subsample": 4096,
    "seed": 26901,
    "device": "cuda"
  },
  "final": {
    "soft_mse_full": 0.35110774636268616,
    "discrete_mse": 16.53913688659668,
    "hash_match": false,
    "perm_str": "59,52,3,72,95,7,58,78,44,82,56,30,74,55,42,29,94,80,37,93,69,67,18,71,28,19,35,24,68,47,73,90,86,26,50,57,10,12,87,63,31,36,84,66,23,38,1,40,16,25,49,21,4,6,0,17,81,11,5,96,14,33,77,51,62,20,48,70,61,53,91,9,15,76,2,32,60,22,45,83,65,8,88,34,41,75,43,79,27,46,64,54,39,89,13,92,85",
    "in_cols": [
      29,
      3,
      47,
      28,
      22,
      27,
      38,
      20,
      46,
      17,
      36,
      11,
      14,
      16,
      35,
      37,
      42,
      26,
      6,
      43,
      15,
      41,
      12,
      1,
      10,
      25,
      4,
      0,
      40,
      5,
      8,
      39,
      32,
      24,
      31,
      45,
      9,
      2,
      30,
      23,
      34,
      44,
      19,
      21,
      13,
      33,
      18,
      7
    ],
    "out_cols": [
      25,
      35,
      1,
      38,
      41,
      15,
      28,
      14,
      40,
      46,
      32,
      34,
      7,
      11,
      23,
      44,
      13,
      29,
      5,
      30,
      19,
      31,
      20,
      21,
      12,
      9,
      0,
      6,
      4,
      47,
      17,
      24,
      8,
      33,
      26,
      3,
      37,
      16,
      10,
      42,
      2,
      18,
      36,
      39,
      22,
      27,
      43,
      45
    ]
  },
  "best_seen": {
    "discrete_mse": 6.9512248039245605,
    "order": [
      [
        59,
        7
      ],
      [
        3,
        72
      ],
      [
        95,
        52
      ],
      [
        58,
        78
      ],
      [
        44,
        82
      ],
      [
        56,
        30
      ],
      [
        74,
        55
      ],
      [
        42,
        29
      ],
      [
        94,
        80
      ],
      [
        37,
        93
      ],
      [
        69,
        67
      ],
      [
        18,
        71
      ],
      [
        28,
        19
      ],
      [
        35,
        24
      ],
      [
        68,
        47
      ],
      [
        73,
        90
      ],
      [
        86,
        26
      ],
      [
        50,
        57
      ],
      [
        10,
        12
      ],
      [
        87,
        63
      ],
      [
        31,
        36
      ],
      [
        84,
        66
      ],
      [
        23,
        38
      ],
      [
        1,
        40
      ],
      [
        16,
        25
      ],
      [
        49,
        21
      ],
      [
        81,
        6
      ],
      [
        0,
        17
      ],
      [
        13,
        11
      ],
      [
        5,
        96
      ],
      [
        14,
        33
      ],
      [
        65,
        51
      ],
      [
        77,
        20
      ],
      [
        48,
        70
      ],
      [
        61,
        53
      ],
      [
        91,
        9
      ],
      [
        62,
        76
      ],
      [
        2,
        32
      ],
      [
        60,
        22
      ],
      [
        45,
        83
      ],
      [
        4,
        8
      ],
      [
        88,
        34
      ],
      [
        41,
        75
      ],
      [
        43,
        79
      ],
      [
        27,
        46
      ],
      [
        64,
        54
      ],
      [
        15,
        89
      ],
      [
        39,
        92
      ]
    ],
    "in_cols": [
      29,
      3,
      47,
      28,
      22,
      27,
      38,
      20,
      46,
      17,
      36,
      11,
      14,
      16,
      35,
      37,
      42,
      26,
      6,
      43,
      15,
      41,
      12,
      1,
      10,
      25,
      40,
      0,
      7,
      5,
      8,
      34,
      39,
      24,
      31,
      45,
      32,
      2,
      30,
      23,
      4,
      44,
      19,
      21,
      13,
      33,
      9,
      18
    ],
    "out_cols": [
      1,
      35,
      25,
      38,
      41,
      15,
      28,
      14,
      40,
      46,
      32,
      34,
      7,
      11,
      23,
      44,
      13,
      29,
      5,
      30,
      19,
      31,
      20,
      21,
      12,
      9,
      0,
      6,
      4,
      47,
      17,
      24,
      8,
      33,
      26,
      3,
      37,
      16,
      10,
      42,
      2,
      18,
      36,
      39,
      22,
      27,
      43,
      45
    ]
  }
}