{
  "config": {
    "steps": 900,
    "lr": 0.03,
    "tau_start": 1.0,
    "tau_end": 0.028,
    "sinkhorn_iters": 30,
    "lambda_ent": 0.0003,
    "train_subsample": 4096,
    "seed": 13102,
    "device": "cuda"
  },
  "final": {
    "soft_mse_full": 0.4576641619205475,
    "discrete_mse": 15.887146949768066,
    "hash_match": false,
    "perm_str": "95,75,59,52,3,72,39,63,74,55,56,30,44,82,68,29,88,54,58,78,18,67,42,90,86,47,10,80,35,24,73,19,37,57,28,7,87,71,94,38,50,26,1,40,31,93,27,25,23,36,0,17,91,53,15,6,60,33,45,11,77,92,81,20,5,12,43,70,65,96,48,76,14,32,62,83,49,46,64,21,69,51,84,34,61,66,13,9,16,89,4,79,41,22,2,8,85",
    "in_cols": [
      47,
      29,
      3,
      18,
      38,
      27,
      22,
      35,
      44,
      28,
      11,
      20,
      42,
      6,
      16,
      37,
      17,
      14,
      43,
      46,
      26,
      1,
      15,
      13,
      12,
      0,
      45,
      9,
      30,
      23,
      39,
      40,
      5,
      21,
      34,
      24,
      8,
      32,
      25,
      33,
      36,
      41,
      31,
      7,
      10,
      4,
      19,
      2
    ],
    "out_cols": [
      36,
      25,
      35,
      30,
      28,
      15,
      41,
      14,
      27,
      38,
      32,
      44,
      23,
      40,
      11,
      7,
      29,
      1,
      34,
      20,
      13,
      21,
      46,
      12,
      19,
      6,
      26,
      0,
      17,
      4,
      45,
      8,
      5,
      33,
      47,
      37,
      16,
      42,
      22,
      9,
      24,
      18,
      31,
      3,
      43,
      39,
      10,
      2
    ]
  },
  "best_seen": {
    "discrete_mse": 8.258008003234863,
    "order": [
      [
        95,
        75
      ],
      [
        59,
        52
      ],
      [
        3,
        72
      ],
      [
        39,
        63
      ],
      [
        74,
        55
      ],
      [
        56,
        30
      ],
      [
        44,
        82
      ],
      [
        68,
        29
      ],
      [
        88,
        54
      ],
      [
        58,
        78
      ],
      [
        18,
        67
      ],
      [
        42,
        90
      ],
      [
        86,
        47
      ],
      [
        16,
        80
      ],
      [
        35,
        24
      ],
      [
        73,
        19
      ],
      [
        37,
        57
      ],
      [
        28,
        7
      ],
      [
        87,
        71
      ],
      [
        94,
        38
      ],
      [
        50,
        26
      ],
      [
        1,
        40
      ],
      [
        31,
        93
      ],
      [
        84,
        25
      ],
      [
        23,
        36
      ],
      [
        0,
        17
      ],
      [
        61,
        53
      ],
      [
        15,
        6
      ],
      [
        60,
        33
      ],
      [
        77,
        11
      ],
      [
        91,
        92
      ],
      [
        81,
        20
      ],
      [
        5,
        12
      ],
      [
        43,
        70
      ],
      [
        65,
        96
      ],
      [
        48,
        76
      ],
      [
        14,
        32
      ],
      [
        62,
        83
      ],
      [
        10,
        46
      ],
      [
        64,
        21
      ],
      [
        69,
        51
      ],
      [
        49,
        34
      ],
      [
        45,
        66
      ],
      [
        13,
        9
      ],
      [
        27,
        89
      ],
      [
        4,
        79
      ],
      [
        41,
        22
      ],
      [
        2,
        8
      ]
    ],
    "in_cols": [
      47,
      29,
      3,
      18,
      38,
      27,
      22,
      35,
      44,
      28,
      11,
      20,
      42,
      10,
      16,
      37,
      17,
      14,
      43,
      46,
      26,
      1,
      15,
      41,
      12,
      0,
      31,
      9,
      30,
      39,
      45,
      40,
      5,
      21,
      34,
      24,
      8,
      32,
      6,
      33,
      36,
      25,
      23,
      7,
      13,
      4,
      19,
      2
    ],
    "out_cols": [
      36,
      25,
      35,
      30,
      28,
      15,
      41,
      14,
      27,
      38,
      32,
      44,
      23,
      40,
      11,
      7,
      29,
      1,
      34,
      20,
      13,
      21,
      46,
      12,
      19,
      6,
      26,
      0,
      17,
      4,
      45,
      8,
      5,
      33,
      47,
      37,
      16,
      42,
      22,
      9,
      24,
      18,
      31,
      3,
      43,
      39,
      10,
      2
    ]
  }
}