{
  "config": {
    "steps": 900,
    "lr": 0.03,
    "tau_start": 1.0,
    "tau_end": 0.028,
    "sinkhorn_iters": 30,
    "lambda_ent": 0.0003,
    "train_subsample": 4096,
    "seed": 10702,
    "device": "cuda"
  },
  "final": {
    "soft_mse_full": 0.5037465691566467,
    "discrete_mse": 24.634183883666992,
    "hash_match": false,
    "perm_str": "59,52,3,72,39,55,95,63,56,30,5,78,44,82,42,93,18,80,10,29,68,38,28,19,87,90,35,67,50,24,73,47,15,40,86,7,37,57,48,71,94,53,1,36,14,25,91,26,64,75,62,6,0,17,81,11,27,51,65,96,4,33,77,20,16,70,43,9,31,89,49,76,23,66,13,54,84,83,61,32,41,46,2,34,74,22,69,8,58,92,60,21,45,12,88,79,85",
    "in_cols": [
      29,
      3,
      18,
      47,
      27,
      5,
      22,
      20,
      11,
      6,
      35,
      14,
      43,
      16,
      26,
      37,
      9,
      42,
      17,
      24,
      46,
      1,
      8,
      45,
      33,
      32,
      0,
      40,
      13,
      34,
      4,
      39,
      10,
      21,
      15,
      25,
      12,
      7,
      41,
      31,
      19,
      2,
      38,
      36,
      28,
      30,
      23,
      44
    ],
    "out_cols": [
      25,
      35,
      28,
      30,
      15,
      38,
      41,
      46,
      40,
      14,
      20,
      7,
      44,
      32,
      11,
      23,
      21,
      1,
      29,
      34,
      26,
      19,
      12,
      13,
      36,
      0,
      6,
      4,
      24,
      47,
      17,
      8,
      33,
      3,
      43,
      37,
      31,
      27,
      42,
      16,
      22,
      18,
      10,
      2,
      45,
      9,
      5,
      39
    ]
  },
  "best_seen": {
    "discrete_mse": 12.309432029724121,
    "order": [
      [
        59,
        52
      ],
      [
        39,
        72
      ],
      [
        73,
        93
      ],
      [
        95,
        29
      ],
      [
        74,
        82
      ],
      [
        56,
        78
      ],
      [
        44,
        80
      ],
      [
        42,
        55
      ],
      [
        88,
        38
      ],
      [
        58,
        83
      ],
      [
        86,
        40
      ],
      [
        28,
        19
      ],
      [
        10,
        47
      ],
      [
        18,
        67
      ],
      [
        37,
        90
      ],
      [
        68,
        24
      ],
      [
        15,
        7
      ],
      [
        35,
        53
      ],
      [
        50,
        63
      ],
      [
        94,
        71
      ],
      [
        3,
        26
      ],
      [
        31,
        25
      ],
      [
        87,
        36
      ],
      [
        1,
        12
      ],
      [
        23,
        75
      ],
      [
        62,
        76
      ],
      [
        14,
        17
      ],
      [
        77,
        11
      ],
      [
        5,
        51
      ],
      [
        81,
        20
      ],
      [
        4,
        6
      ],
      [
        65,
        96
      ],
      [
        16,
        70
      ],
      [
        2,
        9
      ],
      [
        91,
        30
      ],
      [
        45,
        46
      ],
      [
        61,
        66
      ],
      [
        13,
        33
      ],
      [
        49,
        89
      ],
      [
        0,
        22
      ],
      [
        69,
        32
      ],
      [
        48,
        57
      ],
      [
        43,
        54
      ],
      [
        41,
        8
      ],
      [
        60,
        92
      ],
      [
        84,
        79
      ],
      [
        64,
        34
      ],
      [
        27,
        21
      ]
    ],
    "in_cols": [
      29,
      18,
      37,
      47,
      38,
      27,
      22,
      20,
      44,
      28,
      42,
      14,
      6,
      11,
      17,
      35,
      9,
      16,
      26,
      46,
      3,
      15,
      43,
      1,
      12,
      32,
      8,
      39,
      5,
      40,
      4,
      34,
      10,
      2,
      45,
      23,
      31,
      7,
      25,
      0,
      36,
      24,
      21,
      19,
      30,
      41,
      33,
      13
    ],
    "out_cols": [
      25,
      35,
      46,
      14,
      41,
      38,
      40,
      28,
      20,
      42,
      21,
      7,
      23,
      32,
      44,
      11,
      1,
      26,
      30,
      34,
      13,
      12,
      19,
      5,
      36,
      37,
      6,
      4,
      24,
      8,
      0,
      47,
      33,
      3,
      15,
      22,
      31,
      17,
      43,
      10,
      16,
      29,
      27,
      2,
      45,
      39,
      18,
      9
    ]
  }
}