{
  "config": {
    "steps": 900,
    "lr": 0.03,
    "tau_start": 1.0,
    "tau_end": 0.028,
    "sinkhorn_iters": 30,
    "lambda_ent": 0.0003,
    "train_subsample": 4096,
    "seed": 27602,
    "device": "cuda"
  },
  "final": {
    "soft_mse_full": 0.5539084076881409,
    "discrete_mse": 169.99339294433594,
    "hash_match": false,
    "perm_str": "95,52,39,25,27,72,74,55,14,30,44,78,68,82,94,93,42,38,58,29,18,83,86,47,37,90,28,19,1,7,15,67,73,57,50,80,10,40,35,24,3,26,31,36,87,71,23,63,59,11,77,76,81,6,62,51,16,12,4,20,45,33,65,96,48,70,43,9,0,75,13,89,61,53,2,66,84,79,69,8,49,46,5,54,88,34,91,32,64,21,60,22,56,92,41,17,85",
    "in_cols": [
      47,
      18,
      13,
      38,
      8,
      22,
      35,
      46,
      20,
      28,
      11,
      42,
      17,
      14,
      1,
      9,
      37,
      26,
      6,
      16,
      3,
      15,
      43,
      12,
      29,
      39,
      40,
      32,
      10,
      4,
      23,
      34,
      24,
      21,
      0,
      7,
      31,
      2,
      41,
      36,
      25,
      5,
      44,
      45,
      33,
      30,
      27,
      19
    ],
    "out_cols": [
      25,
      12,
      35,
      28,
      15,
      38,
      41,
      46,
      20,
      14,
      42,
      23,
      44,
      7,
      1,
      32,
      29,
      40,
      21,
      11,
      13,
      19,
      34,
      30,
      4,
      37,
      0,
      24,
      5,
      8,
      17,
      47,
      33,
      3,
      36,
      43,
      26,
      31,
      39,
      2,
      22,
      27,
      18,
      16,
      9,
      10,
      45,
      6
    ]
  },
  "best_seen": {
    "discrete_mse": 1.3194468021392822,
    "order": [
      [
        95,
        52
      ],
      [
        59,
        30
      ],
      [
        73,
        72
      ],
      [
        39,
        55
      ],
      [
        14,
        82
      ],
      [
        44,
        78
      ],
      [
        68,
        93
      ],
      [
        94,
        80
      ],
      [
        42,
        38
      ],
      [
        88,
        29
      ],
      [
        58,
        83
      ],
      [
        18,
        47
      ],
      [
        86,
        90
      ],
      [
        28,
        19
      ],
      [
        1,
        7
      ],
      [
        37,
        67
      ],
      [
        15,
        57
      ],
      [
        50,
        24
      ],
      [
        10,
        40
      ],
      [
        35,
        25
      ],
      [
        3,
        26
      ],
      [
        31,
        36
      ],
      [
        87,
        71
      ],
      [
        23,
        63
      ],
      [
        5,
        11
      ],
      [
        77,
        76
      ],
      [
        81,
        6
      ],
      [
        62,
        51
      ],
      [
        16,
        12
      ],
      [
        65,
        20
      ],
      [
        45,
        33
      ],
      [
        91,
        96
      ],
      [
        48,
        70
      ],
      [
        43,
        9
      ],
      [
        4,
        75
      ],
      [
        13,
        89
      ],
      [
        61,
        53
      ],
      [
        84,
        66
      ],
      [
        74,
        79
      ],
      [
        69,
        8
      ],
      [
        0,
        46
      ],
      [
        64,
        54
      ],
      [
        60,
        34
      ],
      [
        2,
        32
      ],
      [
        49,
        21
      ],
      [
        41,
        22
      ],
      [
        56,
        92
      ],
      [
        27,
        17
      ]
    ],
    "in_cols": [
      47,
      29,
      37,
      18,
      8,
      22,
      35,
      46,
      20,
      44,
      28,
      11,
      42,
      14,
      1,
      17,
      9,
      26,
      6,
      16,
      3,
      15,
      43,
      12,
      5,
      39,
      40,
      32,
      10,
      34,
      23,
      45,
      24,
      21,
      4,
      7,
      31,
      41,
      38,
      36,
      0,
      33,
      30,
      2,
      25,
      19,
      27,
      13
    ],
    "out_cols": [
      25,
      15,
      35,
      28,
      41,
      38,
      46,
      40,
      20,
      14,
      42,
      23,
      44,
      7,
      1,
      32,
      29,
      11,
      21,
      12,
      13,
      19,
      34,
      30,
      4,
      37,
      0,
      24,
      5,
      8,
      17,
      47,
      33,
      3,
      36,
      43,
      26,
      31,
      39,
      2,
      22,
      27,
      18,
      16,
      9,
      10,
      45,
      6
    ]
  }
}