{
  "config": {
    "steps": 900,
    "lr": 0.03,
    "tau_start": 1.0,
    "tau_end": 0.028,
    "sinkhorn_iters": 30,
    "lambda_ent": 0.0003,
    "train_subsample": 4096,
    "seed": 7202,
    "device": "cuda"
  },
  "final": {
    "soft_mse_full": 0.39840030670166016,
    "discrete_mse": 42.727455139160156,
    "hash_match": false,
    "perm_str": "59,52,39,72,95,66,27,30,44,82,74,19,84,63,42,55,94,80,69,93,86,29,68,36,18,71,37,67,73,47,28,7,35,24,87,90,3,38,48,57,10,12,1,40,50,26,31,75,23,25,14,17,81,8,4,51,77,11,91,92,65,33,45,20,15,6,61,53,16,96,62,32,13,83,2,9,56,70,5,76,49,54,0,79,88,22,60,46,58,89,43,78,64,21,41,34,85",
    "in_cols": [
      29,
      18,
      47,
      13,
      22,
      38,
      41,
      20,
      46,
      36,
      42,
      35,
      11,
      17,
      37,
      14,
      16,
      43,
      3,
      24,
      6,
      1,
      26,
      15,
      12,
      8,
      40,
      4,
      39,
      45,
      34,
      23,
      9,
      31,
      10,
      32,
      7,
      2,
      27,
      5,
      25,
      0,
      44,
      30,
      28,
      21,
      33,
      19
    ],
    "out_cols": [
      25,
      35,
      31,
      15,
      41,
      7,
      30,
      28,
      40,
      46,
      14,
      19,
      34,
      32,
      23,
      1,
      11,
      44,
      20,
      29,
      5,
      21,
      13,
      36,
      12,
      6,
      2,
      24,
      4,
      45,
      17,
      8,
      0,
      26,
      47,
      16,
      42,
      3,
      33,
      37,
      27,
      39,
      10,
      22,
      43,
      38,
      9,
      18
    ]
  },
  "best_seen": {
    "discrete_mse": 19.124080657958984,
    "order": [
      [
        59,
        52
      ],
      [
        39,
        72
      ],
      [
        95,
        66
      ],
      [
        73,
        30
      ],
      [
        44,
        82
      ],
      [
        74,
        19
      ],
      [
        84,
        63
      ],
      [
        42,
        55
      ],
      [
        94,
        80
      ],
      [
        69,
        71
      ],
      [
        86,
        29
      ],
      [
        68,
        36
      ],
      [
        18,
        38
      ],
      [
        15,
        67
      ],
      [
        37,
        47
      ],
      [
        28,
        7
      ],
      [
        35,
        24
      ],
      [
        87,
        90
      ],
      [
        3,
        25
      ],
      [
        48,
        57
      ],
      [
        10,
        12
      ],
      [
        1,
        40
      ],
      [
        50,
        26
      ],
      [
        31,
        75
      ],
      [
        23,
        93
      ],
      [
        14,
        17
      ],
      [
        81,
        8
      ],
      [
        4,
        51
      ],
      [
        77,
        11
      ],
      [
        91,
        92
      ],
      [
        65,
        33
      ],
      [
        45,
        20
      ],
      [
        5,
        6
      ],
      [
        61,
        53
      ],
      [
        16,
        96
      ],
      [
        62,
        32
      ],
      [
        13,
        83
      ],
      [
        2,
        9
      ],
      [
        0,
        70
      ],
      [
        56,
        76
      ],
      [
        49,
        54
      ],
      [
        27,
        79
      ],
      [
        88,
        22
      ],
      [
        60,
        46
      ],
      [
        58,
        89
      ],
      [
        43,
        78
      ],
      [
        64,
        21
      ],
      [
        41,
        34
      ]
    ],
    "in_cols": [
      29,
      18,
      47,
      37,
      22,
      38,
      41,
      20,
      46,
      36,
      42,
      35,
      11,
      9,
      17,
      14,
      16,
      43,
      3,
      24,
      6,
      1,
      26,
      15,
      12,
      8,
      40,
      4,
      39,
      45,
      34,
      23,
      5,
      31,
      10,
      32,
      7,
      2,
      0,
      27,
      25,
      13,
      44,
      30,
      28,
      21,
      33,
      19
    ],
    "out_cols": [
      25,
      35,
      31,
      15,
      41,
      7,
      30,
      28,
      40,
      34,
      14,
      19,
      20,
      32,
      23,
      1,
      11,
      44,
      12,
      29,
      5,
      21,
      13,
      36,
      46,
      6,
      2,
      24,
      4,
      45,
      17,
      8,
      0,
      26,
      47,
      16,
      42,
      3,
      33,
      37,
      27,
      39,
      10,
      22,
      43,
      38,
      9,
      18
    ]
  }
}