{
  "config": {
    "steps": 700,
    "lr": 0.02,
    "tau_start": 1.0,
    "tau_end": 0.03,
    "sinkhorn_iters": 30,
    "lambda_ent": 0.0003,
    "train_subsample": 0,
    "seed": 19503,
    "device": "cuda"
  },
  "final": {
    "soft_mse_full": 0.3622369170188904,
    "discrete_mse": 263.97320556640625,
    "hash_match": false,
    "perm_str": "59,30,42,72,39,52,95,80,44,82,56,78,74,55,68,29,18,83,94,93,86,90,58,54,48,19,10,7,73,24,15,67,37,47,35,57,1,40,50,26,3,53,31,36,87,38,28,71,84,25,14,11,27,51,4,63,65,33,81,6,77,92,43,70,16,20,5,96,62,75,61,32,13,9,91,89,0,17,23,8,49,46,69,76,64,79,41,34,88,22,45,12,60,66,2,21,85",
    "in_cols": [
      29,
      20,
      18,
      47,
      22,
      27,
      38,
      35,
      11,
      46,
      42,
      28,
      24,
      6,
      37,
      9,
      17,
      16,
      1,
      26,
      3,
      15,
      43,
      14,
      41,
      8,
      13,
      4,
      34,
      40,
      39,
      21,
      10,
      5,
      32,
      31,
      7,
      45,
      0,
      12,
      25,
      36,
      33,
      19,
      44,
      23,
      30,
      2
    ],
    "out_cols": [
      15,
      35,
      25,
      40,
      41,
      38,
      28,
      14,
      42,
      46,
      44,
      27,
      7,
      1,
      11,
      32,
      23,
      29,
      21,
      13,
      26,
      19,
      20,
      34,
      12,
      4,
      24,
      30,
      17,
      0,
      45,
      33,
      8,
      47,
      36,
      16,
      3,
      43,
      6,
      2,
      22,
      37,
      39,
      18,
      10,
      5,
      31,
      9
    ]
  },
  "best_seen": {
    "discrete_mse": 31.881492614746094,
    "order": [
      [
        59,
        30
      ],
      [
        73,
        72
      ],
      [
        39,
        52
      ],
      [
        95,
        80
      ],
      [
        44,
        82
      ],
      [
        18,
        78
      ],
      [
        74,
        55
      ],
      [
        42,
        29
      ],
      [
        94,
        83
      ],
      [
        49,
        93
      ],
      [
        86,
        7
      ],
      [
        58,
        90
      ],
      [
        48,
        19
      ],
      [
        10,
        17
      ],
      [
        35,
        24
      ],
      [
        15,
        67
      ],
      [
        37,
        47
      ],
      [
        87,
        57
      ],
      [
        1,
        40
      ],
      [
        50,
        26
      ],
      [
        3,
        53
      ],
      [
        31,
        36
      ],
      [
        23,
        38
      ],
      [
        28,
        71
      ],
      [
        84,
        25
      ],
      [
        14,
        11
      ],
      [
        5,
        51
      ],
      [
        4,
        63
      ],
      [
        65,
        33
      ],
      [
        81,
        6
      ],
      [
        77,
        92
      ],
      [
        43,
        70
      ],
      [
        16,
        20
      ],
      [
        91,
        96
      ],
      [
        62,
        75
      ],
      [
        61,
        32
      ],
      [
        45,
        9
      ],
      [
        13,
        89
      ],
      [
        0,
        54
      ],
      [
        60,
        8
      ],
      [
        27,
        46
      ],
      [
        69,
        76
      ],
      [
        68,
        79
      ],
      [
        41,
        34
      ],
      [
        88,
        22
      ],
      [
        64,
        12
      ],
      [
        56,
        66
      ],
      [
        2,
        21
      ]
    ],
    "in_cols": [
      29,
      37,
      18,
      47,
      22,
      11,
      38,
      20,
      46,
      25,
      42,
      28,
      24,
      6,
      16,
      9,
      17,
      43,
      1,
      26,
      3,
      15,
      12,
      14,
      41,
      8,
      5,
      4,
      34,
      40,
      39,
      21,
      10,
      45,
      32,
      31,
      23,
      7,
      0,
      30,
      13,
      36,
      35,
      19,
      44,
      33,
      27,
      2
    ],
    "out_cols": [
      15,
      35,
      25,
      40,
      41,
      38,
      28,
      14,
      42,
      46,
      1,
      44,
      7,
      6,
      11,
      32,
      23,
      29,
      21,
      13,
      26,
      19,
      20,
      34,
      12,
      4,
      24,
      30,
      17,
      0,
      45,
      33,
      8,
      47,
      36,
      16,
      3,
      43,
      27,
      2,
      22,
      37,
      39,
      18,
      10,
      5,
      31,
      9
    ]
  }
}