{
  "config": {
    "steps": 700,
    "lr": 0.015,
    "tau_start": 1.0,
    "tau_end": 0.025,
    "sinkhorn_iters": 30,
    "lambda_ent": 0.0001,
    "train_subsample": 0,
    "seed": 15804,
    "device": "cuda"
  },
  "final": {
    "soft_mse_full": 0.3696395456790924,
    "discrete_mse": 1.7291829586029053,
    "hash_match": false,
    "perm_str": "39,52,59,30,95,29,41,82,44,78,74,55,73,80,42,7,68,36,58,93,18,83,94,90,28,19,35,24,37,57,48,40,15,67,86,47,31,70,14,63,50,25,3,26,87,71,1,38,23,72,81,75,64,11,5,32,43,66,45,33,62,6,77,20,4,96,16,89,0,17,65,53,49,9,56,34,27,46,13,76,69,54,91,8,2,51,84,79,10,92,60,22,88,12,61,21,85",
    "in_cols": [
      18,
      29,
      47,
      19,
      22,
      38,
      37,
      20,
      35,
      28,
      11,
      46,
      14,
      16,
      17,
      24,
      9,
      42,
      15,
      8,
      26,
      3,
      43,
      1,
      12,
      40,
      33,
      5,
      21,
      23,
      32,
      39,
      4,
      10,
      0,
      34,
      25,
      27,
      13,
      7,
      36,
      45,
      2,
      41,
      6,
      30,
      44,
      31
    ],
    "out_cols": [
      25,
      15,
      14,
      41,
      38,
      28,
      40,
      1,
      19,
      46,
      42,
      44,
      7,
      11,
      29,
      21,
      32,
      23,
      33,
      30,
      12,
      13,
      34,
      20,
      35,
      36,
      4,
      16,
      31,
      17,
      0,
      8,
      47,
      43,
      6,
      26,
      3,
      18,
      22,
      37,
      27,
      2,
      24,
      39,
      45,
      10,
      5,
      9
    ]
  },
  "best_seen": {
    "discrete_mse": 9.239686965942383,
    "order": [
      [
        59,
        52
      ],
      [
        39,
        30
      ],
      [
        95,
        29
      ],
      [
        41,
        82
      ],
      [
        44,
        78
      ],
      [
        74,
        55
      ],
      [
        73,
        80
      ],
      [
        42,
        7
      ],
      [
        68,
        36
      ],
      [
        58,
        93
      ],
      [
        18,
        83
      ],
      [
        94,
        90
      ],
      [
        28,
        19
      ],
      [
        35,
        24
      ],
      [
        37,
        57
      ],
      [
        48,
        40
      ],
      [
        15,
        67
      ],
      [
        86,
        47
      ],
      [
        31,
        70
      ],
      [
        14,
        63
      ],
      [
        50,
        25
      ],
      [
        3,
        26
      ],
      [
        87,
        71
      ],
      [
        1,
        38
      ],
      [
        23,
        72
      ],
      [
        81,
        75
      ],
      [
        64,
        11
      ],
      [
        4,
        32
      ],
      [
        43,
        66
      ],
      [
        45,
        33
      ],
      [
        5,
        6
      ],
      [
        77,
        20
      ],
      [
        16,
        96
      ],
      [
        62,
        89
      ],
      [
        0,
        17
      ],
      [
        65,
        53
      ],
      [
        49,
        9
      ],
      [
        56,
        34
      ],
      [
        27,
        46
      ],
      [
        13,
        76
      ],
      [
        69,
        54
      ],
      [
        91,
        8
      ],
      [
        2,
        51
      ],
      [
        84,
        79
      ],
      [
        10,
        92
      ],
      [
        60,
        22
      ],
      [
        88,
        12
      ],
      [
        61,
        21
      ]
    ],
    "in_cols": [
      29,
      18,
      47,
      19,
      22,
      38,
      37,
      20,
      35,
      28,
      11,
      46,
      14,
      16,
      17,
      24,
      9,
      42,
      15,
      8,
      26,
      3,
      43,
      1,
      12,
      40,
      33,
      4,
      21,
      23,
      5,
      39,
      10,
      32,
      0,
      34,
      25,
      27,
      13,
      7,
      36,
      45,
      2,
      41,
      6,
      30,
      44,
      31
    ],
    "out_cols": [
      25,
      15,
      14,
      41,
      38,
      28,
      40,
      1,
      19,
      46,
      42,
      44,
      7,
      11,
      29,
      21,
      32,
      23,
      33,
      30,
      12,
      13,
      34,
      20,
      35,
      36,
      4,
      16,
      31,
      17,
      0,
      8,
      47,
      43,
      6,
      26,
      3,
      18,
      22,
      37,
      27,
      2,
      24,
      39,
      45,
      10,
      5,
      9
    ]
  }
}