{
  "config": {
    "steps": 900,
    "lr": 0.03,
    "tau_start": 1.0,
    "tau_end": 0.03,
    "sinkhorn_iters": 30,
    "lambda_ent": 0.0003,
    "train_subsample": 4096,
    "seed": 19901,
    "device": "cuda"
  },
  "final": {
    "soft_mse_full": 0.5371337532997131,
    "discrete_mse": 10.864691734313965,
    "hash_match": false,
    "perm_str": "95,75,59,52,73,93,87,55,74,82,56,30,44,78,42,29,88,63,39,83,18,80,35,57,15,67,68,47,48,24,10,19,50,7,3,26,28,71,31,25,94,53,84,36,1,40,37,38,16,21,65,90,5,70,4,17,81,11,13,92,62,6,86,51,45,33,77,96,91,20,0,79,2,34,14,9,23,22,49,54,69,8,43,76,41,12,60,66,27,32,64,72,61,46,58,89,85",
    "in_cols": [
      47,
      29,
      37,
      43,
      38,
      27,
      22,
      20,
      44,
      18,
      11,
      16,
      9,
      35,
      24,
      6,
      26,
      3,
      14,
      15,
      46,
      41,
      1,
      17,
      10,
      34,
      5,
      4,
      40,
      7,
      32,
      42,
      23,
      39,
      45,
      0,
      2,
      8,
      12,
      25,
      36,
      21,
      19,
      30,
      13,
      33,
      31,
      28
    ],
    "out_cols": [
      36,
      25,
      46,
      28,
      41,
      15,
      38,
      14,
      30,
      42,
      40,
      29,
      32,
      23,
      11,
      7,
      1,
      13,
      34,
      12,
      26,
      19,
      21,
      20,
      9,
      44,
      33,
      6,
      4,
      45,
      0,
      24,
      17,
      47,
      8,
      39,
      18,
      3,
      10,
      27,
      2,
      37,
      5,
      31,
      16,
      35,
      22,
      43
    ]
  },
  "best_seen": {
    "discrete_mse": 2.3443264961242676,
    "order": [
      [
        95,
        75
      ],
      [
        59,
        52
      ],
      [
        73,
        93
      ],
      [
        86,
        55
      ],
      [
        74,
        82
      ],
      [
        56,
        30
      ],
      [
        44,
        78
      ],
      [
        42,
        29
      ],
      [
        88,
        63
      ],
      [
        39,
        83
      ],
      [
        18,
        80
      ],
      [
        35,
        57
      ],
      [
        15,
        67
      ],
      [
        68,
        47
      ],
      [
        48,
        24
      ],
      [
        10,
        19
      ],
      [
        50,
        7
      ],
      [
        3,
        26
      ],
      [
        28,
        71
      ],
      [
        31,
        25
      ],
      [
        94,
        53
      ],
      [
        87,
        36
      ],
      [
        1,
        40
      ],
      [
        37,
        38
      ],
      [
        16,
        21
      ],
      [
        65,
        90
      ],
      [
        5,
        70
      ],
      [
        4,
        17
      ],
      [
        81,
        11
      ],
      [
        13,
        92
      ],
      [
        62,
        6
      ],
      [
        60,
        51
      ],
      [
        45,
        33
      ],
      [
        77,
        96
      ],
      [
        91,
        20
      ],
      [
        0,
        79
      ],
      [
        2,
        34
      ],
      [
        14,
        9
      ],
      [
        23,
        22
      ],
      [
        49,
        54
      ],
      [
        69,
        8
      ],
      [
        43,
        76
      ],
      [
        41,
        12
      ],
      [
        84,
        66
      ],
      [
        27,
        32
      ],
      [
        64,
        72
      ],
      [
        61,
        46
      ],
      [
        58,
        89
      ]
    ],
    "in_cols": [
      47,
      29,
      37,
      42,
      38,
      27,
      22,
      20,
      44,
      18,
      11,
      16,
      9,
      35,
      24,
      6,
      26,
      3,
      14,
      15,
      46,
      43,
      1,
      17,
      10,
      34,
      5,
      4,
      40,
      7,
      32,
      30,
      23,
      39,
      45,
      0,
      2,
      8,
      12,
      25,
      36,
      21,
      19,
      41,
      13,
      33,
      31,
      28
    ],
    "out_cols": [
      36,
      25,
      46,
      28,
      41,
      15,
      38,
      14,
      30,
      42,
      40,
      29,
      32,
      23,
      11,
      7,
      1,
      13,
      34,
      12,
      26,
      19,
      21,
      20,
      9,
      44,
      33,
      6,
      4,
      45,
      0,
      24,
      17,
      47,
      8,
      39,
      18,
      3,
      10,
      27,
      2,
      37,
      5,
      31,
      16,
      35,
      22,
      43
    ]
  }
}