{
  "config": {
    "steps": 700,
    "lr": 0.02,
    "tau_start": 1.0,
    "tau_end": 0.03,
    "sinkhorn_iters": 30,
    "lambda_ent": 0.0003,
    "train_subsample": 0,
    "seed": 16703,
    "device": "cuda"
  },
  "final": {
    "soft_mse_full": 0.4023197293281555,
    "discrete_mse": 6.355952262878418,
    "hash_match": false,
    "perm_str": "59,52,48,30,74,72,95,93,44,82,86,78,39,55,42,80,58,7,18,29,35,90,94,75,37,40,28,19,10,57,15,67,73,47,50,24,87,71,68,63,3,25,31,36,1,38,0,26,64,53,14,17,77,11,27,79,4,70,81,6,45,33,16,20,62,96,13,83,65,32,84,9,91,76,41,34,49,21,61,22,5,92,23,54,2,12,56,66,69,51,60,46,43,89,88,8,85",
    "in_cols": [
      29,
      24,
      38,
      47,
      22,
      42,
      18,
      20,
      28,
      11,
      16,
      46,
      17,
      14,
      6,
      9,
      37,
      26,
      43,
      35,
      3,
      15,
      1,
      0,
      33,
      8,
      39,
      13,
      4,
      40,
      23,
      10,
      32,
      7,
      34,
      41,
      45,
      19,
      25,
      31,
      5,
      12,
      2,
      27,
      36,
      30,
      21,
      44
    ],
    "out_cols": [
      25,
      15,
      35,
      46,
      41,
      38,
      28,
      40,
      1,
      14,
      44,
      36,
      21,
      7,
      29,
      32,
      23,
      11,
      34,
      30,
      12,
      19,
      20,
      13,
      26,
      6,
      4,
      39,
      33,
      0,
      17,
      8,
      47,
      42,
      16,
      3,
      37,
      18,
      9,
      10,
      45,
      27,
      5,
      31,
      24,
      22,
      43,
      2
    ]
  },
  "best_seen": {
    "discrete_mse": 14.944028854370117,
    "order": [
      [
        37,
        11
      ],
      [
        56,
        78
      ],
      [
        44,
        29
      ],
      [
        42,
        30
      ],
      [
        59,
        72
      ],
      [
        86,
        55
      ],
      [
        74,
        93
      ],
      [
        39,
        19
      ],
      [
        94,
        57
      ],
      [
        95,
        83
      ],
      [
        18,
        24
      ],
      [
        3,
        90
      ],
      [
        58,
        67
      ],
      [
        10,
        82
      ],
      [
        1,
        7
      ],
      [
        62,
        52
      ],
      [
        50,
        63
      ],
      [
        48,
        80
      ],
      [
        87,
        66
      ],
      [
        35,
        47
      ],
      [
        91,
        38
      ],
      [
        31,
        36
      ],
      [
        73,
        26
      ],
      [
        28,
        71
      ],
      [
        64,
        25
      ],
      [
        14,
        33
      ],
      [
        4,
        51
      ],
      [
        5,
        40
      ],
      [
        27,
        92
      ],
      [
        49,
        20
      ],
      [
        81,
        6
      ],
      [
        65,
        32
      ],
      [
        16,
        70
      ],
      [
        60,
        53
      ],
      [
        23,
        76
      ],
      [
        77,
        89
      ],
      [
        0,
        75
      ],
      [
        2,
        96
      ],
      [
        15,
        9
      ],
      [
        45,
        21
      ],
      [
        61,
        54
      ],
      [
        68,
        22
      ],
      [
        13,
        8
      ],
      [
        84,
        12
      ],
      [
        88,
        46
      ],
      [
        69,
        79
      ],
      [
        41,
        34
      ],
      [
        43,
        17
      ]
    ],
    "in_cols": [
      17,
      27,
      22,
      20,
      29,
      42,
      38,
      18,
      46,
      47,
      11,
      3,
      28,
      6,
      1,
      32,
      26,
      24,
      43,
      16,
      45,
      15,
      37,
      14,
      33,
      8,
      4,
      5,
      13,
      25,
      40,
      34,
      10,
      30,
      12,
      39,
      0,
      2,
      9,
      23,
      31,
      35,
      7,
      41,
      44,
      36,
      19,
      21
    ],
    "out_cols": [
      4,
      38,
      14,
      15,
      35,
      28,
      46,
      7,
      29,
      42,
      11,
      44,
      32,
      41,
      1,
      25,
      30,
      40,
      31,
      23,
      20,
      19,
      13,
      34,
      12,
      17,
      24,
      21,
      45,
      8,
      0,
      16,
      33,
      26,
      37,
      43,
      36,
      47,
      3,
      9,
      27,
      10,
      2,
      5,
      22,
      39,
      18,
      6
    ]
  }
}