{
  "config": {
    "steps": 900,
    "lr": 0.03,
    "tau_start": 1.0,
    "tau_end": 0.03,
    "sinkhorn_iters": 30,
    "lambda_ent": 0.0003,
    "train_subsample": 4096,
    "seed": 14901,
    "device": "cuda"
  },
  "final": {
    "soft_mse_full": 0.3681306540966034,
    "discrete_mse": 77.07190704345703,
    "hash_match": false,
    "perm_str": "39,52,95,75,88,55,42,51,56,30,44,82,74,93,86,80,68,38,58,78,1,90,18,67,37,54,48,47,15,57,28,19,10,7,35,24,94,12,50,63,3,26,31,36,23,40,87,71,73,21,4,6,5,11,14,17,62,25,81,33,45,29,65,20,16,96,0,32,60,70,91,53,77,89,13,83,49,66,43,9,41,22,61,34,84,79,2,76,59,8,27,72,64,46,69,92,85",
    "in_cols": [
      18,
      47,
      44,
      20,
      27,
      22,
      38,
      42,
      35,
      28,
      1,
      11,
      17,
      24,
      9,
      14,
      6,
      16,
      46,
      26,
      3,
      15,
      12,
      43,
      37,
      4,
      5,
      8,
      32,
      40,
      23,
      34,
      10,
      0,
      30,
      45,
      39,
      7,
      25,
      21,
      19,
      31,
      41,
      2,
      29,
      13,
      33,
      36
    ],
    "out_cols": [
      25,
      36,
      28,
      24,
      15,
      41,
      46,
      40,
      20,
      38,
      44,
      32,
      27,
      23,
      29,
      7,
      1,
      11,
      5,
      30,
      13,
      19,
      21,
      34,
      9,
      0,
      4,
      6,
      12,
      17,
      14,
      8,
      47,
      16,
      33,
      26,
      43,
      42,
      31,
      3,
      10,
      18,
      39,
      37,
      2,
      35,
      22,
      45
    ]
  },
  "best_seen": {
    "discrete_mse": 20.472614288330078,
    "order": [
      [
        37,
        20
      ],
      [
        56,
        30
      ],
      [
        5,
        80
      ],
      [
        50,
        22
      ],
      [
        27,
        52
      ],
      [
        61,
        76
      ],
      [
        59,
        38
      ],
      [
        44,
        33
      ],
      [
        0,
        8
      ],
      [
        31,
        32
      ],
      [
        73,
        89
      ],
      [
        2,
        17
      ],
      [
        15,
        54
      ],
      [
        84,
        92
      ],
      [
        39,
        67
      ],
      [
        4,
        66
      ],
      [
        48,
        93
      ],
      [
        23,
        78
      ],
      [
        95,
        51
      ],
      [
        42,
        63
      ],
      [
        64,
        57
      ],
      [
        41,
        26
      ],
      [
        28,
        34
      ],
      [
        18,
        9
      ],
      [
        35,
        21
      ],
      [
        62,
        79
      ],
      [
        65,
        12
      ],
      [
        81,
        70
      ],
      [
        77,
        90
      ],
      [
        49,
        29
      ],
      [
        91,
        96
      ],
      [
        10,
        40
      ],
      [
        13,
        55
      ],
      [
        45,
        53
      ],
      [
        87,
        7
      ],
      [
        94,
        46
      ],
      [
        60,
        82
      ],
      [
        43,
        36
      ],
      [
        69,
        71
      ],
      [
        58,
        47
      ],
      [
        68,
        83
      ],
      [
        16,
        72
      ],
      [
        88,
        25
      ],
      [
        74,
        6
      ],
      [
        14,
        19
      ],
      [
        86,
        75
      ],
      [
        3,
        24
      ],
      [
        1,
        11
      ]
    ],
    "in_cols": [
      17,
      27,
      5,
      26,
      13,
      31,
      29,
      22,
      0,
      15,
      37,
      2,
      9,
      41,
      18,
      4,
      24,
      12,
      47,
      20,
      33,
      19,
      14,
      11,
      16,
      32,
      34,
      40,
      39,
      25,
      45,
      6,
      7,
      23,
      43,
      46,
      30,
      21,
      36,
      28,
      35,
      10,
      44,
      38,
      8,
      42,
      3,
      1
    ],
    "out_cols": [
      8,
      15,
      40,
      10,
      25,
      37,
      20,
      17,
      2,
      16,
      43,
      6,
      27,
      45,
      32,
      31,
      46,
      38,
      24,
      30,
      29,
      13,
      18,
      3,
      9,
      39,
      5,
      33,
      44,
      14,
      47,
      21,
      28,
      26,
      1,
      22,
      41,
      19,
      34,
      23,
      42,
      35,
      12,
      0,
      7,
      36,
      11,
      4
    ]
  }
}