{
  "config": {
    "steps": 700,
    "lr": 0.02,
    "tau_start": 1.0,
    "tau_end": 0.03,
    "sinkhorn_iters": 30,
    "lambda_ent": 0.0003,
    "train_subsample": 0,
    "seed": 4803,
    "device": "cuda"
  },
  "final": {
    "soft_mse_full": 0.6660685539245605,
    "discrete_mse": 110.04249572753906,
    "hash_match": false,
    "perm_str": "95,52,59,72,39,63,86,93,56,30,44,82,74,80,42,29,37,55,88,78,18,83,35,24,94,90,28,19,1,7,15,67,73,57,10,26,68,40,48,47,3,25,31,36,50,38,23,71,60,76,27,17,14,11,4,32,5,51,91,33,81,6,16,20,43,70,62,96,65,53,77,9,13,75,84,46,49,8,87,66,41,34,0,54,64,92,58,89,2,12,45,79,69,21,61,22,85",
    "in_cols": [
      47,
      29,
      18,
      42,
      27,
      22,
      38,
      20,
      17,
      44,
      11,
      16,
      46,
      14,
      1,
      9,
      37,
      6,
      35,
      24,
      3,
      15,
      26,
      12,
      30,
      13,
      8,
      4,
      5,
      45,
      40,
      10,
      21,
      32,
      34,
      39,
      7,
      41,
      25,
      43,
      19,
      0,
      33,
      28,
      2,
      23,
      36,
      31
    ],
    "out_cols": [
      25,
      35,
      30,
      46,
      15,
      41,
      40,
      14,
      28,
      38,
      42,
      11,
      44,
      7,
      1,
      32,
      29,
      13,
      21,
      23,
      12,
      19,
      20,
      34,
      37,
      6,
      4,
      16,
      24,
      17,
      0,
      8,
      33,
      47,
      26,
      3,
      36,
      22,
      2,
      31,
      18,
      27,
      45,
      43,
      5,
      39,
      9,
      10
    ]
  },
  "best_seen": {
    "discrete_mse": 65.02118682861328,
    "order": [
      [
        65,
        82
      ],
      [
        62,
        52
      ],
      [
        37,
        12
      ],
      [
        64,
        92
      ],
      [
        41,
        19
      ],
      [
        56,
        24
      ],
      [
        18,
        11
      ],
      [
        60,
        79
      ],
      [
        31,
        40
      ],
      [
        44,
        46
      ],
      [
        81,
        26
      ],
      [
        59,
        70
      ],
      [
        74,
        83
      ],
      [
        42,
        51
      ],
      [
        73,
        75
      ],
      [
        16,
        53
      ],
      [
        1,
        32
      ],
      [
        61,
        30
      ],
      [
        84,
        25
      ],
      [
        91,
        72
      ],
      [
        28,
        38
      ],
      [
        0,
        22
      ],
      [
        87,
        71
      ],
      [
        69,
        8
      ],
      [
        15,
        89
      ],
      [
        95,
        20
      ],
      [
        50,
        96
      ],
      [
        94,
        76
      ],
      [
        35,
        29
      ],
      [
        2,
        47
      ],
      [
        4,
        9
      ],
      [
        43,
        67
      ],
      [
        10,
        63
      ],
      [
        68,
        7
      ],
      [
        77,
        34
      ],
      [
        23,
        55
      ],
      [
        14,
        78
      ],
      [
        13,
        6
      ],
      [
        48,
        33
      ],
      [
        5,
        36
      ],
      [
        45,
        93
      ],
      [
        27,
        17
      ],
      [
        86,
        80
      ],
      [
        88,
        66
      ],
      [
        58,
        21
      ],
      [
        49,
        57
      ],
      [
        39,
        90
      ],
      [
        3,
        54
      ]
    ],
    "in_cols": [
      34,
      32,
      17,
      33,
      19,
      27,
      11,
      30,
      15,
      22,
      40,
      29,
      38,
      20,
      37,
      10,
      1,
      31,
      41,
      45,
      14,
      0,
      43,
      36,
      9,
      47,
      26,
      46,
      16,
      2,
      4,
      21,
      6,
      35,
      39,
      12,
      8,
      7,
      24,
      5,
      23,
      13,
      42,
      44,
      28,
      25,
      18,
      3
    ],
    "out_cols": [
      41,
      25,
      5,
      45,
      7,
      11,
      4,
      39,
      21,
      22,
      13,
      33,
      42,
      24,
      36,
      26,
      16,
      15,
      12,
      35,
      20,
      10,
      34,
      2,
      43,
      8,
      47,
      37,
      14,
      23,
      3,
      32,
      30,
      1,
      18,
      28,
      38,
      0,
      17,
      19,
      46,
      6,
      40,
      31,
      9,
      29,
      44,
      27
    ]
  }
}