{
  "config": {
    "steps": 900,
    "lr": 0.03,
    "tau_start": 1.0,
    "tau_end": 0.03,
    "sinkhorn_iters": 30,
    "lambda_ent": 0.0003,
    "train_subsample": 4096,
    "seed": 26501,
    "device": "cuda"
  },
  "final": {
    "soft_mse_full": 0.5327167510986328,
    "discrete_mse": 27.945249557495117,
    "hash_match": false,
    "perm_str": "59,52,39,72,88,30,74,55,95,63,44,82,58,78,42,80,68,93,86,29,10,54,94,90,18,25,28,19,48,47,15,67,35,24,37,57,3,26,50,40,1,70,31,36,87,71,23,38,14,21,64,51,77,33,4,32,56,6,0,11,5,7,16,20,81,96,13,89,65,75,62,53,27,8,60,92,45,83,84,22,41,79,91,66,73,9,49,12,61,46,2,34,43,76,69,17,85",
    "in_cols": [
      29,
      18,
      44,
      38,
      47,
      22,
      28,
      20,
      35,
      42,
      6,
      46,
      11,
      14,
      24,
      9,
      16,
      17,
      3,
      26,
      1,
      15,
      43,
      12,
      8,
      33,
      39,
      4,
      27,
      0,
      5,
      10,
      40,
      7,
      34,
      32,
      13,
      30,
      23,
      41,
      19,
      45,
      37,
      25,
      31,
      2,
      21,
      36
    ],
    "out_cols": [
      25,
      35,
      15,
      28,
      30,
      41,
      38,
      40,
      46,
      14,
      27,
      44,
      12,
      7,
      23,
      32,
      11,
      29,
      13,
      21,
      33,
      19,
      34,
      20,
      9,
      24,
      17,
      16,
      0,
      4,
      1,
      8,
      47,
      43,
      36,
      26,
      2,
      45,
      42,
      10,
      39,
      31,
      3,
      5,
      22,
      18,
      37,
      6
    ]
  },
  "best_seen": {
    "discrete_mse": 3.350975751876831,
    "order": [
      [
        95,
        52
      ],
      [
        59,
        72
      ],
      [
        39,
        55
      ],
      [
        42,
        93
      ],
      [
        86,
        63
      ],
      [
        74,
        82
      ],
      [
        44,
        78
      ],
      [
        73,
        80
      ],
      [
        68,
        29
      ],
      [
        10,
        30
      ],
      [
        27,
        54
      ],
      [
        94,
        7
      ],
      [
        18,
        25
      ],
      [
        28,
        19
      ],
      [
        48,
        47
      ],
      [
        15,
        67
      ],
      [
        35,
        24
      ],
      [
        37,
        57
      ],
      [
        3,
        26
      ],
      [
        50,
        40
      ],
      [
        1,
        70
      ],
      [
        31,
        36
      ],
      [
        87,
        71
      ],
      [
        23,
        38
      ],
      [
        14,
        21
      ],
      [
        64,
        51
      ],
      [
        65,
        33
      ],
      [
        4,
        32
      ],
      [
        56,
        6
      ],
      [
        77,
        11
      ],
      [
        5,
        90
      ],
      [
        16,
        20
      ],
      [
        81,
        96
      ],
      [
        13,
        89
      ],
      [
        62,
        75
      ],
      [
        60,
        53
      ],
      [
        49,
        8
      ],
      [
        88,
        92
      ],
      [
        45,
        83
      ],
      [
        84,
        22
      ],
      [
        41,
        79
      ],
      [
        0,
        66
      ],
      [
        91,
        9
      ],
      [
        58,
        12
      ],
      [
        61,
        46
      ],
      [
        2,
        34
      ],
      [
        43,
        76
      ],
      [
        69,
        17
      ]
    ],
    "in_cols": [
      47,
      29,
      18,
      20,
      42,
      38,
      22,
      37,
      35,
      6,
      13,
      46,
      11,
      14,
      24,
      9,
      16,
      17,
      3,
      26,
      1,
      15,
      43,
      12,
      8,
      33,
      34,
      4,
      27,
      39,
      5,
      10,
      40,
      7,
      32,
      30,
      25,
      44,
      23,
      41,
      19,
      0,
      45,
      28,
      31,
      2,
      21,
      36
    ],
    "out_cols": [
      25,
      35,
      28,
      46,
      30,
      41,
      38,
      40,
      14,
      15,
      27,
      1,
      12,
      7,
      23,
      32,
      11,
      29,
      13,
      21,
      33,
      19,
      34,
      20,
      9,
      24,
      17,
      16,
      0,
      4,
      44,
      8,
      47,
      43,
      36,
      26,
      2,
      45,
      42,
      10,
      39,
      31,
      3,
      5,
      22,
      18,
      37,
      6
    ]
  }
}