{
  "config": {
    "steps": 900,
    "lr": 0.03,
    "tau_start": 1.0,
    "tau_end": 0.028,
    "sinkhorn_iters": 30,
    "lambda_ent": 0.0003,
    "train_subsample": 4096,
    "seed": 28402,
    "device": "cuda"
  },
  "final": {
    "soft_mse_full": 0.4465193748474121,
    "discrete_mse": 41.35192108154297,
    "hash_match": false,
    "perm_str": "39,30,59,52,3,72,95,80,73,55,44,82,56,78,68,29,94,93,69,67,58,40,37,90,18,25,35,24,48,19,42,57,28,7,0,47,15,71,87,63,1,26,50,66,31,36,23,38,60,11,14,17,77,76,27,51,4,12,81,33,5,6,62,20,16,70,74,96,61,53,65,54,86,83,13,32,91,75,41,46,49,8,2,9,10,34,43,22,84,92,45,79,88,89,64,21,85",
    "in_cols": [
      18,
      29,
      3,
      47,
      37,
      22,
      27,
      35,
      46,
      36,
      28,
      17,
      11,
      16,
      24,
      20,
      14,
      0,
      9,
      43,
      1,
      26,
      15,
      12,
      30,
      8,
      39,
      13,
      4,
      40,
      5,
      32,
      10,
      38,
      31,
      34,
      42,
      7,
      45,
      19,
      25,
      2,
      6,
      21,
      41,
      23,
      44,
      33
    ],
    "out_cols": [
      15,
      25,
      35,
      40,
      28,
      41,
      38,
      14,
      46,
      32,
      21,
      44,
      12,
      11,
      7,
      29,
      1,
      23,
      34,
      30,
      13,
      31,
      19,
      20,
      4,
      6,
      37,
      24,
      5,
      17,
      0,
      8,
      33,
      47,
      26,
      27,
      42,
      16,
      36,
      22,
      2,
      3,
      18,
      10,
      45,
      39,
      43,
      9
    ]
  },
  "best_seen": {
    "discrete_mse": 5.1974992752075195,
    "order": [
      [
        39,
        30
      ],
      [
        59,
        52
      ],
      [
        74,
        72
      ],
      [
        95,
        75
      ],
      [
        73,
        55
      ],
      [
        44,
        82
      ],
      [
        56,
        80
      ],
      [
        42,
        29
      ],
      [
        94,
        93
      ],
      [
        69,
        67
      ],
      [
        58,
        78
      ],
      [
        37,
        90
      ],
      [
        18,
        19
      ],
      [
        35,
        24
      ],
      [
        28,
        40
      ],
      [
        15,
        57
      ],
      [
        10,
        7
      ],
      [
        68,
        47
      ],
      [
        1,
        71
      ],
      [
        87,
        63
      ],
      [
        3,
        26
      ],
      [
        50,
        66
      ],
      [
        31,
        36
      ],
      [
        23,
        38
      ],
      [
        60,
        11
      ],
      [
        14,
        17
      ],
      [
        77,
        76
      ],
      [
        81,
        51
      ],
      [
        5,
        6
      ],
      [
        45,
        33
      ],
      [
        48,
        25
      ],
      [
        62,
        20
      ],
      [
        16,
        70
      ],
      [
        65,
        96
      ],
      [
        61,
        53
      ],
      [
        0,
        54
      ],
      [
        2,
        83
      ],
      [
        13,
        32
      ],
      [
        91,
        89
      ],
      [
        41,
        46
      ],
      [
        49,
        8
      ],
      [
        4,
        9
      ],
      [
        43,
        34
      ],
      [
        86,
        22
      ],
      [
        84,
        92
      ],
      [
        27,
        79
      ],
      [
        88,
        12
      ],
      [
        64,
        21
      ]
    ],
    "in_cols": [
      18,
      29,
      38,
      47,
      37,
      22,
      27,
      20,
      46,
      36,
      28,
      17,
      11,
      16,
      14,
      9,
      6,
      35,
      1,
      43,
      3,
      26,
      15,
      12,
      30,
      8,
      39,
      40,
      5,
      23,
      24,
      32,
      10,
      34,
      31,
      0,
      2,
      7,
      45,
      19,
      25,
      4,
      21,
      42,
      41,
      13,
      44,
      33
    ],
    "out_cols": [
      15,
      25,
      35,
      36,
      28,
      41,
      40,
      14,
      46,
      32,
      38,
      44,
      7,
      11,
      21,
      29,
      1,
      23,
      34,
      30,
      13,
      31,
      19,
      20,
      4,
      6,
      37,
      24,
      0,
      17,
      12,
      8,
      33,
      47,
      26,
      27,
      42,
      16,
      43,
      22,
      2,
      3,
      18,
      10,
      45,
      39,
      5,
      9
    ]
  }
}