{
  "config": {
    "steps": 700,
    "lr": 0.015,
    "tau_start": 1.0,
    "tau_end": 0.025,
    "sinkhorn_iters": 30,
    "lambda_ent": 0.0001,
    "train_subsample": 0,
    "seed": 6504,
    "device": "cuda"
  },
  "final": {
    "soft_mse_full": 0.30249887704849243,
    "discrete_mse": 124.06412506103516,
    "hash_match": false,
    "perm_str": "59,52,39,72,74,55,50,63,95,82,44,78,73,80,42,29,58,93,56,30,94,90,18,47,28,19,35,24,37,7,10,57,15,67,86,26,87,71,68,12,3,25,31,36,1,21,23,38,14,40,77,11,49,66,4,32,91,92,5,33,62,20,16,96,81,6,48,70,13,54,0,75,41,53,65,34,60,51,69,8,27,17,45,9,43,76,84,79,61,46,2,83,88,22,64,89,85",
    "in_cols": [
      29,
      18,
      38,
      26,
      47,
      22,
      37,
      20,
      28,
      27,
      46,
      11,
      14,
      16,
      17,
      6,
      9,
      42,
      43,
      35,
      3,
      15,
      1,
      12,
      8,
      39,
      25,
      4,
      45,
      5,
      32,
      10,
      40,
      24,
      7,
      0,
      19,
      34,
      30,
      36,
      13,
      23,
      21,
      41,
      31,
      2,
      44,
      33
    ],
    "out_cols": [
      25,
      35,
      28,
      30,
      41,
      38,
      40,
      14,
      46,
      15,
      44,
      23,
      7,
      11,
      1,
      29,
      32,
      13,
      34,
      5,
      12,
      19,
      9,
      20,
      21,
      4,
      31,
      16,
      45,
      17,
      8,
      47,
      0,
      33,
      27,
      36,
      26,
      18,
      24,
      2,
      6,
      3,
      37,
      39,
      22,
      42,
      10,
      43
    ]
  },
  "best_seen": {
    "discrete_mse": 2.63029408454895,
    "order": [
      [
        23,
        24
      ],
      [
        45,
        79
      ],
      [
        28,
        46
      ],
      [
        27,
        70
      ],
      [
        3,
        76
      ],
      [
        86,
        22
      ],
      [
        41,
        51
      ],
      [
        77,
        20
      ],
      [
        81,
        12
      ],
      [
        1,
        57
      ],
      [
        87,
        96
      ],
      [
        84,
        11
      ],
      [
        14,
        26
      ],
      [
        49,
        38
      ],
      [
        44,
        92
      ],
      [
        13,
        47
      ],
      [
        94,
        67
      ],
      [
        4,
        7
      ],
      [
        2,
        54
      ],
      [
        68,
        6
      ],
      [
        35,
        55
      ],
      [
        0,
        40
      ],
      [
        48,
        34
      ],
      [
        31,
        33
      ],
      [
        42,
        66
      ],
      [
        15,
        78
      ],
      [
        39,
        21
      ],
      [
        60,
        71
      ],
      [
        5,
        9
      ],
      [
        62,
        25
      ],
      [
        58,
        93
      ],
      [
        65,
        30
      ],
      [
        69,
        8
      ],
      [
        16,
        52
      ],
      [
        56,
        83
      ],
      [
        64,
        90
      ],
      [
        95,
        63
      ],
      [
        74,
        29
      ],
      [
        37,
        36
      ],
      [
        61,
        32
      ],
      [
        10,
        82
      ],
      [
        59,
        53
      ],
      [
        18,
        89
      ],
      [
        88,
        72
      ],
      [
        91,
        17
      ],
      [
        50,
        80
      ],
      [
        73,
        19
      ],
      [
        43,
        75
      ]
    ],
    "in_cols": [
      12,
      23,
      14,
      13,
      3,
      42,
      19,
      39,
      40,
      1,
      43,
      41,
      8,
      25,
      22,
      7,
      46,
      4,
      2,
      35,
      16,
      0,
      24,
      15,
      20,
      9,
      18,
      30,
      5,
      32,
      28,
      34,
      36,
      10,
      27,
      33,
      47,
      38,
      17,
      31,
      6,
      29,
      11,
      44,
      45,
      26,
      37,
      21
    ],
    "out_cols": [
      11,
      39,
      22,
      33,
      37,
      10,
      24,
      8,
      5,
      29,
      47,
      4,
      13,
      20,
      45,
      23,
      32,
      1,
      27,
      0,
      28,
      21,
      18,
      17,
      31,
      38,
      9,
      34,
      3,
      12,
      46,
      15,
      2,
      25,
      42,
      44,
      30,
      14,
      19,
      16,
      41,
      26,
      43,
      35,
      6,
      40,
      7,
      36
    ]
  }
}