{
  "config": {
    "steps": 700,
    "lr": 0.015,
    "tau_start": 1.0,
    "tau_end": 0.025,
    "sinkhorn_iters": 30,
    "lambda_ent": 0.0001,
    "train_subsample": 0,
    "seed": 28704,
    "device": "cuda"
  },
  "final": {
    "soft_mse_full": 0.32216784358024597,
    "discrete_mse": 6.918573379516602,
    "hash_match": false,
    "perm_str": "59,52,39,72,42,63,95,55,56,30,44,82,74,80,88,29,37,93,58,78,86,54,18,90,35,67,73,24,10,7,28,19,15,57,68,47,1,40,3,26,50,66,31,36,23,38,87,71,14,25,77,11,5,17,27,51,81,6,48,70,4,12,16,20,65,96,62,75,91,53,0,83,49,21,13,89,45,32,84,79,69,8,2,9,41,46,43,34,60,22,61,76,94,33,64,92,85",
    "in_cols": [
      29,
      18,
      20,
      47,
      27,
      22,
      38,
      44,
      17,
      28,
      42,
      11,
      16,
      37,
      6,
      14,
      9,
      35,
      1,
      3,
      26,
      15,
      12,
      43,
      8,
      39,
      5,
      13,
      40,
      24,
      4,
      10,
      34,
      32,
      45,
      0,
      25,
      7,
      23,
      41,
      36,
      2,
      19,
      21,
      30,
      31,
      46,
      33
    ],
    "out_cols": [
      25,
      35,
      30,
      28,
      15,
      41,
      40,
      14,
      46,
      38,
      27,
      44,
      32,
      11,
      1,
      7,
      29,
      23,
      21,
      13,
      31,
      19,
      20,
      34,
      12,
      4,
      6,
      24,
      0,
      33,
      5,
      8,
      47,
      36,
      26,
      42,
      9,
      43,
      16,
      39,
      2,
      3,
      22,
      18,
      10,
      37,
      17,
      45
    ]
  },
  "best_seen": {
    "discrete_mse": 2.1247873306274414,
    "order": [
      [
        59,
        52
      ],
      [
        39,
        72
      ],
      [
        42,
        63
      ],
      [
        95,
        55
      ],
      [
        56,
        30
      ],
      [
        44,
        82
      ],
      [
        74,
        80
      ],
      [
        88,
        29
      ],
      [
        37,
        93
      ],
      [
        58,
        78
      ],
      [
        86,
        54
      ],
      [
        18,
        90
      ],
      [
        35,
        67
      ],
      [
        10,
        24
      ],
      [
        94,
        7
      ],
      [
        28,
        19
      ],
      [
        15,
        57
      ],
      [
        68,
        47
      ],
      [
        1,
        40
      ],
      [
        3,
        26
      ],
      [
        50,
        66
      ],
      [
        31,
        36
      ],
      [
        23,
        38
      ],
      [
        87,
        71
      ],
      [
        73,
        25
      ],
      [
        77,
        11
      ],
      [
        14,
        17
      ],
      [
        5,
        51
      ],
      [
        81,
        6
      ],
      [
        48,
        70
      ],
      [
        4,
        12
      ],
      [
        16,
        20
      ],
      [
        65,
        96
      ],
      [
        62,
        75
      ],
      [
        91,
        53
      ],
      [
        0,
        83
      ],
      [
        49,
        21
      ],
      [
        13,
        89
      ],
      [
        45,
        32
      ],
      [
        84,
        79
      ],
      [
        69,
        8
      ],
      [
        2,
        9
      ],
      [
        41,
        46
      ],
      [
        43,
        34
      ],
      [
        60,
        22
      ],
      [
        61,
        76
      ],
      [
        27,
        33
      ],
      [
        64,
        92
      ]
    ],
    "in_cols": [
      29,
      18,
      20,
      47,
      27,
      22,
      38,
      44,
      17,
      28,
      42,
      11,
      16,
      6,
      46,
      14,
      9,
      35,
      1,
      3,
      26,
      15,
      12,
      43,
      37,
      39,
      8,
      5,
      40,
      24,
      4,
      10,
      34,
      32,
      45,
      0,
      25,
      7,
      23,
      41,
      36,
      2,
      19,
      21,
      30,
      31,
      13,
      33
    ],
    "out_cols": [
      25,
      35,
      30,
      28,
      15,
      41,
      40,
      14,
      46,
      38,
      27,
      44,
      32,
      11,
      1,
      7,
      29,
      23,
      21,
      13,
      31,
      19,
      20,
      34,
      12,
      4,
      6,
      24,
      0,
      33,
      5,
      8,
      47,
      36,
      26,
      42,
      9,
      43,
      16,
      39,
      2,
      3,
      22,
      18,
      10,
      37,
      17,
      45
    ]
  }
}