{
  "config": {
    "steps": 700,
    "lr": 0.02,
    "tau_start": 1.0,
    "tau_end": 0.03,
    "sinkhorn_iters": 30,
    "lambda_ent": 0.0003,
    "train_subsample": 0,
    "seed": 6603,
    "device": "cuda"
  },
  "final": {
    "soft_mse_full": 0.3281331956386566,
    "discrete_mse": 11.665868759155273,
    "hash_match": false,
    "perm_str": "59,52,39,30,94,63,95,93,56,82,44,78,74,55,68,80,42,72,58,83,18,29,86,90,28,19,73,47,37,7,50,57,15,67,35,24,87,26,48,71,3,25,31,36,1,40,23,38,0,53,77,11,14,17,81,6,62,20,5,12,16,96,45,33,4,92,61,70,65,9,49,51,13,75,41,34,69,8,27,89,10,66,2,21,91,32,84,54,43,76,88,22,60,46,64,79,85",
    "in_cols": [
      29,
      18,
      46,
      47,
      27,
      22,
      38,
      35,
      20,
      28,
      11,
      42,
      14,
      37,
      17,
      26,
      9,
      16,
      43,
      24,
      3,
      15,
      1,
      12,
      0,
      39,
      8,
      40,
      32,
      5,
      10,
      23,
      4,
      31,
      34,
      25,
      7,
      19,
      36,
      13,
      6,
      2,
      45,
      41,
      21,
      44,
      30,
      33
    ],
    "out_cols": [
      25,
      15,
      30,
      46,
      41,
      38,
      28,
      40,
      35,
      42,
      14,
      44,
      7,
      23,
      1,
      29,
      32,
      11,
      13,
      34,
      12,
      19,
      21,
      20,
      26,
      4,
      6,
      0,
      8,
      5,
      47,
      17,
      45,
      33,
      3,
      24,
      36,
      18,
      2,
      43,
      31,
      9,
      16,
      27,
      37,
      10,
      22,
      39
    ]
  },
  "best_seen": {
    "discrete_mse": 4.526143550872803,
    "order": [
      [
        59,
        52
      ],
      [
        39,
        30
      ],
      [
        42,
        63
      ],
      [
        95,
        93
      ],
      [
        50,
        82
      ],
      [
        44,
        78
      ],
      [
        74,
        55
      ],
      [
        94,
        80
      ],
      [
        68,
        72
      ],
      [
        58,
        83
      ],
      [
        18,
        29
      ],
      [
        86,
        90
      ],
      [
        28,
        19
      ],
      [
        73,
        47
      ],
      [
        37,
        7
      ],
      [
        10,
        57
      ],
      [
        15,
        67
      ],
      [
        35,
        24
      ],
      [
        87,
        26
      ],
      [
        48,
        71
      ],
      [
        3,
        25
      ],
      [
        31,
        36
      ],
      [
        1,
        40
      ],
      [
        23,
        38
      ],
      [
        0,
        53
      ],
      [
        77,
        11
      ],
      [
        14,
        17
      ],
      [
        81,
        6
      ],
      [
        62,
        20
      ],
      [
        5,
        12
      ],
      [
        16,
        96
      ],
      [
        45,
        33
      ],
      [
        4,
        92
      ],
      [
        61,
        70
      ],
      [
        65,
        9
      ],
      [
        49,
        51
      ],
      [
        13,
        75
      ],
      [
        41,
        34
      ],
      [
        69,
        8
      ],
      [
        27,
        89
      ],
      [
        56,
        66
      ],
      [
        2,
        21
      ],
      [
        91,
        32
      ],
      [
        84,
        54
      ],
      [
        43,
        76
      ],
      [
        88,
        22
      ],
      [
        60,
        46
      ],
      [
        64,
        79
      ]
    ],
    "in_cols": [
      29,
      18,
      20,
      47,
      26,
      22,
      38,
      46,
      35,
      28,
      11,
      42,
      14,
      37,
      17,
      6,
      9,
      16,
      43,
      24,
      3,
      15,
      1,
      12,
      0,
      39,
      8,
      40,
      32,
      5,
      10,
      23,
      4,
      31,
      34,
      25,
      7,
      19,
      36,
      13,
      27,
      2,
      45,
      41,
      21,
      44,
      30,
      33
    ],
    "out_cols": [
      25,
      15,
      30,
      46,
      41,
      38,
      28,
      40,
      35,
      42,
      14,
      44,
      7,
      23,
      1,
      29,
      32,
      11,
      13,
      34,
      12,
      19,
      21,
      20,
      26,
      4,
      6,
      0,
      8,
      5,
      47,
      17,
      45,
      33,
      3,
      24,
      36,
      18,
      2,
      43,
      31,
      9,
      16,
      27,
      37,
      10,
      22,
      39
    ]
  }
}