{
  "config": {
    "steps": 700,
    "lr": 0.02,
    "tau_start": 1.0,
    "tau_end": 0.03,
    "sinkhorn_iters": 30,
    "lambda_ent": 0.0003,
    "train_subsample": 0,
    "seed": 25503,
    "device": "cuda"
  },
  "final": {
    "soft_mse_full": 0.3241208493709564,
    "discrete_mse": 10.594222068786621,
    "hash_match": false,
    "perm_str": "59,52,39,72,73,63,95,93,56,30,44,78,68,29,10,80,42,38,88,55,86,90,35,26,18,67,28,19,50,7,15,57,48,47,37,24,94,53,87,71,3,25,31,36,1,40,23,82,5,75,77,11,0,17,65,92,27,51,45,12,81,6,4,20,16,70,91,33,62,32,13,83,49,96,41,76,14,9,60,21,2,34,84,66,74,22,61,46,43,54,64,8,69,79,58,89,85",
    "in_cols": [
      29,
      18,
      37,
      47,
      27,
      22,
      35,
      6,
      20,
      44,
      42,
      16,
      11,
      14,
      26,
      9,
      24,
      17,
      46,
      43,
      3,
      15,
      1,
      12,
      5,
      39,
      0,
      34,
      13,
      23,
      40,
      4,
      10,
      45,
      32,
      7,
      25,
      19,
      8,
      30,
      2,
      41,
      38,
      31,
      21,
      33,
      36,
      28
    ],
    "out_cols": [
      25,
      35,
      30,
      46,
      15,
      38,
      14,
      40,
      20,
      28,
      44,
      13,
      32,
      7,
      1,
      29,
      23,
      11,
      26,
      34,
      12,
      19,
      21,
      41,
      36,
      4,
      6,
      45,
      24,
      5,
      0,
      8,
      33,
      17,
      16,
      42,
      47,
      37,
      3,
      9,
      18,
      31,
      10,
      22,
      27,
      2,
      39,
      43
    ]
  },
  "best_seen": {
    "discrete_mse": 4.259796619415283,
    "order": [
      [
        59,
        52
      ],
      [
        39,
        72
      ],
      [
        10,
        63
      ],
      [
        95,
        93
      ],
      [
        56,
        30
      ],
      [
        44,
        78
      ],
      [
        68,
        29
      ],
      [
        94,
        80
      ],
      [
        42,
        38
      ],
      [
        88,
        55
      ],
      [
        86,
        90
      ],
      [
        35,
        26
      ],
      [
        18,
        67
      ],
      [
        28,
        19
      ],
      [
        50,
        7
      ],
      [
        15,
        57
      ],
      [
        73,
        47
      ],
      [
        37,
        24
      ],
      [
        48,
        53
      ],
      [
        87,
        71
      ],
      [
        3,
        25
      ],
      [
        31,
        36
      ],
      [
        1,
        40
      ],
      [
        23,
        75
      ],
      [
        14,
        11
      ],
      [
        81,
        51
      ],
      [
        0,
        17
      ],
      [
        77,
        33
      ],
      [
        91,
        92
      ],
      [
        45,
        12
      ],
      [
        5,
        6
      ],
      [
        4,
        20
      ],
      [
        16,
        70
      ],
      [
        65,
        82
      ],
      [
        62,
        32
      ],
      [
        13,
        83
      ],
      [
        27,
        96
      ],
      [
        41,
        76
      ],
      [
        2,
        9
      ],
      [
        49,
        21
      ],
      [
        60,
        34
      ],
      [
        84,
        66
      ],
      [
        74,
        22
      ],
      [
        61,
        46
      ],
      [
        43,
        54
      ],
      [
        64,
        8
      ],
      [
        69,
        79
      ],
      [
        58,
        89
      ]
    ],
    "in_cols": [
      29,
      18,
      6,
      47,
      27,
      22,
      35,
      46,
      20,
      44,
      42,
      16,
      11,
      14,
      26,
      9,
      37,
      17,
      24,
      43,
      3,
      15,
      1,
      12,
      8,
      40,
      0,
      39,
      45,
      23,
      5,
      4,
      10,
      34,
      32,
      7,
      13,
      19,
      2,
      25,
      30,
      41,
      38,
      31,
      21,
      33,
      36,
      28
    ],
    "out_cols": [
      25,
      35,
      30,
      46,
      15,
      38,
      14,
      40,
      20,
      28,
      44,
      13,
      32,
      7,
      1,
      29,
      23,
      11,
      26,
      34,
      12,
      19,
      21,
      36,
      4,
      24,
      6,
      17,
      45,
      5,
      0,
      8,
      33,
      41,
      16,
      42,
      47,
      37,
      3,
      9,
      18,
      31,
      10,
      22,
      27,
      2,
      39,
      43
    ]
  }
}