{
  "config": {
    "steps": 700,
    "lr": 0.02,
    "tau_start": 1.0,
    "tau_end": 0.03,
    "sinkhorn_iters": 30,
    "lambda_ent": 0.0003,
    "train_subsample": 0,
    "seed": 10403,
    "device": "cuda"
  },
  "final": {
    "soft_mse_full": 0.3346039950847626,
    "discrete_mse": 57.15543746948242,
    "hash_match": false,
    "perm_str": "39,30,59,52,95,63,74,55,56,82,44,78,68,72,73,29,69,93,86,83,18,7,94,90,28,19,42,80,10,36,15,67,37,47,35,24,48,57,1,40,3,26,50,66,23,38,87,71,84,25,5,11,14,32,0,17,4,6,64,53,77,20,16,96,81,33,62,76,43,70,13,9,65,54,49,21,45,8,88,92,31,51,91,22,41,75,58,79,2,12,61,34,27,89,60,46,85",
    "in_cols": [
      18,
      29,
      47,
      38,
      27,
      22,
      35,
      37,
      36,
      42,
      11,
      46,
      14,
      20,
      6,
      9,
      17,
      16,
      24,
      1,
      3,
      26,
      12,
      43,
      41,
      5,
      8,
      0,
      4,
      33,
      39,
      10,
      40,
      32,
      21,
      7,
      34,
      25,
      23,
      44,
      15,
      45,
      19,
      28,
      2,
      31,
      13,
      30
    ],
    "out_cols": [
      15,
      25,
      30,
      28,
      41,
      38,
      35,
      14,
      46,
      42,
      1,
      44,
      7,
      40,
      19,
      32,
      23,
      11,
      29,
      21,
      13,
      31,
      20,
      34,
      12,
      4,
      16,
      6,
      0,
      26,
      8,
      47,
      17,
      37,
      33,
      3,
      27,
      9,
      2,
      45,
      24,
      10,
      36,
      39,
      5,
      18,
      43,
      22
    ]
  },
  "best_seen": {
    "discrete_mse": 2.694629669189453,
    "order": [
      [
        39,
        30
      ],
      [
        59,
        52
      ],
      [
        95,
        63
      ],
      [
        74,
        55
      ],
      [
        56,
        82
      ],
      [
        44,
        78
      ],
      [
        68,
        72
      ],
      [
        42,
        29
      ],
      [
        69,
        93
      ],
      [
        86,
        83
      ],
      [
        18,
        7
      ],
      [
        94,
        90
      ],
      [
        28,
        19
      ],
      [
        10,
        80
      ],
      [
        73,
        36
      ],
      [
        15,
        67
      ],
      [
        37,
        47
      ],
      [
        35,
        24
      ],
      [
        48,
        57
      ],
      [
        31,
        40
      ],
      [
        3,
        26
      ],
      [
        50,
        66
      ],
      [
        23,
        38
      ],
      [
        87,
        71
      ],
      [
        84,
        25
      ],
      [
        64,
        11
      ],
      [
        14,
        32
      ],
      [
        0,
        17
      ],
      [
        4,
        6
      ],
      [
        65,
        53
      ],
      [
        5,
        20
      ],
      [
        16,
        96
      ],
      [
        81,
        33
      ],
      [
        62,
        76
      ],
      [
        77,
        70
      ],
      [
        13,
        9
      ],
      [
        60,
        54
      ],
      [
        49,
        21
      ],
      [
        45,
        8
      ],
      [
        88,
        92
      ],
      [
        1,
        51
      ],
      [
        91,
        22
      ],
      [
        41,
        75
      ],
      [
        58,
        79
      ],
      [
        2,
        12
      ],
      [
        61,
        34
      ],
      [
        27,
        89
      ],
      [
        43,
        46
      ]
    ],
    "in_cols": [
      18,
      29,
      47,
      38,
      27,
      22,
      35,
      20,
      36,
      42,
      11,
      46,
      14,
      6,
      37,
      9,
      17,
      16,
      24,
      15,
      3,
      26,
      12,
      43,
      41,
      33,
      8,
      0,
      4,
      34,
      5,
      10,
      40,
      32,
      39,
      7,
      30,
      25,
      23,
      44,
      1,
      45,
      19,
      28,
      2,
      31,
      13,
      21
    ],
    "out_cols": [
      15,
      25,
      30,
      28,
      41,
      38,
      35,
      14,
      46,
      42,
      1,
      44,
      7,
      40,
      19,
      32,
      23,
      11,
      29,
      21,
      13,
      31,
      20,
      34,
      12,
      4,
      16,
      6,
      0,
      26,
      8,
      47,
      17,
      37,
      33,
      3,
      27,
      9,
      2,
      45,
      24,
      10,
      36,
      39,
      5,
      18,
      43,
      22
    ]
  }
}