{
  "config": {
    "steps": 900,
    "lr": 0.03,
    "tau_start": 1.0,
    "tau_end": 0.03,
    "sinkhorn_iters": 30,
    "lambda_ent": 0.0003,
    "train_subsample": 4096,
    "seed": 6701,
    "device": "cuda"
  },
  "final": {
    "soft_mse_full": 0.49309977889060974,
    "discrete_mse": 37.567222595214844,
    "hash_match": false,
    "perm_str": "95,75,59,52,39,72,42,55,3,63,74,19,44,82,43,29,64,80,94,7,58,30,18,93,86,90,73,47,15,67,48,57,68,38,50,26,35,24,1,78,87,25,10,36,28,71,37,40,14,33,81,11,45,17,27,51,56,6,77,20,91,92,62,96,16,70,13,89,4,32,5,53,2,8,23,54,84,79,41,66,60,46,31,9,49,21,88,22,0,76,65,83,69,12,61,34,85",
    "in_cols": [
      47,
      29,
      18,
      20,
      3,
      38,
      22,
      21,
      33,
      46,
      28,
      11,
      42,
      37,
      9,
      24,
      35,
      26,
      16,
      1,
      43,
      6,
      14,
      17,
      8,
      40,
      23,
      13,
      27,
      39,
      45,
      32,
      10,
      7,
      4,
      5,
      2,
      12,
      41,
      19,
      30,
      15,
      25,
      44,
      0,
      34,
      36,
      31
    ],
    "out_cols": [
      36,
      25,
      35,
      28,
      30,
      7,
      41,
      14,
      40,
      1,
      15,
      46,
      44,
      23,
      32,
      29,
      20,
      13,
      11,
      38,
      12,
      19,
      34,
      21,
      17,
      4,
      6,
      24,
      0,
      8,
      45,
      47,
      33,
      43,
      16,
      26,
      2,
      27,
      39,
      31,
      22,
      3,
      9,
      10,
      37,
      42,
      5,
      18
    ]
  },
  "best_seen": {
    "discrete_mse": 20.985139846801758,
    "order": [
      [
        94,
        38
      ],
      [
        91,
        83
      ],
      [
        86,
        51
      ],
      [
        65,
        92
      ],
      [
        42,
        53
      ],
      [
        77,
        8
      ],
      [
        4,
        40
      ],
      [
        62,
        19
      ],
      [
        48,
        30
      ],
      [
        69,
        66
      ],
      [
        58,
        96
      ],
      [
        18,
        76
      ],
      [
        37,
        26
      ],
      [
        0,
        12
      ],
      [
        5,
        82
      ],
      [
        49,
        11
      ],
      [
        13,
        80
      ],
      [
        87,
        32
      ],
      [
        43,
        20
      ],
      [
        10,
        54
      ],
      [
        28,
        21
      ],
      [
        81,
        46
      ],
      [
        14,
        79
      ],
      [
        73,
        90
      ],
      [
        31,
        17
      ],
      [
        68,
        9
      ],
      [
        64,
        33
      ],
      [
        39,
        67
      ],
      [
        59,
        6
      ],
      [
        95,
        70
      ],
      [
        60,
        36
      ],
      [
        16,
        89
      ],
      [
        3,
        24
      ],
      [
        56,
        63
      ],
      [
        50,
        72
      ],
      [
        1,
        71
      ],
      [
        61,
        47
      ],
      [
        27,
        57
      ],
      [
        23,
        93
      ],
      [
        84,
        29
      ],
      [
        41,
        55
      ],
      [
        2,
        25
      ],
      [
        44,
        22
      ],
      [
        15,
        75
      ],
      [
        74,
        34
      ],
      [
        45,
        7
      ],
      [
        88,
        78
      ],
      [
        35,
        52
      ]
    ],
    "in_cols": [
      46,
      45,
      42,
      34,
      20,
      39,
      4,
      32,
      24,
      36,
      28,
      11,
      17,
      0,
      5,
      25,
      7,
      43,
      21,
      6,
      14,
      40,
      8,
      37,
      15,
      35,
      33,
      18,
      29,
      47,
      30,
      10,
      3,
      27,
      26,
      1,
      31,
      13,
      12,
      41,
      19,
      2,
      22,
      9,
      38,
      23,
      44,
      16
    ],
    "out_cols": [
      20,
      42,
      24,
      45,
      26,
      2,
      21,
      7,
      15,
      31,
      47,
      37,
      13,
      5,
      41,
      4,
      40,
      16,
      8,
      27,
      9,
      22,
      39,
      44,
      6,
      3,
      17,
      32,
      0,
      33,
      19,
      43,
      11,
      30,
      35,
      34,
      23,
      29,
      46,
      14,
      28,
      12,
      10,
      36,
      18,
      1,
      38,
      25
    ]
  }
}