{
  "config": {
    "steps": 900,
    "lr": 0.03,
    "tau_start": 1.0,
    "tau_end": 0.03,
    "sinkhorn_iters": 30,
    "lambda_ent": 0.0003,
    "train_subsample": 4096,
    "seed": 21401,
    "device": "cuda"
  },
  "final": {
    "soft_mse_full": 0.3273297846317291,
    "discrete_mse": 53.933536529541016,
    "hash_match": false,
    "perm_str": "59,52,39,72,88,55,95,30,50,80,44,82,73,78,42,29,58,75,69,93,15,67,18,90,35,24,10,19,48,7,37,57,86,40,68,47,94,38,31,63,28,25,1,36,3,26,23,71,77,11,81,22,5,51,14,32,62,6,4,17,45,92,16,20,65,96,87,70,13,89,91,9,43,66,84,54,0,53,41,46,49,21,74,83,2,12,60,33,56,8,27,34,64,76,61,79,85",
    "in_cols": [
      29,
      18,
      44,
      47,
      26,
      22,
      37,
      20,
      28,
      36,
      9,
      11,
      16,
      6,
      24,
      17,
      42,
      35,
      46,
      15,
      14,
      1,
      3,
      12,
      39,
      40,
      5,
      8,
      32,
      4,
      23,
      10,
      34,
      43,
      7,
      45,
      21,
      41,
      0,
      19,
      25,
      38,
      2,
      30,
      27,
      13,
      33,
      31
    ],
    "out_cols": [
      25,
      35,
      28,
      15,
      40,
      41,
      38,
      14,
      36,
      46,
      32,
      44,
      11,
      7,
      1,
      29,
      21,
      23,
      20,
      30,
      12,
      19,
      13,
      34,
      4,
      10,
      24,
      16,
      0,
      6,
      45,
      8,
      47,
      33,
      43,
      3,
      31,
      27,
      26,
      22,
      9,
      42,
      5,
      17,
      2,
      18,
      37,
      39
    ]
  },
  "best_seen": {
    "discrete_mse": 18.234262466430664,
    "order": [
      [
        59,
        30
      ],
      [
        39,
        72
      ],
      [
        88,
        55
      ],
      [
        95,
        52
      ],
      [
        73,
        80
      ],
      [
        44,
        82
      ],
      [
        58,
        78
      ],
      [
        42,
        29
      ],
      [
        23,
        75
      ],
      [
        18,
        93
      ],
      [
        15,
        67
      ],
      [
        35,
        90
      ],
      [
        48,
        24
      ],
      [
        10,
        19
      ],
      [
        37,
        7
      ],
      [
        50,
        57
      ],
      [
        86,
        40
      ],
      [
        68,
        47
      ],
      [
        94,
        38
      ],
      [
        31,
        63
      ],
      [
        28,
        25
      ],
      [
        1,
        36
      ],
      [
        3,
        26
      ],
      [
        87,
        71
      ],
      [
        77,
        11
      ],
      [
        81,
        22
      ],
      [
        5,
        51
      ],
      [
        14,
        32
      ],
      [
        62,
        6
      ],
      [
        4,
        17
      ],
      [
        45,
        92
      ],
      [
        16,
        20
      ],
      [
        65,
        96
      ],
      [
        43,
        70
      ],
      [
        13,
        89
      ],
      [
        91,
        9
      ],
      [
        60,
        66
      ],
      [
        84,
        54
      ],
      [
        0,
        53
      ],
      [
        41,
        46
      ],
      [
        49,
        21
      ],
      [
        74,
        83
      ],
      [
        2,
        12
      ],
      [
        69,
        33
      ],
      [
        56,
        8
      ],
      [
        27,
        34
      ],
      [
        64,
        76
      ],
      [
        61,
        79
      ]
    ],
    "in_cols": [
      29,
      18,
      44,
      47,
      37,
      22,
      28,
      20,
      12,
      11,
      9,
      16,
      24,
      6,
      17,
      26,
      42,
      35,
      46,
      15,
      14,
      1,
      3,
      43,
      39,
      40,
      5,
      8,
      32,
      4,
      23,
      10,
      34,
      21,
      7,
      45,
      30,
      41,
      0,
      19,
      25,
      38,
      2,
      36,
      27,
      13,
      33,
      31
    ],
    "out_cols": [
      15,
      35,
      28,
      25,
      40,
      41,
      38,
      14,
      36,
      46,
      32,
      44,
      11,
      7,
      1,
      29,
      21,
      23,
      20,
      30,
      12,
      19,
      13,
      34,
      4,
      10,
      24,
      16,
      0,
      6,
      45,
      8,
      47,
      33,
      43,
      3,
      31,
      27,
      26,
      22,
      9,
      42,
      5,
      17,
      2,
      18,
      37,
      39
    ]
  }
}