{
  "config": {
    "steps": 900,
    "lr": 0.03,
    "tau_start": 1.0,
    "tau_end": 0.028,
    "sinkhorn_iters": 30,
    "lambda_ent": 0.0003,
    "train_subsample": 4096,
    "seed": 25502,
    "device": "cuda"
  },
  "final": {
    "soft_mse_full": 0.4511184096336365,
    "discrete_mse": 42.56404113769531,
    "hash_match": false,
    "perm_str": "95,72,59,30,64,78,39,52,56,82,44,80,42,63,88,29,94,7,58,93,15,67,86,57,73,90,10,20,48,40,18,19,68,47,35,26,1,24,3,53,28,12,31,36,50,38,23,71,84,25,60,11,81,75,65,51,14,32,77,70,5,6,62,55,45,33,91,96,43,83,16,9,0,76,27,92,41,46,37,79,87,22,2,34,74,89,13,54,4,8,61,66,49,21,69,17,85",
    "in_cols": [
      47,
      29,
      33,
      18,
      27,
      22,
      20,
      44,
      46,
      28,
      9,
      42,
      37,
      6,
      24,
      11,
      35,
      16,
      1,
      3,
      14,
      15,
      26,
      12,
      41,
      30,
      40,
      34,
      8,
      39,
      5,
      32,
      23,
      45,
      21,
      10,
      0,
      13,
      19,
      17,
      43,
      2,
      38,
      7,
      4,
      31,
      25,
      36
    ],
    "out_cols": [
      35,
      15,
      38,
      25,
      41,
      40,
      30,
      14,
      1,
      46,
      32,
      29,
      44,
      8,
      21,
      7,
      23,
      13,
      11,
      26,
      5,
      19,
      20,
      34,
      12,
      4,
      36,
      24,
      16,
      33,
      0,
      28,
      17,
      47,
      42,
      3,
      37,
      45,
      22,
      39,
      10,
      18,
      43,
      27,
      2,
      31,
      9,
      6
    ]
  },
  "best_seen": {
    "discrete_mse": 3.910679578781128,
    "order": [
      [
        59,
        72
      ],
      [
        39,
        30
      ],
      [
        42,
        78
      ],
      [
        73,
        52
      ],
      [
        56,
        82
      ],
      [
        95,
        80
      ],
      [
        44,
        63
      ],
      [
        88,
        29
      ],
      [
        94,
        7
      ],
      [
        58,
        93
      ],
      [
        15,
        67
      ],
      [
        18,
        57
      ],
      [
        1,
        90
      ],
      [
        10,
        20
      ],
      [
        48,
        40
      ],
      [
        87,
        19
      ],
      [
        37,
        47
      ],
      [
        86,
        26
      ],
      [
        35,
        24
      ],
      [
        3,
        53
      ],
      [
        28,
        12
      ],
      [
        31,
        36
      ],
      [
        50,
        38
      ],
      [
        23,
        71
      ],
      [
        84,
        25
      ],
      [
        60,
        11
      ],
      [
        64,
        75
      ],
      [
        65,
        55
      ],
      [
        14,
        32
      ],
      [
        5,
        70
      ],
      [
        81,
        51
      ],
      [
        62,
        6
      ],
      [
        45,
        33
      ],
      [
        77,
        96
      ],
      [
        43,
        83
      ],
      [
        16,
        9
      ],
      [
        0,
        76
      ],
      [
        27,
        92
      ],
      [
        41,
        46
      ],
      [
        13,
        79
      ],
      [
        91,
        22
      ],
      [
        2,
        34
      ],
      [
        74,
        89
      ],
      [
        68,
        54
      ],
      [
        4,
        8
      ],
      [
        61,
        66
      ],
      [
        49,
        21
      ],
      [
        69,
        17
      ]
    ],
    "in_cols": [
      29,
      18,
      20,
      37,
      27,
      47,
      22,
      44,
      46,
      28,
      9,
      11,
      1,
      6,
      24,
      43,
      17,
      42,
      16,
      3,
      14,
      15,
      26,
      12,
      41,
      30,
      33,
      34,
      8,
      5,
      40,
      32,
      23,
      39,
      21,
      10,
      0,
      13,
      19,
      7,
      45,
      2,
      38,
      35,
      4,
      31,
      25,
      36
    ],
    "out_cols": [
      35,
      15,
      38,
      25,
      41,
      40,
      30,
      14,
      1,
      46,
      32,
      29,
      44,
      8,
      21,
      7,
      23,
      13,
      11,
      26,
      5,
      19,
      20,
      34,
      12,
      4,
      36,
      28,
      16,
      33,
      24,
      0,
      17,
      47,
      42,
      3,
      37,
      45,
      22,
      39,
      10,
      18,
      43,
      27,
      2,
      31,
      9,
      6
    ]
  }
}