{
  "config": {
    "steps": 900,
    "lr": 0.03,
    "tau_start": 1.0,
    "tau_end": 0.03,
    "sinkhorn_iters": 30,
    "lambda_ent": 0.0003,
    "train_subsample": 4096,
    "seed": 8701,
    "device": "cuda"
  },
  "final": {
    "soft_mse_full": 0.46238601207733154,
    "discrete_mse": 1.843738079071045,
    "hash_match": false,
    "perm_str": "88,52,95,75,74,55,39,63,56,30,44,82,68,29,69,67,42,83,58,78,86,71,94,38,37,47,18,80,10,19,73,36,28,7,35,24,59,90,15,40,3,53,87,25,1,57,0,26,50,66,14,17,4,6,64,12,81,11,62,96,5,92,48,20,45,33,61,70,41,21,77,54,16,76,49,51,65,32,13,9,27,89,2,93,91,34,23,79,60,22,31,72,84,8,43,46,85",
    "in_cols": [
      44,
      47,
      38,
      18,
      27,
      22,
      35,
      36,
      20,
      28,
      42,
      46,
      17,
      11,
      6,
      37,
      14,
      16,
      29,
      9,
      3,
      43,
      1,
      0,
      26,
      8,
      4,
      33,
      40,
      32,
      5,
      24,
      23,
      31,
      19,
      39,
      10,
      25,
      34,
      7,
      13,
      2,
      45,
      12,
      30,
      15,
      41,
      21
    ],
    "out_cols": [
      25,
      36,
      28,
      30,
      15,
      41,
      14,
      32,
      42,
      38,
      34,
      20,
      23,
      40,
      7,
      19,
      1,
      11,
      44,
      21,
      26,
      12,
      29,
      13,
      31,
      6,
      0,
      5,
      4,
      47,
      45,
      8,
      17,
      33,
      9,
      27,
      37,
      24,
      16,
      3,
      43,
      46,
      18,
      39,
      10,
      35,
      2,
      22
    ]
  },
  "best_seen": {
    "discrete_mse": 1.1450587511062622,
    "order": [
      [
        39,
        52
      ],
      [
        95,
        75
      ],
      [
        73,
        55
      ],
      [
        42,
        63
      ],
      [
        56,
        30
      ],
      [
        44,
        82
      ],
      [
        74,
        29
      ],
      [
        69,
        67
      ],
      [
        88,
        83
      ],
      [
        58,
        78
      ],
      [
        86,
        71
      ],
      [
        94,
        38
      ],
      [
        37,
        47
      ],
      [
        18,
        80
      ],
      [
        10,
        19
      ],
      [
        68,
        36
      ],
      [
        28,
        7
      ],
      [
        35,
        24
      ],
      [
        59,
        90
      ],
      [
        15,
        40
      ],
      [
        3,
        53
      ],
      [
        87,
        25
      ],
      [
        1,
        57
      ],
      [
        0,
        26
      ],
      [
        50,
        66
      ],
      [
        14,
        17
      ],
      [
        4,
        6
      ],
      [
        64,
        12
      ],
      [
        81,
        11
      ],
      [
        62,
        96
      ],
      [
        5,
        92
      ],
      [
        48,
        20
      ],
      [
        45,
        33
      ],
      [
        61,
        70
      ],
      [
        41,
        21
      ],
      [
        77,
        54
      ],
      [
        16,
        76
      ],
      [
        49,
        51
      ],
      [
        65,
        32
      ],
      [
        13,
        9
      ],
      [
        27,
        89
      ],
      [
        2,
        93
      ],
      [
        91,
        34
      ],
      [
        23,
        79
      ],
      [
        60,
        22
      ],
      [
        31,
        72
      ],
      [
        84,
        8
      ],
      [
        43,
        46
      ]
    ],
    "in_cols": [
      18,
      47,
      37,
      20,
      27,
      22,
      38,
      36,
      44,
      28,
      42,
      46,
      17,
      11,
      6,
      35,
      14,
      16,
      29,
      9,
      3,
      43,
      1,
      0,
      26,
      8,
      4,
      33,
      40,
      32,
      5,
      24,
      23,
      31,
      19,
      39,
      10,
      25,
      34,
      7,
      13,
      2,
      45,
      12,
      30,
      15,
      41,
      21
    ],
    "out_cols": [
      25,
      36,
      28,
      30,
      15,
      41,
      14,
      32,
      42,
      38,
      34,
      20,
      23,
      40,
      7,
      19,
      1,
      11,
      44,
      21,
      26,
      12,
      29,
      13,
      31,
      6,
      0,
      5,
      4,
      47,
      45,
      8,
      17,
      33,
      9,
      27,
      37,
      24,
      16,
      3,
      43,
      46,
      18,
      39,
      10,
      35,
      2,
      22
    ]
  }
}