{
  "config": {
    "steps": 700,
    "lr": 0.02,
    "tau_start": 1.0,
    "tau_end": 0.03,
    "sinkhorn_iters": 30,
    "lambda_ent": 0.0003,
    "train_subsample": 0,
    "seed": 14903,
    "device": "cuda"
  },
  "final": {
    "soft_mse_full": 0.40217235684394836,
    "discrete_mse": 1.2914252281188965,
    "hash_match": false,
    "perm_str": "59,52,49,72,39,63,95,75,44,82,87,78,94,80,42,29,18,83,58,55,69,30,35,25,86,90,28,19,68,7,15,57,37,67,14,47,73,24,48,71,3,53,31,36,50,26,1,38,23,40,77,76,4,93,81,6,5,11,65,20,45,33,91,12,16,96,62,32,0,17,61,70,43,54,10,34,74,22,56,21,88,92,84,66,41,51,13,9,2,8,27,46,64,79,60,89,85",
    "in_cols": [
      29,
      25,
      18,
      47,
      22,
      43,
      46,
      20,
      11,
      28,
      36,
      16,
      42,
      14,
      35,
      9,
      17,
      8,
      37,
      24,
      3,
      15,
      26,
      1,
      12,
      39,
      4,
      40,
      5,
      34,
      23,
      45,
      10,
      32,
      0,
      31,
      21,
      6,
      38,
      27,
      44,
      41,
      19,
      7,
      2,
      13,
      33,
      30
    ],
    "out_cols": [
      25,
      35,
      30,
      36,
      41,
      38,
      40,
      14,
      42,
      28,
      15,
      12,
      44,
      7,
      1,
      29,
      32,
      23,
      11,
      34,
      26,
      19,
      13,
      20,
      21,
      37,
      46,
      0,
      4,
      8,
      17,
      5,
      47,
      16,
      6,
      33,
      27,
      18,
      10,
      9,
      45,
      31,
      24,
      3,
      2,
      22,
      39,
      43
    ]
  },
  "best_seen": {
    "discrete_mse": 20.33473014831543,
    "order": [
      [
        59,
        52
      ],
      [
        56,
        72
      ],
      [
        39,
        63
      ],
      [
        95,
        75
      ],
      [
        44,
        82
      ],
      [
        64,
        78
      ],
      [
        94,
        80
      ],
      [
        42,
        55
      ],
      [
        69,
        83
      ],
      [
        58,
        29
      ],
      [
        86,
        30
      ],
      [
        18,
        25
      ],
      [
        35,
        90
      ],
      [
        28,
        19
      ],
      [
        68,
        7
      ],
      [
        15,
        57
      ],
      [
        37,
        67
      ],
      [
        48,
        47
      ],
      [
        73,
        24
      ],
      [
        87,
        71
      ],
      [
        3,
        53
      ],
      [
        31,
        36
      ],
      [
        50,
        26
      ],
      [
        1,
        38
      ],
      [
        23,
        40
      ],
      [
        14,
        76
      ],
      [
        4,
        51
      ],
      [
        81,
        6
      ],
      [
        5,
        11
      ],
      [
        65,
        20
      ],
      [
        45,
        33
      ],
      [
        16,
        12
      ],
      [
        2,
        96
      ],
      [
        62,
        32
      ],
      [
        41,
        17
      ],
      [
        61,
        70
      ],
      [
        43,
        54
      ],
      [
        10,
        34
      ],
      [
        74,
        22
      ],
      [
        49,
        21
      ],
      [
        77,
        92
      ],
      [
        84,
        66
      ],
      [
        91,
        93
      ],
      [
        13,
        9
      ],
      [
        88,
        8
      ],
      [
        27,
        46
      ],
      [
        0,
        79
      ],
      [
        60,
        89
      ]
    ],
    "in_cols": [
      29,
      27,
      18,
      47,
      22,
      33,
      46,
      20,
      36,
      28,
      42,
      11,
      16,
      14,
      35,
      9,
      17,
      24,
      37,
      43,
      3,
      15,
      26,
      1,
      12,
      8,
      4,
      40,
      5,
      34,
      23,
      10,
      2,
      32,
      19,
      31,
      21,
      6,
      38,
      25,
      39,
      41,
      45,
      7,
      44,
      13,
      0,
      30
    ],
    "out_cols": [
      25,
      35,
      30,
      36,
      41,
      38,
      40,
      28,
      42,
      14,
      15,
      12,
      44,
      7,
      1,
      29,
      32,
      23,
      11,
      34,
      26,
      19,
      13,
      20,
      21,
      37,
      24,
      0,
      4,
      8,
      17,
      5,
      47,
      16,
      6,
      33,
      27,
      18,
      10,
      9,
      45,
      31,
      46,
      3,
      2,
      22,
      39,
      43
    ]
  }
}