{
  "config": {
    "steps": 900,
    "lr": 0.03,
    "tau_start": 1.0,
    "tau_end": 0.028,
    "sinkhorn_iters": 30,
    "lambda_ent": 0.0003,
    "train_subsample": 4096,
    "seed": 10102,
    "device": "cuda"
  },
  "final": {
    "soft_mse_full": 0.36104339361190796,
    "discrete_mse": 21.584827423095703,
    "hash_match": false,
    "perm_str": "59,52,39,72,73,55,95,80,56,30,74,78,44,82,88,29,69,93,18,67,68,53,86,47,28,19,37,7,15,57,48,40,87,71,42,36,35,24,1,63,3,26,31,25,50,12,27,38,23,21,4,17,77,76,5,51,64,11,81,6,16,96,45,33,14,20,91,90,62,83,43,75,13,32,60,89,2,70,94,92,84,9,65,54,0,22,41,34,49,66,61,46,10,8,58,79,85",
    "in_cols": [
      29,
      18,
      37,
      47,
      27,
      38,
      22,
      44,
      36,
      11,
      35,
      42,
      14,
      17,
      9,
      24,
      43,
      20,
      16,
      1,
      3,
      15,
      26,
      13,
      12,
      4,
      39,
      5,
      33,
      40,
      10,
      23,
      8,
      45,
      32,
      21,
      7,
      30,
      2,
      46,
      41,
      34,
      0,
      19,
      25,
      31,
      6,
      28
    ],
    "out_cols": [
      25,
      35,
      28,
      40,
      15,
      38,
      41,
      14,
      46,
      32,
      26,
      23,
      7,
      1,
      29,
      21,
      34,
      19,
      11,
      30,
      13,
      12,
      5,
      20,
      9,
      6,
      37,
      24,
      4,
      0,
      47,
      17,
      8,
      44,
      42,
      36,
      16,
      43,
      33,
      45,
      3,
      27,
      10,
      18,
      31,
      22,
      2,
      39
    ]
  },
  "best_seen": {
    "discrete_mse": 15.371564865112305,
    "order": [
      [
        59,
        52
      ],
      [
        39,
        72
      ],
      [
        23,
        55
      ],
      [
        95,
        80
      ],
      [
        56,
        30
      ],
      [
        74,
        78
      ],
      [
        44,
        82
      ],
      [
        42,
        29
      ],
      [
        88,
        93
      ],
      [
        69,
        67
      ],
      [
        68,
        90
      ],
      [
        86,
        47
      ],
      [
        28,
        19
      ],
      [
        37,
        7
      ],
      [
        50,
        57
      ],
      [
        18,
        40
      ],
      [
        87,
        71
      ],
      [
        73,
        25
      ],
      [
        35,
        24
      ],
      [
        1,
        63
      ],
      [
        3,
        26
      ],
      [
        65,
        36
      ],
      [
        31,
        12
      ],
      [
        27,
        38
      ],
      [
        14,
        21
      ],
      [
        4,
        17
      ],
      [
        77,
        76
      ],
      [
        5,
        51
      ],
      [
        64,
        11
      ],
      [
        81,
        6
      ],
      [
        16,
        96
      ],
      [
        45,
        33
      ],
      [
        48,
        20
      ],
      [
        91,
        53
      ],
      [
        62,
        83
      ],
      [
        43,
        75
      ],
      [
        13,
        32
      ],
      [
        60,
        89
      ],
      [
        2,
        70
      ],
      [
        15,
        92
      ],
      [
        84,
        9
      ],
      [
        94,
        54
      ],
      [
        0,
        22
      ],
      [
        41,
        34
      ],
      [
        49,
        66
      ],
      [
        61,
        46
      ],
      [
        10,
        8
      ],
      [
        58,
        79
      ]
    ],
    "in_cols": [
      29,
      18,
      12,
      47,
      27,
      38,
      22,
      20,
      44,
      36,
      35,
      42,
      14,
      17,
      26,
      11,
      43,
      37,
      16,
      1,
      3,
      34,
      15,
      13,
      8,
      4,
      39,
      5,
      33,
      40,
      10,
      23,
      24,
      45,
      32,
      21,
      7,
      30,
      2,
      9,
      41,
      46,
      0,
      19,
      25,
      31,
      6,
      28
    ],
    "out_cols": [
      25,
      35,
      28,
      40,
      15,
      38,
      41,
      14,
      46,
      32,
      44,
      23,
      7,
      1,
      29,
      21,
      34,
      12,
      11,
      30,
      13,
      19,
      5,
      20,
      9,
      6,
      37,
      24,
      4,
      0,
      47,
      17,
      8,
      26,
      42,
      36,
      16,
      43,
      33,
      45,
      3,
      27,
      10,
      18,
      31,
      22,
      2,
      39
    ]
  }
}