{
  "config": {
    "steps": 900,
    "lr": 0.03,
    "tau_start": 1.0,
    "tau_end": 0.03,
    "sinkhorn_iters": 30,
    "lambda_ent": 0.0003,
    "train_subsample": 4096,
    "seed": 23901,
    "device": "cuda"
  },
  "final": {
    "soft_mse_full": 0.39941561222076416,
    "discrete_mse": 98.93167877197266,
    "hash_match": false,
    "perm_str": "59,52,35,72,95,75,73,55,77,93,68,78,44,82,42,29,58,30,88,67,48,19,94,80,86,7,1,40,18,90,28,47,37,57,10,24,15,54,87,71,31,36,3,26,50,38,0,53,84,25,5,11,14,63,4,51,81,6,91,33,45,92,16,20,62,96,43,70,13,9,65,76,61,83,49,17,74,66,39,79,41,12,27,46,2,34,64,89,60,21,56,8,23,22,69,32,85",
    "in_cols": [
      29,
      16,
      47,
      37,
      39,
      35,
      22,
      20,
      28,
      44,
      24,
      46,
      42,
      1,
      11,
      14,
      17,
      6,
      9,
      43,
      15,
      3,
      26,
      0,
      41,
      5,
      8,
      4,
      40,
      45,
      23,
      10,
      32,
      21,
      7,
      34,
      31,
      25,
      38,
      18,
      19,
      13,
      2,
      33,
      30,
      27,
      12,
      36
    ],
    "out_cols": [
      25,
      35,
      36,
      28,
      46,
      38,
      41,
      14,
      15,
      32,
      7,
      40,
      1,
      21,
      44,
      23,
      29,
      11,
      27,
      34,
      19,
      13,
      20,
      26,
      12,
      4,
      30,
      24,
      0,
      17,
      45,
      8,
      47,
      33,
      3,
      37,
      42,
      6,
      31,
      39,
      5,
      22,
      18,
      43,
      9,
      2,
      10,
      16
    ]
  },
  "best_seen": {
    "discrete_mse": 13.243927955627441,
    "order": [
      [
        23,
        51
      ],
      [
        43,
        40
      ],
      [
        77,
        75
      ],
      [
        60,
        78
      ],
      [
        65,
        66
      ],
      [
        4,
        22
      ],
      [
        62,
        53
      ],
      [
        64,
        71
      ],
      [
        14,
        21
      ],
      [
        39,
        46
      ],
      [
        15,
        83
      ],
      [
        87,
        70
      ],
      [
        73,
        11
      ],
      [
        91,
        24
      ],
      [
        10,
        89
      ],
      [
        28,
        34
      ],
      [
        61,
        47
      ],
      [
        37,
        17
      ],
      [
        59,
        30
      ],
      [
        69,
        93
      ],
      [
        31,
        19
      ],
      [
        45,
        82
      ],
      [
        0,
        90
      ],
      [
        49,
        54
      ],
      [
        42,
        29
      ],
      [
        58,
        6
      ],
      [
        44,
        33
      ],
      [
        84,
        92
      ],
      [
        35,
        52
      ],
      [
        16,
        80
      ],
      [
        94,
        57
      ],
      [
        88,
        25
      ],
      [
        48,
        32
      ],
      [
        2,
        12
      ],
      [
        74,
        63
      ],
      [
        18,
        55
      ],
      [
        3,
        96
      ],
      [
        5,
        26
      ],
      [
        56,
        67
      ],
      [
        1,
        7
      ],
      [
        41,
        36
      ],
      [
        81,
        38
      ],
      [
        50,
        8
      ],
      [
        13,
        76
      ],
      [
        27,
        79
      ],
      [
        95,
        9
      ],
      [
        68,
        72
      ],
      [
        86,
        20
      ]
    ],
    "in_cols": [
      12,
      21,
      39,
      30,
      34,
      4,
      32,
      33,
      8,
      18,
      9,
      43,
      37,
      45,
      6,
      14,
      31,
      17,
      29,
      36,
      15,
      23,
      0,
      25,
      20,
      28,
      22,
      41,
      16,
      10,
      46,
      44,
      24,
      2,
      38,
      11,
      3,
      5,
      27,
      1,
      19,
      40,
      26,
      7,
      13,
      47,
      35,
      42
    ],
    "out_cols": [
      24,
      21,
      36,
      38,
      31,
      10,
      26,
      34,
      9,
      22,
      42,
      33,
      4,
      11,
      43,
      18,
      23,
      6,
      15,
      46,
      7,
      41,
      44,
      27,
      14,
      0,
      17,
      45,
      25,
      40,
      29,
      12,
      16,
      5,
      30,
      28,
      47,
      13,
      32,
      1,
      19,
      20,
      2,
      37,
      39,
      3,
      35,
      8
    ]
  }
}