{
  "config": {
    "steps": 700,
    "lr": 0.02,
    "tau_start": 1.0,
    "tau_end": 0.03,
    "sinkhorn_iters": 30,
    "lambda_ent": 0.0003,
    "train_subsample": 0,
    "seed": 4303,
    "device": "cuda"
  },
  "final": {
    "soft_mse_full": 0.34616023302078247,
    "discrete_mse": 0.731137216091156,
    "hash_match": false,
    "perm_str": "59,52,39,72,49,75,95,29,56,30,44,82,74,93,94,80,42,83,58,78,86,26,18,90,73,47,28,19,35,24,15,67,37,57,50,7,68,40,1,63,3,25,31,36,87,71,0,38,14,17,64,12,5,6,48,20,77,11,4,33,60,92,81,96,16,70,62,51,91,53,23,54,27,55,13,89,45,32,10,46,61,76,65,9,69,66,2,79,84,22,88,8,41,21,43,34,85",
    "in_cols": [
      29,
      18,
      25,
      47,
      27,
      22,
      38,
      46,
      20,
      28,
      42,
      11,
      37,
      14,
      16,
      9,
      17,
      26,
      35,
      1,
      3,
      15,
      43,
      0,
      8,
      33,
      5,
      24,
      39,
      4,
      30,
      40,
      10,
      32,
      45,
      12,
      13,
      7,
      23,
      6,
      31,
      34,
      36,
      2,
      41,
      44,
      19,
      21
    ],
    "out_cols": [
      25,
      35,
      36,
      14,
      15,
      41,
      46,
      40,
      42,
      38,
      13,
      44,
      23,
      7,
      11,
      32,
      29,
      1,
      21,
      30,
      12,
      19,
      34,
      20,
      6,
      5,
      0,
      8,
      4,
      17,
      45,
      47,
      33,
      24,
      26,
      27,
      28,
      43,
      16,
      22,
      37,
      3,
      31,
      39,
      10,
      2,
      9,
      18
    ]
  },
  "best_seen": {
    "discrete_mse": 0.731137216091156,
    "order": [
      [
        59,
        52
      ],
      [
        39,
        72
      ],
      [
        49,
        75
      ],
      [
        95,
        29
      ],
      [
        56,
        30
      ],
      [
        44,
        82
      ],
      [
        74,
        93
      ],
      [
        94,
        80
      ],
      [
        42,
        83
      ],
      [
        58,
        78
      ],
      [
        86,
        26
      ],
      [
        18,
        90
      ],
      [
        73,
        47
      ],
      [
        28,
        19
      ],
      [
        35,
        24
      ],
      [
        15,
        67
      ],
      [
        37,
        57
      ],
      [
        50,
        7
      ],
      [
        68,
        40
      ],
      [
        1,
        63
      ],
      [
        3,
        25
      ],
      [
        31,
        36
      ],
      [
        87,
        71
      ],
      [
        0,
        38
      ],
      [
        14,
        17
      ],
      [
        64,
        12
      ],
      [
        5,
        6
      ],
      [
        48,
        20
      ],
      [
        77,
        11
      ],
      [
        4,
        33
      ],
      [
        60,
        92
      ],
      [
        81,
        96
      ],
      [
        16,
        70
      ],
      [
        62,
        51
      ],
      [
        91,
        53
      ],
      [
        23,
        54
      ],
      [
        27,
        55
      ],
      [
        13,
        89
      ],
      [
        45,
        32
      ],
      [
        10,
        46
      ],
      [
        61,
        76
      ],
      [
        65,
        9
      ],
      [
        69,
        66
      ],
      [
        2,
        79
      ],
      [
        84,
        22
      ],
      [
        88,
        8
      ],
      [
        41,
        21
      ],
      [
        43,
        34
      ]
    ],
    "in_cols": [
      29,
      18,
      25,
      47,
      27,
      22,
      38,
      46,
      20,
      28,
      42,
      11,
      37,
      14,
      16,
      9,
      17,
      26,
      35,
      1,
      3,
      15,
      43,
      0,
      8,
      33,
      5,
      24,
      39,
      4,
      30,
      40,
      10,
      32,
      45,
      12,
      13,
      7,
      23,
      6,
      31,
      34,
      36,
      2,
      41,
      44,
      19,
      21
    ],
    "out_cols": [
      25,
      35,
      36,
      14,
      15,
      41,
      46,
      40,
      42,
      38,
      13,
      44,
      23,
      7,
      11,
      32,
      29,
      1,
      21,
      30,
      12,
      19,
      34,
      20,
      6,
      5,
      0,
      8,
      4,
      17,
      45,
      47,
      33,
      24,
      26,
      27,
      28,
      43,
      16,
      22,
      37,
      3,
      31,
      39,
      10,
      2,
      9,
      18
    ]
  }
}