{
  "config": {
    "steps": 900,
    "lr": 0.03,
    "tau_start": 1.0,
    "tau_end": 0.03,
    "sinkhorn_iters": 30,
    "lambda_ent": 0.0003,
    "train_subsample": 4096,
    "seed": 22001,
    "device": "cuda"
  },
  "final": {
    "soft_mse_full": 0.3937131464481354,
    "discrete_mse": 54.87712478637695,
    "hash_match": false,
    "perm_str": "69,72,39,75,59,52,42,63,95,78,44,82,87,93,35,55,94,80,58,29,86,30,15,67,18,90,10,7,68,47,48,19,37,57,73,24,3,26,31,25,50,66,28,36,1,71,23,38,60,11,14,17,16,32,5,51,81,40,65,20,62,96,4,6,84,70,77,33,43,89,91,9,27,53,64,22,49,54,56,34,74,92,0,79,13,12,41,46,61,76,45,8,88,83,2,21,85",
    "in_cols": [
      36,
      18,
      29,
      20,
      47,
      22,
      43,
      16,
      46,
      28,
      42,
      9,
      11,
      6,
      35,
      24,
      17,
      37,
      3,
      15,
      26,
      14,
      1,
      12,
      30,
      8,
      10,
      5,
      40,
      34,
      32,
      4,
      41,
      39,
      21,
      45,
      13,
      33,
      25,
      27,
      38,
      0,
      7,
      19,
      31,
      23,
      44,
      2
    ],
    "out_cols": [
      35,
      36,
      25,
      30,
      38,
      41,
      46,
      28,
      40,
      14,
      15,
      32,
      44,
      1,
      23,
      7,
      29,
      11,
      13,
      12,
      31,
      19,
      34,
      20,
      4,
      6,
      16,
      24,
      21,
      8,
      47,
      0,
      33,
      17,
      43,
      3,
      26,
      10,
      27,
      18,
      45,
      39,
      5,
      22,
      37,
      2,
      42,
      9
    ]
  },
  "best_seen": {
    "discrete_mse": 27.5167179107666,
    "order": [
      [
        16,
        54
      ],
      [
        49,
        89
      ],
      [
        1,
        53
      ],
      [
        14,
        30
      ],
      [
        5,
        40
      ],
      [
        88,
        57
      ],
      [
        31,
        90
      ],
      [
        68,
        7
      ],
      [
        74,
        75
      ],
      [
        3,
        46
      ],
      [
        95,
        51
      ],
      [
        60,
        92
      ],
      [
        59,
        67
      ],
      [
        58,
        63
      ],
      [
        84,
        17
      ],
      [
        0,
        25
      ],
      [
        43,
        72
      ],
      [
        35,
        22
      ],
      [
        86,
        8
      ],
      [
        41,
        83
      ],
      [
        45,
        9
      ],
      [
        50,
        19
      ],
      [
        61,
        20
      ],
      [
        10,
        47
      ],
      [
        94,
        6
      ],
      [
        77,
        93
      ],
      [
        13,
        71
      ],
      [
        44,
        82
      ],
      [
        64,
        11
      ],
      [
        23,
        80
      ],
      [
        48,
        34
      ],
      [
        37,
        29
      ],
      [
        42,
        78
      ],
      [
        39,
        26
      ],
      [
        73,
        12
      ],
      [
        65,
        52
      ],
      [
        69,
        96
      ],
      [
        18,
        21
      ],
      [
        4,
        38
      ],
      [
        2,
        24
      ],
      [
        27,
        70
      ],
      [
        91,
        33
      ],
      [
        15,
        32
      ],
      [
        81,
        36
      ],
      [
        62,
        76
      ],
      [
        87,
        66
      ],
      [
        56,
        79
      ],
      [
        28,
        55
      ]
    ],
    "in_cols": [
      10,
      25,
      1,
      8,
      5,
      44,
      15,
      35,
      38,
      3,
      47,
      30,
      29,
      28,
      41,
      0,
      21,
      16,
      42,
      19,
      23,
      26,
      31,
      6,
      46,
      39,
      7,
      22,
      33,
      12,
      24,
      17,
      20,
      18,
      37,
      34,
      36,
      11,
      4,
      2,
      13,
      45,
      9,
      40,
      32,
      43,
      27,
      14
    ],
    "out_cols": [
      27,
      43,
      26,
      15,
      21,
      29,
      44,
      1,
      36,
      22,
      24,
      45,
      32,
      30,
      6,
      12,
      35,
      10,
      2,
      42,
      3,
      7,
      8,
      23,
      0,
      46,
      34,
      41,
      4,
      40,
      18,
      14,
      38,
      13,
      5,
      25,
      47,
      9,
      20,
      11,
      33,
      17,
      16,
      19,
      37,
      31,
      39,
      28
    ]
  }
}