{
  "config": {
    "steps": 700,
    "lr": 0.02,
    "tau_start": 1.0,
    "tau_end": 0.03,
    "sinkhorn_iters": 30,
    "lambda_ent": 0.0003,
    "train_subsample": 0,
    "seed": 6103,
    "device": "cuda"
  },
  "final": {
    "soft_mse_full": 0.310817152261734,
    "discrete_mse": 50.92021560668945,
    "hash_match": false,
    "perm_str": "59,52,39,72,73,63,95,80,44,82,74,78,42,55,50,29,88,93,86,83,58,90,35,25,18,24,28,19,15,67,37,57,94,7,68,47,87,26,10,40,3,53,31,36,1,8,23,38,60,71,14,11,4,17,65,89,5,30,81,6,77,92,43,70,48,20,16,96,62,75,13,54,0,32,49,21,61,9,27,46,56,79,2,34,84,66,91,33,41,51,45,76,69,12,64,22,85",
    "in_cols": [
      29,
      18,
      37,
      47,
      22,
      38,
      20,
      26,
      44,
      42,
      28,
      16,
      11,
      14,
      9,
      17,
      46,
      35,
      43,
      6,
      3,
      15,
      1,
      12,
      30,
      8,
      4,
      34,
      5,
      40,
      39,
      21,
      24,
      10,
      32,
      7,
      0,
      25,
      31,
      13,
      27,
      2,
      41,
      45,
      19,
      23,
      36,
      33
    ],
    "out_cols": [
      25,
      35,
      30,
      40,
      41,
      38,
      28,
      14,
      46,
      42,
      44,
      12,
      11,
      7,
      32,
      29,
      1,
      23,
      13,
      21,
      26,
      19,
      2,
      20,
      34,
      4,
      6,
      43,
      15,
      0,
      45,
      33,
      8,
      47,
      36,
      27,
      16,
      9,
      3,
      22,
      39,
      18,
      31,
      17,
      24,
      37,
      5,
      10
    ]
  },
  "best_seen": {
    "discrete_mse": 5.239864349365234,
    "order": [
      [
        59,
        52
      ],
      [
        39,
        72
      ],
      [
        86,
        63
      ],
      [
        95,
        80
      ],
      [
        44,
        82
      ],
      [
        73,
        78
      ],
      [
        42,
        55
      ],
      [
        94,
        29
      ],
      [
        74,
        93
      ],
      [
        91,
        83
      ],
      [
        58,
        90
      ],
      [
        35,
        25
      ],
      [
        18,
        24
      ],
      [
        28,
        19
      ],
      [
        15,
        67
      ],
      [
        37,
        57
      ],
      [
        50,
        7
      ],
      [
        68,
        47
      ],
      [
        87,
        26
      ],
      [
        10,
        40
      ],
      [
        3,
        53
      ],
      [
        31,
        36
      ],
      [
        1,
        8
      ],
      [
        23,
        38
      ],
      [
        60,
        71
      ],
      [
        14,
        11
      ],
      [
        4,
        17
      ],
      [
        65,
        89
      ],
      [
        5,
        30
      ],
      [
        81,
        6
      ],
      [
        77,
        92
      ],
      [
        43,
        70
      ],
      [
        48,
        20
      ],
      [
        16,
        96
      ],
      [
        62,
        75
      ],
      [
        49,
        54
      ],
      [
        0,
        32
      ],
      [
        64,
        21
      ],
      [
        13,
        9
      ],
      [
        27,
        46
      ],
      [
        56,
        79
      ],
      [
        61,
        34
      ],
      [
        84,
        66
      ],
      [
        69,
        33
      ],
      [
        41,
        51
      ],
      [
        45,
        76
      ],
      [
        2,
        12
      ],
      [
        88,
        22
      ]
    ],
    "in_cols": [
      29,
      18,
      42,
      47,
      22,
      37,
      20,
      46,
      38,
      45,
      28,
      16,
      11,
      14,
      9,
      17,
      26,
      35,
      43,
      6,
      3,
      15,
      1,
      12,
      30,
      8,
      4,
      34,
      5,
      40,
      39,
      21,
      24,
      10,
      32,
      25,
      0,
      33,
      7,
      13,
      27,
      31,
      41,
      36,
      19,
      23,
      2,
      44
    ],
    "out_cols": [
      25,
      35,
      30,
      40,
      41,
      38,
      28,
      14,
      46,
      42,
      44,
      12,
      11,
      7,
      32,
      29,
      1,
      23,
      13,
      21,
      26,
      19,
      2,
      20,
      34,
      4,
      6,
      43,
      15,
      0,
      45,
      33,
      8,
      47,
      36,
      27,
      16,
      9,
      3,
      22,
      39,
      18,
      31,
      17,
      24,
      37,
      5,
      10
    ]
  }
}