{
  "config": {
    "steps": 700,
    "lr": 0.015,
    "tau_start": 1.0,
    "tau_end": 0.025,
    "sinkhorn_iters": 30,
    "lambda_ent": 0.0001,
    "train_subsample": 0,
    "seed": 10004,
    "device": "cuda"
  },
  "final": {
    "soft_mse_full": 0.3348920941352844,
    "discrete_mse": 47.66323471069336,
    "hash_match": false,
    "perm_str": "59,52,39,30,48,72,73,63,44,82,58,78,95,80,42,29,94,93,69,55,86,90,18,54,15,67,35,24,68,7,28,19,10,57,87,71,37,47,50,40,31,36,23,25,3,26,1,38,14,21,2,11,0,17,81,6,91,33,77,92,5,20,4,96,16,70,65,53,13,9,62,83,49,75,27,89,74,32,88,76,56,8,64,66,41,51,84,22,61,34,45,79,43,12,60,46,85",
    "in_cols": [
      29,
      18,
      24,
      37,
      22,
      28,
      47,
      20,
      46,
      36,
      42,
      11,
      9,
      16,
      35,
      14,
      6,
      43,
      17,
      26,
      15,
      12,
      3,
      1,
      8,
      2,
      0,
      40,
      45,
      39,
      5,
      4,
      10,
      34,
      7,
      32,
      25,
      13,
      38,
      44,
      27,
      33,
      19,
      41,
      31,
      23,
      21,
      30
    ],
    "out_cols": [
      25,
      15,
      35,
      30,
      41,
      38,
      40,
      14,
      46,
      28,
      44,
      27,
      32,
      11,
      1,
      7,
      29,
      34,
      23,
      21,
      19,
      12,
      13,
      20,
      9,
      4,
      6,
      0,
      17,
      45,
      8,
      47,
      33,
      26,
      3,
      42,
      36,
      43,
      16,
      37,
      2,
      31,
      24,
      10,
      18,
      39,
      5,
      22
    ]
  },
  "best_seen": {
    "discrete_mse": 24.16925811767578,
    "order": [
      [
        59,
        52
      ],
      [
        39,
        30
      ],
      [
        3,
        72
      ],
      [
        73,
        63
      ],
      [
        44,
        82
      ],
      [
        58,
        78
      ],
      [
        95,
        80
      ],
      [
        42,
        29
      ],
      [
        94,
        93
      ],
      [
        48,
        55
      ],
      [
        86,
        90
      ],
      [
        18,
        54
      ],
      [
        15,
        67
      ],
      [
        35,
        24
      ],
      [
        68,
        7
      ],
      [
        28,
        19
      ],
      [
        10,
        57
      ],
      [
        87,
        71
      ],
      [
        37,
        47
      ],
      [
        50,
        40
      ],
      [
        31,
        36
      ],
      [
        23,
        25
      ],
      [
        91,
        26
      ],
      [
        1,
        38
      ],
      [
        14,
        21
      ],
      [
        2,
        11
      ],
      [
        0,
        17
      ],
      [
        81,
        6
      ],
      [
        45,
        33
      ],
      [
        77,
        92
      ],
      [
        5,
        20
      ],
      [
        4,
        96
      ],
      [
        16,
        70
      ],
      [
        65,
        53
      ],
      [
        13,
        9
      ],
      [
        62,
        83
      ],
      [
        49,
        75
      ],
      [
        41,
        89
      ],
      [
        74,
        32
      ],
      [
        88,
        76
      ],
      [
        56,
        8
      ],
      [
        64,
        66
      ],
      [
        69,
        51
      ],
      [
        84,
        22
      ],
      [
        61,
        34
      ],
      [
        60,
        79
      ],
      [
        43,
        12
      ],
      [
        27,
        46
      ]
    ],
    "in_cols": [
      29,
      18,
      3,
      37,
      22,
      28,
      47,
      20,
      46,
      24,
      42,
      11,
      9,
      16,
      35,
      14,
      6,
      43,
      17,
      26,
      15,
      12,
      45,
      1,
      8,
      2,
      0,
      40,
      23,
      39,
      5,
      4,
      10,
      34,
      7,
      32,
      25,
      19,
      38,
      44,
      27,
      33,
      36,
      41,
      31,
      30,
      21,
      13
    ],
    "out_cols": [
      25,
      15,
      35,
      30,
      41,
      38,
      40,
      14,
      46,
      28,
      44,
      27,
      32,
      11,
      1,
      7,
      29,
      34,
      23,
      21,
      19,
      12,
      13,
      20,
      9,
      4,
      6,
      0,
      17,
      45,
      8,
      47,
      33,
      26,
      3,
      42,
      36,
      43,
      16,
      37,
      2,
      31,
      24,
      10,
      18,
      39,
      5,
      22
    ]
  }
}