{
  "config": {
    "steps": 900,
    "lr": 0.03,
    "tau_start": 1.0,
    "tau_end": 0.03,
    "sinkhorn_iters": 30,
    "lambda_ent": 0.0003,
    "train_subsample": 4096,
    "seed": 23401,
    "device": "cuda"
  },
  "final": {
    "soft_mse_full": 0.4459611773490906,
    "discrete_mse": 13.091169357299805,
    "hash_match": false,
    "perm_str": "59,52,39,72,95,75,73,55,56,30,58,78,44,82,88,29,42,80,94,93,86,90,18,83,28,19,35,24,10,7,37,57,15,67,65,40,68,47,3,53,50,25,31,36,14,26,27,38,87,71,81,20,23,6,4,32,48,51,5,11,77,63,91,33,1,70,62,96,60,54,16,92,2,9,43,76,84,66,13,22,74,34,0,12,61,46,41,8,45,79,49,21,64,89,69,17,85",
    "in_cols": [
      29,
      18,
      47,
      37,
      27,
      28,
      22,
      44,
      20,
      46,
      42,
      11,
      14,
      16,
      6,
      17,
      9,
      34,
      35,
      3,
      26,
      15,
      8,
      13,
      43,
      40,
      12,
      4,
      24,
      5,
      39,
      45,
      1,
      32,
      30,
      10,
      2,
      21,
      41,
      7,
      38,
      0,
      31,
      19,
      23,
      25,
      33,
      36
    ],
    "out_cols": [
      25,
      35,
      36,
      28,
      15,
      38,
      41,
      14,
      40,
      46,
      44,
      42,
      7,
      11,
      1,
      29,
      32,
      21,
      23,
      26,
      12,
      19,
      13,
      20,
      34,
      8,
      0,
      16,
      24,
      4,
      30,
      17,
      33,
      47,
      27,
      45,
      3,
      37,
      31,
      10,
      18,
      5,
      22,
      2,
      39,
      9,
      43,
      6
    ]
  },
  "best_seen": {
    "discrete_mse": 20.819063186645508,
    "order": [
      [
        59,
        52
      ],
      [
        39,
        72
      ],
      [
        95,
        75
      ],
      [
        73,
        55
      ],
      [
        56,
        30
      ],
      [
        58,
        78
      ],
      [
        44,
        82
      ],
      [
        88,
        29
      ],
      [
        42,
        80
      ],
      [
        94,
        93
      ],
      [
        86,
        90
      ],
      [
        18,
        83
      ],
      [
        28,
        19
      ],
      [
        35,
        24
      ],
      [
        10,
        7
      ],
      [
        37,
        57
      ],
      [
        15,
        67
      ],
      [
        65,
        40
      ],
      [
        68,
        47
      ],
      [
        3,
        53
      ],
      [
        50,
        25
      ],
      [
        31,
        36
      ],
      [
        14,
        26
      ],
      [
        27,
        38
      ],
      [
        87,
        71
      ],
      [
        81,
        20
      ],
      [
        23,
        6
      ],
      [
        4,
        32
      ],
      [
        48,
        51
      ],
      [
        5,
        11
      ],
      [
        1,
        63
      ],
      [
        91,
        33
      ],
      [
        77,
        70
      ],
      [
        62,
        96
      ],
      [
        60,
        54
      ],
      [
        16,
        92
      ],
      [
        2,
        9
      ],
      [
        43,
        76
      ],
      [
        84,
        66
      ],
      [
        13,
        22
      ],
      [
        74,
        34
      ],
      [
        0,
        12
      ],
      [
        61,
        46
      ],
      [
        41,
        8
      ],
      [
        45,
        79
      ],
      [
        49,
        21
      ],
      [
        64,
        89
      ],
      [
        69,
        17
      ]
    ],
    "in_cols": [
      29,
      18,
      47,
      37,
      27,
      28,
      22,
      44,
      20,
      46,
      42,
      11,
      14,
      16,
      6,
      17,
      9,
      34,
      35,
      3,
      26,
      15,
      8,
      13,
      43,
      40,
      12,
      4,
      24,
      5,
      1,
      45,
      39,
      32,
      30,
      10,
      2,
      21,
      41,
      7,
      38,
      0,
      31,
      19,
      23,
      25,
      33,
      36
    ],
    "out_cols": [
      25,
      35,
      36,
      28,
      15,
      38,
      41,
      14,
      40,
      46,
      44,
      42,
      7,
      11,
      1,
      29,
      32,
      21,
      23,
      26,
      12,
      19,
      13,
      20,
      34,
      8,
      0,
      16,
      24,
      4,
      30,
      17,
      33,
      47,
      27,
      45,
      3,
      37,
      31,
      10,
      18,
      5,
      22,
      2,
      39,
      9,
      43,
      6
    ]
  }
}