{
  "config": {
    "steps": 900,
    "lr": 0.03,
    "tau_start": 1.0,
    "tau_end": 0.028,
    "sinkhorn_iters": 30,
    "lambda_ent": 0.0003,
    "train_subsample": 4096,
    "seed": 7702,
    "device": "cuda"
  },
  "final": {
    "soft_mse_full": 0.5456839799880981,
    "discrete_mse": 14.72615909576416,
    "hash_match": false,
    "perm_str": "95,30,59,52,39,55,74,63,42,72,18,78,44,93,60,7,88,29,94,83,69,26,86,90,50,80,28,19,15,67,73,36,68,71,37,47,58,57,35,24,3,25,87,76,1,38,23,40,77,11,5,51,14,33,45,17,48,6,43,70,4,20,91,12,16,96,13,32,81,75,62,34,65,53,41,22,0,21,64,54,10,66,31,89,61,46,2,92,84,9,49,79,56,8,27,82,85",
    "in_cols": [
      47,
      29,
      18,
      38,
      20,
      11,
      22,
      30,
      44,
      46,
      36,
      42,
      26,
      14,
      9,
      37,
      35,
      17,
      28,
      16,
      3,
      43,
      1,
      12,
      39,
      5,
      8,
      23,
      24,
      21,
      4,
      45,
      10,
      7,
      40,
      32,
      34,
      19,
      0,
      33,
      6,
      15,
      31,
      2,
      41,
      25,
      27,
      13
    ],
    "out_cols": [
      15,
      25,
      28,
      30,
      35,
      38,
      46,
      1,
      14,
      42,
      13,
      44,
      40,
      7,
      32,
      19,
      34,
      23,
      29,
      11,
      12,
      37,
      20,
      21,
      4,
      24,
      17,
      6,
      0,
      33,
      8,
      5,
      47,
      16,
      36,
      18,
      26,
      10,
      9,
      27,
      31,
      43,
      22,
      45,
      3,
      39,
      2,
      41
    ]
  },
  "best_seen": {
    "discrete_mse": 14.26525592803955,
    "order": [
      [
        95,
        30
      ],
      [
        59,
        52
      ],
      [
        74,
        55
      ],
      [
        86,
        93
      ],
      [
        39,
        72
      ],
      [
        37,
        78
      ],
      [
        44,
        82
      ],
      [
        42,
        7
      ],
      [
        88,
        29
      ],
      [
        58,
        83
      ],
      [
        69,
        26
      ],
      [
        94,
        90
      ],
      [
        18,
        80
      ],
      [
        28,
        19
      ],
      [
        15,
        67
      ],
      [
        50,
        36
      ],
      [
        68,
        71
      ],
      [
        73,
        47
      ],
      [
        10,
        57
      ],
      [
        35,
        24
      ],
      [
        3,
        25
      ],
      [
        31,
        63
      ],
      [
        1,
        38
      ],
      [
        23,
        40
      ],
      [
        77,
        11
      ],
      [
        5,
        51
      ],
      [
        14,
        33
      ],
      [
        45,
        17
      ],
      [
        48,
        6
      ],
      [
        43,
        70
      ],
      [
        4,
        20
      ],
      [
        87,
        12
      ],
      [
        16,
        96
      ],
      [
        13,
        32
      ],
      [
        81,
        89
      ],
      [
        62,
        75
      ],
      [
        65,
        53
      ],
      [
        41,
        22
      ],
      [
        0,
        21
      ],
      [
        64,
        54
      ],
      [
        84,
        66
      ],
      [
        91,
        76
      ],
      [
        61,
        46
      ],
      [
        2,
        92
      ],
      [
        60,
        34
      ],
      [
        49,
        79
      ],
      [
        56,
        8
      ],
      [
        27,
        9
      ]
    ],
    "in_cols": [
      47,
      29,
      38,
      42,
      18,
      17,
      22,
      20,
      44,
      28,
      36,
      46,
      11,
      14,
      9,
      26,
      35,
      37,
      6,
      16,
      3,
      15,
      1,
      12,
      39,
      5,
      8,
      23,
      24,
      21,
      4,
      43,
      10,
      7,
      40,
      32,
      34,
      19,
      0,
      33,
      41,
      45,
      31,
      2,
      30,
      25,
      27,
      13
    ],
    "out_cols": [
      15,
      25,
      28,
      46,
      35,
      38,
      41,
      1,
      14,
      42,
      13,
      44,
      40,
      7,
      32,
      19,
      34,
      23,
      29,
      11,
      12,
      30,
      20,
      21,
      4,
      24,
      17,
      6,
      0,
      33,
      8,
      5,
      47,
      16,
      43,
      36,
      26,
      10,
      9,
      27,
      31,
      37,
      22,
      45,
      18,
      39,
      2,
      3
    ]
  }
}