{
  "config": {
    "steps": 900,
    "lr": 0.03,
    "tau_start": 1.0,
    "tau_end": 0.03,
    "sinkhorn_iters": 30,
    "lambda_ent": 0.0003,
    "train_subsample": 4096,
    "seed": 26301,
    "device": "cuda"
  },
  "final": {
    "soft_mse_full": 0.3673933744430542,
    "discrete_mse": 76.3677978515625,
    "hash_match": false,
    "perm_str": "59,52,73,78,95,63,56,30,44,82,74,80,68,93,42,29,69,83,58,7,86,54,94,90,18,47,39,36,15,67,37,19,10,57,31,55,50,25,28,40,3,26,35,24,1,38,23,71,62,8,14,17,77,76,13,11,4,6,88,92,91,33,65,70,81,75,5,20,16,89,27,21,61,53,2,9,60,32,41,22,87,12,0,79,49,96,48,51,43,46,45,72,84,66,64,34,85",
    "in_cols": [
      29,
      37,
      47,
      27,
      22,
      38,
      35,
      20,
      36,
      28,
      42,
      46,
      11,
      18,
      9,
      17,
      6,
      15,
      26,
      14,
      3,
      16,
      1,
      12,
      32,
      8,
      39,
      7,
      4,
      44,
      45,
      34,
      40,
      5,
      10,
      13,
      31,
      2,
      30,
      19,
      43,
      0,
      25,
      24,
      21,
      23,
      41,
      33
    ],
    "out_cols": [
      25,
      38,
      30,
      15,
      41,
      40,
      46,
      14,
      42,
      1,
      27,
      44,
      23,
      19,
      32,
      7,
      29,
      28,
      12,
      21,
      13,
      11,
      20,
      34,
      2,
      6,
      37,
      4,
      0,
      45,
      17,
      33,
      36,
      8,
      43,
      9,
      26,
      3,
      16,
      10,
      5,
      39,
      47,
      24,
      22,
      35,
      31,
      18
    ]
  },
  "best_seen": {
    "discrete_mse": 6.934942245483398,
    "order": [
      [
        59,
        52
      ],
      [
        23,
        55
      ],
      [
        95,
        63
      ],
      [
        56,
        30
      ],
      [
        44,
        82
      ],
      [
        74,
        80
      ],
      [
        68,
        93
      ],
      [
        42,
        29
      ],
      [
        69,
        83
      ],
      [
        58,
        7
      ],
      [
        86,
        54
      ],
      [
        94,
        90
      ],
      [
        18,
        47
      ],
      [
        73,
        36
      ],
      [
        37,
        67
      ],
      [
        28,
        19
      ],
      [
        10,
        57
      ],
      [
        31,
        78
      ],
      [
        50,
        25
      ],
      [
        1,
        40
      ],
      [
        3,
        26
      ],
      [
        35,
        24
      ],
      [
        39,
        38
      ],
      [
        87,
        71
      ],
      [
        15,
        8
      ],
      [
        4,
        17
      ],
      [
        14,
        76
      ],
      [
        13,
        11
      ],
      [
        62,
        6
      ],
      [
        91,
        92
      ],
      [
        77,
        33
      ],
      [
        65,
        70
      ],
      [
        81,
        75
      ],
      [
        5,
        20
      ],
      [
        16,
        89
      ],
      [
        27,
        21
      ],
      [
        61,
        53
      ],
      [
        2,
        9
      ],
      [
        60,
        32
      ],
      [
        41,
        22
      ],
      [
        88,
        12
      ],
      [
        0,
        79
      ],
      [
        49,
        96
      ],
      [
        48,
        51
      ],
      [
        43,
        46
      ],
      [
        45,
        72
      ],
      [
        84,
        66
      ],
      [
        64,
        34
      ]
    ],
    "in_cols": [
      29,
      12,
      47,
      27,
      22,
      38,
      35,
      20,
      36,
      28,
      42,
      46,
      11,
      37,
      17,
      14,
      6,
      15,
      26,
      1,
      3,
      16,
      18,
      43,
      9,
      4,
      8,
      7,
      32,
      45,
      39,
      34,
      40,
      5,
      10,
      13,
      31,
      2,
      30,
      19,
      44,
      0,
      25,
      24,
      21,
      23,
      41,
      33
    ],
    "out_cols": [
      25,
      28,
      30,
      15,
      41,
      40,
      46,
      14,
      42,
      1,
      27,
      44,
      23,
      19,
      32,
      7,
      29,
      38,
      12,
      21,
      13,
      11,
      20,
      34,
      2,
      6,
      37,
      4,
      0,
      45,
      17,
      33,
      36,
      8,
      43,
      9,
      26,
      3,
      16,
      10,
      5,
      39,
      47,
      24,
      22,
      35,
      31,
      18
    ]
  }
}