{
  "config": {
    "steps": 900,
    "lr": 0.03,
    "tau_start": 1.0,
    "tau_end": 0.028,
    "sinkhorn_iters": 30,
    "lambda_ent": 0.0003,
    "train_subsample": 4096,
    "seed": 26202,
    "device": "cuda"
  },
  "final": {
    "soft_mse_full": 0.40604832768440247,
    "discrete_mse": 5.892050743103027,
    "hash_match": false,
    "perm_str": "95,52,42,72,74,55,73,63,56,30,59,78,44,82,94,80,58,29,18,83,86,54,35,25,37,19,28,7,68,47,15,67,50,90,10,36,3,26,87,57,65,38,60,24,1,93,23,71,0,75,14,11,77,17,4,51,16,96,81,6,45,33,5,22,62,40,48,70,61,53,91,20,64,12,49,21,41,8,88,89,2,76,69,79,13,9,31,32,84,66,39,92,27,46,43,34,85",
    "in_cols": [
      47,
      20,
      38,
      37,
      27,
      29,
      22,
      46,
      28,
      11,
      42,
      16,
      17,
      14,
      35,
      9,
      26,
      6,
      3,
      43,
      34,
      30,
      1,
      12,
      0,
      8,
      39,
      4,
      10,
      40,
      23,
      5,
      32,
      24,
      31,
      45,
      33,
      25,
      19,
      44,
      2,
      36,
      7,
      15,
      41,
      18,
      13,
      21
    ],
    "out_cols": [
      25,
      35,
      28,
      30,
      15,
      38,
      41,
      40,
      14,
      42,
      27,
      12,
      7,
      1,
      23,
      32,
      44,
      19,
      13,
      29,
      20,
      11,
      46,
      34,
      36,
      4,
      6,
      24,
      47,
      0,
      17,
      10,
      21,
      33,
      26,
      8,
      5,
      9,
      2,
      43,
      37,
      39,
      3,
      16,
      31,
      45,
      22,
      18
    ]
  },
  "best_seen": {
    "discrete_mse": 2.8903894424438477,
    "order": [
      [
        95,
        52
      ],
      [
        42,
        72
      ],
      [
        74,
        55
      ],
      [
        73,
        63
      ],
      [
        56,
        30
      ],
      [
        59,
        78
      ],
      [
        44,
        82
      ],
      [
        94,
        80
      ],
      [
        58,
        29
      ],
      [
        18,
        83
      ],
      [
        86,
        54
      ],
      [
        35,
        25
      ],
      [
        37,
        19
      ],
      [
        28,
        7
      ],
      [
        68,
        47
      ],
      [
        15,
        40
      ],
      [
        50,
        90
      ],
      [
        10,
        36
      ],
      [
        3,
        26
      ],
      [
        87,
        57
      ],
      [
        65,
        38
      ],
      [
        60,
        24
      ],
      [
        1,
        93
      ],
      [
        23,
        71
      ],
      [
        0,
        75
      ],
      [
        14,
        11
      ],
      [
        77,
        17
      ],
      [
        4,
        51
      ],
      [
        16,
        96
      ],
      [
        81,
        6
      ],
      [
        45,
        33
      ],
      [
        5,
        22
      ],
      [
        62,
        67
      ],
      [
        48,
        70
      ],
      [
        61,
        53
      ],
      [
        91,
        20
      ],
      [
        64,
        12
      ],
      [
        49,
        21
      ],
      [
        41,
        8
      ],
      [
        88,
        89
      ],
      [
        2,
        76
      ],
      [
        69,
        79
      ],
      [
        13,
        9
      ],
      [
        31,
        32
      ],
      [
        84,
        66
      ],
      [
        39,
        92
      ],
      [
        27,
        46
      ],
      [
        43,
        34
      ]
    ],
    "in_cols": [
      47,
      20,
      38,
      37,
      27,
      29,
      22,
      46,
      28,
      11,
      42,
      16,
      17,
      14,
      35,
      9,
      26,
      6,
      3,
      43,
      34,
      30,
      1,
      12,
      0,
      8,
      39,
      4,
      10,
      40,
      23,
      5,
      32,
      24,
      31,
      45,
      33,
      25,
      19,
      44,
      2,
      36,
      7,
      15,
      41,
      18,
      13,
      21
    ],
    "out_cols": [
      25,
      35,
      28,
      30,
      15,
      38,
      41,
      40,
      14,
      42,
      27,
      12,
      7,
      1,
      23,
      21,
      44,
      19,
      13,
      29,
      20,
      11,
      46,
      34,
      36,
      4,
      6,
      24,
      47,
      0,
      17,
      10,
      32,
      33,
      26,
      8,
      5,
      9,
      2,
      43,
      37,
      39,
      3,
      16,
      31,
      45,
      22,
      18
    ]
  }
}