{
  "config": {
    "steps": 700,
    "lr": 0.015,
    "tau_start": 1.0,
    "tau_end": 0.025,
    "sinkhorn_iters": 30,
    "lambda_ent": 0.0001,
    "train_subsample": 0,
    "seed": 16104,
    "device": "cuda"
  },
  "final": {
    "soft_mse_full": 0.30452948808670044,
    "discrete_mse": 235.183349609375,
    "hash_match": false,
    "perm_str": "59,30,95,55,87,63,39,52,56,82,44,78,73,80,68,72,42,29,58,93,86,25,18,90,28,19,10,24,94,57,15,67,35,7,37,47,1,71,48,40,3,26,50,66,31,36,23,38,14,51,4,32,0,17,81,79,64,11,62,6,5,20,77,96,16,70,45,92,61,53,49,54,13,9,65,83,74,34,84,22,60,8,2,12,43,76,41,75,91,33,69,21,88,89,27,46,85",
    "in_cols": [
      29,
      47,
      43,
      18,
      27,
      22,
      37,
      35,
      20,
      28,
      42,
      11,
      14,
      6,
      46,
      9,
      16,
      17,
      1,
      24,
      3,
      26,
      15,
      12,
      8,
      4,
      0,
      40,
      33,
      32,
      5,
      39,
      10,
      23,
      31,
      25,
      7,
      34,
      38,
      41,
      30,
      2,
      21,
      19,
      45,
      36,
      44,
      13
    ],
    "out_cols": [
      15,
      28,
      30,
      25,
      41,
      38,
      40,
      35,
      14,
      46,
      12,
      44,
      7,
      11,
      29,
      32,
      1,
      23,
      34,
      21,
      13,
      31,
      19,
      20,
      24,
      16,
      6,
      39,
      4,
      0,
      8,
      47,
      33,
      45,
      26,
      27,
      3,
      42,
      18,
      10,
      2,
      5,
      37,
      36,
      17,
      9,
      43,
      22
    ]
  },
  "best_seen": {
    "discrete_mse": 68.39664459228516,
    "order": [
      [
        39,
        30
      ],
      [
        59,
        55
      ],
      [
        95,
        63
      ],
      [
        94,
        52
      ],
      [
        56,
        82
      ],
      [
        44,
        78
      ],
      [
        73,
        80
      ],
      [
        68,
        72
      ],
      [
        42,
        29
      ],
      [
        58,
        93
      ],
      [
        86,
        25
      ],
      [
        18,
        90
      ],
      [
        28,
        19
      ],
      [
        10,
        24
      ],
      [
        37,
        57
      ],
      [
        15,
        67
      ],
      [
        35,
        7
      ],
      [
        5,
        47
      ],
      [
        87,
        71
      ],
      [
        48,
        40
      ],
      [
        3,
        26
      ],
      [
        50,
        66
      ],
      [
        31,
        36
      ],
      [
        1,
        38
      ],
      [
        14,
        51
      ],
      [
        4,
        32
      ],
      [
        0,
        17
      ],
      [
        81,
        79
      ],
      [
        64,
        11
      ],
      [
        62,
        6
      ],
      [
        65,
        20
      ],
      [
        77,
        96
      ],
      [
        16,
        70
      ],
      [
        45,
        92
      ],
      [
        61,
        53
      ],
      [
        49,
        54
      ],
      [
        13,
        9
      ],
      [
        2,
        83
      ],
      [
        74,
        34
      ],
      [
        84,
        22
      ],
      [
        60,
        8
      ],
      [
        23,
        12
      ],
      [
        43,
        76
      ],
      [
        41,
        75
      ],
      [
        91,
        33
      ],
      [
        69,
        21
      ],
      [
        88,
        89
      ],
      [
        27,
        46
      ]
    ],
    "in_cols": [
      18,
      29,
      47,
      46,
      27,
      22,
      37,
      35,
      20,
      28,
      42,
      11,
      14,
      6,
      17,
      9,
      16,
      5,
      43,
      24,
      3,
      26,
      15,
      1,
      8,
      4,
      0,
      40,
      33,
      32,
      34,
      39,
      10,
      23,
      31,
      25,
      7,
      2,
      38,
      41,
      30,
      12,
      21,
      19,
      45,
      36,
      44,
      13
    ],
    "out_cols": [
      15,
      28,
      30,
      25,
      41,
      38,
      40,
      35,
      14,
      46,
      12,
      44,
      7,
      11,
      29,
      32,
      1,
      23,
      34,
      21,
      13,
      31,
      19,
      20,
      24,
      16,
      6,
      39,
      4,
      0,
      8,
      47,
      33,
      45,
      26,
      27,
      3,
      42,
      18,
      10,
      2,
      5,
      37,
      36,
      17,
      9,
      43,
      22
    ]
  }
}