{
  "config": {
    "steps": 900,
    "lr": 0.03,
    "tau_start": 1.0,
    "tau_end": 0.028,
    "sinkhorn_iters": 30,
    "lambda_ent": 0.0003,
    "train_subsample": 4096,
    "seed": 13502,
    "device": "cuda"
  },
  "final": {
    "soft_mse_full": 0.3677509129047394,
    "discrete_mse": 26.037267684936523,
    "hash_match": false,
    "perm_str": "59,52,39,30,95,29,74,55,87,78,45,80,44,72,42,63,58,93,94,83,18,90,86,38,15,67,28,19,68,47,10,36,50,57,73,7,35,24,1,40,3,25,37,82,14,26,16,71,23,75,4,11,27,51,13,32,62,6,81,20,77,33,65,12,5,70,61,53,48,96,91,89,60,9,49,17,41,21,84,66,69,79,31,46,43,22,0,76,64,54,2,92,56,34,88,8,85",
    "in_cols": [
      29,
      18,
      47,
      38,
      43,
      23,
      22,
      20,
      28,
      46,
      11,
      42,
      9,
      14,
      35,
      6,
      26,
      37,
      16,
      1,
      3,
      17,
      8,
      10,
      12,
      4,
      13,
      7,
      32,
      40,
      39,
      34,
      5,
      31,
      24,
      45,
      30,
      25,
      19,
      41,
      36,
      15,
      21,
      0,
      33,
      2,
      27,
      44
    ],
    "out_cols": [
      25,
      15,
      14,
      28,
      38,
      40,
      35,
      30,
      46,
      42,
      44,
      20,
      32,
      7,
      23,
      19,
      29,
      1,
      11,
      21,
      12,
      41,
      13,
      34,
      36,
      4,
      24,
      16,
      0,
      8,
      17,
      5,
      33,
      26,
      47,
      43,
      3,
      6,
      9,
      31,
      39,
      22,
      10,
      37,
      27,
      45,
      18,
      2
    ]
  },
  "best_seen": {
    "discrete_mse": 1.302545428276062,
    "order": [
      [
        59,
        52
      ],
      [
        39,
        72
      ],
      [
        95,
        93
      ],
      [
        56,
        30
      ],
      [
        44,
        78
      ],
      [
        60,
        82
      ],
      [
        74,
        55
      ],
      [
        42,
        80
      ],
      [
        58,
        29
      ],
      [
        94,
        83
      ],
      [
        18,
        90
      ],
      [
        86,
        40
      ],
      [
        15,
        67
      ],
      [
        10,
        19
      ],
      [
        68,
        47
      ],
      [
        50,
        36
      ],
      [
        37,
        57
      ],
      [
        73,
        7
      ],
      [
        35,
        24
      ],
      [
        1,
        63
      ],
      [
        3,
        25
      ],
      [
        28,
        38
      ],
      [
        31,
        26
      ],
      [
        87,
        71
      ],
      [
        23,
        75
      ],
      [
        4,
        32
      ],
      [
        14,
        51
      ],
      [
        13,
        11
      ],
      [
        81,
        6
      ],
      [
        62,
        20
      ],
      [
        77,
        33
      ],
      [
        16,
        12
      ],
      [
        5,
        70
      ],
      [
        61,
        53
      ],
      [
        48,
        96
      ],
      [
        91,
        89
      ],
      [
        65,
        9
      ],
      [
        27,
        17
      ],
      [
        49,
        21
      ],
      [
        84,
        66
      ],
      [
        41,
        79
      ],
      [
        2,
        46
      ],
      [
        69,
        22
      ],
      [
        0,
        76
      ],
      [
        64,
        54
      ],
      [
        45,
        92
      ],
      [
        43,
        34
      ],
      [
        88,
        8
      ]
    ],
    "in_cols": [
      29,
      18,
      47,
      27,
      22,
      30,
      38,
      20,
      28,
      46,
      11,
      42,
      9,
      6,
      35,
      26,
      17,
      37,
      16,
      1,
      3,
      14,
      15,
      43,
      12,
      4,
      8,
      7,
      40,
      32,
      39,
      10,
      5,
      31,
      24,
      45,
      34,
      13,
      25,
      41,
      19,
      2,
      36,
      0,
      33,
      23,
      21,
      44
    ],
    "out_cols": [
      25,
      35,
      46,
      15,
      38,
      41,
      28,
      40,
      14,
      42,
      44,
      21,
      32,
      7,
      23,
      19,
      29,
      1,
      11,
      30,
      12,
      20,
      13,
      34,
      36,
      16,
      24,
      4,
      0,
      8,
      17,
      5,
      33,
      26,
      47,
      43,
      3,
      6,
      9,
      31,
      39,
      22,
      10,
      37,
      27,
      45,
      18,
      2
    ]
  }
}