{
  "config": {
    "steps": 900,
    "lr": 0.03,
    "tau_start": 1.0,
    "tau_end": 0.028,
    "sinkhorn_iters": 30,
    "lambda_ent": 0.0003,
    "train_subsample": 4096,
    "seed": 27302,
    "device": "cuda"
  },
  "final": {
    "soft_mse_full": 0.37882938981056213,
    "discrete_mse": 1.1693966388702393,
    "hash_match": false,
    "perm_str": "59,52,39,30,95,75,73,63,42,7,58,78,74,80,88,54,44,82,94,83,28,29,86,36,18,90,10,19,15,40,68,57,37,47,43,26,35,24,87,71,3,93,31,25,1,72,50,38,60,11,14,21,0,17,77,32,23,12,5,6,16,20,45,33,91,96,48,70,81,34,65,53,4,55,27,89,62,67,13,9,49,79,69,8,56,76,61,66,2,51,41,22,84,46,64,92,85",
    "in_cols": [
      29,
      18,
      47,
      37,
      20,
      28,
      38,
      44,
      22,
      46,
      14,
      42,
      11,
      6,
      9,
      35,
      17,
      21,
      16,
      43,
      3,
      15,
      1,
      26,
      30,
      8,
      0,
      39,
      12,
      5,
      10,
      23,
      45,
      24,
      40,
      34,
      4,
      13,
      32,
      7,
      25,
      36,
      27,
      31,
      2,
      19,
      41,
      33
    ],
    "out_cols": [
      25,
      15,
      36,
      30,
      1,
      38,
      40,
      27,
      41,
      42,
      14,
      19,
      44,
      7,
      21,
      29,
      23,
      13,
      11,
      34,
      46,
      12,
      35,
      20,
      4,
      9,
      6,
      16,
      5,
      0,
      8,
      17,
      47,
      33,
      18,
      26,
      28,
      43,
      32,
      3,
      39,
      2,
      37,
      31,
      24,
      10,
      22,
      45
    ]
  },
  "best_seen": {
    "discrete_mse": 0.7854170799255371,
    "order": [
      [
        59,
        52
      ],
      [
        39,
        30
      ],
      [
        95,
        75
      ],
      [
        42,
        63
      ],
      [
        58,
        7
      ],
      [
        73,
        78
      ],
      [
        74,
        80
      ],
      [
        88,
        54
      ],
      [
        44,
        82
      ],
      [
        94,
        83
      ],
      [
        18,
        29
      ],
      [
        43,
        36
      ],
      [
        86,
        90
      ],
      [
        37,
        19
      ],
      [
        84,
        40
      ],
      [
        15,
        57
      ],
      [
        68,
        47
      ],
      [
        23,
        26
      ],
      [
        35,
        24
      ],
      [
        87,
        71
      ],
      [
        3,
        93
      ],
      [
        31,
        25
      ],
      [
        1,
        72
      ],
      [
        50,
        38
      ],
      [
        60,
        11
      ],
      [
        14,
        21
      ],
      [
        0,
        17
      ],
      [
        77,
        32
      ],
      [
        28,
        12
      ],
      [
        5,
        6
      ],
      [
        16,
        20
      ],
      [
        45,
        33
      ],
      [
        91,
        96
      ],
      [
        48,
        70
      ],
      [
        81,
        34
      ],
      [
        65,
        53
      ],
      [
        4,
        55
      ],
      [
        27,
        89
      ],
      [
        62,
        67
      ],
      [
        13,
        9
      ],
      [
        49,
        79
      ],
      [
        69,
        8
      ],
      [
        56,
        76
      ],
      [
        61,
        66
      ],
      [
        2,
        51
      ],
      [
        41,
        22
      ],
      [
        10,
        46
      ],
      [
        64,
        92
      ]
    ],
    "in_cols": [
      29,
      18,
      47,
      20,
      28,
      37,
      38,
      44,
      22,
      46,
      11,
      21,
      42,
      17,
      41,
      9,
      35,
      12,
      16,
      43,
      3,
      15,
      1,
      26,
      30,
      8,
      0,
      39,
      14,
      5,
      10,
      23,
      45,
      24,
      40,
      34,
      4,
      13,
      32,
      7,
      25,
      36,
      27,
      31,
      2,
      19,
      6,
      33
    ],
    "out_cols": [
      25,
      15,
      36,
      30,
      1,
      38,
      40,
      27,
      41,
      42,
      14,
      19,
      44,
      7,
      21,
      29,
      23,
      13,
      11,
      34,
      46,
      12,
      35,
      20,
      4,
      9,
      6,
      16,
      5,
      0,
      8,
      17,
      47,
      33,
      18,
      26,
      28,
      43,
      32,
      3,
      39,
      2,
      37,
      31,
      24,
      10,
      22,
      45
    ]
  }
}