{
  "config": {
    "steps": 700,
    "lr": 0.02,
    "tau_start": 1.0,
    "tau_end": 0.03,
    "sinkhorn_iters": 30,
    "lambda_ent": 0.0003,
    "train_subsample": 0,
    "seed": 18403,
    "device": "cuda"
  },
  "final": {
    "soft_mse_full": 0.5089167952537537,
    "discrete_mse": 31.898223876953125,
    "hash_match": false,
    "perm_str": "59,52,39,30,95,75,94,78,74,80,42,55,44,82,60,72,86,29,50,93,58,90,18,25,48,47,73,7,15,67,28,19,68,24,37,40,87,71,1,57,3,26,35,63,31,36,27,38,23,51,77,11,4,32,14,17,45,33,81,6,65,20,16,96,5,76,91,53,13,89,43,70,62,83,84,79,10,46,56,21,49,22,41,34,2,9,69,66,64,54,0,92,61,12,88,8,85",
    "in_cols": [
      29,
      18,
      47,
      46,
      38,
      20,
      22,
      30,
      42,
      26,
      28,
      11,
      24,
      37,
      9,
      14,
      35,
      17,
      43,
      1,
      3,
      16,
      15,
      13,
      12,
      39,
      4,
      8,
      23,
      40,
      34,
      10,
      5,
      45,
      7,
      21,
      32,
      41,
      6,
      27,
      25,
      19,
      2,
      36,
      33,
      0,
      31,
      44
    ],
    "out_cols": [
      25,
      15,
      36,
      38,
      40,
      28,
      41,
      35,
      14,
      46,
      44,
      12,
      23,
      1,
      32,
      7,
      11,
      21,
      34,
      29,
      13,
      30,
      19,
      20,
      24,
      4,
      16,
      6,
      17,
      0,
      8,
      47,
      37,
      26,
      43,
      33,
      42,
      39,
      22,
      9,
      10,
      18,
      3,
      31,
      27,
      45,
      5,
      2
    ]
  },
  "best_seen": {
    "discrete_mse": 19.912689208984375,
    "order": [
      [
        59,
        52
      ],
      [
        39,
        30
      ],
      [
        95,
        75
      ],
      [
        73,
        78
      ],
      [
        56,
        80
      ],
      [
        74,
        55
      ],
      [
        44,
        82
      ],
      [
        68,
        72
      ],
      [
        88,
        29
      ],
      [
        94,
        93
      ],
      [
        58,
        7
      ],
      [
        18,
        25
      ],
      [
        86,
        90
      ],
      [
        48,
        47
      ],
      [
        15,
        67
      ],
      [
        28,
        19
      ],
      [
        10,
        24
      ],
      [
        37,
        40
      ],
      [
        87,
        71
      ],
      [
        50,
        57
      ],
      [
        3,
        26
      ],
      [
        35,
        63
      ],
      [
        31,
        36
      ],
      [
        1,
        38
      ],
      [
        23,
        51
      ],
      [
        14,
        11
      ],
      [
        4,
        32
      ],
      [
        5,
        17
      ],
      [
        13,
        33
      ],
      [
        81,
        6
      ],
      [
        77,
        20
      ],
      [
        16,
        96
      ],
      [
        43,
        70
      ],
      [
        91,
        53
      ],
      [
        65,
        89
      ],
      [
        61,
        34
      ],
      [
        62,
        83
      ],
      [
        84,
        79
      ],
      [
        60,
        46
      ],
      [
        27,
        21
      ],
      [
        42,
        22
      ],
      [
        41,
        76
      ],
      [
        2,
        9
      ],
      [
        69,
        66
      ],
      [
        64,
        54
      ],
      [
        45,
        92
      ],
      [
        0,
        12
      ],
      [
        49,
        8
      ]
    ],
    "in_cols": [
      29,
      18,
      47,
      37,
      27,
      38,
      22,
      35,
      44,
      46,
      28,
      11,
      42,
      24,
      9,
      14,
      6,
      17,
      43,
      26,
      3,
      16,
      15,
      1,
      12,
      8,
      4,
      5,
      7,
      40,
      39,
      10,
      21,
      45,
      34,
      31,
      32,
      41,
      30,
      13,
      20,
      19,
      2,
      36,
      33,
      23,
      0,
      25
    ],
    "out_cols": [
      25,
      15,
      36,
      38,
      40,
      28,
      41,
      35,
      14,
      46,
      1,
      12,
      44,
      23,
      32,
      7,
      11,
      21,
      34,
      29,
      13,
      30,
      19,
      20,
      24,
      4,
      16,
      6,
      17,
      0,
      8,
      47,
      33,
      26,
      43,
      18,
      42,
      39,
      22,
      9,
      10,
      37,
      3,
      31,
      27,
      45,
      5,
      2
    ]
  }
}