{
  "config": {
    "steps": 700,
    "lr": 0.015,
    "tau_start": 1.0,
    "tau_end": 0.025,
    "sinkhorn_iters": 30,
    "lambda_ent": 0.0001,
    "train_subsample": 0,
    "seed": 18204,
    "device": "cuda"
  },
  "final": {
    "soft_mse_full": 0.3333919644355774,
    "discrete_mse": 204.55836486816406,
    "hash_match": false,
    "perm_str": "95,78,59,52,50,72,39,93,56,30,86,63,44,82,68,80,42,55,88,67,18,29,94,90,35,79,28,19,37,7,15,57,73,47,10,24,48,38,1,26,3,25,31,36,23,40,87,71,0,17,14,33,81,11,13,32,77,92,5,6,62,20,16,70,4,96,61,53,91,9,65,75,69,83,74,22,43,8,49,21,60,46,41,51,64,54,84,66,45,34,2,76,27,12,58,89,85",
    "in_cols": [
      47,
      29,
      26,
      18,
      27,
      42,
      22,
      35,
      20,
      44,
      11,
      46,
      16,
      14,
      17,
      9,
      37,
      6,
      24,
      1,
      3,
      15,
      12,
      43,
      0,
      8,
      40,
      7,
      39,
      5,
      32,
      10,
      4,
      31,
      45,
      34,
      36,
      38,
      21,
      25,
      30,
      19,
      33,
      41,
      23,
      2,
      13,
      28
    ],
    "out_cols": [
      38,
      25,
      35,
      46,
      15,
      30,
      41,
      40,
      28,
      32,
      14,
      44,
      39,
      7,
      1,
      29,
      23,
      11,
      20,
      13,
      12,
      19,
      21,
      34,
      6,
      17,
      4,
      16,
      45,
      0,
      8,
      33,
      47,
      26,
      3,
      36,
      42,
      10,
      2,
      9,
      22,
      24,
      27,
      31,
      18,
      37,
      5,
      43
    ]
  },
  "best_seen": {
    "discrete_mse": 3.1263136863708496,
    "order": [
      [
        95,
        78
      ],
      [
        59,
        52
      ],
      [
        4,
        72
      ],
      [
        39,
        93
      ],
      [
        56,
        30
      ],
      [
        86,
        63
      ],
      [
        44,
        82
      ],
      [
        94,
        80
      ],
      [
        42,
        55
      ],
      [
        69,
        67
      ],
      [
        88,
        29
      ],
      [
        35,
        90
      ],
      [
        18,
        79
      ],
      [
        28,
        19
      ],
      [
        37,
        7
      ],
      [
        15,
        57
      ],
      [
        73,
        47
      ],
      [
        10,
        24
      ],
      [
        50,
        38
      ],
      [
        1,
        26
      ],
      [
        3,
        25
      ],
      [
        31,
        36
      ],
      [
        23,
        40
      ],
      [
        87,
        71
      ],
      [
        91,
        17
      ],
      [
        14,
        33
      ],
      [
        77,
        11
      ],
      [
        81,
        32
      ],
      [
        5,
        92
      ],
      [
        48,
        6
      ],
      [
        62,
        20
      ],
      [
        43,
        70
      ],
      [
        16,
        96
      ],
      [
        61,
        53
      ],
      [
        2,
        9
      ],
      [
        65,
        75
      ],
      [
        13,
        83
      ],
      [
        74,
        22
      ],
      [
        68,
        8
      ],
      [
        49,
        21
      ],
      [
        60,
        46
      ],
      [
        41,
        51
      ],
      [
        64,
        54
      ],
      [
        84,
        66
      ],
      [
        45,
        34
      ],
      [
        0,
        76
      ],
      [
        27,
        12
      ],
      [
        58,
        89
      ]
    ],
    "in_cols": [
      47,
      29,
      4,
      18,
      27,
      42,
      22,
      46,
      20,
      36,
      44,
      16,
      11,
      14,
      17,
      9,
      37,
      6,
      26,
      1,
      3,
      15,
      12,
      43,
      45,
      8,
      39,
      40,
      5,
      24,
      32,
      21,
      10,
      31,
      2,
      34,
      7,
      38,
      35,
      25,
      30,
      19,
      33,
      41,
      23,
      0,
      13,
      28
    ],
    "out_cols": [
      38,
      25,
      35,
      46,
      15,
      30,
      41,
      40,
      28,
      32,
      14,
      44,
      39,
      7,
      1,
      29,
      23,
      11,
      20,
      13,
      12,
      19,
      21,
      34,
      6,
      17,
      4,
      16,
      45,
      0,
      8,
      33,
      47,
      26,
      3,
      36,
      42,
      10,
      2,
      9,
      22,
      24,
      27,
      31,
      18,
      37,
      5,
      43
    ]
  }
}