{
  "config": {
    "steps": 700,
    "lr": 0.015,
    "tau_start": 1.0,
    "tau_end": 0.025,
    "sinkhorn_iters": 30,
    "lambda_ent": 0.0001,
    "train_subsample": 0,
    "seed": 13304,
    "device": "cuda"
  },
  "final": {
    "soft_mse_full": 0.40938541293144226,
    "discrete_mse": 11.932588577270508,
    "hash_match": false,
    "perm_str": "59,52,39,30,73,63,95,93,44,82,49,72,42,80,68,55,94,83,58,78,18,29,86,90,48,47,28,19,50,7,15,67,10,57,35,24,1,40,65,70,3,26,31,36,37,38,87,71,23,75,81,11,64,51,14,17,62,6,16,33,45,92,5,96,91,53,4,20,77,25,0,54,43,66,13,22,74,89,69,79,27,46,2,9,61,76,56,12,41,32,84,34,88,8,60,21,85",
    "in_cols": [
      29,
      18,
      37,
      47,
      22,
      25,
      20,
      35,
      46,
      28,
      11,
      42,
      24,
      14,
      26,
      9,
      6,
      16,
      1,
      34,
      3,
      15,
      17,
      43,
      12,
      40,
      33,
      8,
      32,
      10,
      23,
      5,
      45,
      4,
      39,
      0,
      21,
      7,
      38,
      36,
      13,
      2,
      31,
      27,
      19,
      41,
      44,
      30
    ],
    "out_cols": [
      25,
      15,
      30,
      46,
      41,
      35,
      40,
      28,
      42,
      38,
      14,
      44,
      23,
      7,
      1,
      32,
      29,
      11,
      21,
      33,
      13,
      19,
      20,
      34,
      36,
      4,
      24,
      6,
      0,
      17,
      45,
      47,
      26,
      8,
      12,
      27,
      31,
      10,
      43,
      39,
      22,
      3,
      37,
      5,
      16,
      18,
      2,
      9
    ]
  },
  "best_seen": {
    "discrete_mse": 3.1724815368652344,
    "order": [
      [
        59,
        52
      ],
      [
        39,
        30
      ],
      [
        73,
        63
      ],
      [
        60,
        93
      ],
      [
        44,
        82
      ],
      [
        68,
        72
      ],
      [
        95,
        80
      ],
      [
        42,
        55
      ],
      [
        94,
        83
      ],
      [
        58,
        78
      ],
      [
        18,
        29
      ],
      [
        86,
        90
      ],
      [
        48,
        47
      ],
      [
        28,
        19
      ],
      [
        50,
        7
      ],
      [
        15,
        67
      ],
      [
        10,
        57
      ],
      [
        35,
        24
      ],
      [
        1,
        40
      ],
      [
        65,
        70
      ],
      [
        3,
        26
      ],
      [
        31,
        36
      ],
      [
        37,
        38
      ],
      [
        87,
        71
      ],
      [
        23,
        75
      ],
      [
        14,
        11
      ],
      [
        64,
        51
      ],
      [
        43,
        17
      ],
      [
        4,
        6
      ],
      [
        16,
        33
      ],
      [
        45,
        92
      ],
      [
        5,
        96
      ],
      [
        91,
        53
      ],
      [
        81,
        20
      ],
      [
        77,
        76
      ],
      [
        0,
        54
      ],
      [
        62,
        66
      ],
      [
        13,
        22
      ],
      [
        74,
        89
      ],
      [
        69,
        79
      ],
      [
        27,
        46
      ],
      [
        2,
        9
      ],
      [
        61,
        25
      ],
      [
        56,
        12
      ],
      [
        41,
        32
      ],
      [
        84,
        34
      ],
      [
        88,
        8
      ],
      [
        49,
        21
      ]
    ],
    "in_cols": [
      29,
      18,
      37,
      30,
      22,
      35,
      47,
      20,
      46,
      28,
      11,
      42,
      24,
      14,
      26,
      9,
      6,
      16,
      1,
      34,
      3,
      15,
      17,
      43,
      12,
      8,
      33,
      21,
      4,
      10,
      23,
      5,
      45,
      40,
      39,
      0,
      32,
      7,
      38,
      36,
      13,
      2,
      31,
      27,
      19,
      41,
      44,
      25
    ],
    "out_cols": [
      25,
      15,
      30,
      46,
      41,
      35,
      40,
      28,
      42,
      38,
      14,
      44,
      23,
      7,
      1,
      32,
      29,
      11,
      21,
      33,
      13,
      19,
      20,
      34,
      36,
      4,
      24,
      6,
      0,
      17,
      45,
      47,
      26,
      8,
      37,
      27,
      31,
      10,
      43,
      39,
      22,
      3,
      12,
      5,
      16,
      18,
      2,
      9
    ]
  }
}