{
  "config": {
    "steps": 700,
    "lr": 0.015,
    "tau_start": 1.0,
    "tau_end": 0.025,
    "sinkhorn_iters": 30,
    "lambda_ent": 0.0001,
    "train_subsample": 0,
    "seed": 10504,
    "device": "cuda"
  },
  "final": {
    "soft_mse_full": 0.4183129668235779,
    "discrete_mse": 72.56643676757812,
    "hash_match": false,
    "perm_str": "59,52,91,30,42,72,95,63,44,82,4,78,74,93,39,55,37,80,58,29,18,67,94,53,86,90,68,7,35,24,28,19,15,57,73,47,50,26,1,40,3,25,31,36,87,71,23,38,64,75,77,11,45,17,48,70,81,6,27,92,16,20,5,33,2,96,65,76,62,83,14,32,49,54,56,21,13,66,69,8,43,22,41,51,84,79,0,46,61,34,60,9,88,89,10,12,85",
    "in_cols": [
      29,
      45,
      20,
      47,
      22,
      4,
      38,
      18,
      17,
      28,
      11,
      46,
      42,
      35,
      16,
      14,
      9,
      37,
      26,
      1,
      3,
      15,
      43,
      12,
      33,
      39,
      23,
      24,
      40,
      13,
      10,
      5,
      2,
      34,
      32,
      8,
      25,
      27,
      7,
      36,
      21,
      19,
      41,
      0,
      31,
      30,
      44,
      6
    ],
    "out_cols": [
      25,
      15,
      35,
      30,
      41,
      38,
      46,
      28,
      40,
      14,
      32,
      26,
      44,
      1,
      11,
      7,
      29,
      23,
      13,
      21,
      12,
      19,
      34,
      20,
      36,
      4,
      6,
      33,
      0,
      45,
      8,
      17,
      47,
      37,
      42,
      16,
      27,
      9,
      31,
      2,
      10,
      24,
      39,
      22,
      18,
      3,
      43,
      5
    ]
  },
  "best_seen": {
    "discrete_mse": 3.109170913696289,
    "order": [
      [
        59,
        52
      ],
      [
        39,
        30
      ],
      [
        73,
        72
      ],
      [
        95,
        63
      ],
      [
        44,
        82
      ],
      [
        74,
        78
      ],
      [
        88,
        93
      ],
      [
        42,
        55
      ],
      [
        37,
        80
      ],
      [
        58,
        29
      ],
      [
        18,
        67
      ],
      [
        94,
        53
      ],
      [
        86,
        90
      ],
      [
        68,
        7
      ],
      [
        35,
        24
      ],
      [
        48,
        19
      ],
      [
        15,
        57
      ],
      [
        28,
        47
      ],
      [
        50,
        26
      ],
      [
        77,
        40
      ],
      [
        3,
        25
      ],
      [
        31,
        36
      ],
      [
        87,
        71
      ],
      [
        1,
        38
      ],
      [
        23,
        75
      ],
      [
        14,
        11
      ],
      [
        4,
        17
      ],
      [
        45,
        70
      ],
      [
        81,
        6
      ],
      [
        27,
        92
      ],
      [
        16,
        20
      ],
      [
        5,
        33
      ],
      [
        2,
        96
      ],
      [
        65,
        76
      ],
      [
        62,
        83
      ],
      [
        0,
        32
      ],
      [
        49,
        54
      ],
      [
        56,
        21
      ],
      [
        13,
        66
      ],
      [
        69,
        8
      ],
      [
        61,
        22
      ],
      [
        41,
        51
      ],
      [
        84,
        79
      ],
      [
        91,
        46
      ],
      [
        43,
        34
      ],
      [
        60,
        9
      ],
      [
        64,
        89
      ],
      [
        10,
        12
      ]
    ],
    "in_cols": [
      29,
      18,
      37,
      47,
      22,
      38,
      44,
      20,
      17,
      28,
      11,
      46,
      42,
      35,
      16,
      24,
      9,
      14,
      26,
      39,
      3,
      15,
      43,
      1,
      12,
      8,
      4,
      23,
      40,
      13,
      10,
      5,
      2,
      34,
      32,
      0,
      25,
      27,
      7,
      36,
      31,
      19,
      41,
      45,
      21,
      30,
      33,
      6
    ],
    "out_cols": [
      25,
      15,
      35,
      30,
      41,
      38,
      46,
      28,
      40,
      14,
      32,
      26,
      44,
      1,
      11,
      7,
      29,
      23,
      13,
      21,
      12,
      19,
      34,
      20,
      36,
      4,
      6,
      33,
      0,
      45,
      8,
      17,
      47,
      37,
      42,
      16,
      27,
      9,
      31,
      2,
      10,
      24,
      39,
      22,
      18,
      3,
      43,
      5
    ]
  }
}