{
  "config": {
    "steps": 900,
    "lr": 0.03,
    "tau_start": 1.0,
    "tau_end": 0.03,
    "sinkhorn_iters": 30,
    "lambda_ent": 0.0003,
    "train_subsample": 4096,
    "seed": 11501,
    "device": "cuda"
  },
  "final": {
    "soft_mse_full": 0.3718545436859131,
    "discrete_mse": 17.121000289916992,
    "hash_match": false,
    "perm_str": "39,33,59,52,23,72,95,63,56,80,74,19,44,82,68,29,42,55,94,53,88,30,18,93,86,90,37,47,73,67,10,7,35,24,15,57,48,40,28,36,3,25,31,26,87,71,1,38,14,21,5,76,45,6,16,20,4,32,91,51,77,92,65,11,81,96,43,70,64,66,60,89,0,17,62,75,61,83,41,8,2,12,49,34,84,9,58,54,13,79,69,46,50,22,27,78,85",
    "in_cols": [
      18,
      29,
      12,
      47,
      27,
      38,
      22,
      35,
      20,
      46,
      44,
      11,
      42,
      17,
      37,
      6,
      16,
      9,
      24,
      14,
      3,
      15,
      43,
      1,
      8,
      5,
      23,
      10,
      4,
      45,
      39,
      34,
      40,
      21,
      33,
      30,
      0,
      32,
      31,
      19,
      2,
      25,
      41,
      28,
      7,
      36,
      26,
      13
    ],
    "out_cols": [
      17,
      25,
      35,
      30,
      40,
      7,
      41,
      14,
      28,
      26,
      15,
      46,
      44,
      23,
      32,
      1,
      11,
      29,
      21,
      19,
      12,
      13,
      34,
      20,
      9,
      37,
      0,
      8,
      16,
      24,
      45,
      4,
      47,
      33,
      31,
      43,
      6,
      36,
      42,
      2,
      5,
      18,
      3,
      27,
      39,
      22,
      10,
      38
    ]
  },
  "best_seen": {
    "discrete_mse": 21.27903938293457,
    "order": [
      [
        73,
        52
      ],
      [
        59,
        30
      ],
      [
        39,
        72
      ],
      [
        95,
        80
      ],
      [
        56,
        82
      ],
      [
        74,
        19
      ],
      [
        44,
        78
      ],
      [
        68,
        29
      ],
      [
        42,
        55
      ],
      [
        94,
        53
      ],
      [
        18,
        26
      ],
      [
        28,
        93
      ],
      [
        86,
        90
      ],
      [
        37,
        47
      ],
      [
        15,
        67
      ],
      [
        10,
        7
      ],
      [
        35,
        24
      ],
      [
        48,
        57
      ],
      [
        1,
        40
      ],
      [
        50,
        36
      ],
      [
        3,
        25
      ],
      [
        31,
        63
      ],
      [
        87,
        71
      ],
      [
        23,
        38
      ],
      [
        14,
        21
      ],
      [
        5,
        76
      ],
      [
        45,
        6
      ],
      [
        16,
        20
      ],
      [
        4,
        32
      ],
      [
        91,
        51
      ],
      [
        77,
        33
      ],
      [
        65,
        11
      ],
      [
        81,
        96
      ],
      [
        43,
        70
      ],
      [
        64,
        66
      ],
      [
        60,
        89
      ],
      [
        0,
        17
      ],
      [
        62,
        75
      ],
      [
        61,
        83
      ],
      [
        41,
        8
      ],
      [
        2,
        12
      ],
      [
        49,
        34
      ],
      [
        84,
        9
      ],
      [
        58,
        54
      ],
      [
        13,
        92
      ],
      [
        69,
        79
      ],
      [
        88,
        22
      ],
      [
        27,
        46
      ]
    ],
    "in_cols": [
      37,
      29,
      18,
      47,
      27,
      38,
      22,
      35,
      20,
      46,
      11,
      14,
      42,
      17,
      9,
      6,
      16,
      24,
      1,
      26,
      3,
      15,
      43,
      12,
      8,
      5,
      23,
      10,
      4,
      45,
      39,
      34,
      40,
      21,
      33,
      30,
      0,
      32,
      31,
      19,
      2,
      25,
      41,
      28,
      7,
      36,
      44,
      13
    ],
    "out_cols": [
      25,
      15,
      35,
      40,
      41,
      7,
      38,
      14,
      28,
      26,
      13,
      46,
      44,
      23,
      32,
      1,
      11,
      29,
      21,
      19,
      12,
      30,
      34,
      20,
      9,
      37,
      0,
      8,
      16,
      24,
      17,
      4,
      47,
      33,
      31,
      43,
      6,
      36,
      42,
      2,
      5,
      18,
      3,
      27,
      45,
      39,
      10,
      22
    ]
  }
}