{
  "config": {
    "steps": 900,
    "lr": 0.03,
    "tau_start": 1.0,
    "tau_end": 0.028,
    "sinkhorn_iters": 30,
    "lambda_ent": 0.0003,
    "train_subsample": 4096,
    "seed": 19802,
    "device": "cuda"
  },
  "final": {
    "soft_mse_full": 0.3968142867088318,
    "discrete_mse": 84.91464233398438,
    "hash_match": false,
    "perm_str": "59,52,73,30,23,55,39,63,95,82,44,78,14,80,42,29,58,93,18,38,15,67,86,90,37,40,94,7,68,47,28,19,10,24,35,57,87,71,3,53,31,36,56,25,50,26,1,72,0,75,77,11,27,51,5,6,81,33,91,32,62,76,65,96,48,20,16,70,13,89,49,54,60,17,2,34,84,22,43,12,74,83,41,46,45,8,61,9,64,92,4,66,69,79,88,21,85",
    "in_cols": [
      29,
      37,
      12,
      18,
      47,
      22,
      8,
      20,
      28,
      11,
      9,
      42,
      17,
      46,
      35,
      14,
      6,
      16,
      43,
      3,
      15,
      27,
      26,
      1,
      0,
      39,
      13,
      5,
      40,
      45,
      32,
      34,
      24,
      10,
      7,
      25,
      30,
      2,
      41,
      21,
      38,
      19,
      23,
      31,
      33,
      4,
      36,
      44
    ],
    "out_cols": [
      25,
      15,
      28,
      30,
      41,
      38,
      40,
      14,
      46,
      20,
      32,
      44,
      21,
      1,
      23,
      7,
      11,
      29,
      34,
      26,
      19,
      12,
      13,
      35,
      36,
      4,
      24,
      0,
      17,
      16,
      37,
      47,
      8,
      33,
      43,
      27,
      6,
      18,
      10,
      5,
      42,
      22,
      2,
      3,
      45,
      31,
      39,
      9
    ]
  },
  "best_seen": {
    "discrete_mse": 7.447582721710205,
    "order": [
      [
        59,
        52
      ],
      [
        39,
        72
      ],
      [
        88,
        55
      ],
      [
        95,
        63
      ],
      [
        56,
        82
      ],
      [
        44,
        78
      ],
      [
        68,
        93
      ],
      [
        42,
        80
      ],
      [
        58,
        29
      ],
      [
        18,
        30
      ],
      [
        94,
        67
      ],
      [
        86,
        90
      ],
      [
        15,
        40
      ],
      [
        37,
        7
      ],
      [
        73,
        47
      ],
      [
        28,
        19
      ],
      [
        10,
        24
      ],
      [
        35,
        57
      ],
      [
        87,
        71
      ],
      [
        3,
        53
      ],
      [
        31,
        36
      ],
      [
        50,
        25
      ],
      [
        77,
        26
      ],
      [
        1,
        38
      ],
      [
        23,
        75
      ],
      [
        14,
        11
      ],
      [
        4,
        51
      ],
      [
        5,
        6
      ],
      [
        81,
        33
      ],
      [
        65,
        20
      ],
      [
        62,
        76
      ],
      [
        16,
        96
      ],
      [
        91,
        66
      ],
      [
        61,
        70
      ],
      [
        60,
        89
      ],
      [
        13,
        54
      ],
      [
        49,
        17
      ],
      [
        48,
        34
      ],
      [
        84,
        22
      ],
      [
        74,
        32
      ],
      [
        45,
        83
      ],
      [
        41,
        46
      ],
      [
        43,
        12
      ],
      [
        2,
        9
      ],
      [
        0,
        92
      ],
      [
        64,
        21
      ],
      [
        69,
        79
      ],
      [
        27,
        8
      ]
    ],
    "in_cols": [
      29,
      18,
      44,
      47,
      27,
      22,
      35,
      20,
      28,
      11,
      46,
      42,
      9,
      17,
      37,
      14,
      6,
      16,
      43,
      3,
      15,
      26,
      39,
      1,
      12,
      8,
      4,
      5,
      40,
      34,
      32,
      10,
      45,
      31,
      30,
      7,
      25,
      24,
      41,
      38,
      23,
      19,
      21,
      2,
      0,
      33,
      36,
      13
    ],
    "out_cols": [
      25,
      35,
      28,
      30,
      41,
      38,
      46,
      40,
      14,
      15,
      32,
      44,
      21,
      1,
      23,
      7,
      11,
      29,
      34,
      26,
      19,
      12,
      13,
      20,
      36,
      4,
      24,
      0,
      17,
      8,
      37,
      47,
      31,
      33,
      43,
      27,
      6,
      18,
      10,
      16,
      42,
      22,
      5,
      3,
      45,
      9,
      39,
      2
    ]
  }
}