{
  "config": {
    "steps": 900,
    "lr": 0.03,
    "tau_start": 1.0,
    "tau_end": 0.028,
    "sinkhorn_iters": 30,
    "lambda_ent": 0.0003,
    "train_subsample": 4096,
    "seed": 10902,
    "device": "cuda"
  },
  "final": {
    "soft_mse_full": 0.43132883310317993,
    "discrete_mse": 429.8680419921875,
    "hash_match": false,
    "perm_str": "39,30,14,72,59,55,73,63,95,80,44,82,18,78,94,29,42,90,58,52,35,38,15,67,48,19,28,47,10,7,37,57,68,24,86,71,87,40,31,36,50,26,3,53,1,25,0,75,77,11,4,32,64,51,5,12,13,33,81,6,91,92,43,20,16,96,65,93,56,70,49,89,74,76,62,83,84,46,2,34,27,21,61,9,88,54,41,66,69,79,23,22,45,8,60,17,85",
    "in_cols": [
      18,
      8,
      29,
      37,
      47,
      22,
      11,
      46,
      20,
      28,
      16,
      9,
      24,
      14,
      6,
      17,
      35,
      42,
      43,
      15,
      26,
      3,
      1,
      0,
      39,
      4,
      33,
      5,
      7,
      40,
      45,
      21,
      10,
      34,
      27,
      25,
      38,
      32,
      41,
      2,
      13,
      31,
      44,
      19,
      36,
      12,
      23,
      30
    ],
    "out_cols": [
      15,
      35,
      28,
      30,
      40,
      41,
      38,
      14,
      44,
      25,
      20,
      32,
      7,
      23,
      1,
      29,
      11,
      34,
      21,
      19,
      13,
      26,
      12,
      36,
      4,
      16,
      24,
      5,
      17,
      0,
      45,
      8,
      47,
      46,
      33,
      43,
      37,
      42,
      22,
      18,
      9,
      3,
      27,
      31,
      39,
      10,
      2,
      6
    ]
  },
  "best_seen": {
    "discrete_mse": 16.02678108215332,
    "order": [
      [
        59,
        52
      ],
      [
        39,
        72
      ],
      [
        87,
        67
      ],
      [
        95,
        29
      ],
      [
        73,
        93
      ],
      [
        56,
        82
      ],
      [
        44,
        78
      ],
      [
        42,
        80
      ],
      [
        88,
        83
      ],
      [
        58,
        55
      ],
      [
        18,
        90
      ],
      [
        15,
        71
      ],
      [
        28,
        19
      ],
      [
        10,
        36
      ],
      [
        37,
        7
      ],
      [
        50,
        57
      ],
      [
        35,
        24
      ],
      [
        68,
        47
      ],
      [
        48,
        40
      ],
      [
        31,
        63
      ],
      [
        94,
        25
      ],
      [
        3,
        26
      ],
      [
        1,
        38
      ],
      [
        23,
        75
      ],
      [
        77,
        30
      ],
      [
        14,
        12
      ],
      [
        5,
        51
      ],
      [
        4,
        11
      ],
      [
        81,
        33
      ],
      [
        91,
        6
      ],
      [
        45,
        92
      ],
      [
        16,
        20
      ],
      [
        65,
        96
      ],
      [
        61,
        53
      ],
      [
        60,
        70
      ],
      [
        86,
        89
      ],
      [
        62,
        76
      ],
      [
        0,
        32
      ],
      [
        49,
        17
      ],
      [
        74,
        22
      ],
      [
        27,
        8
      ],
      [
        13,
        9
      ],
      [
        41,
        54
      ],
      [
        2,
        66
      ],
      [
        69,
        79
      ],
      [
        84,
        46
      ],
      [
        43,
        34
      ],
      [
        64,
        21
      ]
    ],
    "in_cols": [
      29,
      18,
      43,
      47,
      37,
      27,
      22,
      20,
      44,
      28,
      11,
      9,
      14,
      6,
      17,
      26,
      16,
      35,
      24,
      15,
      46,
      3,
      1,
      12,
      39,
      8,
      5,
      4,
      40,
      45,
      23,
      10,
      34,
      31,
      30,
      42,
      32,
      0,
      25,
      38,
      13,
      7,
      19,
      2,
      36,
      41,
      21,
      33
    ],
    "out_cols": [
      25,
      35,
      32,
      14,
      46,
      41,
      38,
      40,
      42,
      28,
      44,
      34,
      7,
      19,
      1,
      29,
      11,
      23,
      21,
      30,
      12,
      13,
      20,
      36,
      15,
      5,
      24,
      4,
      17,
      0,
      45,
      8,
      47,
      26,
      33,
      43,
      37,
      16,
      6,
      10,
      2,
      3,
      27,
      31,
      39,
      22,
      18,
      9
    ]
  }
}