{
  "config": {
    "steps": 900,
    "lr": 0.03,
    "tau_start": 1.0,
    "tau_end": 0.028,
    "sinkhorn_iters": 30,
    "lambda_ent": 0.0003,
    "train_subsample": 4096,
    "seed": 18702,
    "device": "cuda"
  },
  "final": {
    "soft_mse_full": 0.506032407283783,
    "discrete_mse": 17.43269157409668,
    "hash_match": false,
    "perm_str": "74,30,59,52,39,63,91,55,95,82,56,78,28,80,44,72,42,54,88,29,86,83,69,7,15,67,73,90,35,24,37,40,50,57,68,47,87,71,94,38,23,12,3,25,31,36,1,19,0,32,81,6,4,51,14,11,18,92,45,33,62,20,77,93,16,96,43,70,65,53,64,75,60,17,49,21,5,79,10,22,58,89,41,66,61,34,13,9,84,26,2,76,48,8,27,46,85",
    "in_cols": [
      38,
      29,
      18,
      45,
      47,
      27,
      14,
      22,
      20,
      44,
      42,
      36,
      9,
      37,
      16,
      17,
      26,
      35,
      43,
      46,
      12,
      3,
      15,
      1,
      0,
      40,
      4,
      8,
      11,
      23,
      32,
      39,
      10,
      21,
      34,
      33,
      30,
      25,
      5,
      6,
      28,
      19,
      31,
      7,
      41,
      2,
      24,
      13
    ],
    "out_cols": [
      15,
      25,
      30,
      28,
      41,
      38,
      40,
      35,
      27,
      14,
      42,
      1,
      32,
      44,
      11,
      21,
      29,
      23,
      34,
      20,
      5,
      12,
      19,
      7,
      16,
      0,
      24,
      4,
      45,
      17,
      8,
      46,
      47,
      33,
      26,
      36,
      6,
      9,
      39,
      10,
      43,
      31,
      18,
      3,
      13,
      37,
      2,
      22
    ]
  },
  "best_seen": {
    "discrete_mse": 17.43269157409668,
    "order": [
      [
        74,
        30
      ],
      [
        59,
        52
      ],
      [
        39,
        63
      ],
      [
        91,
        55
      ],
      [
        95,
        82
      ],
      [
        56,
        78
      ],
      [
        28,
        80
      ],
      [
        44,
        72
      ],
      [
        42,
        54
      ],
      [
        88,
        29
      ],
      [
        86,
        83
      ],
      [
        69,
        7
      ],
      [
        15,
        67
      ],
      [
        73,
        90
      ],
      [
        35,
        24
      ],
      [
        37,
        40
      ],
      [
        50,
        57
      ],
      [
        68,
        47
      ],
      [
        87,
        71
      ],
      [
        94,
        38
      ],
      [
        23,
        12
      ],
      [
        3,
        25
      ],
      [
        31,
        36
      ],
      [
        1,
        19
      ],
      [
        0,
        32
      ],
      [
        81,
        6
      ],
      [
        4,
        51
      ],
      [
        14,
        11
      ],
      [
        18,
        92
      ],
      [
        45,
        33
      ],
      [
        62,
        20
      ],
      [
        77,
        93
      ],
      [
        16,
        96
      ],
      [
        43,
        70
      ],
      [
        65,
        53
      ],
      [
        64,
        75
      ],
      [
        60,
        17
      ],
      [
        49,
        21
      ],
      [
        5,
        79
      ],
      [
        10,
        22
      ],
      [
        58,
        89
      ],
      [
        41,
        66
      ],
      [
        61,
        34
      ],
      [
        13,
        9
      ],
      [
        84,
        26
      ],
      [
        2,
        76
      ],
      [
        48,
        8
      ],
      [
        27,
        46
      ]
    ],
    "in_cols": [
      38,
      29,
      18,
      45,
      47,
      27,
      14,
      22,
      20,
      44,
      42,
      36,
      9,
      37,
      16,
      17,
      26,
      35,
      43,
      46,
      12,
      3,
      15,
      1,
      0,
      40,
      4,
      8,
      11,
      23,
      32,
      39,
      10,
      21,
      34,
      33,
      30,
      25,
      5,
      6,
      28,
      19,
      31,
      7,
      41,
      2,
      24,
      13
    ],
    "out_cols": [
      15,
      25,
      30,
      28,
      41,
      38,
      40,
      35,
      27,
      14,
      42,
      1,
      32,
      44,
      11,
      21,
      29,
      23,
      34,
      20,
      5,
      12,
      19,
      7,
      16,
      0,
      24,
      4,
      45,
      17,
      8,
      46,
      47,
      33,
      26,
      36,
      6,
      9,
      39,
      10,
      43,
      31,
      18,
      3,
      13,
      37,
      2,
      22
    ]
  }
}