{
  "config": {
    "steps": 900,
    "lr": 0.03,
    "tau_start": 1.0,
    "tau_end": 0.03,
    "sinkhorn_iters": 30,
    "lambda_ent": 0.0003,
    "train_subsample": 4096,
    "seed": 7201,
    "device": "cuda"
  },
  "final": {
    "soft_mse_full": 0.3334348201751709,
    "discrete_mse": 73.63861083984375,
    "hash_match": false,
    "perm_str": "39,52,59,30,74,55,95,80,44,82,94,93,28,78,42,90,58,29,10,72,18,67,86,54,73,47,1,40,37,7,48,19,68,26,35,24,50,12,15,57,3,25,31,36,23,38,87,71,16,21,64,92,14,11,77,63,4,32,65,20,45,96,81,6,43,70,91,53,60,9,62,83,13,75,49,89,0,8,84,33,61,34,2,51,69,76,5,66,56,22,41,46,88,17,27,79,85",
    "in_cols": [
      18,
      29,
      38,
      47,
      22,
      46,
      14,
      20,
      28,
      6,
      11,
      42,
      37,
      1,
      17,
      24,
      35,
      16,
      26,
      9,
      3,
      15,
      12,
      43,
      10,
      33,
      8,
      39,
      4,
      34,
      23,
      40,
      21,
      45,
      30,
      32,
      7,
      25,
      0,
      41,
      31,
      2,
      36,
      5,
      27,
      19,
      44,
      13
    ],
    "out_cols": [
      25,
      15,
      28,
      40,
      41,
      46,
      38,
      44,
      14,
      35,
      32,
      27,
      23,
      21,
      1,
      7,
      13,
      11,
      5,
      29,
      12,
      19,
      20,
      34,
      9,
      45,
      4,
      30,
      16,
      8,
      47,
      0,
      33,
      26,
      3,
      42,
      36,
      43,
      2,
      17,
      18,
      24,
      37,
      31,
      10,
      22,
      6,
      39
    ]
  },
  "best_seen": {
    "discrete_mse": 16.688318252563477,
    "order": [
      [
        39,
        52
      ],
      [
        59,
        30
      ],
      [
        74,
        55
      ],
      [
        95,
        80
      ],
      [
        44,
        82
      ],
      [
        94,
        93
      ],
      [
        5,
        78
      ],
      [
        42,
        90
      ],
      [
        58,
        72
      ],
      [
        10,
        29
      ],
      [
        18,
        67
      ],
      [
        86,
        54
      ],
      [
        73,
        47
      ],
      [
        1,
        40
      ],
      [
        37,
        7
      ],
      [
        48,
        19
      ],
      [
        68,
        26
      ],
      [
        35,
        24
      ],
      [
        50,
        12
      ],
      [
        15,
        57
      ],
      [
        3,
        25
      ],
      [
        31,
        36
      ],
      [
        23,
        38
      ],
      [
        87,
        71
      ],
      [
        16,
        21
      ],
      [
        64,
        92
      ],
      [
        14,
        11
      ],
      [
        77,
        63
      ],
      [
        4,
        32
      ],
      [
        65,
        20
      ],
      [
        45,
        96
      ],
      [
        81,
        6
      ],
      [
        43,
        70
      ],
      [
        91,
        53
      ],
      [
        60,
        9
      ],
      [
        62,
        83
      ],
      [
        13,
        75
      ],
      [
        49,
        89
      ],
      [
        28,
        8
      ],
      [
        84,
        33
      ],
      [
        61,
        34
      ],
      [
        2,
        51
      ],
      [
        69,
        76
      ],
      [
        0,
        66
      ],
      [
        56,
        22
      ],
      [
        41,
        46
      ],
      [
        88,
        17
      ],
      [
        27,
        79
      ]
    ],
    "in_cols": [
      18,
      29,
      38,
      47,
      22,
      46,
      5,
      20,
      28,
      6,
      11,
      42,
      37,
      1,
      17,
      24,
      35,
      16,
      26,
      9,
      3,
      15,
      12,
      43,
      10,
      33,
      8,
      39,
      4,
      34,
      23,
      40,
      21,
      45,
      30,
      32,
      7,
      25,
      14,
      41,
      31,
      2,
      36,
      0,
      27,
      19,
      44,
      13
    ],
    "out_cols": [
      25,
      15,
      28,
      40,
      41,
      46,
      38,
      44,
      35,
      14,
      32,
      27,
      23,
      21,
      1,
      7,
      13,
      11,
      5,
      29,
      12,
      19,
      20,
      34,
      9,
      45,
      4,
      30,
      16,
      8,
      47,
      0,
      33,
      26,
      3,
      42,
      36,
      43,
      2,
      17,
      18,
      24,
      37,
      31,
      10,
      22,
      6,
      39
    ]
  }
}