{
  "config": {
    "steps": 900,
    "lr": 0.03,
    "tau_start": 1.0,
    "tau_end": 0.028,
    "sinkhorn_iters": 30,
    "lambda_ent": 0.0003,
    "train_subsample": 4096,
    "seed": 7902,
    "device": "cuda"
  },
  "final": {
    "soft_mse_full": 0.49592772126197815,
    "discrete_mse": 19.287776947021484,
    "hash_match": false,
    "perm_str": "59,52,39,72,88,66,74,80,56,55,58,78,44,19,42,29,37,93,86,63,94,7,18,38,95,90,35,24,73,67,68,47,10,40,50,57,3,26,28,12,31,36,5,25,23,82,87,71,15,21,14,11,27,51,1,75,4,30,81,6,62,20,16,96,45,33,91,76,65,53,48,70,77,89,49,54,13,34,64,79,2,32,41,83,60,17,61,9,69,8,43,22,84,46,0,92,85",
    "in_cols": [
      29,
      18,
      44,
      38,
      27,
      28,
      22,
      20,
      17,
      42,
      46,
      11,
      47,
      16,
      37,
      35,
      6,
      26,
      3,
      14,
      15,
      5,
      12,
      43,
      9,
      8,
      13,
      1,
      4,
      40,
      32,
      10,
      23,
      45,
      34,
      24,
      39,
      25,
      7,
      33,
      2,
      19,
      30,
      31,
      36,
      21,
      41,
      0
    ],
    "out_cols": [
      25,
      35,
      31,
      40,
      28,
      38,
      7,
      14,
      46,
      30,
      1,
      20,
      44,
      11,
      32,
      23,
      21,
      29,
      13,
      5,
      19,
      12,
      41,
      34,
      9,
      4,
      24,
      36,
      15,
      0,
      8,
      47,
      17,
      37,
      26,
      33,
      43,
      27,
      18,
      39,
      16,
      42,
      6,
      3,
      2,
      10,
      22,
      45
    ]
  },
  "best_seen": {
    "discrete_mse": 2.0994203090667725,
    "order": [
      [
        59,
        52
      ],
      [
        39,
        72
      ],
      [
        88,
        55
      ],
      [
        42,
        80
      ],
      [
        56,
        30
      ],
      [
        74,
        78
      ],
      [
        44,
        82
      ],
      [
        68,
        29
      ],
      [
        37,
        93
      ],
      [
        1,
        63
      ],
      [
        94,
        7
      ],
      [
        18,
        38
      ],
      [
        95,
        67
      ],
      [
        35,
        24
      ],
      [
        73,
        36
      ],
      [
        86,
        47
      ],
      [
        10,
        40
      ],
      [
        15,
        57
      ],
      [
        3,
        26
      ],
      [
        28,
        19
      ],
      [
        31,
        66
      ],
      [
        50,
        25
      ],
      [
        23,
        12
      ],
      [
        87,
        71
      ],
      [
        14,
        21
      ],
      [
        5,
        11
      ],
      [
        27,
        51
      ],
      [
        81,
        75
      ],
      [
        4,
        90
      ],
      [
        43,
        6
      ],
      [
        62,
        20
      ],
      [
        16,
        96
      ],
      [
        45,
        33
      ],
      [
        84,
        76
      ],
      [
        65,
        53
      ],
      [
        48,
        70
      ],
      [
        77,
        89
      ],
      [
        91,
        54
      ],
      [
        13,
        34
      ],
      [
        64,
        79
      ],
      [
        2,
        32
      ],
      [
        60,
        83
      ],
      [
        49,
        17
      ],
      [
        61,
        9
      ],
      [
        69,
        8
      ],
      [
        41,
        22
      ],
      [
        58,
        46
      ],
      [
        0,
        92
      ]
    ],
    "in_cols": [
      29,
      18,
      44,
      20,
      27,
      38,
      22,
      35,
      17,
      1,
      46,
      11,
      47,
      16,
      37,
      42,
      6,
      9,
      3,
      14,
      15,
      26,
      12,
      43,
      8,
      5,
      13,
      40,
      4,
      21,
      32,
      10,
      23,
      41,
      34,
      24,
      39,
      45,
      7,
      33,
      2,
      30,
      25,
      31,
      36,
      19,
      28,
      0
    ],
    "out_cols": [
      25,
      35,
      28,
      40,
      15,
      38,
      41,
      14,
      46,
      30,
      1,
      20,
      32,
      11,
      19,
      23,
      21,
      29,
      13,
      7,
      31,
      12,
      5,
      34,
      9,
      4,
      24,
      36,
      44,
      0,
      8,
      47,
      17,
      37,
      26,
      33,
      43,
      27,
      18,
      39,
      16,
      42,
      6,
      3,
      2,
      10,
      22,
      45
    ]
  }
}