{
  "config": {
    "steps": 900,
    "lr": 0.03,
    "tau_start": 1.0,
    "tau_end": 0.028,
    "sinkhorn_iters": 30,
    "lambda_ent": 0.0003,
    "train_subsample": 4096,
    "seed": 19302,
    "device": "cuda"
  },
  "final": {
    "soft_mse_full": 0.40633609890937805,
    "discrete_mse": 3.0782623291015625,
    "hash_match": false,
    "perm_str": "59,52,27,55,95,24,42,80,56,30,44,82,73,78,68,29,74,93,88,83,18,90,58,7,86,47,35,67,28,19,94,26,15,40,91,25,37,57,48,63,3,53,50,66,1,36,23,38,87,71,4,17,77,32,45,11,81,6,5,33,62,20,16,51,13,22,65,96,60,89,61,70,0,76,14,75,49,8,10,46,31,34,43,12,84,9,41,54,69,72,39,79,2,92,64,21,85",
    "in_cols": [
      29,
      13,
      47,
      20,
      27,
      22,
      37,
      35,
      38,
      44,
      11,
      28,
      42,
      16,
      14,
      46,
      9,
      45,
      17,
      24,
      3,
      26,
      1,
      12,
      43,
      4,
      39,
      23,
      40,
      5,
      32,
      10,
      7,
      34,
      30,
      31,
      0,
      8,
      25,
      6,
      15,
      21,
      41,
      19,
      36,
      18,
      2,
      33
    ],
    "out_cols": [
      25,
      28,
      11,
      40,
      15,
      41,
      38,
      14,
      46,
      42,
      44,
      1,
      23,
      32,
      7,
      13,
      21,
      12,
      29,
      30,
      26,
      31,
      19,
      20,
      34,
      6,
      16,
      4,
      0,
      17,
      8,
      24,
      10,
      47,
      43,
      33,
      37,
      36,
      2,
      22,
      18,
      5,
      3,
      27,
      35,
      39,
      45,
      9
    ]
  },
  "best_seen": {
    "discrete_mse": 3.0782623291015625,
    "order": [
      [
        59,
        52
      ],
      [
        27,
        55
      ],
      [
        95,
        24
      ],
      [
        42,
        80
      ],
      [
        56,
        30
      ],
      [
        44,
        82
      ],
      [
        73,
        78
      ],
      [
        68,
        29
      ],
      [
        74,
        93
      ],
      [
        88,
        83
      ],
      [
        18,
        90
      ],
      [
        58,
        7
      ],
      [
        86,
        47
      ],
      [
        35,
        67
      ],
      [
        28,
        19
      ],
      [
        94,
        26
      ],
      [
        15,
        40
      ],
      [
        91,
        25
      ],
      [
        37,
        57
      ],
      [
        48,
        63
      ],
      [
        3,
        53
      ],
      [
        50,
        66
      ],
      [
        1,
        36
      ],
      [
        23,
        38
      ],
      [
        87,
        71
      ],
      [
        4,
        17
      ],
      [
        77,
        32
      ],
      [
        45,
        11
      ],
      [
        81,
        6
      ],
      [
        5,
        33
      ],
      [
        62,
        20
      ],
      [
        16,
        51
      ],
      [
        13,
        22
      ],
      [
        65,
        96
      ],
      [
        60,
        89
      ],
      [
        61,
        70
      ],
      [
        0,
        76
      ],
      [
        14,
        75
      ],
      [
        49,
        8
      ],
      [
        10,
        46
      ],
      [
        31,
        34
      ],
      [
        43,
        12
      ],
      [
        84,
        9
      ],
      [
        41,
        54
      ],
      [
        69,
        72
      ],
      [
        39,
        79
      ],
      [
        2,
        92
      ],
      [
        64,
        21
      ]
    ],
    "in_cols": [
      29,
      13,
      47,
      20,
      27,
      22,
      37,
      35,
      38,
      44,
      11,
      28,
      42,
      16,
      14,
      46,
      9,
      45,
      17,
      24,
      3,
      26,
      1,
      12,
      43,
      4,
      39,
      23,
      40,
      5,
      32,
      10,
      7,
      34,
      30,
      31,
      0,
      8,
      25,
      6,
      15,
      21,
      41,
      19,
      36,
      18,
      2,
      33
    ],
    "out_cols": [
      25,
      28,
      11,
      40,
      15,
      41,
      38,
      14,
      46,
      42,
      44,
      1,
      23,
      32,
      7,
      13,
      21,
      12,
      29,
      30,
      26,
      31,
      19,
      20,
      34,
      6,
      16,
      4,
      0,
      17,
      8,
      24,
      10,
      47,
      43,
      33,
      37,
      36,
      2,
      22,
      18,
      5,
      3,
      27,
      35,
      39,
      45,
      9
    ]
  }
}