{
  "config": {
    "steps": 700,
    "lr": 0.02,
    "tau_start": 1.0,
    "tau_end": 0.03,
    "sinkhorn_iters": 30,
    "lambda_ent": 0.0003,
    "train_subsample": 0,
    "seed": 16303,
    "device": "cuda"
  },
  "final": {
    "soft_mse_full": 0.37293171882629395,
    "discrete_mse": 36.132843017578125,
    "hash_match": false,
    "perm_str": "39,75,59,52,42,63,95,93,56,30,86,80,44,82,0,29,58,78,69,67,18,38,35,90,10,19,73,47,50,7,15,57,37,24,68,72,28,26,94,53,3,25,31,36,1,55,87,71,23,40,14,12,4,51,81,11,48,83,45,33,62,6,16,20,5,70,77,96,65,32,27,54,84,8,60,79,74,22,49,66,41,34,91,76,13,9,2,21,61,46,88,92,64,89,43,17,85",
    "in_cols": [
      18,
      29,
      20,
      47,
      27,
      42,
      22,
      0,
      28,
      36,
      11,
      16,
      6,
      37,
      26,
      9,
      17,
      35,
      14,
      46,
      3,
      15,
      1,
      43,
      12,
      8,
      4,
      40,
      24,
      23,
      32,
      10,
      5,
      39,
      34,
      13,
      41,
      30,
      38,
      25,
      19,
      45,
      7,
      2,
      31,
      44,
      33,
      21
    ],
    "out_cols": [
      36,
      25,
      30,
      46,
      15,
      40,
      41,
      14,
      38,
      32,
      20,
      44,
      7,
      23,
      1,
      29,
      11,
      35,
      13,
      26,
      12,
      19,
      28,
      34,
      21,
      5,
      24,
      4,
      42,
      17,
      0,
      8,
      33,
      47,
      16,
      27,
      2,
      39,
      10,
      31,
      18,
      37,
      3,
      9,
      22,
      45,
      43,
      6
    ]
  },
  "best_seen": {
    "discrete_mse": 3.601349115371704,
    "order": [
      [
        44,
        11
      ],
      [
        58,
        55
      ],
      [
        59,
        93
      ],
      [
        74,
        30
      ],
      [
        42,
        7
      ],
      [
        86,
        72
      ],
      [
        39,
        78
      ],
      [
        73,
        19
      ],
      [
        37,
        83
      ],
      [
        88,
        29
      ],
      [
        18,
        47
      ],
      [
        50,
        90
      ],
      [
        35,
        24
      ],
      [
        94,
        82
      ],
      [
        62,
        80
      ],
      [
        3,
        52
      ],
      [
        15,
        67
      ],
      [
        87,
        36
      ],
      [
        10,
        66
      ],
      [
        56,
        63
      ],
      [
        95,
        26
      ],
      [
        28,
        57
      ],
      [
        14,
        38
      ],
      [
        1,
        71
      ],
      [
        16,
        25
      ],
      [
        64,
        40
      ],
      [
        4,
        9
      ],
      [
        31,
        20
      ],
      [
        49,
        92
      ],
      [
        65,
        17
      ],
      [
        0,
        76
      ],
      [
        81,
        6
      ],
      [
        27,
        33
      ],
      [
        77,
        22
      ],
      [
        23,
        53
      ],
      [
        5,
        70
      ],
      [
        68,
        96
      ],
      [
        13,
        21
      ],
      [
        48,
        79
      ],
      [
        91,
        8
      ],
      [
        45,
        54
      ],
      [
        61,
        75
      ],
      [
        2,
        51
      ],
      [
        43,
        34
      ],
      [
        69,
        32
      ],
      [
        84,
        12
      ],
      [
        41,
        46
      ],
      [
        60,
        89
      ]
    ],
    "in_cols": [
      22,
      28,
      29,
      38,
      20,
      42,
      18,
      37,
      17,
      44,
      11,
      26,
      16,
      46,
      32,
      3,
      9,
      43,
      6,
      27,
      47,
      14,
      8,
      1,
      10,
      33,
      4,
      15,
      25,
      34,
      0,
      40,
      13,
      39,
      12,
      5,
      35,
      7,
      24,
      45,
      23,
      31,
      2,
      21,
      36,
      41,
      19,
      30
    ],
    "out_cols": [
      4,
      28,
      46,
      15,
      1,
      35,
      38,
      7,
      42,
      14,
      23,
      44,
      11,
      41,
      40,
      25,
      32,
      19,
      31,
      30,
      13,
      29,
      20,
      34,
      12,
      21,
      3,
      8,
      45,
      6,
      37,
      0,
      17,
      10,
      26,
      33,
      47,
      9,
      39,
      2,
      27,
      36,
      24,
      18,
      16,
      5,
      22,
      43
    ]
  }
}