{
  "config": {
    "steps": 900,
    "lr": 0.03,
    "tau_start": 1.0,
    "tau_end": 0.03,
    "sinkhorn_iters": 30,
    "lambda_ent": 0.0003,
    "train_subsample": 4096,
    "seed": 7101,
    "device": "cuda"
  },
  "final": {
    "soft_mse_full": 0.40205344557762146,
    "discrete_mse": 138.44639587402344,
    "hash_match": false,
    "perm_str": "59,52,39,30,73,72,95,55,56,80,44,82,74,93,42,29,5,71,58,78,18,83,48,90,35,24,28,47,68,67,10,36,15,57,65,7,1,53,31,63,3,25,50,26,37,38,64,40,14,33,23,75,27,32,4,17,91,66,77,11,81,6,62,34,16,20,2,96,87,70,13,9,49,8,61,19,84,89,86,54,60,22,88,21,41,46,0,79,94,51,43,76,45,12,69,92,85",
    "in_cols": [
      29,
      18,
      37,
      47,
      27,
      22,
      38,
      20,
      5,
      28,
      11,
      24,
      16,
      14,
      35,
      6,
      9,
      34,
      1,
      15,
      3,
      26,
      17,
      33,
      8,
      12,
      13,
      4,
      45,
      39,
      40,
      32,
      10,
      2,
      43,
      7,
      25,
      31,
      41,
      42,
      30,
      44,
      19,
      0,
      46,
      21,
      23,
      36
    ],
    "out_cols": [
      25,
      15,
      35,
      28,
      40,
      41,
      46,
      14,
      34,
      38,
      42,
      44,
      11,
      23,
      32,
      19,
      29,
      1,
      26,
      30,
      12,
      13,
      20,
      21,
      17,
      36,
      16,
      6,
      31,
      4,
      0,
      18,
      8,
      47,
      33,
      3,
      2,
      7,
      43,
      27,
      10,
      9,
      22,
      39,
      24,
      37,
      5,
      45
    ]
  },
  "best_seen": {
    "discrete_mse": 5.606716632843018,
    "order": [
      [
        59,
        34
      ],
      [
        39,
        30
      ],
      [
        18,
        72
      ],
      [
        95,
        52
      ],
      [
        74,
        80
      ],
      [
        44,
        82
      ],
      [
        56,
        93
      ],
      [
        42,
        29
      ],
      [
        37,
        71
      ],
      [
        58,
        78
      ],
      [
        94,
        83
      ],
      [
        48,
        90
      ],
      [
        35,
        24
      ],
      [
        73,
        47
      ],
      [
        15,
        67
      ],
      [
        10,
        36
      ],
      [
        28,
        57
      ],
      [
        65,
        7
      ],
      [
        1,
        53
      ],
      [
        31,
        63
      ],
      [
        3,
        25
      ],
      [
        50,
        26
      ],
      [
        87,
        38
      ],
      [
        64,
        40
      ],
      [
        14,
        33
      ],
      [
        23,
        75
      ],
      [
        27,
        51
      ],
      [
        4,
        17
      ],
      [
        91,
        66
      ],
      [
        77,
        11
      ],
      [
        81,
        6
      ],
      [
        62,
        20
      ],
      [
        16,
        32
      ],
      [
        5,
        96
      ],
      [
        68,
        70
      ],
      [
        13,
        9
      ],
      [
        61,
        8
      ],
      [
        2,
        19
      ],
      [
        84,
        89
      ],
      [
        49,
        54
      ],
      [
        60,
        22
      ],
      [
        88,
        21
      ],
      [
        41,
        46
      ],
      [
        86,
        79
      ],
      [
        0,
        55
      ],
      [
        43,
        76
      ],
      [
        45,
        12
      ],
      [
        69,
        92
      ]
    ],
    "in_cols": [
      29,
      18,
      11,
      47,
      38,
      22,
      27,
      20,
      17,
      28,
      46,
      24,
      16,
      37,
      9,
      6,
      14,
      34,
      1,
      15,
      3,
      26,
      43,
      33,
      8,
      12,
      13,
      4,
      45,
      39,
      40,
      32,
      10,
      5,
      35,
      7,
      31,
      2,
      41,
      25,
      30,
      44,
      19,
      42,
      0,
      21,
      23,
      36
    ],
    "out_cols": [
      18,
      15,
      35,
      25,
      40,
      41,
      46,
      14,
      34,
      38,
      42,
      44,
      11,
      23,
      32,
      19,
      29,
      1,
      26,
      30,
      12,
      13,
      20,
      21,
      17,
      36,
      24,
      6,
      31,
      4,
      0,
      8,
      16,
      47,
      33,
      3,
      2,
      7,
      43,
      27,
      10,
      9,
      22,
      39,
      28,
      37,
      5,
      45
    ]
  }
}