{
  "config": {
    "steps": 700,
    "lr": 0.02,
    "tau_start": 1.0,
    "tau_end": 0.03,
    "sinkhorn_iters": 30,
    "lambda_ent": 0.0003,
    "train_subsample": 0,
    "seed": 7603,
    "device": "cuda"
  },
  "final": {
    "soft_mse_full": 0.42928144335746765,
    "discrete_mse": 30.060314178466797,
    "hash_match": false,
    "perm_str": "59,52,39,72,88,63,95,80,56,30,74,55,44,82,42,29,10,93,86,83,58,90,18,67,35,24,48,19,73,7,37,57,68,47,15,40,50,26,94,71,3,25,31,36,87,70,23,38,14,11,77,33,27,51,5,17,16,12,91,6,4,78,81,20,1,96,61,53,65,89,62,76,13,9,49,75,28,21,43,54,2,32,60,22,0,79,41,46,45,92,84,66,69,8,64,34,85",
    "in_cols": [
      29,
      18,
      44,
      47,
      27,
      38,
      22,
      20,
      6,
      42,
      28,
      11,
      16,
      24,
      37,
      17,
      35,
      9,
      26,
      46,
      3,
      15,
      43,
      12,
      8,
      39,
      13,
      5,
      10,
      45,
      4,
      40,
      1,
      31,
      34,
      32,
      7,
      25,
      14,
      21,
      2,
      30,
      0,
      19,
      23,
      41,
      36,
      33
    ],
    "out_cols": [
      25,
      35,
      30,
      40,
      15,
      28,
      41,
      14,
      46,
      42,
      44,
      32,
      11,
      7,
      1,
      29,
      23,
      21,
      13,
      34,
      12,
      19,
      33,
      20,
      4,
      17,
      24,
      6,
      5,
      0,
      38,
      8,
      47,
      26,
      43,
      37,
      3,
      36,
      9,
      27,
      16,
      10,
      39,
      22,
      45,
      31,
      2,
      18
    ]
  },
  "best_seen": {
    "discrete_mse": 11.207286834716797,
    "order": [
      [
        39,
        52
      ],
      [
        59,
        30
      ],
      [
        42,
        72
      ],
      [
        95,
        63
      ],
      [
        56,
        80
      ],
      [
        73,
        78
      ],
      [
        44,
        82
      ],
      [
        5,
        29
      ],
      [
        58,
        93
      ],
      [
        88,
        83
      ],
      [
        86,
        90
      ],
      [
        18,
        67
      ],
      [
        35,
        24
      ],
      [
        28,
        19
      ],
      [
        50,
        7
      ],
      [
        37,
        57
      ],
      [
        68,
        47
      ],
      [
        15,
        40
      ],
      [
        94,
        26
      ],
      [
        48,
        71
      ],
      [
        3,
        25
      ],
      [
        31,
        36
      ],
      [
        1,
        12
      ],
      [
        23,
        38
      ],
      [
        87,
        11
      ],
      [
        14,
        55
      ],
      [
        27,
        51
      ],
      [
        77,
        17
      ],
      [
        16,
        33
      ],
      [
        91,
        6
      ],
      [
        4,
        70
      ],
      [
        81,
        20
      ],
      [
        74,
        96
      ],
      [
        61,
        53
      ],
      [
        65,
        89
      ],
      [
        62,
        76
      ],
      [
        13,
        9
      ],
      [
        49,
        75
      ],
      [
        10,
        21
      ],
      [
        43,
        54
      ],
      [
        2,
        32
      ],
      [
        60,
        22
      ],
      [
        0,
        79
      ],
      [
        41,
        46
      ],
      [
        45,
        92
      ],
      [
        84,
        66
      ],
      [
        69,
        8
      ],
      [
        64,
        34
      ]
    ],
    "in_cols": [
      18,
      29,
      20,
      47,
      27,
      37,
      22,
      5,
      28,
      44,
      42,
      11,
      16,
      14,
      26,
      17,
      35,
      9,
      46,
      24,
      3,
      15,
      1,
      12,
      43,
      8,
      13,
      39,
      10,
      45,
      4,
      40,
      38,
      31,
      34,
      32,
      7,
      25,
      6,
      21,
      2,
      30,
      0,
      19,
      23,
      41,
      36,
      33
    ],
    "out_cols": [
      25,
      15,
      35,
      30,
      40,
      38,
      41,
      14,
      46,
      42,
      44,
      32,
      11,
      7,
      1,
      29,
      23,
      21,
      13,
      34,
      12,
      19,
      5,
      20,
      4,
      28,
      24,
      6,
      17,
      0,
      33,
      8,
      47,
      26,
      43,
      37,
      3,
      36,
      9,
      27,
      16,
      10,
      39,
      22,
      45,
      31,
      2,
      18
    ]
  }
}