{
  "config": {
    "steps": 700,
    "lr": 0.015,
    "tau_start": 1.0,
    "tau_end": 0.025,
    "sinkhorn_iters": 30,
    "lambda_ent": 0.0001,
    "train_subsample": 0,
    "seed": 21604,
    "device": "cuda"
  },
  "final": {
    "soft_mse_full": 0.4956890642642975,
    "discrete_mse": 44.12953567504883,
    "hash_match": false,
    "perm_str": "59,52,74,30,39,55,95,63,73,72,44,82,68,93,42,80,37,83,58,78,18,29,86,90,48,47,28,19,10,7,15,67,35,24,87,57,94,26,50,40,3,25,31,36,23,38,1,71,14,17,64,11,27,51,56,6,62,20,4,32,77,92,16,70,5,33,81,96,91,75,65,53,60,34,13,22,84,79,49,12,61,54,2,9,69,21,43,89,0,76,88,8,45,66,41,46,85",
    "in_cols": [
      29,
      38,
      18,
      47,
      37,
      22,
      35,
      20,
      17,
      28,
      11,
      42,
      24,
      14,
      6,
      9,
      16,
      43,
      46,
      26,
      3,
      15,
      12,
      1,
      8,
      33,
      13,
      27,
      32,
      4,
      39,
      10,
      5,
      40,
      45,
      34,
      30,
      7,
      41,
      25,
      31,
      2,
      36,
      21,
      0,
      44,
      23,
      19
    ],
    "out_cols": [
      25,
      15,
      28,
      30,
      35,
      41,
      46,
      40,
      42,
      38,
      14,
      44,
      23,
      7,
      1,
      32,
      11,
      29,
      13,
      21,
      12,
      19,
      20,
      34,
      6,
      4,
      24,
      0,
      8,
      16,
      45,
      33,
      17,
      47,
      36,
      26,
      18,
      10,
      39,
      5,
      27,
      3,
      9,
      43,
      37,
      2,
      31,
      22
    ]
  },
  "best_seen": {
    "discrete_mse": 69.44956970214844,
    "order": [
      [
        59,
        52
      ],
      [
        39,
        72
      ],
      [
        95,
        93
      ],
      [
        87,
        63
      ],
      [
        74,
        82
      ],
      [
        44,
        78
      ],
      [
        68,
        80
      ],
      [
        42,
        55
      ],
      [
        88,
        83
      ],
      [
        58,
        30
      ],
      [
        18,
        29
      ],
      [
        94,
        71
      ],
      [
        86,
        47
      ],
      [
        10,
        19
      ],
      [
        37,
        90
      ],
      [
        73,
        67
      ],
      [
        35,
        7
      ],
      [
        15,
        57
      ],
      [
        28,
        24
      ],
      [
        48,
        40
      ],
      [
        3,
        25
      ],
      [
        31,
        36
      ],
      [
        23,
        38
      ],
      [
        1,
        26
      ],
      [
        14,
        17
      ],
      [
        77,
        11
      ],
      [
        5,
        51
      ],
      [
        81,
        12
      ],
      [
        4,
        6
      ],
      [
        50,
        20
      ],
      [
        45,
        92
      ],
      [
        62,
        96
      ],
      [
        91,
        33
      ],
      [
        16,
        70
      ],
      [
        0,
        75
      ],
      [
        65,
        53
      ],
      [
        56,
        21
      ],
      [
        13,
        89
      ],
      [
        84,
        76
      ],
      [
        27,
        8
      ],
      [
        49,
        54
      ],
      [
        61,
        9
      ],
      [
        2,
        22
      ],
      [
        41,
        32
      ],
      [
        69,
        66
      ],
      [
        43,
        34
      ],
      [
        60,
        79
      ],
      [
        64,
        46
      ]
    ],
    "in_cols": [
      29,
      18,
      47,
      43,
      38,
      22,
      35,
      20,
      44,
      28,
      11,
      46,
      42,
      6,
      17,
      37,
      16,
      9,
      14,
      24,
      3,
      15,
      12,
      1,
      8,
      39,
      5,
      40,
      4,
      26,
      23,
      32,
      45,
      10,
      0,
      34,
      27,
      7,
      41,
      13,
      25,
      31,
      2,
      19,
      36,
      21,
      30,
      33
    ],
    "out_cols": [
      25,
      35,
      46,
      30,
      41,
      38,
      40,
      28,
      42,
      15,
      14,
      34,
      23,
      7,
      44,
      32,
      1,
      29,
      11,
      21,
      12,
      19,
      20,
      13,
      6,
      4,
      24,
      5,
      0,
      8,
      45,
      47,
      17,
      33,
      36,
      26,
      9,
      43,
      37,
      2,
      27,
      3,
      10,
      16,
      31,
      18,
      39,
      22
    ]
  }
}