{
  "config": {
    "steps": 700,
    "lr": 0.015,
    "tau_start": 1.0,
    "tau_end": 0.025,
    "sinkhorn_iters": 30,
    "lambda_ent": 0.0001,
    "train_subsample": 0,
    "seed": 13904,
    "device": "cuda"
  },
  "final": {
    "soft_mse_full": 0.46879154443740845,
    "discrete_mse": 5.16303014755249,
    "hash_match": false,
    "perm_str": "95,52,59,72,42,63,39,30,5,93,44,82,68,29,94,80,74,55,58,78,18,83,86,90,37,7,28,19,73,57,15,67,10,47,35,24,1,26,48,40,3,25,31,36,23,38,87,71,16,21,64,70,14,51,81,6,77,33,45,11,4,20,65,96,91,92,60,54,61,53,62,32,41,75,2,9,13,89,50,8,84,66,69,76,56,34,43,12,49,17,27,46,88,22,0,79,85",
    "in_cols": [
      47,
      29,
      20,
      18,
      5,
      22,
      35,
      46,
      38,
      28,
      11,
      42,
      17,
      14,
      37,
      9,
      6,
      16,
      1,
      24,
      3,
      15,
      12,
      43,
      10,
      33,
      8,
      40,
      39,
      23,
      4,
      34,
      45,
      30,
      31,
      32,
      19,
      2,
      7,
      26,
      41,
      36,
      27,
      21,
      25,
      13,
      44,
      0
    ],
    "out_cols": [
      25,
      35,
      30,
      15,
      46,
      41,
      14,
      40,
      28,
      38,
      42,
      44,
      1,
      7,
      29,
      32,
      23,
      11,
      13,
      21,
      12,
      19,
      20,
      34,
      9,
      33,
      24,
      0,
      17,
      4,
      8,
      47,
      45,
      27,
      26,
      16,
      36,
      3,
      43,
      2,
      31,
      37,
      18,
      5,
      6,
      22,
      10,
      39
    ]
  },
  "best_seen": {
    "discrete_mse": 23.6345157623291,
    "order": [
      [
        13,
        52
      ],
      [
        39,
        72
      ],
      [
        59,
        63
      ],
      [
        56,
        30
      ],
      [
        95,
        93
      ],
      [
        44,
        82
      ],
      [
        68,
        29
      ],
      [
        94,
        80
      ],
      [
        42,
        55
      ],
      [
        58,
        78
      ],
      [
        86,
        83
      ],
      [
        35,
        90
      ],
      [
        37,
        7
      ],
      [
        28,
        19
      ],
      [
        18,
        57
      ],
      [
        15,
        67
      ],
      [
        73,
        47
      ],
      [
        50,
        24
      ],
      [
        1,
        26
      ],
      [
        48,
        40
      ],
      [
        3,
        25
      ],
      [
        31,
        36
      ],
      [
        23,
        38
      ],
      [
        87,
        71
      ],
      [
        16,
        21
      ],
      [
        64,
        70
      ],
      [
        14,
        51
      ],
      [
        81,
        6
      ],
      [
        45,
        33
      ],
      [
        5,
        11
      ],
      [
        4,
        20
      ],
      [
        65,
        96
      ],
      [
        43,
        92
      ],
      [
        77,
        54
      ],
      [
        61,
        53
      ],
      [
        0,
        32
      ],
      [
        62,
        75
      ],
      [
        41,
        9
      ],
      [
        74,
        89
      ],
      [
        49,
        8
      ],
      [
        60,
        66
      ],
      [
        91,
        76
      ],
      [
        2,
        34
      ],
      [
        10,
        12
      ],
      [
        84,
        17
      ],
      [
        27,
        46
      ],
      [
        88,
        22
      ],
      [
        69,
        79
      ]
    ],
    "in_cols": [
      7,
      18,
      29,
      27,
      47,
      22,
      35,
      46,
      20,
      28,
      42,
      16,
      17,
      14,
      11,
      9,
      37,
      26,
      1,
      24,
      3,
      15,
      12,
      43,
      10,
      33,
      8,
      40,
      23,
      5,
      4,
      34,
      21,
      39,
      31,
      0,
      32,
      19,
      38,
      25,
      30,
      45,
      2,
      6,
      41,
      13,
      44,
      36
    ],
    "out_cols": [
      25,
      35,
      30,
      15,
      46,
      41,
      14,
      40,
      28,
      38,
      42,
      44,
      1,
      7,
      29,
      32,
      23,
      11,
      13,
      21,
      12,
      19,
      20,
      34,
      9,
      33,
      24,
      0,
      17,
      4,
      8,
      47,
      45,
      27,
      26,
      16,
      36,
      3,
      43,
      2,
      31,
      37,
      18,
      5,
      6,
      22,
      10,
      39
    ]
  }
}