{
  "config": {
    "steps": 700,
    "lr": 0.02,
    "tau_start": 1.0,
    "tau_end": 0.03,
    "sinkhorn_iters": 30,
    "lambda_ent": 0.0003,
    "train_subsample": 0,
    "seed": 21703,
    "device": "cuda"
  },
  "final": {
    "soft_mse_full": 0.3366040587425232,
    "discrete_mse": 59.2735595703125,
    "hash_match": false,
    "perm_str": "59,52,39,72,73,78,95,63,56,30,44,82,68,93,42,80,88,55,58,29,94,26,86,54,18,90,48,47,28,19,15,67,50,7,37,57,35,24,1,40,3,53,31,36,23,38,87,71,84,25,49,17,81,79,4,32,5,11,77,33,14,6,0,70,16,20,65,96,62,83,43,9,13,75,10,21,74,92,91,12,60,76,2,34,69,51,61,66,45,22,41,8,27,46,64,89,85",
    "in_cols": [
      29,
      18,
      37,
      47,
      27,
      22,
      35,
      20,
      44,
      28,
      46,
      42,
      11,
      24,
      14,
      9,
      26,
      17,
      16,
      1,
      3,
      15,
      12,
      43,
      41,
      25,
      40,
      4,
      5,
      39,
      8,
      0,
      10,
      34,
      32,
      21,
      7,
      6,
      38,
      45,
      30,
      2,
      36,
      31,
      23,
      19,
      13,
      33
    ],
    "out_cols": [
      25,
      35,
      38,
      30,
      15,
      41,
      46,
      40,
      28,
      14,
      13,
      27,
      44,
      23,
      7,
      32,
      1,
      29,
      11,
      21,
      26,
      19,
      20,
      34,
      12,
      6,
      39,
      16,
      4,
      17,
      0,
      33,
      8,
      47,
      42,
      3,
      36,
      9,
      45,
      5,
      37,
      18,
      24,
      31,
      10,
      2,
      22,
      43
    ]
  },
  "best_seen": {
    "discrete_mse": 33.404808044433594,
    "order": [
      [
        59,
        52
      ],
      [
        39,
        72
      ],
      [
        95,
        82
      ],
      [
        0,
        63
      ],
      [
        56,
        30
      ],
      [
        44,
        78
      ],
      [
        68,
        93
      ],
      [
        88,
        80
      ],
      [
        42,
        55
      ],
      [
        58,
        29
      ],
      [
        94,
        26
      ],
      [
        86,
        54
      ],
      [
        18,
        90
      ],
      [
        73,
        47
      ],
      [
        28,
        19
      ],
      [
        37,
        67
      ],
      [
        50,
        7
      ],
      [
        15,
        57
      ],
      [
        35,
        24
      ],
      [
        1,
        40
      ],
      [
        3,
        53
      ],
      [
        31,
        36
      ],
      [
        27,
        38
      ],
      [
        87,
        71
      ],
      [
        23,
        25
      ],
      [
        14,
        17
      ],
      [
        81,
        79
      ],
      [
        77,
        32
      ],
      [
        5,
        11
      ],
      [
        45,
        33
      ],
      [
        48,
        6
      ],
      [
        4,
        70
      ],
      [
        65,
        20
      ],
      [
        16,
        96
      ],
      [
        62,
        83
      ],
      [
        43,
        34
      ],
      [
        13,
        75
      ],
      [
        49,
        21
      ],
      [
        74,
        92
      ],
      [
        91,
        12
      ],
      [
        84,
        76
      ],
      [
        2,
        9
      ],
      [
        61,
        51
      ],
      [
        69,
        66
      ],
      [
        60,
        22
      ],
      [
        41,
        8
      ],
      [
        10,
        46
      ],
      [
        64,
        89
      ]
    ],
    "in_cols": [
      29,
      18,
      47,
      0,
      27,
      22,
      35,
      44,
      20,
      28,
      46,
      42,
      11,
      37,
      14,
      17,
      26,
      9,
      16,
      1,
      3,
      15,
      13,
      43,
      12,
      8,
      40,
      39,
      5,
      23,
      24,
      4,
      34,
      10,
      32,
      21,
      7,
      25,
      38,
      45,
      41,
      2,
      31,
      36,
      30,
      19,
      6,
      33
    ],
    "out_cols": [
      25,
      35,
      41,
      30,
      15,
      38,
      46,
      40,
      28,
      14,
      13,
      27,
      44,
      23,
      7,
      32,
      1,
      29,
      11,
      21,
      26,
      19,
      20,
      34,
      12,
      6,
      39,
      16,
      4,
      17,
      0,
      33,
      8,
      47,
      42,
      18,
      36,
      9,
      45,
      5,
      37,
      3,
      24,
      31,
      10,
      2,
      22,
      43
    ]
  }
}