{
  "config": {
    "steps": 900,
    "lr": 0.03,
    "tau_start": 1.0,
    "tau_end": 0.03,
    "sinkhorn_iters": 30,
    "lambda_ent": 0.0003,
    "train_subsample": 4096,
    "seed": 4401,
    "device": "cuda"
  },
  "final": {
    "soft_mse_full": 0.3486926555633545,
    "discrete_mse": 18.217063903808594,
    "hash_match": false,
    "perm_str": "59,80,3,72,39,52,95,55,42,82,74,19,73,78,44,29,58,93,69,83,15,67,86,38,35,90,18,24,10,7,37,57,28,26,68,47,14,63,94,53,31,36,1,12,50,25,87,40,23,11,5,30,91,20,45,71,4,6,65,92,48,70,60,33,16,96,77,76,81,75,13,54,62,32,43,22,27,51,41,17,0,46,61,79,84,66,49,9,2,34,64,21,88,89,56,8,85",
    "in_cols": [
      29,
      3,
      18,
      47,
      20,
      38,
      37,
      22,
      28,
      36,
      9,
      42,
      16,
      11,
      6,
      17,
      14,
      35,
      8,
      46,
      15,
      1,
      26,
      43,
      12,
      5,
      45,
      23,
      4,
      34,
      24,
      30,
      10,
      39,
      40,
      7,
      32,
      21,
      13,
      19,
      0,
      31,
      41,
      25,
      2,
      33,
      44,
      27
    ],
    "out_cols": [
      40,
      35,
      25,
      28,
      41,
      7,
      38,
      14,
      46,
      42,
      32,
      20,
      44,
      11,
      1,
      29,
      13,
      23,
      30,
      26,
      19,
      5,
      12,
      21,
      4,
      15,
      8,
      34,
      0,
      45,
      33,
      17,
      47,
      37,
      36,
      27,
      16,
      10,
      24,
      6,
      22,
      39,
      31,
      3,
      18,
      9,
      43,
      2
    ]
  },
  "best_seen": {
    "discrete_mse": 7.3091840744018555,
    "order": [
      [
        59,
        80
      ],
      [
        3,
        72
      ],
      [
        88,
        52
      ],
      [
        39,
        55
      ],
      [
        95,
        82
      ],
      [
        74,
        19
      ],
      [
        44,
        78
      ],
      [
        42,
        29
      ],
      [
        58,
        93
      ],
      [
        69,
        83
      ],
      [
        15,
        67
      ],
      [
        86,
        90
      ],
      [
        35,
        71
      ],
      [
        18,
        24
      ],
      [
        10,
        7
      ],
      [
        37,
        57
      ],
      [
        68,
        38
      ],
      [
        28,
        47
      ],
      [
        73,
        63
      ],
      [
        94,
        26
      ],
      [
        31,
        36
      ],
      [
        1,
        12
      ],
      [
        50,
        25
      ],
      [
        87,
        40
      ],
      [
        23,
        11
      ],
      [
        5,
        30
      ],
      [
        65,
        20
      ],
      [
        45,
        92
      ],
      [
        4,
        6
      ],
      [
        91,
        53
      ],
      [
        48,
        70
      ],
      [
        77,
        33
      ],
      [
        16,
        96
      ],
      [
        14,
        76
      ],
      [
        81,
        75
      ],
      [
        13,
        54
      ],
      [
        62,
        32
      ],
      [
        43,
        22
      ],
      [
        27,
        51
      ],
      [
        41,
        17
      ],
      [
        0,
        46
      ],
      [
        61,
        79
      ],
      [
        84,
        66
      ],
      [
        49,
        9
      ],
      [
        2,
        34
      ],
      [
        64,
        21
      ],
      [
        60,
        89
      ],
      [
        56,
        8
      ]
    ],
    "in_cols": [
      29,
      3,
      44,
      18,
      47,
      38,
      22,
      20,
      28,
      36,
      9,
      42,
      16,
      11,
      6,
      17,
      35,
      14,
      37,
      46,
      15,
      1,
      26,
      43,
      12,
      5,
      34,
      23,
      4,
      45,
      24,
      39,
      10,
      8,
      40,
      7,
      32,
      21,
      13,
      19,
      0,
      31,
      41,
      25,
      2,
      33,
      30,
      27
    ],
    "out_cols": [
      40,
      35,
      25,
      28,
      41,
      7,
      38,
      14,
      46,
      42,
      32,
      44,
      34,
      11,
      1,
      29,
      20,
      23,
      30,
      13,
      19,
      5,
      12,
      21,
      4,
      15,
      8,
      45,
      0,
      26,
      33,
      17,
      47,
      37,
      36,
      27,
      16,
      10,
      24,
      6,
      22,
      39,
      31,
      3,
      18,
      9,
      43,
      2
    ]
  }
}