{
  "config": {
    "steps": 700,
    "lr": 0.015,
    "tau_start": 1.0,
    "tau_end": 0.025,
    "sinkhorn_iters": 30,
    "lambda_ent": 0.0001,
    "train_subsample": 0,
    "seed": 25804,
    "device": "cuda"
  },
  "final": {
    "soft_mse_full": 0.30834731459617615,
    "discrete_mse": 76.6465835571289,
    "hash_match": false,
    "perm_str": "59,52,39,30,73,72,86,63,56,82,44,78,95,80,42,29,94,93,88,55,18,83,58,90,15,67,35,20,68,7,28,19,37,57,48,47,65,24,3,26,50,25,31,36,1,40,87,71,23,11,27,17,14,38,4,6,81,12,77,92,5,33,74,32,61,70,16,96,62,75,91,53,0,54,41,76,45,79,10,46,13,9,2,34,43,51,60,22,84,66,49,8,69,89,64,21,85",
    "in_cols": [
      29,
      18,
      37,
      42,
      27,
      22,
      47,
      20,
      46,
      44,
      11,
      28,
      9,
      16,
      35,
      14,
      17,
      24,
      34,
      3,
      26,
      15,
      1,
      43,
      12,
      13,
      8,
      4,
      40,
      39,
      5,
      38,
      31,
      10,
      32,
      45,
      0,
      19,
      23,
      6,
      7,
      2,
      21,
      30,
      41,
      25,
      36,
      33
    ],
    "out_cols": [
      25,
      15,
      35,
      30,
      41,
      38,
      40,
      14,
      46,
      28,
      42,
      44,
      32,
      8,
      1,
      7,
      29,
      23,
      11,
      13,
      12,
      19,
      21,
      34,
      4,
      6,
      20,
      0,
      5,
      45,
      17,
      16,
      33,
      47,
      36,
      26,
      27,
      37,
      39,
      22,
      3,
      18,
      24,
      10,
      31,
      2,
      43,
      9
    ]
  },
  "best_seen": {
    "discrete_mse": 3.783219337463379,
    "order": [
      [
        59,
        52
      ],
      [
        39,
        72
      ],
      [
        94,
        63
      ],
      [
        86,
        78
      ],
      [
        56,
        30
      ],
      [
        44,
        82
      ],
      [
        95,
        80
      ],
      [
        42,
        29
      ],
      [
        88,
        93
      ],
      [
        58,
        55
      ],
      [
        18,
        83
      ],
      [
        35,
        90
      ],
      [
        15,
        67
      ],
      [
        50,
        20
      ],
      [
        73,
        7
      ],
      [
        28,
        19
      ],
      [
        37,
        57
      ],
      [
        68,
        47
      ],
      [
        65,
        24
      ],
      [
        1,
        26
      ],
      [
        3,
        25
      ],
      [
        31,
        36
      ],
      [
        23,
        40
      ],
      [
        87,
        71
      ],
      [
        14,
        11
      ],
      [
        27,
        17
      ],
      [
        81,
        38
      ],
      [
        4,
        6
      ],
      [
        5,
        12
      ],
      [
        77,
        92
      ],
      [
        13,
        33
      ],
      [
        43,
        32
      ],
      [
        48,
        70
      ],
      [
        16,
        96
      ],
      [
        62,
        75
      ],
      [
        91,
        53
      ],
      [
        0,
        54
      ],
      [
        41,
        76
      ],
      [
        45,
        79
      ],
      [
        10,
        46
      ],
      [
        74,
        9
      ],
      [
        2,
        34
      ],
      [
        61,
        51
      ],
      [
        60,
        22
      ],
      [
        84,
        66
      ],
      [
        49,
        8
      ],
      [
        69,
        89
      ],
      [
        64,
        21
      ]
    ],
    "in_cols": [
      29,
      18,
      46,
      42,
      27,
      22,
      47,
      20,
      44,
      28,
      11,
      16,
      9,
      26,
      37,
      14,
      17,
      35,
      34,
      1,
      3,
      15,
      12,
      43,
      8,
      13,
      40,
      4,
      5,
      39,
      7,
      21,
      24,
      10,
      32,
      45,
      0,
      19,
      23,
      6,
      38,
      2,
      31,
      30,
      41,
      25,
      36,
      33
    ],
    "out_cols": [
      25,
      35,
      30,
      38,
      15,
      41,
      40,
      14,
      46,
      28,
      42,
      44,
      32,
      8,
      1,
      7,
      29,
      23,
      11,
      13,
      12,
      19,
      21,
      34,
      4,
      6,
      20,
      0,
      5,
      45,
      17,
      16,
      33,
      47,
      36,
      26,
      27,
      37,
      39,
      22,
      3,
      18,
      24,
      10,
      31,
      2,
      43,
      9
    ]
  }
}