{
  "config": {
    "steps": 700,
    "lr": 0.02,
    "tau_start": 1.0,
    "tau_end": 0.03,
    "sinkhorn_iters": 30,
    "lambda_ent": 0.0003,
    "train_subsample": 0,
    "seed": 12503,
    "device": "cuda"
  },
  "final": {
    "soft_mse_full": 0.3048169016838074,
    "discrete_mse": 38.9528694152832,
    "hash_match": false,
    "perm_str": "73,75,59,52,39,72,95,93,56,30,44,82,74,55,68,80,42,29,58,78,94,38,86,90,18,67,28,19,37,47,15,57,10,7,50,26,35,24,48,40,3,25,1,63,31,36,87,71,14,11,77,76,5,51,64,66,4,6,62,20,45,92,81,33,65,96,16,89,91,53,13,83,2,32,41,70,49,17,43,9,27,46,23,54,84,34,60,22,69,12,61,79,88,8,0,21,85",
    "in_cols": [
      37,
      29,
      18,
      47,
      27,
      22,
      38,
      35,
      20,
      28,
      46,
      42,
      11,
      14,
      17,
      9,
      6,
      26,
      16,
      24,
      3,
      1,
      15,
      43,
      8,
      39,
      5,
      33,
      4,
      32,
      23,
      40,
      34,
      10,
      45,
      7,
      2,
      19,
      25,
      21,
      13,
      12,
      41,
      30,
      36,
      31,
      44,
      0
    ],
    "out_cols": [
      36,
      25,
      35,
      46,
      15,
      41,
      28,
      40,
      14,
      38,
      20,
      44,
      32,
      7,
      23,
      29,
      1,
      13,
      11,
      21,
      12,
      30,
      19,
      34,
      4,
      37,
      24,
      31,
      0,
      8,
      45,
      17,
      47,
      43,
      26,
      42,
      16,
      33,
      6,
      3,
      22,
      27,
      18,
      10,
      5,
      39,
      2,
      9
    ]
  },
  "best_seen": {
    "discrete_mse": 9.87834644317627,
    "order": [
      [
        27,
        17
      ],
      [
        58,
        9
      ],
      [
        45,
        8
      ],
      [
        60,
        76
      ],
      [
        18,
        34
      ],
      [
        43,
        38
      ],
      [
        87,
        83
      ],
      [
        23,
        24
      ],
      [
        5,
        72
      ],
      [
        35,
        6
      ],
      [
        48,
        7
      ],
      [
        65,
        89
      ],
      [
        94,
        53
      ],
      [
        95,
        29
      ],
      [
        37,
        32
      ],
      [
        10,
        79
      ],
      [
        77,
        70
      ],
      [
        84,
        92
      ],
      [
        13,
        57
      ],
      [
        50,
        54
      ],
      [
        49,
        80
      ],
      [
        0,
        12
      ],
      [
        15,
        47
      ],
      [
        61,
        67
      ],
      [
        16,
        26
      ],
      [
        86,
        51
      ],
      [
        62,
        55
      ],
      [
        88,
        75
      ],
      [
        91,
        71
      ],
      [
        2,
        90
      ],
      [
        31,
        96
      ],
      [
        64,
        66
      ],
      [
        69,
        63
      ],
      [
        59,
        19
      ],
      [
        44,
        46
      ],
      [
        68,
        78
      ],
      [
        28,
        20
      ],
      [
        81,
        40
      ],
      [
        41,
        93
      ],
      [
        1,
        82
      ],
      [
        14,
        36
      ],
      [
        3,
        22
      ],
      [
        73,
        30
      ],
      [
        74,
        11
      ],
      [
        42,
        33
      ],
      [
        4,
        52
      ],
      [
        39,
        25
      ],
      [
        56,
        21
      ]
    ],
    "in_cols": [
      13,
      28,
      23,
      30,
      11,
      21,
      43,
      12,
      5,
      16,
      24,
      34,
      46,
      47,
      17,
      6,
      39,
      41,
      7,
      26,
      25,
      0,
      9,
      31,
      10,
      42,
      32,
      44,
      45,
      2,
      15,
      33,
      36,
      29,
      22,
      35,
      14,
      40,
      19,
      1,
      8,
      3,
      37,
      38,
      20,
      4,
      18,
      27
    ],
    "out_cols": [
      6,
      3,
      2,
      37,
      18,
      20,
      42,
      11,
      35,
      0,
      1,
      43,
      26,
      14,
      16,
      39,
      33,
      45,
      29,
      27,
      40,
      5,
      23,
      32,
      13,
      24,
      28,
      36,
      34,
      44,
      47,
      31,
      30,
      7,
      22,
      38,
      8,
      21,
      46,
      41,
      19,
      10,
      15,
      4,
      17,
      25,
      12,
      9
    ]
  }
}