{
  "config": {
    "steps": 700,
    "lr": 0.02,
    "tau_start": 1.0,
    "tau_end": 0.03,
    "sinkhorn_iters": 30,
    "lambda_ent": 0.0003,
    "train_subsample": 0,
    "seed": 28003,
    "device": "cuda"
  },
  "final": {
    "soft_mse_full": 0.341994971036911,
    "discrete_mse": 120.57415008544922,
    "hash_match": false,
    "perm_str": "59,52,86,72,39,55,95,63,56,30,44,82,68,29,42,80,88,93,94,7,58,90,18,38,28,19,10,78,35,24,15,67,37,57,73,47,87,71,50,26,3,25,31,36,62,9,1,40,23,75,4,6,77,17,14,11,45,20,5,96,81,33,16,76,43,70,65,53,91,34,13,66,27,21,49,54,61,51,84,79,0,83,74,92,60,22,41,32,69,12,48,89,2,8,64,46,85",
    "in_cols": [
      29,
      42,
      18,
      47,
      27,
      22,
      35,
      20,
      44,
      46,
      28,
      11,
      14,
      6,
      16,
      9,
      17,
      37,
      43,
      26,
      3,
      15,
      32,
      1,
      12,
      4,
      39,
      8,
      23,
      5,
      40,
      10,
      21,
      34,
      45,
      7,
      13,
      25,
      31,
      41,
      0,
      38,
      30,
      19,
      36,
      24,
      2,
      33
    ],
    "out_cols": [
      25,
      35,
      28,
      30,
      15,
      41,
      14,
      40,
      46,
      1,
      44,
      20,
      7,
      38,
      11,
      32,
      29,
      23,
      34,
      13,
      12,
      19,
      3,
      21,
      36,
      0,
      6,
      4,
      8,
      47,
      17,
      37,
      33,
      26,
      18,
      31,
      9,
      27,
      24,
      39,
      42,
      45,
      10,
      16,
      5,
      43,
      2,
      22
    ]
  },
  "best_seen": {
    "discrete_mse": 25.561878204345703,
    "order": [
      [
        59,
        52
      ],
      [
        39,
        72
      ],
      [
        73,
        75
      ],
      [
        95,
        63
      ],
      [
        56,
        30
      ],
      [
        44,
        82
      ],
      [
        77,
        29
      ],
      [
        42,
        80
      ],
      [
        88,
        93
      ],
      [
        94,
        55
      ],
      [
        18,
        90
      ],
      [
        86,
        38
      ],
      [
        28,
        19
      ],
      [
        48,
        7
      ],
      [
        35,
        24
      ],
      [
        68,
        67
      ],
      [
        37,
        57
      ],
      [
        15,
        47
      ],
      [
        87,
        71
      ],
      [
        50,
        26
      ],
      [
        3,
        25
      ],
      [
        31,
        36
      ],
      [
        5,
        9
      ],
      [
        1,
        40
      ],
      [
        23,
        78
      ],
      [
        81,
        6
      ],
      [
        4,
        17
      ],
      [
        14,
        11
      ],
      [
        62,
        20
      ],
      [
        65,
        96
      ],
      [
        45,
        33
      ],
      [
        16,
        76
      ],
      [
        43,
        70
      ],
      [
        61,
        53
      ],
      [
        91,
        34
      ],
      [
        49,
        66
      ],
      [
        0,
        21
      ],
      [
        27,
        54
      ],
      [
        2,
        51
      ],
      [
        84,
        79
      ],
      [
        13,
        83
      ],
      [
        74,
        92
      ],
      [
        60,
        22
      ],
      [
        41,
        32
      ],
      [
        69,
        12
      ],
      [
        58,
        89
      ],
      [
        10,
        8
      ],
      [
        64,
        46
      ]
    ],
    "in_cols": [
      29,
      18,
      37,
      47,
      27,
      22,
      39,
      20,
      44,
      46,
      11,
      42,
      14,
      24,
      16,
      35,
      17,
      9,
      43,
      26,
      3,
      15,
      5,
      1,
      12,
      40,
      4,
      8,
      32,
      34,
      23,
      10,
      21,
      31,
      45,
      25,
      0,
      13,
      2,
      41,
      7,
      38,
      30,
      19,
      36,
      28,
      6,
      33
    ],
    "out_cols": [
      25,
      35,
      36,
      30,
      15,
      41,
      14,
      40,
      46,
      28,
      44,
      20,
      7,
      1,
      11,
      32,
      29,
      23,
      34,
      13,
      12,
      19,
      3,
      21,
      38,
      0,
      6,
      4,
      8,
      47,
      17,
      37,
      33,
      26,
      18,
      31,
      9,
      27,
      24,
      39,
      42,
      45,
      10,
      16,
      5,
      43,
      2,
      22
    ]
  }
}