{
  "config": {
    "steps": 900,
    "lr": 0.03,
    "tau_start": 1.0,
    "tau_end": 0.028,
    "sinkhorn_iters": 30,
    "lambda_ent": 0.0003,
    "train_subsample": 4096,
    "seed": 18202,
    "device": "cuda"
  },
  "final": {
    "soft_mse_full": 0.42248982191085815,
    "discrete_mse": 41.49504089355469,
    "hash_match": false,
    "perm_str": "59,30,69,72,95,75,87,55,42,80,74,78,44,82,94,29,58,93,18,83,14,71,86,90,28,19,35,24,73,57,15,67,10,7,50,26,37,47,48,63,3,53,31,36,1,40,23,38,84,25,27,51,5,17,62,6,43,70,81,11,39,20,16,76,65,96,91,52,64,54,4,21,49,79,56,34,13,9,68,92,41,46,88,89,61,32,0,22,2,66,45,12,60,33,77,8,85",
    "in_cols": [
      29,
      36,
      47,
      43,
      20,
      38,
      22,
      46,
      28,
      11,
      8,
      42,
      14,
      16,
      37,
      9,
      6,
      26,
      17,
      24,
      3,
      15,
      1,
      12,
      41,
      13,
      5,
      32,
      21,
      40,
      18,
      10,
      34,
      45,
      33,
      4,
      25,
      27,
      7,
      35,
      19,
      44,
      31,
      0,
      2,
      23,
      30,
      39
    ],
    "out_cols": [
      15,
      35,
      36,
      28,
      40,
      38,
      41,
      14,
      46,
      42,
      34,
      44,
      7,
      11,
      29,
      32,
      1,
      13,
      23,
      30,
      26,
      19,
      21,
      20,
      12,
      24,
      6,
      0,
      33,
      4,
      8,
      37,
      47,
      25,
      27,
      9,
      39,
      18,
      3,
      45,
      22,
      43,
      16,
      10,
      31,
      5,
      17,
      2
    ]
  },
  "best_seen": {
    "discrete_mse": 5.143697738647461,
    "order": [
      [
        59,
        30
      ],
      [
        69,
        72
      ],
      [
        95,
        75
      ],
      [
        39,
        55
      ],
      [
        42,
        80
      ],
      [
        74,
        78
      ],
      [
        44,
        82
      ],
      [
        94,
        29
      ],
      [
        58,
        93
      ],
      [
        18,
        83
      ],
      [
        14,
        71
      ],
      [
        48,
        90
      ],
      [
        28,
        19
      ],
      [
        35,
        24
      ],
      [
        73,
        57
      ],
      [
        15,
        67
      ],
      [
        10,
        7
      ],
      [
        86,
        26
      ],
      [
        37,
        47
      ],
      [
        87,
        63
      ],
      [
        3,
        52
      ],
      [
        31,
        36
      ],
      [
        1,
        40
      ],
      [
        23,
        38
      ],
      [
        84,
        25
      ],
      [
        27,
        51
      ],
      [
        5,
        17
      ],
      [
        62,
        6
      ],
      [
        43,
        70
      ],
      [
        81,
        11
      ],
      [
        65,
        20
      ],
      [
        77,
        76
      ],
      [
        16,
        96
      ],
      [
        91,
        53
      ],
      [
        64,
        54
      ],
      [
        4,
        21
      ],
      [
        49,
        79
      ],
      [
        56,
        34
      ],
      [
        13,
        9
      ],
      [
        68,
        92
      ],
      [
        41,
        46
      ],
      [
        88,
        89
      ],
      [
        61,
        32
      ],
      [
        0,
        22
      ],
      [
        2,
        66
      ],
      [
        45,
        12
      ],
      [
        60,
        33
      ],
      [
        50,
        8
      ]
    ],
    "in_cols": [
      29,
      36,
      47,
      18,
      20,
      38,
      22,
      46,
      28,
      11,
      8,
      24,
      14,
      16,
      37,
      9,
      6,
      42,
      17,
      43,
      3,
      15,
      1,
      12,
      41,
      13,
      5,
      32,
      21,
      40,
      34,
      39,
      10,
      45,
      33,
      4,
      25,
      27,
      7,
      35,
      19,
      44,
      31,
      0,
      2,
      23,
      30,
      26
    ],
    "out_cols": [
      15,
      35,
      36,
      28,
      40,
      38,
      41,
      14,
      46,
      42,
      34,
      44,
      7,
      11,
      29,
      32,
      1,
      13,
      23,
      30,
      25,
      19,
      21,
      20,
      12,
      24,
      6,
      0,
      33,
      4,
      8,
      37,
      47,
      26,
      27,
      9,
      39,
      18,
      3,
      45,
      22,
      43,
      16,
      10,
      31,
      5,
      17,
      2
    ]
  }
}