{
  "config": {
    "steps": 900,
    "lr": 0.03,
    "tau_start": 1.0,
    "tau_end": 0.03,
    "sinkhorn_iters": 30,
    "lambda_ent": 0.0003,
    "train_subsample": 4096,
    "seed": 15001,
    "device": "cuda"
  },
  "final": {
    "soft_mse_full": 0.5238029360771179,
    "discrete_mse": 14.529128074645996,
    "hash_match": false,
    "perm_str": "59,78,39,72,95,52,73,63,44,82,74,55,69,80,42,29,94,93,68,30,58,90,37,47,86,40,15,67,48,19,18,57,50,7,35,24,10,26,87,71,3,53,31,36,1,38,23,25,14,76,16,21,84,70,81,11,4,32,65,92,91,33,62,51,28,20,43,96,77,9,60,34,5,22,13,83,56,79,61,12,45,54,88,66,0,46,41,75,2,6,49,8,64,89,27,17,85",
    "in_cols": [
      29,
      18,
      47,
      37,
      22,
      38,
      36,
      20,
      46,
      35,
      28,
      17,
      42,
      9,
      24,
      11,
      26,
      16,
      6,
      43,
      3,
      15,
      1,
      12,
      8,
      10,
      41,
      40,
      4,
      34,
      45,
      32,
      14,
      21,
      39,
      30,
      5,
      7,
      27,
      31,
      23,
      44,
      0,
      19,
      2,
      25,
      33,
      13
    ],
    "out_cols": [
      38,
      35,
      25,
      30,
      41,
      28,
      40,
      14,
      46,
      15,
      44,
      23,
      21,
      32,
      7,
      29,
      1,
      11,
      13,
      34,
      26,
      19,
      20,
      12,
      37,
      9,
      33,
      4,
      16,
      45,
      17,
      24,
      8,
      47,
      3,
      18,
      10,
      42,
      39,
      5,
      27,
      31,
      22,
      36,
      0,
      2,
      43,
      6
    ]
  },
  "best_seen": {
    "discrete_mse": 1.324180245399475,
    "order": [
      [
        59,
        52
      ],
      [
        86,
        72
      ],
      [
        39,
        78
      ],
      [
        95,
        63
      ],
      [
        44,
        82
      ],
      [
        74,
        55
      ],
      [
        73,
        80
      ],
      [
        42,
        29
      ],
      [
        94,
        93
      ],
      [
        18,
        30
      ],
      [
        58,
        90
      ],
      [
        37,
        47
      ],
      [
        48,
        40
      ],
      [
        15,
        67
      ],
      [
        28,
        19
      ],
      [
        10,
        57
      ],
      [
        35,
        7
      ],
      [
        68,
        24
      ],
      [
        50,
        26
      ],
      [
        87,
        71
      ],
      [
        3,
        53
      ],
      [
        31,
        36
      ],
      [
        23,
        38
      ],
      [
        14,
        25
      ],
      [
        77,
        76
      ],
      [
        56,
        21
      ],
      [
        5,
        70
      ],
      [
        81,
        11
      ],
      [
        4,
        32
      ],
      [
        65,
        92
      ],
      [
        91,
        33
      ],
      [
        62,
        51
      ],
      [
        16,
        20
      ],
      [
        1,
        96
      ],
      [
        60,
        9
      ],
      [
        61,
        34
      ],
      [
        45,
        22
      ],
      [
        13,
        83
      ],
      [
        49,
        79
      ],
      [
        88,
        12
      ],
      [
        43,
        54
      ],
      [
        84,
        66
      ],
      [
        0,
        46
      ],
      [
        41,
        75
      ],
      [
        2,
        6
      ],
      [
        69,
        8
      ],
      [
        64,
        89
      ],
      [
        27,
        17
      ]
    ],
    "in_cols": [
      29,
      42,
      18,
      47,
      22,
      38,
      37,
      20,
      46,
      11,
      28,
      17,
      24,
      9,
      14,
      6,
      16,
      35,
      26,
      43,
      3,
      15,
      12,
      8,
      39,
      27,
      5,
      40,
      4,
      34,
      45,
      32,
      10,
      1,
      30,
      31,
      23,
      7,
      25,
      44,
      21,
      41,
      0,
      19,
      2,
      36,
      33,
      13
    ],
    "out_cols": [
      25,
      35,
      38,
      30,
      41,
      28,
      40,
      14,
      46,
      15,
      44,
      23,
      21,
      32,
      7,
      29,
      1,
      11,
      13,
      34,
      26,
      19,
      20,
      12,
      37,
      9,
      33,
      4,
      16,
      45,
      17,
      24,
      8,
      47,
      3,
      18,
      10,
      42,
      39,
      5,
      27,
      31,
      22,
      36,
      0,
      2,
      43,
      6
    ]
  }
}