{
  "config": {
    "steps": 700,
    "lr": 0.015,
    "tau_start": 1.0,
    "tau_end": 0.025,
    "sinkhorn_iters": 30,
    "lambda_ent": 0.0001,
    "train_subsample": 0,
    "seed": 10404,
    "device": "cuda"
  },
  "final": {
    "soft_mse_full": 0.29242315888404846,
    "discrete_mse": 307.9876403808594,
    "hash_match": false,
    "perm_str": "59,52,73,78,42,72,56,30,95,63,44,82,86,80,39,55,94,26,58,29,88,54,14,83,28,19,18,90,48,7,15,67,68,47,37,57,35,24,87,40,3,25,31,36,50,38,1,71,23,11,77,76,5,6,0,17,65,92,4,32,62,20,16,70,81,96,45,33,13,75,27,53,64,89,43,9,10,46,74,66,41,21,91,51,84,79,49,8,61,12,69,34,2,93,60,22,85",
    "in_cols": [
      29,
      37,
      20,
      27,
      47,
      22,
      42,
      18,
      46,
      28,
      44,
      8,
      14,
      11,
      24,
      9,
      35,
      17,
      16,
      43,
      3,
      15,
      26,
      1,
      12,
      39,
      5,
      0,
      34,
      4,
      32,
      10,
      40,
      23,
      7,
      13,
      33,
      21,
      6,
      38,
      19,
      45,
      41,
      25,
      31,
      36,
      2,
      30
    ],
    "out_cols": [
      25,
      38,
      35,
      15,
      30,
      41,
      40,
      28,
      13,
      14,
      27,
      42,
      7,
      44,
      1,
      32,
      23,
      29,
      11,
      21,
      12,
      19,
      20,
      34,
      4,
      37,
      0,
      6,
      45,
      16,
      8,
      33,
      47,
      17,
      36,
      26,
      43,
      3,
      22,
      31,
      9,
      24,
      39,
      2,
      5,
      18,
      46,
      10
    ]
  },
  "best_seen": {
    "discrete_mse": 28.529098510742188,
    "order": [
      [
        59,
        52
      ],
      [
        73,
        78
      ],
      [
        3,
        72
      ],
      [
        56,
        30
      ],
      [
        95,
        63
      ],
      [
        44,
        82
      ],
      [
        94,
        80
      ],
      [
        42,
        55
      ],
      [
        86,
        26
      ],
      [
        58,
        29
      ],
      [
        88,
        54
      ],
      [
        39,
        83
      ],
      [
        48,
        19
      ],
      [
        18,
        90
      ],
      [
        50,
        7
      ],
      [
        15,
        67
      ],
      [
        68,
        47
      ],
      [
        37,
        57
      ],
      [
        35,
        24
      ],
      [
        1,
        40
      ],
      [
        87,
        25
      ],
      [
        31,
        36
      ],
      [
        23,
        38
      ],
      [
        28,
        71
      ],
      [
        60,
        11
      ],
      [
        14,
        76
      ],
      [
        4,
        6
      ],
      [
        0,
        17
      ],
      [
        65,
        92
      ],
      [
        62,
        32
      ],
      [
        81,
        20
      ],
      [
        16,
        70
      ],
      [
        77,
        96
      ],
      [
        45,
        33
      ],
      [
        5,
        75
      ],
      [
        41,
        53
      ],
      [
        64,
        89
      ],
      [
        13,
        66
      ],
      [
        27,
        46
      ],
      [
        74,
        9
      ],
      [
        10,
        21
      ],
      [
        91,
        51
      ],
      [
        43,
        79
      ],
      [
        49,
        8
      ],
      [
        69,
        12
      ],
      [
        61,
        34
      ],
      [
        2,
        93
      ],
      [
        84,
        22
      ]
    ],
    "in_cols": [
      29,
      37,
      3,
      27,
      47,
      22,
      46,
      20,
      42,
      28,
      44,
      18,
      24,
      11,
      26,
      9,
      35,
      17,
      16,
      1,
      43,
      15,
      12,
      14,
      30,
      8,
      4,
      0,
      34,
      32,
      40,
      10,
      39,
      23,
      5,
      19,
      33,
      7,
      13,
      38,
      6,
      45,
      21,
      25,
      36,
      31,
      2,
      41
    ],
    "out_cols": [
      25,
      38,
      35,
      15,
      30,
      41,
      40,
      28,
      13,
      14,
      27,
      42,
      7,
      44,
      1,
      32,
      23,
      29,
      11,
      21,
      12,
      19,
      20,
      34,
      4,
      37,
      0,
      6,
      45,
      16,
      8,
      33,
      47,
      17,
      36,
      26,
      43,
      31,
      22,
      3,
      9,
      24,
      39,
      2,
      5,
      18,
      46,
      10
    ]
  }
}