{
  "config": {
    "steps": 700,
    "lr": 0.015,
    "tau_start": 1.0,
    "tau_end": 0.025,
    "sinkhorn_iters": 30,
    "lambda_ent": 0.0001,
    "train_subsample": 0,
    "seed": 25604,
    "device": "cuda"
  },
  "final": {
    "soft_mse_full": 0.30727896094322205,
    "discrete_mse": 2.0905706882476807,
    "hash_match": false,
    "perm_str": "59,52,39,72,87,63,95,82,56,30,44,78,68,93,94,80,42,55,58,29,69,83,18,67,86,90,35,24,37,7,28,19,73,47,15,40,3,53,48,71,31,36,50,25,1,26,23,38,77,76,14,12,27,51,64,11,62,6,4,32,91,92,81,20,16,96,5,33,65,75,43,70,13,54,49,17,0,79,10,21,74,34,41,57,60,22,2,9,45,89,61,46,88,8,84,66,85",
    "in_cols": [
      29,
      18,
      43,
      47,
      27,
      22,
      35,
      46,
      20,
      28,
      36,
      11,
      42,
      16,
      17,
      14,
      37,
      9,
      3,
      24,
      15,
      26,
      1,
      12,
      39,
      8,
      13,
      33,
      32,
      4,
      45,
      40,
      10,
      5,
      34,
      21,
      7,
      25,
      0,
      6,
      38,
      19,
      30,
      2,
      23,
      31,
      44,
      41
    ],
    "out_cols": [
      25,
      35,
      30,
      41,
      15,
      38,
      46,
      40,
      28,
      14,
      42,
      32,
      44,
      11,
      1,
      7,
      23,
      21,
      26,
      34,
      19,
      12,
      13,
      20,
      37,
      5,
      24,
      4,
      0,
      16,
      45,
      8,
      47,
      17,
      36,
      33,
      27,
      6,
      39,
      9,
      18,
      29,
      10,
      3,
      43,
      22,
      2,
      31
    ]
  },
  "best_seen": {
    "discrete_mse": 1.4916589260101318,
    "order": [
      [
        59,
        52
      ],
      [
        39,
        72
      ],
      [
        87,
        63
      ],
      [
        95,
        82
      ],
      [
        56,
        30
      ],
      [
        44,
        78
      ],
      [
        68,
        93
      ],
      [
        94,
        80
      ],
      [
        42,
        55
      ],
      [
        58,
        29
      ],
      [
        69,
        83
      ],
      [
        18,
        67
      ],
      [
        86,
        90
      ],
      [
        35,
        24
      ],
      [
        37,
        7
      ],
      [
        28,
        19
      ],
      [
        73,
        47
      ],
      [
        15,
        40
      ],
      [
        3,
        53
      ],
      [
        48,
        71
      ],
      [
        31,
        36
      ],
      [
        50,
        25
      ],
      [
        1,
        26
      ],
      [
        23,
        38
      ],
      [
        77,
        76
      ],
      [
        14,
        12
      ],
      [
        27,
        51
      ],
      [
        64,
        11
      ],
      [
        62,
        6
      ],
      [
        4,
        32
      ],
      [
        74,
        92
      ],
      [
        81,
        20
      ],
      [
        16,
        96
      ],
      [
        5,
        33
      ],
      [
        65,
        75
      ],
      [
        43,
        70
      ],
      [
        13,
        54
      ],
      [
        49,
        17
      ],
      [
        0,
        79
      ],
      [
        10,
        21
      ],
      [
        2,
        34
      ],
      [
        41,
        57
      ],
      [
        60,
        22
      ],
      [
        91,
        9
      ],
      [
        45,
        89
      ],
      [
        61,
        46
      ],
      [
        88,
        8
      ],
      [
        84,
        66
      ]
    ],
    "in_cols": [
      29,
      18,
      43,
      47,
      27,
      22,
      35,
      46,
      20,
      28,
      36,
      11,
      42,
      16,
      17,
      14,
      37,
      9,
      3,
      24,
      15,
      26,
      1,
      12,
      39,
      8,
      13,
      33,
      32,
      4,
      38,
      40,
      10,
      5,
      34,
      21,
      7,
      25,
      0,
      6,
      2,
      19,
      30,
      45,
      23,
      31,
      44,
      41
    ],
    "out_cols": [
      25,
      35,
      30,
      41,
      15,
      38,
      46,
      40,
      28,
      14,
      42,
      32,
      44,
      11,
      1,
      7,
      23,
      21,
      26,
      34,
      19,
      12,
      13,
      20,
      37,
      5,
      24,
      4,
      0,
      16,
      45,
      8,
      47,
      17,
      36,
      33,
      27,
      6,
      39,
      9,
      18,
      29,
      10,
      3,
      43,
      22,
      2,
      31
    ]
  }
}