{
  "config": {
    "steps": 900,
    "lr": 0.03,
    "tau_start": 1.0,
    "tau_end": 0.028,
    "sinkhorn_iters": 30,
    "lambda_ent": 0.0003,
    "train_subsample": 4096,
    "seed": 19502,
    "device": "cuda"
  },
  "final": {
    "soft_mse_full": 0.4796411991119385,
    "discrete_mse": 117.42054748535156,
    "hash_match": false,
    "perm_str": "39,75,59,72,73,52,74,80,56,30,95,78,44,82,42,7,94,38,58,93,88,29,86,90,18,63,48,47,15,67,28,19,37,57,50,71,35,24,3,26,1,25,31,36,87,55,5,40,14,11,64,12,27,51,62,6,4,70,77,20,16,33,81,96,2,66,91,89,65,53,68,54,13,83,23,21,10,79,49,8,41,46,43,22,0,76,61,9,84,34,45,92,69,32,60,17,85",
    "in_cols": [
      18,
      29,
      37,
      38,
      27,
      47,
      22,
      20,
      46,
      28,
      44,
      42,
      11,
      24,
      9,
      14,
      17,
      26,
      16,
      3,
      1,
      15,
      43,
      5,
      8,
      33,
      13,
      32,
      4,
      39,
      10,
      40,
      2,
      45,
      34,
      35,
      7,
      12,
      6,
      25,
      19,
      21,
      0,
      31,
      41,
      23,
      36,
      30
    ],
    "out_cols": [
      36,
      35,
      25,
      40,
      15,
      38,
      41,
      1,
      20,
      46,
      14,
      44,
      30,
      23,
      32,
      7,
      29,
      34,
      11,
      13,
      12,
      19,
      28,
      21,
      4,
      5,
      24,
      0,
      33,
      8,
      17,
      47,
      31,
      43,
      26,
      27,
      42,
      9,
      39,
      2,
      22,
      10,
      37,
      3,
      18,
      45,
      16,
      6
    ]
  },
  "best_seen": {
    "discrete_mse": 45.00455856323242,
    "order": [
      [
        39,
        75
      ],
      [
        59,
        72
      ],
      [
        88,
        52
      ],
      [
        74,
        80
      ],
      [
        56,
        30
      ],
      [
        95,
        78
      ],
      [
        44,
        82
      ],
      [
        42,
        7
      ],
      [
        94,
        38
      ],
      [
        58,
        93
      ],
      [
        48,
        29
      ],
      [
        86,
        90
      ],
      [
        18,
        63
      ],
      [
        73,
        47
      ],
      [
        15,
        67
      ],
      [
        28,
        19
      ],
      [
        37,
        57
      ],
      [
        50,
        71
      ],
      [
        35,
        24
      ],
      [
        3,
        26
      ],
      [
        1,
        25
      ],
      [
        31,
        36
      ],
      [
        87,
        55
      ],
      [
        23,
        40
      ],
      [
        14,
        11
      ],
      [
        64,
        12
      ],
      [
        5,
        51
      ],
      [
        62,
        6
      ],
      [
        4,
        70
      ],
      [
        77,
        20
      ],
      [
        16,
        33
      ],
      [
        81,
        96
      ],
      [
        2,
        66
      ],
      [
        91,
        89
      ],
      [
        65,
        53
      ],
      [
        68,
        54
      ],
      [
        13,
        83
      ],
      [
        27,
        21
      ],
      [
        10,
        79
      ],
      [
        49,
        8
      ],
      [
        41,
        46
      ],
      [
        43,
        22
      ],
      [
        61,
        76
      ],
      [
        69,
        9
      ],
      [
        84,
        34
      ],
      [
        45,
        92
      ],
      [
        0,
        32
      ],
      [
        60,
        17
      ]
    ],
    "in_cols": [
      18,
      29,
      44,
      38,
      27,
      47,
      22,
      20,
      46,
      28,
      24,
      42,
      11,
      37,
      9,
      14,
      17,
      26,
      16,
      3,
      1,
      15,
      43,
      12,
      8,
      33,
      5,
      32,
      4,
      39,
      10,
      40,
      2,
      45,
      34,
      35,
      7,
      13,
      6,
      25,
      19,
      21,
      31,
      36,
      41,
      23,
      0,
      30
    ],
    "out_cols": [
      36,
      35,
      25,
      40,
      15,
      38,
      41,
      1,
      20,
      46,
      14,
      44,
      30,
      23,
      32,
      7,
      29,
      34,
      11,
      13,
      12,
      19,
      28,
      21,
      4,
      5,
      24,
      0,
      33,
      8,
      17,
      47,
      31,
      43,
      26,
      27,
      42,
      9,
      39,
      2,
      22,
      10,
      37,
      3,
      18,
      45,
      16,
      6
    ]
  }
}