{
  "config": {
    "steps": 900,
    "lr": 0.03,
    "tau_start": 1.0,
    "tau_end": 0.03,
    "sinkhorn_iters": 30,
    "lambda_ent": 0.0003,
    "train_subsample": 4096,
    "seed": 12101,
    "device": "cuda"
  },
  "final": {
    "soft_mse_full": 0.4347388446331024,
    "discrete_mse": 29.34521484375,
    "hash_match": false,
    "perm_str": "59,52,95,75,18,78,39,80,77,63,44,82,74,55,42,29,87,90,58,83,86,93,3,26,28,19,15,67,10,57,68,7,73,47,35,24,1,72,48,40,50,25,31,36,94,38,23,71,64,12,14,17,5,11,27,51,81,6,62,20,91,92,16,70,65,96,61,53,60,54,43,9,49,21,4,34,2,66,37,8,13,79,45,33,0,46,41,30,69,76,84,22,88,32,56,89,85",
    "in_cols": [
      29,
      47,
      11,
      18,
      39,
      22,
      38,
      20,
      43,
      28,
      42,
      3,
      14,
      9,
      6,
      35,
      37,
      16,
      1,
      24,
      26,
      15,
      46,
      12,
      33,
      8,
      5,
      13,
      40,
      32,
      45,
      10,
      34,
      31,
      30,
      21,
      25,
      4,
      2,
      17,
      7,
      23,
      0,
      19,
      36,
      41,
      44,
      27
    ],
    "out_cols": [
      25,
      36,
      38,
      40,
      30,
      41,
      28,
      14,
      44,
      42,
      46,
      13,
      7,
      32,
      29,
      1,
      23,
      11,
      35,
      21,
      12,
      19,
      20,
      34,
      5,
      6,
      4,
      24,
      0,
      8,
      45,
      33,
      47,
      26,
      27,
      3,
      9,
      18,
      31,
      2,
      39,
      17,
      22,
      15,
      37,
      10,
      16,
      43
    ]
  },
  "best_seen": {
    "discrete_mse": 1.1034364700317383,
    "order": [
      [
        59,
        52
      ],
      [
        95,
        75
      ],
      [
        18,
        78
      ],
      [
        39,
        80
      ],
      [
        42,
        63
      ],
      [
        44,
        82
      ],
      [
        74,
        55
      ],
      [
        88,
        29
      ],
      [
        87,
        90
      ],
      [
        58,
        83
      ],
      [
        86,
        93
      ],
      [
        3,
        26
      ],
      [
        28,
        19
      ],
      [
        15,
        67
      ],
      [
        10,
        57
      ],
      [
        68,
        7
      ],
      [
        73,
        47
      ],
      [
        35,
        24
      ],
      [
        1,
        72
      ],
      [
        48,
        40
      ],
      [
        50,
        25
      ],
      [
        31,
        36
      ],
      [
        94,
        38
      ],
      [
        23,
        71
      ],
      [
        64,
        12
      ],
      [
        14,
        17
      ],
      [
        5,
        11
      ],
      [
        27,
        51
      ],
      [
        81,
        6
      ],
      [
        62,
        20
      ],
      [
        91,
        92
      ],
      [
        16,
        70
      ],
      [
        65,
        96
      ],
      [
        61,
        53
      ],
      [
        60,
        54
      ],
      [
        43,
        9
      ],
      [
        49,
        21
      ],
      [
        4,
        34
      ],
      [
        2,
        66
      ],
      [
        77,
        8
      ],
      [
        13,
        79
      ],
      [
        45,
        33
      ],
      [
        0,
        46
      ],
      [
        41,
        30
      ],
      [
        69,
        76
      ],
      [
        84,
        22
      ],
      [
        37,
        32
      ],
      [
        56,
        89
      ]
    ],
    "in_cols": [
      29,
      47,
      11,
      18,
      20,
      22,
      38,
      44,
      43,
      28,
      42,
      3,
      14,
      9,
      6,
      35,
      37,
      16,
      1,
      24,
      26,
      15,
      46,
      12,
      33,
      8,
      5,
      13,
      40,
      32,
      45,
      10,
      34,
      31,
      30,
      21,
      25,
      4,
      2,
      39,
      7,
      23,
      0,
      19,
      36,
      41,
      17,
      27
    ],
    "out_cols": [
      25,
      36,
      38,
      40,
      30,
      41,
      28,
      14,
      44,
      42,
      46,
      13,
      7,
      32,
      29,
      1,
      23,
      11,
      35,
      21,
      12,
      19,
      20,
      34,
      5,
      6,
      4,
      24,
      0,
      8,
      45,
      33,
      47,
      26,
      27,
      3,
      9,
      18,
      31,
      2,
      39,
      17,
      22,
      15,
      37,
      10,
      16,
      43
    ]
  }
}