{
  "config": {
    "steps": 700,
    "lr": 0.02,
    "tau_start": 1.0,
    "tau_end": 0.03,
    "sinkhorn_iters": 30,
    "lambda_ent": 0.0003,
    "train_subsample": 0,
    "seed": 9803,
    "device": "cuda"
  },
  "final": {
    "soft_mse_full": 0.3547329306602478,
    "discrete_mse": 63.30386734008789,
    "hash_match": false,
    "perm_str": "59,52,28,72,39,63,95,93,56,30,74,55,44,82,68,80,42,29,58,78,18,83,94,38,86,90,10,19,50,7,37,47,73,67,15,26,48,70,35,24,3,25,31,36,1,40,87,71,64,11,5,51,4,12,14,17,45,33,81,6,77,20,16,57,65,96,13,89,91,53,62,75,49,54,2,34,41,22,88,8,23,79,43,9,0,32,84,66,60,76,61,21,27,46,69,92,85",
    "in_cols": [
      29,
      14,
      18,
      47,
      27,
      38,
      22,
      35,
      20,
      28,
      11,
      46,
      42,
      6,
      26,
      17,
      37,
      9,
      24,
      16,
      3,
      15,
      1,
      43,
      33,
      5,
      4,
      8,
      23,
      40,
      39,
      10,
      34,
      7,
      45,
      32,
      25,
      2,
      19,
      44,
      12,
      21,
      0,
      41,
      30,
      31,
      13,
      36
    ],
    "out_cols": [
      25,
      35,
      30,
      46,
      15,
      28,
      41,
      40,
      14,
      38,
      42,
      20,
      44,
      7,
      1,
      23,
      32,
      13,
      33,
      11,
      12,
      19,
      21,
      34,
      4,
      24,
      5,
      6,
      17,
      0,
      8,
      29,
      47,
      43,
      26,
      36,
      27,
      18,
      10,
      2,
      39,
      3,
      16,
      31,
      37,
      9,
      22,
      45
    ]
  },
  "best_seen": {
    "discrete_mse": 56.967559814453125,
    "order": [
      [
        59,
        52
      ],
      [
        39,
        72
      ],
      [
        43,
        63
      ],
      [
        95,
        93
      ],
      [
        56,
        30
      ],
      [
        74,
        55
      ],
      [
        44,
        82
      ],
      [
        68,
        80
      ],
      [
        42,
        29
      ],
      [
        58,
        78
      ],
      [
        18,
        83
      ],
      [
        94,
        38
      ],
      [
        86,
        90
      ],
      [
        10,
        19
      ],
      [
        50,
        7
      ],
      [
        37,
        47
      ],
      [
        73,
        67
      ],
      [
        15,
        26
      ],
      [
        48,
        70
      ],
      [
        35,
        24
      ],
      [
        3,
        25
      ],
      [
        28,
        36
      ],
      [
        1,
        40
      ],
      [
        87,
        71
      ],
      [
        64,
        11
      ],
      [
        5,
        51
      ],
      [
        4,
        12
      ],
      [
        14,
        17
      ],
      [
        45,
        33
      ],
      [
        81,
        6
      ],
      [
        77,
        20
      ],
      [
        16,
        57
      ],
      [
        65,
        96
      ],
      [
        13,
        89
      ],
      [
        91,
        53
      ],
      [
        62,
        75
      ],
      [
        49,
        54
      ],
      [
        2,
        34
      ],
      [
        41,
        22
      ],
      [
        88,
        8
      ],
      [
        23,
        79
      ],
      [
        31,
        9
      ],
      [
        0,
        32
      ],
      [
        84,
        66
      ],
      [
        60,
        76
      ],
      [
        61,
        21
      ],
      [
        27,
        46
      ],
      [
        69,
        92
      ]
    ],
    "in_cols": [
      29,
      18,
      21,
      47,
      27,
      38,
      22,
      35,
      20,
      28,
      11,
      46,
      42,
      6,
      26,
      17,
      37,
      9,
      24,
      16,
      3,
      14,
      1,
      43,
      33,
      5,
      4,
      8,
      23,
      40,
      39,
      10,
      34,
      7,
      45,
      32,
      25,
      2,
      19,
      44,
      12,
      15,
      0,
      41,
      30,
      31,
      13,
      36
    ],
    "out_cols": [
      25,
      35,
      30,
      46,
      15,
      28,
      41,
      40,
      14,
      38,
      42,
      20,
      44,
      7,
      1,
      23,
      32,
      13,
      33,
      11,
      12,
      19,
      21,
      34,
      4,
      24,
      5,
      6,
      17,
      0,
      8,
      29,
      47,
      43,
      26,
      36,
      27,
      18,
      10,
      2,
      39,
      3,
      16,
      31,
      37,
      9,
      22,
      45
    ]
  }
}