{
  "config": {
    "steps": 700,
    "lr": 0.02,
    "tau_start": 1.0,
    "tau_end": 0.03,
    "sinkhorn_iters": 30,
    "lambda_ent": 0.0003,
    "train_subsample": 0,
    "seed": 11603,
    "device": "cuda"
  },
  "final": {
    "soft_mse_full": 0.34150874614715576,
    "discrete_mse": 16.272531509399414,
    "hash_match": false,
    "perm_str": "59,52,39,30,95,72,74,55,56,82,58,78,44,93,94,80,42,29,69,67,18,38,86,90,35,19,37,24,15,57,73,63,28,7,68,47,87,53,50,26,3,25,31,36,1,12,23,40,5,11,14,17,64,66,10,33,81,6,77,92,45,71,4,20,16,96,43,70,65,32,48,9,62,76,13,83,60,51,61,54,84,34,2,22,49,8,41,75,0,79,91,46,27,21,88,89,85",
    "in_cols": [
      29,
      18,
      47,
      38,
      27,
      28,
      22,
      46,
      20,
      36,
      11,
      42,
      16,
      17,
      9,
      37,
      14,
      35,
      43,
      26,
      3,
      15,
      1,
      12,
      5,
      8,
      33,
      6,
      40,
      39,
      23,
      4,
      10,
      21,
      34,
      24,
      32,
      7,
      30,
      31,
      41,
      2,
      25,
      19,
      0,
      45,
      13,
      44
    ],
    "out_cols": [
      25,
      15,
      35,
      28,
      41,
      38,
      46,
      40,
      14,
      32,
      20,
      44,
      7,
      11,
      29,
      30,
      1,
      23,
      26,
      13,
      12,
      19,
      5,
      21,
      4,
      6,
      31,
      17,
      0,
      45,
      34,
      8,
      47,
      33,
      16,
      3,
      37,
      42,
      24,
      27,
      18,
      10,
      2,
      36,
      39,
      22,
      9,
      43
    ]
  },
  "best_seen": {
    "discrete_mse": 1.0499966144561768,
    "order": [
      [
        59,
        52
      ],
      [
        39,
        30
      ],
      [
        95,
        72
      ],
      [
        74,
        55
      ],
      [
        56,
        82
      ],
      [
        58,
        78
      ],
      [
        44,
        93
      ],
      [
        94,
        80
      ],
      [
        42,
        29
      ],
      [
        10,
        67
      ],
      [
        18,
        38
      ],
      [
        86,
        90
      ],
      [
        35,
        19
      ],
      [
        48,
        24
      ],
      [
        15,
        63
      ],
      [
        73,
        57
      ],
      [
        37,
        7
      ],
      [
        68,
        47
      ],
      [
        87,
        53
      ],
      [
        50,
        26
      ],
      [
        3,
        25
      ],
      [
        31,
        36
      ],
      [
        1,
        12
      ],
      [
        23,
        40
      ],
      [
        5,
        11
      ],
      [
        14,
        17
      ],
      [
        64,
        66
      ],
      [
        4,
        33
      ],
      [
        81,
        6
      ],
      [
        77,
        92
      ],
      [
        45,
        71
      ],
      [
        65,
        20
      ],
      [
        16,
        96
      ],
      [
        43,
        70
      ],
      [
        0,
        32
      ],
      [
        91,
        9
      ],
      [
        62,
        76
      ],
      [
        13,
        83
      ],
      [
        60,
        51
      ],
      [
        61,
        54
      ],
      [
        84,
        34
      ],
      [
        2,
        22
      ],
      [
        49,
        8
      ],
      [
        41,
        75
      ],
      [
        69,
        79
      ],
      [
        28,
        46
      ],
      [
        27,
        21
      ],
      [
        88,
        89
      ]
    ],
    "in_cols": [
      29,
      18,
      47,
      38,
      27,
      28,
      22,
      46,
      20,
      6,
      11,
      42,
      16,
      24,
      9,
      37,
      17,
      35,
      43,
      26,
      3,
      15,
      1,
      12,
      5,
      8,
      33,
      4,
      40,
      39,
      23,
      34,
      10,
      21,
      0,
      45,
      32,
      7,
      30,
      31,
      41,
      2,
      25,
      19,
      36,
      14,
      13,
      44
    ],
    "out_cols": [
      25,
      15,
      35,
      28,
      41,
      38,
      46,
      40,
      14,
      32,
      20,
      44,
      7,
      11,
      30,
      29,
      1,
      23,
      26,
      13,
      12,
      19,
      5,
      21,
      4,
      6,
      31,
      17,
      0,
      45,
      34,
      8,
      47,
      33,
      16,
      3,
      37,
      42,
      24,
      27,
      18,
      10,
      2,
      36,
      39,
      22,
      9,
      43
    ]
  }
}