{
  "config": {
    "steps": 700,
    "lr": 0.015,
    "tau_start": 1.0,
    "tau_end": 0.025,
    "sinkhorn_iters": 30,
    "lambda_ent": 0.0001,
    "train_subsample": 0,
    "seed": 26204,
    "device": "cuda"
  },
  "final": {
    "soft_mse_full": 0.3719370365142822,
    "discrete_mse": 11.286699295043945,
    "hash_match": false,
    "perm_str": "59,52,39,30,95,63,87,72,56,82,74,55,44,93,68,80,42,54,58,78,5,29,94,90,18,24,28,19,73,7,50,57,15,67,86,47,10,25,35,40,31,36,3,26,1,71,23,38,16,21,64,51,14,17,77,11,81,6,62,20,65,96,91,33,48,70,61,53,4,75,0,83,13,32,27,89,2,34,60,8,37,9,49,22,43,12,41,76,84,66,45,79,69,46,88,92,85",
    "in_cols": [
      29,
      18,
      47,
      43,
      27,
      38,
      22,
      35,
      20,
      28,
      5,
      46,
      11,
      14,
      37,
      26,
      9,
      42,
      6,
      16,
      15,
      3,
      1,
      12,
      10,
      33,
      8,
      39,
      40,
      32,
      34,
      45,
      24,
      31,
      4,
      0,
      7,
      13,
      2,
      30,
      17,
      25,
      21,
      19,
      41,
      23,
      36,
      44
    ],
    "out_cols": [
      25,
      15,
      30,
      35,
      41,
      28,
      46,
      40,
      27,
      38,
      14,
      44,
      11,
      7,
      1,
      29,
      32,
      23,
      12,
      21,
      19,
      13,
      34,
      20,
      9,
      24,
      6,
      4,
      0,
      8,
      47,
      17,
      33,
      26,
      36,
      42,
      16,
      43,
      18,
      2,
      3,
      10,
      5,
      37,
      31,
      39,
      22,
      45
    ]
  },
  "best_seen": {
    "discrete_mse": 2.684870719909668,
    "order": [
      [
        37,
        11
      ],
      [
        42,
        78
      ],
      [
        77,
        93
      ],
      [
        35,
        72
      ],
      [
        95,
        30
      ],
      [
        39,
        63
      ],
      [
        18,
        55
      ],
      [
        86,
        19
      ],
      [
        3,
        24
      ],
      [
        74,
        29
      ],
      [
        58,
        7
      ],
      [
        94,
        83
      ],
      [
        62,
        90
      ],
      [
        87,
        57
      ],
      [
        59,
        52
      ],
      [
        10,
        82
      ],
      [
        50,
        80
      ],
      [
        44,
        67
      ],
      [
        73,
        47
      ],
      [
        56,
        36
      ],
      [
        1,
        26
      ],
      [
        65,
        66
      ],
      [
        91,
        38
      ],
      [
        14,
        71
      ],
      [
        4,
        25
      ],
      [
        64,
        40
      ],
      [
        61,
        92
      ],
      [
        28,
        9
      ],
      [
        81,
        6
      ],
      [
        31,
        33
      ],
      [
        43,
        76
      ],
      [
        13,
        20
      ],
      [
        5,
        51
      ],
      [
        60,
        53
      ],
      [
        2,
        70
      ],
      [
        23,
        54
      ],
      [
        27,
        34
      ],
      [
        48,
        8
      ],
      [
        15,
        96
      ],
      [
        84,
        21
      ],
      [
        0,
        75
      ],
      [
        16,
        32
      ],
      [
        49,
        17
      ],
      [
        88,
        79
      ],
      [
        45,
        12
      ],
      [
        69,
        89
      ],
      [
        68,
        22
      ],
      [
        41,
        46
      ]
    ],
    "in_cols": [
      17,
      20,
      39,
      16,
      47,
      18,
      11,
      42,
      3,
      38,
      28,
      46,
      32,
      43,
      29,
      6,
      26,
      22,
      37,
      27,
      1,
      34,
      45,
      8,
      4,
      33,
      31,
      14,
      40,
      15,
      21,
      7,
      5,
      30,
      2,
      12,
      13,
      24,
      9,
      41,
      0,
      10,
      25,
      44,
      23,
      36,
      35,
      19
    ],
    "out_cols": [
      4,
      38,
      46,
      35,
      15,
      30,
      28,
      7,
      11,
      14,
      1,
      42,
      44,
      29,
      25,
      41,
      40,
      32,
      23,
      19,
      13,
      31,
      20,
      34,
      12,
      21,
      45,
      3,
      0,
      17,
      37,
      8,
      24,
      26,
      33,
      27,
      18,
      2,
      47,
      9,
      36,
      16,
      6,
      39,
      5,
      43,
      10,
      22
    ]
  }
}