{
  "config": {
    "steps": 700,
    "lr": 0.02,
    "tau_start": 1.0,
    "tau_end": 0.03,
    "sinkhorn_iters": 30,
    "lambda_ent": 0.0003,
    "train_subsample": 0,
    "seed": 7303,
    "device": "cuda"
  },
  "final": {
    "soft_mse_full": 0.3708547353744507,
    "discrete_mse": 181.0196990966797,
    "hash_match": false,
    "perm_str": "59,52,39,72,95,93,73,63,56,30,44,82,86,80,42,55,69,67,88,78,18,29,58,90,10,40,1,19,50,7,37,47,15,57,35,24,3,53,94,70,31,25,28,36,23,38,87,71,14,21,5,11,81,79,62,32,4,6,77,26,45,33,65,20,16,96,2,34,43,75,91,9,13,54,27,8,0,76,74,83,48,92,60,22,41,51,49,66,61,46,64,89,84,12,68,17,85",
    "in_cols": [
      29,
      18,
      47,
      37,
      27,
      22,
      42,
      20,
      36,
      44,
      11,
      28,
      6,
      1,
      26,
      17,
      9,
      16,
      3,
      46,
      15,
      14,
      12,
      43,
      8,
      5,
      40,
      32,
      4,
      39,
      23,
      34,
      10,
      2,
      21,
      45,
      7,
      13,
      0,
      38,
      24,
      30,
      19,
      25,
      31,
      33,
      41,
      35
    ],
    "out_cols": [
      25,
      35,
      46,
      30,
      15,
      41,
      40,
      28,
      32,
      38,
      14,
      44,
      21,
      7,
      1,
      23,
      29,
      11,
      26,
      33,
      12,
      19,
      20,
      34,
      9,
      4,
      39,
      16,
      0,
      13,
      17,
      8,
      47,
      18,
      36,
      3,
      27,
      2,
      37,
      42,
      45,
      10,
      24,
      31,
      22,
      43,
      5,
      6
    ]
  },
  "best_seen": {
    "discrete_mse": 39.54750061035156,
    "order": [
      [
        59,
        52
      ],
      [
        39,
        30
      ],
      [
        95,
        72
      ],
      [
        86,
        63
      ],
      [
        14,
        82
      ],
      [
        44,
        78
      ],
      [
        68,
        80
      ],
      [
        42,
        55
      ],
      [
        88,
        67
      ],
      [
        58,
        93
      ],
      [
        18,
        29
      ],
      [
        73,
        90
      ],
      [
        10,
        40
      ],
      [
        28,
        19
      ],
      [
        50,
        7
      ],
      [
        37,
        47
      ],
      [
        15,
        57
      ],
      [
        35,
        24
      ],
      [
        3,
        26
      ],
      [
        94,
        53
      ],
      [
        87,
        25
      ],
      [
        31,
        36
      ],
      [
        1,
        38
      ],
      [
        23,
        71
      ],
      [
        16,
        21
      ],
      [
        5,
        11
      ],
      [
        81,
        79
      ],
      [
        65,
        32
      ],
      [
        56,
        6
      ],
      [
        77,
        76
      ],
      [
        45,
        33
      ],
      [
        62,
        20
      ],
      [
        4,
        96
      ],
      [
        2,
        34
      ],
      [
        43,
        75
      ],
      [
        91,
        9
      ],
      [
        48,
        54
      ],
      [
        27,
        8
      ],
      [
        0,
        70
      ],
      [
        13,
        83
      ],
      [
        74,
        92
      ],
      [
        60,
        22
      ],
      [
        41,
        51
      ],
      [
        84,
        66
      ],
      [
        61,
        46
      ],
      [
        64,
        89
      ],
      [
        49,
        12
      ],
      [
        69,
        17
      ]
    ],
    "in_cols": [
      29,
      18,
      47,
      42,
      8,
      22,
      35,
      20,
      44,
      28,
      11,
      37,
      6,
      14,
      26,
      17,
      9,
      16,
      3,
      46,
      43,
      15,
      1,
      12,
      10,
      5,
      40,
      34,
      27,
      39,
      23,
      32,
      4,
      2,
      21,
      45,
      24,
      13,
      0,
      7,
      38,
      30,
      19,
      41,
      31,
      33,
      25,
      36
    ],
    "out_cols": [
      25,
      15,
      35,
      30,
      41,
      38,
      40,
      28,
      32,
      46,
      14,
      44,
      21,
      7,
      1,
      23,
      29,
      11,
      13,
      26,
      12,
      19,
      20,
      34,
      9,
      4,
      39,
      16,
      0,
      37,
      17,
      8,
      47,
      18,
      36,
      3,
      27,
      2,
      33,
      42,
      45,
      10,
      24,
      31,
      22,
      43,
      5,
      6
    ]
  }
}