{
  "config": {
    "steps": 900,
    "lr": 0.03,
    "tau_start": 1.0,
    "tau_end": 0.028,
    "sinkhorn_iters": 30,
    "lambda_ent": 0.0003,
    "train_subsample": 4096,
    "seed": 21402,
    "device": "cuda"
  },
  "final": {
    "soft_mse_full": 0.4065430462360382,
    "discrete_mse": 1.8378312587738037,
    "hash_match": false,
    "perm_str": "95,52,39,30,86,72,42,75,44,78,14,82,87,93,94,80,74,55,28,29,58,90,18,40,37,19,48,24,68,7,15,67,35,57,73,47,31,36,65,25,3,26,50,66,1,71,23,38,84,63,49,17,4,51,77,11,5,12,81,6,45,33,16,20,61,70,91,53,43,96,62,83,0,32,13,9,64,89,69,79,41,76,56,92,60,54,27,46,88,22,2,21,59,8,10,34,85",
    "in_cols": [
      47,
      18,
      42,
      20,
      22,
      8,
      43,
      46,
      38,
      14,
      28,
      11,
      17,
      24,
      35,
      9,
      16,
      37,
      15,
      34,
      3,
      26,
      1,
      12,
      41,
      25,
      4,
      39,
      5,
      40,
      23,
      10,
      31,
      45,
      21,
      32,
      0,
      7,
      33,
      36,
      19,
      27,
      30,
      13,
      44,
      2,
      29,
      6
    ],
    "out_cols": [
      25,
      15,
      35,
      36,
      38,
      41,
      46,
      40,
      28,
      14,
      44,
      21,
      7,
      11,
      1,
      32,
      29,
      23,
      19,
      12,
      13,
      31,
      34,
      20,
      30,
      6,
      24,
      4,
      5,
      0,
      17,
      8,
      33,
      26,
      47,
      42,
      16,
      3,
      43,
      39,
      37,
      45,
      27,
      22,
      10,
      9,
      2,
      18
    ]
  },
  "best_seen": {
    "discrete_mse": 1.8378312587738037,
    "order": [
      [
        95,
        52
      ],
      [
        39,
        30
      ],
      [
        86,
        72
      ],
      [
        42,
        75
      ],
      [
        44,
        78
      ],
      [
        14,
        82
      ],
      [
        87,
        93
      ],
      [
        94,
        80
      ],
      [
        74,
        55
      ],
      [
        28,
        29
      ],
      [
        58,
        90
      ],
      [
        18,
        40
      ],
      [
        37,
        19
      ],
      [
        48,
        24
      ],
      [
        68,
        7
      ],
      [
        15,
        67
      ],
      [
        35,
        57
      ],
      [
        73,
        47
      ],
      [
        31,
        36
      ],
      [
        65,
        25
      ],
      [
        3,
        26
      ],
      [
        50,
        66
      ],
      [
        1,
        71
      ],
      [
        23,
        38
      ],
      [
        84,
        63
      ],
      [
        49,
        17
      ],
      [
        4,
        51
      ],
      [
        77,
        11
      ],
      [
        5,
        12
      ],
      [
        81,
        6
      ],
      [
        45,
        33
      ],
      [
        16,
        20
      ],
      [
        61,
        70
      ],
      [
        91,
        53
      ],
      [
        43,
        96
      ],
      [
        62,
        83
      ],
      [
        0,
        32
      ],
      [
        13,
        9
      ],
      [
        64,
        89
      ],
      [
        69,
        79
      ],
      [
        41,
        76
      ],
      [
        56,
        92
      ],
      [
        60,
        54
      ],
      [
        27,
        46
      ],
      [
        88,
        22
      ],
      [
        2,
        21
      ],
      [
        59,
        8
      ],
      [
        10,
        34
      ]
    ],
    "in_cols": [
      47,
      18,
      42,
      20,
      22,
      8,
      43,
      46,
      38,
      14,
      28,
      11,
      17,
      24,
      35,
      9,
      16,
      37,
      15,
      34,
      3,
      26,
      1,
      12,
      41,
      25,
      4,
      39,
      5,
      40,
      23,
      10,
      31,
      45,
      21,
      32,
      0,
      7,
      33,
      36,
      19,
      27,
      30,
      13,
      44,
      2,
      29,
      6
    ],
    "out_cols": [
      25,
      15,
      35,
      36,
      38,
      41,
      46,
      40,
      28,
      14,
      44,
      21,
      7,
      11,
      1,
      32,
      29,
      23,
      19,
      12,
      13,
      31,
      34,
      20,
      30,
      6,
      24,
      4,
      5,
      0,
      17,
      8,
      33,
      26,
      47,
      42,
      16,
      3,
      43,
      39,
      37,
      45,
      27,
      22,
      10,
      9,
      2,
      18
    ]
  }
}