{
  "config": {
    "steps": 700,
    "lr": 0.02,
    "tau_start": 1.0,
    "tau_end": 0.03,
    "sinkhorn_iters": 30,
    "lambda_ent": 0.0003,
    "train_subsample": 0,
    "seed": 12203,
    "device": "cuda"
  },
  "final": {
    "soft_mse_full": 0.38476020097732544,
    "discrete_mse": 1.6297478675842285,
    "hash_match": false,
    "perm_str": "59,52,5,72,39,30,95,63,73,78,44,82,68,80,42,29,88,93,10,67,94,7,18,25,86,90,28,19,15,55,37,24,48,47,87,71,35,57,1,12,3,26,50,66,31,36,23,38,16,40,14,11,27,75,77,17,81,20,45,33,62,6,43,70,4,96,65,53,13,89,0,83,49,54,74,32,2,34,60,8,91,76,61,21,64,9,84,22,69,51,41,46,56,92,58,79,85",
    "in_cols": [
      29,
      5,
      18,
      47,
      37,
      22,
      35,
      20,
      44,
      6,
      46,
      11,
      42,
      14,
      9,
      17,
      24,
      43,
      16,
      1,
      3,
      26,
      15,
      12,
      10,
      8,
      13,
      39,
      40,
      23,
      32,
      21,
      4,
      34,
      7,
      0,
      25,
      38,
      2,
      30,
      45,
      31,
      33,
      41,
      36,
      19,
      27,
      28
    ],
    "out_cols": [
      25,
      35,
      15,
      30,
      38,
      41,
      40,
      14,
      46,
      32,
      1,
      12,
      44,
      7,
      28,
      11,
      23,
      34,
      29,
      5,
      13,
      31,
      19,
      20,
      21,
      4,
      36,
      6,
      8,
      17,
      0,
      33,
      47,
      26,
      43,
      42,
      27,
      16,
      18,
      2,
      37,
      9,
      3,
      10,
      24,
      22,
      45,
      39
    ]
  },
  "best_seen": {
    "discrete_mse": 1.2540242671966553,
    "order": [
      [
        59,
        52
      ],
      [
        5,
        72
      ],
      [
        39,
        30
      ],
      [
        95,
        63
      ],
      [
        73,
        78
      ],
      [
        44,
        82
      ],
      [
        42,
        80
      ],
      [
        68,
        29
      ],
      [
        88,
        93
      ],
      [
        10,
        67
      ],
      [
        94,
        7
      ],
      [
        18,
        25
      ],
      [
        86,
        90
      ],
      [
        28,
        19
      ],
      [
        15,
        55
      ],
      [
        37,
        24
      ],
      [
        48,
        47
      ],
      [
        87,
        71
      ],
      [
        35,
        57
      ],
      [
        1,
        12
      ],
      [
        3,
        26
      ],
      [
        50,
        66
      ],
      [
        31,
        36
      ],
      [
        23,
        38
      ],
      [
        16,
        40
      ],
      [
        14,
        11
      ],
      [
        27,
        75
      ],
      [
        77,
        17
      ],
      [
        81,
        20
      ],
      [
        45,
        33
      ],
      [
        62,
        6
      ],
      [
        43,
        70
      ],
      [
        4,
        96
      ],
      [
        65,
        53
      ],
      [
        13,
        89
      ],
      [
        0,
        83
      ],
      [
        49,
        54
      ],
      [
        74,
        32
      ],
      [
        2,
        34
      ],
      [
        60,
        8
      ],
      [
        91,
        76
      ],
      [
        61,
        21
      ],
      [
        64,
        9
      ],
      [
        84,
        22
      ],
      [
        69,
        51
      ],
      [
        41,
        46
      ],
      [
        56,
        92
      ],
      [
        58,
        79
      ]
    ],
    "in_cols": [
      29,
      5,
      18,
      47,
      37,
      22,
      20,
      35,
      44,
      6,
      46,
      11,
      42,
      14,
      9,
      17,
      24,
      43,
      16,
      1,
      3,
      26,
      15,
      12,
      10,
      8,
      13,
      39,
      40,
      23,
      32,
      21,
      4,
      34,
      7,
      0,
      25,
      38,
      2,
      30,
      45,
      31,
      33,
      41,
      36,
      19,
      27,
      28
    ],
    "out_cols": [
      25,
      35,
      15,
      30,
      38,
      41,
      40,
      14,
      46,
      32,
      1,
      12,
      44,
      7,
      28,
      11,
      23,
      34,
      29,
      5,
      13,
      31,
      19,
      20,
      21,
      4,
      36,
      6,
      8,
      17,
      0,
      33,
      47,
      26,
      43,
      42,
      27,
      16,
      18,
      2,
      37,
      9,
      3,
      10,
      24,
      22,
      45,
      39
    ]
  }
}