{
  "config": {
    "steps": 900,
    "lr": 0.03,
    "tau_start": 1.0,
    "tau_end": 0.03,
    "sinkhorn_iters": 30,
    "lambda_ent": 0.0003,
    "train_subsample": 4096,
    "seed": 20901,
    "device": "cuda"
  },
  "final": {
    "soft_mse_full": 0.3863217830657959,
    "discrete_mse": 31.32955551147461,
    "hash_match": false,
    "perm_str": "39,72,59,52,88,55,95,75,56,30,44,78,74,93,10,29,42,38,58,54,18,67,94,83,35,90,86,19,37,36,15,57,87,71,68,47,73,80,50,63,1,40,31,7,65,24,3,26,84,25,0,17,4,33,14,11,5,6,81,20,62,76,16,96,91,89,48,70,77,82,49,53,45,9,43,22,27,51,28,32,41,12,61,46,69,8,2,92,60,79,13,66,23,34,64,21,85",
    "in_cols": [
      18,
      29,
      44,
      47,
      27,
      22,
      38,
      6,
      20,
      28,
      11,
      46,
      16,
      42,
      17,
      9,
      43,
      35,
      37,
      26,
      1,
      15,
      34,
      3,
      41,
      0,
      4,
      8,
      5,
      40,
      32,
      10,
      45,
      24,
      39,
      25,
      23,
      21,
      13,
      14,
      19,
      31,
      36,
      2,
      30,
      7,
      12,
      33
    ],
    "out_cols": [
      35,
      25,
      28,
      36,
      15,
      38,
      46,
      14,
      20,
      27,
      32,
      42,
      44,
      7,
      19,
      29,
      34,
      23,
      40,
      30,
      21,
      1,
      11,
      13,
      12,
      6,
      17,
      4,
      0,
      8,
      37,
      47,
      43,
      33,
      41,
      26,
      3,
      10,
      24,
      16,
      5,
      22,
      2,
      45,
      39,
      31,
      18,
      9
    ]
  },
  "best_seen": {
    "discrete_mse": 11.181083679199219,
    "order": [
      [
        39,
        72
      ],
      [
        59,
        52
      ],
      [
        88,
        55
      ],
      [
        95,
        75
      ],
      [
        56,
        30
      ],
      [
        44,
        82
      ],
      [
        74,
        93
      ],
      [
        10,
        29
      ],
      [
        42,
        38
      ],
      [
        58,
        78
      ],
      [
        18,
        54
      ],
      [
        94,
        83
      ],
      [
        35,
        90
      ],
      [
        86,
        19
      ],
      [
        37,
        36
      ],
      [
        15,
        57
      ],
      [
        87,
        71
      ],
      [
        68,
        47
      ],
      [
        73,
        80
      ],
      [
        50,
        63
      ],
      [
        1,
        40
      ],
      [
        31,
        7
      ],
      [
        65,
        24
      ],
      [
        3,
        26
      ],
      [
        84,
        25
      ],
      [
        0,
        17
      ],
      [
        4,
        33
      ],
      [
        14,
        11
      ],
      [
        5,
        6
      ],
      [
        81,
        20
      ],
      [
        62,
        76
      ],
      [
        16,
        96
      ],
      [
        91,
        89
      ],
      [
        48,
        70
      ],
      [
        77,
        67
      ],
      [
        49,
        53
      ],
      [
        2,
        9
      ],
      [
        43,
        22
      ],
      [
        27,
        51
      ],
      [
        28,
        32
      ],
      [
        41,
        12
      ],
      [
        61,
        46
      ],
      [
        69,
        8
      ],
      [
        45,
        92
      ],
      [
        60,
        79
      ],
      [
        13,
        66
      ],
      [
        23,
        34
      ],
      [
        64,
        21
      ]
    ],
    "in_cols": [
      18,
      29,
      44,
      47,
      27,
      22,
      38,
      6,
      20,
      28,
      11,
      46,
      16,
      42,
      17,
      9,
      43,
      35,
      37,
      26,
      1,
      15,
      34,
      3,
      41,
      0,
      4,
      8,
      5,
      40,
      32,
      10,
      45,
      24,
      39,
      25,
      2,
      21,
      13,
      14,
      19,
      31,
      36,
      23,
      30,
      7,
      12,
      33
    ],
    "out_cols": [
      35,
      25,
      28,
      36,
      15,
      41,
      46,
      14,
      20,
      38,
      27,
      42,
      44,
      7,
      19,
      29,
      34,
      23,
      40,
      30,
      21,
      1,
      11,
      13,
      12,
      6,
      17,
      4,
      0,
      8,
      37,
      47,
      43,
      33,
      32,
      26,
      3,
      10,
      24,
      16,
      5,
      22,
      2,
      45,
      39,
      31,
      18,
      9
    ]
  }
}