{
  "config": {
    "steps": 700,
    "lr": 0.02,
    "tau_start": 1.0,
    "tau_end": 0.03,
    "sinkhorn_iters": 30,
    "lambda_ent": 0.0003,
    "train_subsample": 0,
    "seed": 10803,
    "device": "cuda"
  },
  "final": {
    "soft_mse_full": 0.3944776952266693,
    "discrete_mse": 12.755514144897461,
    "hash_match": false,
    "perm_str": "95,75,39,22,59,52,86,78,74,82,3,72,73,55,42,80,68,29,58,93,18,38,94,90,15,67,28,19,10,7,48,47,37,57,1,40,35,24,44,25,31,36,50,63,14,26,87,71,77,11,23,30,27,51,4,70,81,6,56,32,45,33,65,96,16,20,5,92,49,54,62,83,41,53,0,17,61,79,13,9,2,12,60,21,91,66,64,34,43,76,69,89,84,46,88,8,85",
    "in_cols": [
      47,
      18,
      29,
      42,
      38,
      3,
      37,
      20,
      35,
      28,
      11,
      46,
      9,
      14,
      6,
      24,
      17,
      1,
      16,
      22,
      15,
      26,
      8,
      43,
      39,
      12,
      13,
      4,
      40,
      27,
      23,
      34,
      10,
      5,
      25,
      32,
      19,
      0,
      31,
      7,
      2,
      30,
      45,
      33,
      21,
      36,
      41,
      44
    ],
    "out_cols": [
      36,
      10,
      25,
      38,
      41,
      35,
      28,
      40,
      14,
      46,
      20,
      44,
      32,
      7,
      1,
      23,
      29,
      21,
      11,
      12,
      19,
      30,
      13,
      34,
      4,
      15,
      24,
      33,
      0,
      16,
      17,
      47,
      8,
      45,
      27,
      42,
      26,
      6,
      39,
      3,
      5,
      9,
      31,
      18,
      37,
      43,
      22,
      2
    ]
  },
  "best_seen": {
    "discrete_mse": 4.0184783935546875,
    "order": [
      [
        73,
        75
      ],
      [
        39,
        34
      ],
      [
        59,
        52
      ],
      [
        95,
        78
      ],
      [
        44,
        82
      ],
      [
        56,
        72
      ],
      [
        74,
        55
      ],
      [
        42,
        80
      ],
      [
        68,
        29
      ],
      [
        58,
        93
      ],
      [
        18,
        26
      ],
      [
        94,
        90
      ],
      [
        15,
        67
      ],
      [
        28,
        19
      ],
      [
        10,
        7
      ],
      [
        48,
        47
      ],
      [
        37,
        57
      ],
      [
        1,
        40
      ],
      [
        35,
        24
      ],
      [
        3,
        25
      ],
      [
        31,
        36
      ],
      [
        50,
        63
      ],
      [
        14,
        38
      ],
      [
        87,
        71
      ],
      [
        77,
        11
      ],
      [
        23,
        30
      ],
      [
        86,
        51
      ],
      [
        5,
        70
      ],
      [
        81,
        6
      ],
      [
        4,
        32
      ],
      [
        45,
        33
      ],
      [
        65,
        96
      ],
      [
        16,
        20
      ],
      [
        91,
        92
      ],
      [
        49,
        54
      ],
      [
        62,
        83
      ],
      [
        41,
        53
      ],
      [
        27,
        17
      ],
      [
        61,
        79
      ],
      [
        13,
        9
      ],
      [
        2,
        12
      ],
      [
        60,
        21
      ],
      [
        0,
        66
      ],
      [
        64,
        22
      ],
      [
        43,
        76
      ],
      [
        69,
        89
      ],
      [
        84,
        46
      ],
      [
        88,
        8
      ]
    ],
    "in_cols": [
      37,
      18,
      29,
      47,
      22,
      27,
      38,
      20,
      35,
      28,
      11,
      46,
      9,
      14,
      6,
      24,
      17,
      1,
      16,
      3,
      15,
      26,
      8,
      43,
      39,
      12,
      42,
      5,
      40,
      4,
      23,
      34,
      10,
      45,
      25,
      32,
      19,
      13,
      31,
      7,
      2,
      30,
      0,
      33,
      21,
      36,
      41,
      44
    ],
    "out_cols": [
      36,
      18,
      25,
      38,
      41,
      35,
      28,
      40,
      14,
      46,
      13,
      44,
      32,
      7,
      1,
      23,
      29,
      21,
      11,
      12,
      19,
      30,
      20,
      34,
      4,
      15,
      24,
      33,
      0,
      16,
      17,
      47,
      8,
      45,
      27,
      42,
      26,
      6,
      39,
      3,
      5,
      9,
      31,
      10,
      37,
      43,
      22,
      2
    ]
  }
}