{
  "config": {
    "steps": 900,
    "lr": 0.03,
    "tau_start": 1.0,
    "tau_end": 0.03,
    "sinkhorn_iters": 30,
    "lambda_ent": 0.0003,
    "train_subsample": 4096,
    "seed": 4701,
    "device": "cuda"
  },
  "final": {
    "soft_mse_full": 0.396959513425827,
    "discrete_mse": 33.55448913574219,
    "hash_match": false,
    "perm_str": "59,52,3,72,39,55,95,80,44,82,56,78,73,93,88,29,42,38,94,30,58,90,18,67,86,26,35,40,15,57,48,19,37,7,10,24,28,47,87,71,68,25,31,36,50,66,1,75,77,11,0,17,84,63,4,70,81,20,91,6,5,33,16,96,62,76,27,89,60,53,14,32,65,54,13,34,23,46,41,9,2,51,69,12,61,22,43,8,74,83,49,92,45,79,64,21,85",
    "in_cols": [
      29,
      3,
      18,
      47,
      22,
      27,
      37,
      44,
      20,
      46,
      28,
      11,
      42,
      16,
      9,
      24,
      17,
      6,
      14,
      43,
      35,
      15,
      26,
      1,
      39,
      0,
      41,
      4,
      40,
      45,
      5,
      10,
      32,
      13,
      30,
      8,
      34,
      7,
      12,
      19,
      2,
      36,
      31,
      21,
      38,
      25,
      23,
      33
    ],
    "out_cols": [
      25,
      35,
      28,
      40,
      41,
      38,
      46,
      14,
      20,
      15,
      44,
      32,
      13,
      21,
      29,
      7,
      1,
      11,
      23,
      34,
      12,
      19,
      31,
      36,
      4,
      6,
      30,
      33,
      8,
      0,
      17,
      47,
      37,
      43,
      26,
      16,
      27,
      18,
      22,
      3,
      24,
      5,
      10,
      2,
      42,
      45,
      39,
      9
    ]
  },
  "best_seen": {
    "discrete_mse": 15.520038604736328,
    "order": [
      [
        59,
        52
      ],
      [
        3,
        72
      ],
      [
        39,
        55
      ],
      [
        95,
        80
      ],
      [
        44,
        82
      ],
      [
        58,
        78
      ],
      [
        73,
        93
      ],
      [
        88,
        29
      ],
      [
        42,
        38
      ],
      [
        94,
        30
      ],
      [
        18,
        90
      ],
      [
        35,
        67
      ],
      [
        86,
        26
      ],
      [
        56,
        40
      ],
      [
        15,
        57
      ],
      [
        48,
        19
      ],
      [
        50,
        7
      ],
      [
        10,
        24
      ],
      [
        28,
        47
      ],
      [
        87,
        71
      ],
      [
        68,
        25
      ],
      [
        31,
        36
      ],
      [
        37,
        66
      ],
      [
        1,
        75
      ],
      [
        77,
        11
      ],
      [
        0,
        17
      ],
      [
        84,
        63
      ],
      [
        4,
        70
      ],
      [
        81,
        20
      ],
      [
        91,
        6
      ],
      [
        5,
        33
      ],
      [
        16,
        96
      ],
      [
        62,
        76
      ],
      [
        27,
        89
      ],
      [
        60,
        53
      ],
      [
        14,
        32
      ],
      [
        65,
        54
      ],
      [
        23,
        34
      ],
      [
        41,
        46
      ],
      [
        13,
        9
      ],
      [
        2,
        51
      ],
      [
        69,
        12
      ],
      [
        61,
        22
      ],
      [
        43,
        8
      ],
      [
        74,
        83
      ],
      [
        49,
        92
      ],
      [
        45,
        79
      ],
      [
        64,
        21
      ]
    ],
    "in_cols": [
      29,
      3,
      18,
      47,
      22,
      28,
      37,
      44,
      20,
      46,
      11,
      16,
      42,
      27,
      9,
      24,
      26,
      6,
      14,
      43,
      35,
      15,
      17,
      1,
      39,
      0,
      41,
      4,
      40,
      45,
      5,
      10,
      32,
      13,
      30,
      8,
      34,
      12,
      19,
      7,
      2,
      36,
      31,
      21,
      38,
      25,
      23,
      33
    ],
    "out_cols": [
      25,
      35,
      28,
      40,
      41,
      38,
      46,
      14,
      20,
      15,
      44,
      32,
      13,
      21,
      29,
      7,
      1,
      11,
      23,
      34,
      12,
      19,
      31,
      36,
      4,
      6,
      30,
      33,
      8,
      0,
      17,
      47,
      37,
      43,
      26,
      16,
      27,
      18,
      22,
      3,
      24,
      5,
      10,
      2,
      42,
      45,
      39,
      9
    ]
  }
}