{
  "config": {
    "steps": 900,
    "lr": 0.03,
    "tau_start": 1.0,
    "tau_end": 0.03,
    "sinkhorn_iters": 30,
    "lambda_ent": 0.0003,
    "train_subsample": 4096,
    "seed": 22101,
    "device": "cuda"
  },
  "final": {
    "soft_mse_full": 0.5903315544128418,
    "discrete_mse": 464.3820495605469,
    "hash_match": false,
    "perm_str": "95,75,59,52,42,55,74,93,58,51,44,82,39,7,87,72,94,29,68,80,18,83,88,67,86,90,28,19,10,36,15,57,73,47,48,71,31,40,35,24,3,53,1,63,50,38,0,26,84,25,64,66,77,11,5,30,14,32,62,6,65,20,23,70,16,96,37,33,91,89,2,78,13,9,56,92,4,34,45,22,43,76,49,79,27,46,81,54,61,12,41,8,60,21,69,17,85",
    "in_cols": [
      47,
      29,
      20,
      38,
      28,
      22,
      18,
      43,
      46,
      35,
      11,
      44,
      42,
      14,
      6,
      9,
      37,
      24,
      15,
      16,
      3,
      1,
      26,
      0,
      41,
      33,
      39,
      5,
      8,
      32,
      34,
      12,
      10,
      17,
      45,
      2,
      7,
      27,
      4,
      23,
      21,
      25,
      13,
      40,
      31,
      19,
      30,
      36
    ],
    "out_cols": [
      36,
      25,
      28,
      46,
      24,
      41,
      1,
      35,
      14,
      40,
      42,
      32,
      44,
      7,
      19,
      29,
      23,
      34,
      21,
      11,
      26,
      30,
      20,
      13,
      12,
      31,
      4,
      15,
      16,
      0,
      8,
      33,
      47,
      17,
      43,
      38,
      3,
      45,
      18,
      10,
      37,
      39,
      22,
      27,
      5,
      2,
      9,
      6
    ]
  },
  "best_seen": {
    "discrete_mse": 3.2568111419677734,
    "order": [
      [
        73,
        75
      ],
      [
        59,
        52
      ],
      [
        39,
        30
      ],
      [
        87,
        78
      ],
      [
        88,
        51
      ],
      [
        44,
        82
      ],
      [
        95,
        93
      ],
      [
        86,
        80
      ],
      [
        42,
        29
      ],
      [
        68,
        36
      ],
      [
        18,
        83
      ],
      [
        81,
        67
      ],
      [
        94,
        90
      ],
      [
        28,
        19
      ],
      [
        50,
        7
      ],
      [
        37,
        57
      ],
      [
        48,
        47
      ],
      [
        15,
        71
      ],
      [
        1,
        40
      ],
      [
        35,
        24
      ],
      [
        3,
        26
      ],
      [
        14,
        63
      ],
      [
        23,
        72
      ],
      [
        0,
        38
      ],
      [
        84,
        25
      ],
      [
        64,
        66
      ],
      [
        77,
        11
      ],
      [
        5,
        32
      ],
      [
        4,
        55
      ],
      [
        62,
        6
      ],
      [
        65,
        20
      ],
      [
        43,
        70
      ],
      [
        16,
        96
      ],
      [
        31,
        53
      ],
      [
        91,
        89
      ],
      [
        60,
        33
      ],
      [
        13,
        9
      ],
      [
        56,
        92
      ],
      [
        2,
        34
      ],
      [
        74,
        22
      ],
      [
        45,
        76
      ],
      [
        49,
        79
      ],
      [
        27,
        46
      ],
      [
        61,
        54
      ],
      [
        58,
        12
      ],
      [
        41,
        8
      ],
      [
        10,
        21
      ],
      [
        69,
        17
      ]
    ],
    "in_cols": [
      37,
      29,
      18,
      43,
      44,
      22,
      47,
      42,
      20,
      35,
      11,
      40,
      46,
      14,
      26,
      17,
      24,
      9,
      1,
      16,
      3,
      8,
      12,
      0,
      41,
      33,
      39,
      5,
      4,
      32,
      34,
      21,
      10,
      15,
      45,
      30,
      7,
      27,
      2,
      38,
      23,
      25,
      13,
      31,
      28,
      19,
      6,
      36
    ],
    "out_cols": [
      36,
      25,
      15,
      38,
      24,
      41,
      46,
      40,
      14,
      19,
      42,
      32,
      44,
      7,
      1,
      29,
      23,
      34,
      21,
      11,
      13,
      30,
      35,
      20,
      12,
      31,
      4,
      16,
      28,
      0,
      8,
      33,
      47,
      26,
      43,
      17,
      3,
      45,
      18,
      10,
      37,
      39,
      22,
      27,
      5,
      2,
      9,
      6
    ]
  }
}