{
  "config": {
    "steps": 900,
    "lr": 0.03,
    "tau_start": 1.0,
    "tau_end": 0.028,
    "sinkhorn_iters": 30,
    "lambda_ent": 0.0003,
    "train_subsample": 4096,
    "seed": 23202,
    "device": "cuda"
  },
  "final": {
    "soft_mse_full": 0.3480631113052368,
    "discrete_mse": 22.82990264892578,
    "hash_match": false,
    "perm_str": "59,52,39,30,74,55,95,93,2,82,68,80,44,78,65,72,42,83,94,38,58,29,28,47,73,19,18,90,15,67,50,20,86,26,35,57,87,71,37,63,3,53,56,25,31,36,1,40,14,21,77,76,5,17,81,79,13,11,27,89,62,6,16,96,43,70,45,33,49,54,4,34,48,7,91,92,60,51,10,9,0,32,84,66,41,75,88,22,61,46,64,24,23,12,69,8,85",
    "in_cols": [
      29,
      18,
      38,
      47,
      2,
      35,
      22,
      34,
      20,
      46,
      28,
      14,
      37,
      11,
      9,
      26,
      42,
      16,
      43,
      17,
      3,
      27,
      15,
      1,
      8,
      39,
      5,
      40,
      7,
      13,
      32,
      10,
      21,
      23,
      25,
      4,
      24,
      45,
      30,
      6,
      0,
      41,
      19,
      44,
      31,
      33,
      12,
      36
    ],
    "out_cols": [
      25,
      15,
      28,
      46,
      41,
      40,
      38,
      35,
      42,
      20,
      14,
      23,
      7,
      44,
      32,
      8,
      13,
      29,
      34,
      30,
      26,
      12,
      19,
      21,
      9,
      37,
      6,
      39,
      4,
      43,
      0,
      47,
      33,
      17,
      27,
      18,
      1,
      45,
      24,
      3,
      16,
      31,
      36,
      10,
      22,
      11,
      5,
      2
    ]
  },
  "best_seen": {
    "discrete_mse": 6.467369556427002,
    "order": [
      [
        59,
        52
      ],
      [
        39,
        72
      ],
      [
        74,
        53
      ],
      [
        95,
        93
      ],
      [
        56,
        82
      ],
      [
        23,
        80
      ],
      [
        44,
        78
      ],
      [
        68,
        29
      ],
      [
        42,
        55
      ],
      [
        94,
        30
      ],
      [
        18,
        7
      ],
      [
        28,
        47
      ],
      [
        48,
        19
      ],
      [
        73,
        90
      ],
      [
        15,
        67
      ],
      [
        50,
        20
      ],
      [
        86,
        57
      ],
      [
        35,
        40
      ],
      [
        87,
        71
      ],
      [
        37,
        63
      ],
      [
        3,
        26
      ],
      [
        62,
        25
      ],
      [
        31,
        36
      ],
      [
        1,
        38
      ],
      [
        14,
        21
      ],
      [
        77,
        76
      ],
      [
        49,
        17
      ],
      [
        81,
        79
      ],
      [
        64,
        11
      ],
      [
        27,
        89
      ],
      [
        5,
        6
      ],
      [
        16,
        96
      ],
      [
        43,
        70
      ],
      [
        45,
        33
      ],
      [
        65,
        54
      ],
      [
        4,
        34
      ],
      [
        13,
        83
      ],
      [
        91,
        92
      ],
      [
        60,
        51
      ],
      [
        10,
        9
      ],
      [
        0,
        32
      ],
      [
        84,
        66
      ],
      [
        41,
        75
      ],
      [
        88,
        22
      ],
      [
        61,
        46
      ],
      [
        58,
        24
      ],
      [
        2,
        12
      ],
      [
        69,
        8
      ]
    ],
    "in_cols": [
      29,
      18,
      38,
      47,
      27,
      12,
      22,
      35,
      20,
      46,
      11,
      14,
      24,
      37,
      9,
      26,
      42,
      16,
      43,
      17,
      3,
      32,
      15,
      1,
      8,
      39,
      25,
      40,
      33,
      13,
      5,
      10,
      21,
      23,
      34,
      4,
      7,
      45,
      30,
      6,
      0,
      41,
      19,
      44,
      31,
      28,
      2,
      36
    ],
    "out_cols": [
      25,
      35,
      26,
      46,
      41,
      40,
      38,
      14,
      28,
      15,
      1,
      23,
      7,
      44,
      32,
      8,
      29,
      21,
      34,
      30,
      13,
      12,
      19,
      20,
      9,
      37,
      6,
      39,
      4,
      43,
      0,
      47,
      33,
      17,
      27,
      18,
      42,
      45,
      24,
      3,
      16,
      31,
      36,
      10,
      22,
      11,
      5,
      2
    ]
  }
}