{
  "config": {
    "steps": 900,
    "lr": 0.03,
    "tau_start": 1.0,
    "tau_end": 0.03,
    "sinkhorn_iters": 30,
    "lambda_ent": 0.0003,
    "train_subsample": 4096,
    "seed": 27801,
    "device": "cuda"
  },
  "final": {
    "soft_mse_full": 0.4432569146156311,
    "discrete_mse": 7.3399200439453125,
    "hash_match": false,
    "perm_str": "59,52,27,38,39,72,95,80,49,55,58,78,44,82,42,29,94,93,10,30,18,54,86,67,35,24,73,47,28,19,37,57,87,7,3,53,50,26,15,40,65,25,31,36,84,90,1,71,23,11,77,76,14,17,4,32,45,63,62,20,81,6,91,33,16,96,60,66,48,70,64,75,13,89,0,9,74,83,5,12,2,34,41,46,69,51,56,21,88,79,61,22,43,92,68,8,85",
    "in_cols": [
      29,
      13,
      18,
      47,
      25,
      28,
      22,
      20,
      46,
      6,
      11,
      42,
      16,
      37,
      14,
      17,
      43,
      3,
      26,
      9,
      34,
      15,
      41,
      1,
      12,
      39,
      8,
      4,
      23,
      32,
      40,
      45,
      10,
      30,
      24,
      33,
      7,
      0,
      38,
      5,
      2,
      19,
      36,
      27,
      44,
      31,
      21,
      35
    ],
    "out_cols": [
      25,
      20,
      35,
      40,
      28,
      38,
      41,
      14,
      46,
      15,
      27,
      32,
      11,
      23,
      7,
      29,
      1,
      26,
      13,
      21,
      12,
      19,
      44,
      34,
      4,
      37,
      6,
      16,
      30,
      8,
      0,
      17,
      47,
      31,
      33,
      36,
      43,
      3,
      42,
      5,
      18,
      22,
      24,
      9,
      39,
      10,
      45,
      2
    ]
  },
  "best_seen": {
    "discrete_mse": 11.065840721130371,
    "order": [
      [
        59,
        52
      ],
      [
        27,
        38
      ],
      [
        39,
        72
      ],
      [
        95,
        63
      ],
      [
        74,
        55
      ],
      [
        58,
        78
      ],
      [
        44,
        82
      ],
      [
        42,
        29
      ],
      [
        88,
        93
      ],
      [
        10,
        30
      ],
      [
        18,
        54
      ],
      [
        86,
        67
      ],
      [
        35,
        24
      ],
      [
        73,
        47
      ],
      [
        28,
        19
      ],
      [
        37,
        57
      ],
      [
        50,
        7
      ],
      [
        3,
        53
      ],
      [
        94,
        26
      ],
      [
        15,
        40
      ],
      [
        65,
        25
      ],
      [
        31,
        36
      ],
      [
        84,
        90
      ],
      [
        1,
        71
      ],
      [
        23,
        11
      ],
      [
        77,
        76
      ],
      [
        14,
        17
      ],
      [
        4,
        32
      ],
      [
        45,
        80
      ],
      [
        81,
        20
      ],
      [
        5,
        6
      ],
      [
        91,
        33
      ],
      [
        16,
        96
      ],
      [
        60,
        66
      ],
      [
        48,
        70
      ],
      [
        64,
        75
      ],
      [
        13,
        89
      ],
      [
        87,
        9
      ],
      [
        62,
        83
      ],
      [
        0,
        12
      ],
      [
        2,
        34
      ],
      [
        41,
        46
      ],
      [
        69,
        51
      ],
      [
        56,
        21
      ],
      [
        49,
        79
      ],
      [
        61,
        22
      ],
      [
        43,
        92
      ],
      [
        68,
        8
      ]
    ],
    "in_cols": [
      29,
      13,
      18,
      47,
      38,
      28,
      22,
      20,
      44,
      6,
      11,
      42,
      16,
      37,
      14,
      17,
      26,
      3,
      46,
      9,
      34,
      15,
      41,
      1,
      12,
      39,
      8,
      4,
      23,
      40,
      5,
      45,
      10,
      30,
      24,
      33,
      7,
      43,
      32,
      0,
      2,
      19,
      36,
      27,
      25,
      31,
      21,
      35
    ],
    "out_cols": [
      25,
      20,
      35,
      30,
      28,
      38,
      41,
      14,
      46,
      15,
      27,
      32,
      11,
      23,
      7,
      29,
      1,
      26,
      13,
      21,
      12,
      19,
      44,
      34,
      4,
      37,
      6,
      16,
      40,
      8,
      0,
      17,
      47,
      31,
      33,
      36,
      43,
      3,
      42,
      5,
      18,
      22,
      24,
      9,
      39,
      10,
      45,
      2
    ]
  }
}