{
  "config": {
    "steps": 900,
    "lr": 0.03,
    "tau_start": 1.0,
    "tau_end": 0.028,
    "sinkhorn_iters": 30,
    "lambda_ent": 0.0003,
    "train_subsample": 4096,
    "seed": 7602,
    "device": "cuda"
  },
  "final": {
    "soft_mse_full": 0.36357372999191284,
    "discrete_mse": 32.507938385009766,
    "hash_match": false,
    "perm_str": "59,25,95,93,84,52,56,30,42,82,44,78,74,55,68,83,88,29,18,67,39,90,94,72,3,80,10,26,37,38,28,19,86,47,48,7,35,57,31,36,1,40,73,24,14,63,87,71,50,66,77,11,49,17,64,53,15,6,45,33,81,22,5,20,16,96,2,70,65,54,91,89,43,92,13,9,0,76,4,32,69,51,62,75,41,34,23,12,60,8,61,46,27,21,58,79,85",
    "in_cols": [
      29,
      47,
      41,
      27,
      20,
      22,
      38,
      35,
      44,
      11,
      18,
      46,
      3,
      6,
      17,
      14,
      42,
      24,
      16,
      15,
      1,
      37,
      8,
      43,
      26,
      39,
      25,
      33,
      9,
      23,
      40,
      5,
      10,
      2,
      34,
      45,
      21,
      7,
      0,
      4,
      36,
      32,
      19,
      12,
      30,
      31,
      13,
      28
    ],
    "out_cols": [
      12,
      46,
      25,
      15,
      41,
      38,
      28,
      42,
      14,
      32,
      44,
      35,
      40,
      13,
      20,
      7,
      23,
      1,
      29,
      19,
      21,
      11,
      30,
      34,
      31,
      4,
      6,
      26,
      0,
      17,
      10,
      8,
      47,
      33,
      27,
      43,
      45,
      3,
      37,
      16,
      24,
      36,
      18,
      5,
      2,
      22,
      9,
      39
    ]
  },
  "best_seen": {
    "discrete_mse": 12.317239761352539,
    "order": [
      [
        59,
        25
      ],
      [
        95,
        78
      ],
      [
        84,
        52
      ],
      [
        56,
        30
      ],
      [
        42,
        82
      ],
      [
        44,
        93
      ],
      [
        74,
        55
      ],
      [
        94,
        83
      ],
      [
        88,
        29
      ],
      [
        18,
        67
      ],
      [
        39,
        90
      ],
      [
        3,
        72
      ],
      [
        86,
        80
      ],
      [
        10,
        26
      ],
      [
        37,
        38
      ],
      [
        28,
        19
      ],
      [
        68,
        47
      ],
      [
        48,
        7
      ],
      [
        35,
        57
      ],
      [
        31,
        36
      ],
      [
        1,
        40
      ],
      [
        73,
        24
      ],
      [
        14,
        63
      ],
      [
        87,
        71
      ],
      [
        50,
        66
      ],
      [
        77,
        11
      ],
      [
        49,
        17
      ],
      [
        64,
        53
      ],
      [
        15,
        6
      ],
      [
        45,
        33
      ],
      [
        81,
        22
      ],
      [
        5,
        20
      ],
      [
        16,
        96
      ],
      [
        2,
        70
      ],
      [
        65,
        54
      ],
      [
        91,
        89
      ],
      [
        43,
        92
      ],
      [
        13,
        9
      ],
      [
        0,
        76
      ],
      [
        4,
        32
      ],
      [
        69,
        51
      ],
      [
        62,
        75
      ],
      [
        41,
        34
      ],
      [
        23,
        12
      ],
      [
        60,
        8
      ],
      [
        61,
        46
      ],
      [
        27,
        21
      ],
      [
        58,
        79
      ]
    ],
    "in_cols": [
      29,
      47,
      41,
      27,
      20,
      22,
      38,
      46,
      44,
      11,
      18,
      3,
      42,
      6,
      17,
      14,
      35,
      24,
      16,
      15,
      1,
      37,
      8,
      43,
      26,
      39,
      25,
      33,
      9,
      23,
      40,
      5,
      10,
      2,
      34,
      45,
      21,
      7,
      0,
      4,
      36,
      32,
      19,
      12,
      30,
      31,
      13,
      28
    ],
    "out_cols": [
      12,
      38,
      25,
      15,
      41,
      46,
      28,
      42,
      14,
      32,
      44,
      35,
      40,
      13,
      20,
      7,
      23,
      1,
      29,
      19,
      21,
      11,
      30,
      34,
      31,
      4,
      6,
      26,
      0,
      17,
      10,
      8,
      47,
      33,
      27,
      43,
      45,
      3,
      37,
      16,
      24,
      36,
      18,
      5,
      2,
      22,
      9,
      39
    ]
  }
}