{
  "config": {
    "steps": 700,
    "lr": 0.015,
    "tau_start": 1.0,
    "tau_end": 0.025,
    "sinkhorn_iters": 30,
    "lambda_ent": 0.0001,
    "train_subsample": 0,
    "seed": 22104,
    "device": "cuda"
  },
  "final": {
    "soft_mse_full": 0.31099289655685425,
    "discrete_mse": 94.70691680908203,
    "hash_match": false,
    "perm_str": "59,52,39,72,95,66,56,30,73,78,44,82,87,93,94,80,42,29,58,55,18,83,86,90,28,19,35,24,50,7,37,57,15,67,68,47,48,26,14,63,3,25,31,36,27,38,1,71,64,40,81,75,5,11,74,17,60,6,77,33,62,20,4,70,16,96,65,76,91,53,41,32,13,89,84,34,61,9,49,92,43,54,69,51,10,46,0,12,88,8,23,79,45,22,2,21,85",
    "in_cols": [
      29,
      18,
      47,
      27,
      37,
      22,
      43,
      46,
      20,
      28,
      11,
      42,
      14,
      16,
      26,
      17,
      9,
      35,
      24,
      8,
      3,
      15,
      13,
      1,
      33,
      40,
      5,
      38,
      30,
      39,
      32,
      4,
      10,
      34,
      45,
      19,
      7,
      41,
      31,
      25,
      21,
      36,
      6,
      0,
      44,
      12,
      23,
      2
    ],
    "out_cols": [
      25,
      35,
      31,
      15,
      38,
      41,
      46,
      40,
      14,
      28,
      42,
      44,
      7,
      11,
      1,
      29,
      32,
      23,
      13,
      30,
      12,
      19,
      20,
      34,
      21,
      36,
      4,
      6,
      0,
      17,
      8,
      33,
      47,
      37,
      26,
      16,
      43,
      18,
      3,
      45,
      27,
      24,
      22,
      5,
      2,
      39,
      10,
      9
    ]
  },
  "best_seen": {
    "discrete_mse": 33.98131561279297,
    "order": [
      [
        59,
        52
      ],
      [
        39,
        72
      ],
      [
        95,
        66
      ],
      [
        56,
        30
      ],
      [
        73,
        78
      ],
      [
        44,
        82
      ],
      [
        87,
        93
      ],
      [
        94,
        80
      ],
      [
        42,
        29
      ],
      [
        58,
        55
      ],
      [
        18,
        83
      ],
      [
        86,
        90
      ],
      [
        28,
        19
      ],
      [
        35,
        24
      ],
      [
        50,
        7
      ],
      [
        37,
        57
      ],
      [
        15,
        67
      ],
      [
        68,
        47
      ],
      [
        48,
        26
      ],
      [
        14,
        63
      ],
      [
        3,
        25
      ],
      [
        31,
        36
      ],
      [
        27,
        38
      ],
      [
        1,
        71
      ],
      [
        64,
        40
      ],
      [
        81,
        75
      ],
      [
        5,
        11
      ],
      [
        4,
        17
      ],
      [
        62,
        6
      ],
      [
        0,
        33
      ],
      [
        74,
        20
      ],
      [
        77,
        70
      ],
      [
        16,
        96
      ],
      [
        91,
        76
      ],
      [
        65,
        53
      ],
      [
        41,
        32
      ],
      [
        60,
        89
      ],
      [
        84,
        34
      ],
      [
        61,
        9
      ],
      [
        49,
        92
      ],
      [
        43,
        54
      ],
      [
        13,
        51
      ],
      [
        10,
        46
      ],
      [
        69,
        12
      ],
      [
        88,
        8
      ],
      [
        23,
        79
      ],
      [
        45,
        22
      ],
      [
        2,
        21
      ]
    ],
    "in_cols": [
      29,
      18,
      47,
      27,
      37,
      22,
      43,
      46,
      20,
      28,
      11,
      42,
      14,
      16,
      26,
      17,
      9,
      35,
      24,
      8,
      3,
      15,
      13,
      1,
      33,
      40,
      5,
      4,
      32,
      0,
      38,
      39,
      10,
      45,
      34,
      19,
      30,
      41,
      31,
      25,
      21,
      7,
      6,
      36,
      44,
      12,
      23,
      2
    ],
    "out_cols": [
      25,
      35,
      31,
      15,
      38,
      41,
      46,
      40,
      14,
      28,
      42,
      44,
      7,
      11,
      1,
      29,
      32,
      23,
      13,
      30,
      12,
      19,
      20,
      34,
      21,
      36,
      4,
      6,
      0,
      17,
      8,
      33,
      47,
      37,
      26,
      16,
      43,
      18,
      3,
      45,
      27,
      24,
      22,
      5,
      2,
      39,
      10,
      9
    ]
  }
}