{
  "config": {
    "steps": 900,
    "lr": 0.03,
    "tau_start": 1.0,
    "tau_end": 0.028,
    "sinkhorn_iters": 30,
    "lambda_ent": 0.0003,
    "train_subsample": 4096,
    "seed": 22202,
    "device": "cuda"
  },
  "final": {
    "soft_mse_full": 0.4345959722995758,
    "discrete_mse": 13.669351577758789,
    "hash_match": false,
    "perm_str": "59,30,74,72,95,55,86,52,56,80,44,82,37,93,42,29,73,7,58,78,3,19,94,53,35,90,10,24,18,57,15,67,28,47,39,63,48,36,50,38,23,25,87,71,31,26,1,76,64,40,5,11,14,17,81,6,91,51,62,32,77,33,65,20,16,96,0,12,2,70,60,54,45,22,88,83,84,46,43,66,49,8,13,9,68,79,61,75,41,34,27,21,4,92,69,89,85",
    "in_cols": [
      29,
      38,
      47,
      42,
      27,
      22,
      17,
      20,
      37,
      28,
      3,
      46,
      16,
      6,
      11,
      9,
      14,
      18,
      24,
      26,
      12,
      43,
      15,
      1,
      33,
      5,
      8,
      40,
      45,
      32,
      39,
      34,
      10,
      0,
      2,
      30,
      23,
      44,
      41,
      21,
      25,
      7,
      35,
      31,
      19,
      13,
      4,
      36
    ],
    "out_cols": [
      15,
      35,
      28,
      25,
      40,
      41,
      46,
      14,
      1,
      38,
      7,
      26,
      44,
      11,
      29,
      32,
      23,
      30,
      19,
      20,
      12,
      34,
      13,
      37,
      21,
      4,
      6,
      0,
      24,
      16,
      17,
      8,
      47,
      5,
      33,
      27,
      10,
      42,
      22,
      31,
      2,
      3,
      39,
      36,
      18,
      9,
      45,
      43
    ]
  },
  "best_seen": {
    "discrete_mse": 10.629749298095703,
    "order": [
      [
        49,
        70
      ],
      [
        87,
        25
      ],
      [
        81,
        29
      ],
      [
        5,
        96
      ],
      [
        69,
        46
      ],
      [
        37,
        78
      ],
      [
        68,
        11
      ],
      [
        61,
        8
      ],
      [
        74,
        38
      ],
      [
        13,
        76
      ],
      [
        15,
        71
      ],
      [
        27,
        17
      ],
      [
        42,
        93
      ],
      [
        95,
        72
      ],
      [
        18,
        40
      ],
      [
        62,
        57
      ],
      [
        44,
        34
      ],
      [
        0,
        83
      ],
      [
        3,
        52
      ],
      [
        94,
        54
      ],
      [
        88,
        22
      ],
      [
        59,
        92
      ],
      [
        45,
        9
      ],
      [
        56,
        51
      ],
      [
        50,
        63
      ],
      [
        64,
        67
      ],
      [
        41,
        12
      ],
      [
        31,
        53
      ],
      [
        58,
        90
      ],
      [
        77,
        30
      ],
      [
        84,
        24
      ],
      [
        86,
        7
      ],
      [
        14,
        36
      ],
      [
        2,
        66
      ],
      [
        43,
        47
      ],
      [
        39,
        79
      ],
      [
        48,
        89
      ],
      [
        65,
        80
      ],
      [
        35,
        75
      ],
      [
        28,
        6
      ],
      [
        4,
        21
      ],
      [
        91,
        20
      ],
      [
        10,
        33
      ],
      [
        16,
        55
      ],
      [
        23,
        32
      ],
      [
        73,
        82
      ],
      [
        1,
        19
      ],
      [
        60,
        26
      ]
    ],
    "in_cols": [
      25,
      43,
      40,
      5,
      36,
      17,
      35,
      31,
      38,
      7,
      9,
      13,
      20,
      47,
      11,
      32,
      22,
      0,
      3,
      46,
      44,
      29,
      23,
      27,
      26,
      33,
      19,
      15,
      28,
      39,
      41,
      42,
      8,
      2,
      21,
      18,
      24,
      34,
      16,
      14,
      4,
      45,
      6,
      10,
      12,
      37,
      1,
      30
    ],
    "out_cols": [
      33,
      12,
      14,
      47,
      22,
      38,
      4,
      2,
      20,
      37,
      34,
      6,
      46,
      35,
      21,
      29,
      18,
      42,
      25,
      27,
      10,
      45,
      3,
      24,
      30,
      32,
      5,
      26,
      44,
      15,
      11,
      1,
      19,
      31,
      23,
      39,
      43,
      40,
      36,
      0,
      9,
      8,
      17,
      28,
      16,
      41,
      7,
      13
    ]
  }
}