{
  "config": {
    "steps": 900,
    "lr": 0.03,
    "tau_start": 1.0,
    "tau_end": 0.028,
    "sinkhorn_iters": 30,
    "lambda_ent": 0.0003,
    "train_subsample": 4096,
    "seed": 11702,
    "device": "cuda"
  },
  "final": {
    "soft_mse_full": 0.3878668248653412,
    "discrete_mse": 11.704611778259277,
    "hash_match": false,
    "perm_str": "59,30,39,72,84,52,73,63,95,82,44,78,68,93,74,7,42,90,86,29,94,38,69,67,48,19,35,24,18,47,15,57,10,80,28,40,87,34,3,25,31,36,88,26,50,66,1,71,23,75,4,32,14,6,5,51,81,11,65,92,16,33,62,20,43,70,91,96,37,53,49,54,77,9,58,89,13,83,61,22,0,17,64,12,56,21,2,55,41,79,60,46,45,76,27,8,85",
    "in_cols": [
      29,
      18,
      41,
      37,
      47,
      22,
      35,
      38,
      20,
      42,
      46,
      36,
      24,
      16,
      11,
      9,
      6,
      14,
      43,
      3,
      15,
      44,
      26,
      1,
      12,
      4,
      8,
      5,
      40,
      34,
      10,
      32,
      21,
      45,
      17,
      25,
      39,
      28,
      7,
      31,
      0,
      33,
      27,
      2,
      19,
      30,
      23,
      13
    ],
    "out_cols": [
      15,
      35,
      25,
      30,
      41,
      38,
      46,
      1,
      44,
      14,
      20,
      32,
      7,
      11,
      23,
      29,
      40,
      21,
      18,
      12,
      19,
      13,
      31,
      34,
      36,
      16,
      0,
      24,
      4,
      45,
      17,
      8,
      33,
      47,
      26,
      27,
      3,
      43,
      42,
      10,
      6,
      5,
      9,
      28,
      39,
      22,
      37,
      2
    ]
  },
  "best_seen": {
    "discrete_mse": 11.704611778259277,
    "order": [
      [
        59,
        30
      ],
      [
        39,
        72
      ],
      [
        84,
        52
      ],
      [
        73,
        63
      ],
      [
        95,
        82
      ],
      [
        44,
        78
      ],
      [
        68,
        93
      ],
      [
        74,
        7
      ],
      [
        42,
        90
      ],
      [
        86,
        29
      ],
      [
        94,
        38
      ],
      [
        69,
        67
      ],
      [
        48,
        19
      ],
      [
        35,
        24
      ],
      [
        18,
        47
      ],
      [
        15,
        57
      ],
      [
        10,
        80
      ],
      [
        28,
        40
      ],
      [
        87,
        34
      ],
      [
        3,
        25
      ],
      [
        31,
        36
      ],
      [
        88,
        26
      ],
      [
        50,
        66
      ],
      [
        1,
        71
      ],
      [
        23,
        75
      ],
      [
        4,
        32
      ],
      [
        14,
        6
      ],
      [
        5,
        51
      ],
      [
        81,
        11
      ],
      [
        65,
        92
      ],
      [
        16,
        33
      ],
      [
        62,
        20
      ],
      [
        43,
        70
      ],
      [
        91,
        96
      ],
      [
        37,
        53
      ],
      [
        49,
        54
      ],
      [
        77,
        9
      ],
      [
        58,
        89
      ],
      [
        13,
        83
      ],
      [
        61,
        22
      ],
      [
        0,
        17
      ],
      [
        64,
        12
      ],
      [
        56,
        21
      ],
      [
        2,
        55
      ],
      [
        41,
        79
      ],
      [
        60,
        46
      ],
      [
        45,
        76
      ],
      [
        27,
        8
      ]
    ],
    "in_cols": [
      29,
      18,
      41,
      37,
      47,
      22,
      35,
      38,
      20,
      42,
      46,
      36,
      24,
      16,
      11,
      9,
      6,
      14,
      43,
      3,
      15,
      44,
      26,
      1,
      12,
      4,
      8,
      5,
      40,
      34,
      10,
      32,
      21,
      45,
      17,
      25,
      39,
      28,
      7,
      31,
      0,
      33,
      27,
      2,
      19,
      30,
      23,
      13
    ],
    "out_cols": [
      15,
      35,
      25,
      30,
      41,
      38,
      46,
      1,
      44,
      14,
      20,
      32,
      7,
      11,
      23,
      29,
      40,
      21,
      18,
      12,
      19,
      13,
      31,
      34,
      36,
      16,
      0,
      24,
      4,
      45,
      17,
      8,
      33,
      47,
      26,
      27,
      3,
      43,
      42,
      10,
      6,
      5,
      9,
      28,
      39,
      22,
      37,
      2
    ]
  }
}