{
  "config": {
    "steps": 900,
    "lr": 0.03,
    "tau_start": 1.0,
    "tau_end": 0.028,
    "sinkhorn_iters": 30,
    "lambda_ent": 0.0003,
    "train_subsample": 4096,
    "seed": 17402,
    "device": "cuda"
  },
  "final": {
    "soft_mse_full": 0.36944931745529175,
    "discrete_mse": 144.02622985839844,
    "hash_match": false,
    "perm_str": "59,30,39,72,95,52,42,63,44,82,58,78,69,80,10,55,37,93,86,29,35,67,18,90,15,40,73,47,50,57,1,19,68,7,48,38,94,53,65,24,3,25,87,26,31,36,14,71,23,75,64,12,45,17,27,51,81,11,77,33,4,6,16,20,5,70,62,96,91,9,43,83,13,34,28,92,61,66,60,89,74,54,0,32,2,79,84,22,41,46,56,76,49,8,88,21,85",
    "in_cols": [
      29,
      18,
      47,
      20,
      22,
      28,
      36,
      6,
      17,
      42,
      16,
      11,
      9,
      37,
      26,
      1,
      35,
      24,
      46,
      34,
      3,
      43,
      15,
      8,
      12,
      33,
      23,
      13,
      40,
      39,
      4,
      10,
      5,
      32,
      45,
      21,
      7,
      14,
      31,
      30,
      38,
      0,
      2,
      41,
      19,
      27,
      25,
      44
    ],
    "out_cols": [
      15,
      35,
      25,
      30,
      41,
      38,
      40,
      28,
      46,
      14,
      32,
      44,
      21,
      23,
      29,
      7,
      1,
      20,
      26,
      11,
      12,
      13,
      19,
      34,
      36,
      5,
      6,
      24,
      4,
      17,
      0,
      8,
      33,
      47,
      3,
      42,
      18,
      45,
      31,
      43,
      27,
      16,
      39,
      10,
      22,
      37,
      2,
      9
    ]
  },
  "best_seen": {
    "discrete_mse": 10.029643058776855,
    "order": [
      [
        27,
        19
      ],
      [
        68,
        40
      ],
      [
        69,
        67
      ],
      [
        94,
        22
      ],
      [
        5,
        76
      ],
      [
        39,
        57
      ],
      [
        48,
        26
      ],
      [
        28,
        30
      ],
      [
        73,
        55
      ],
      [
        42,
        54
      ],
      [
        65,
        53
      ],
      [
        18,
        63
      ],
      [
        2,
        36
      ],
      [
        37,
        29
      ],
      [
        23,
        46
      ],
      [
        35,
        8
      ],
      [
        95,
        72
      ],
      [
        44,
        25
      ],
      [
        56,
        79
      ],
      [
        16,
        80
      ],
      [
        60,
        34
      ],
      [
        15,
        12
      ],
      [
        84,
        17
      ],
      [
        88,
        93
      ],
      [
        1,
        83
      ],
      [
        41,
        9
      ],
      [
        74,
        6
      ],
      [
        86,
        51
      ],
      [
        49,
        47
      ],
      [
        0,
        38
      ],
      [
        62,
        82
      ],
      [
        31,
        89
      ],
      [
        77,
        21
      ],
      [
        81,
        66
      ],
      [
        64,
        33
      ],
      [
        50,
        75
      ],
      [
        43,
        71
      ],
      [
        3,
        92
      ],
      [
        14,
        32
      ],
      [
        59,
        96
      ],
      [
        91,
        20
      ],
      [
        45,
        52
      ],
      [
        10,
        24
      ],
      [
        61,
        90
      ],
      [
        13,
        7
      ],
      [
        58,
        70
      ],
      [
        87,
        11
      ],
      [
        4,
        78
      ]
    ],
    "in_cols": [
      13,
      35,
      36,
      46,
      5,
      18,
      24,
      14,
      37,
      20,
      34,
      11,
      2,
      17,
      12,
      16,
      47,
      22,
      27,
      10,
      30,
      9,
      41,
      44,
      1,
      19,
      38,
      42,
      25,
      0,
      32,
      15,
      39,
      40,
      33,
      26,
      21,
      3,
      8,
      29,
      45,
      23,
      6,
      31,
      7,
      28,
      43,
      4
    ],
    "out_cols": [
      7,
      21,
      32,
      10,
      37,
      29,
      13,
      15,
      28,
      27,
      26,
      30,
      19,
      14,
      22,
      2,
      35,
      12,
      39,
      40,
      18,
      5,
      6,
      46,
      42,
      3,
      0,
      24,
      23,
      20,
      41,
      43,
      9,
      31,
      17,
      36,
      34,
      45,
      16,
      47,
      8,
      25,
      11,
      44,
      1,
      33,
      4,
      38
    ]
  }
}