{
  "config": {
    "steps": 700,
    "lr": 0.015,
    "tau_start": 1.0,
    "tau_end": 0.025,
    "sinkhorn_iters": 30,
    "lambda_ent": 0.0001,
    "train_subsample": 0,
    "seed": 18304,
    "device": "cuda"
  },
  "final": {
    "soft_mse_full": 0.30832338333129883,
    "discrete_mse": 189.0620574951172,
    "hash_match": false,
    "perm_str": "59,52,39,72,73,75,95,55,56,30,44,82,68,93,94,80,42,83,58,78,18,29,35,90,37,40,28,19,50,7,10,24,15,57,86,47,48,26,1,63,3,25,31,36,23,71,27,38,14,8,5,51,4,17,81,11,45,20,43,6,77,33,62,67,16,70,65,96,61,53,91,9,49,21,87,76,74,92,13,54,0,46,41,22,88,34,2,12,69,32,84,66,60,79,64,89,85",
    "in_cols": [
      29,
      18,
      37,
      47,
      27,
      22,
      35,
      46,
      20,
      28,
      11,
      16,
      17,
      14,
      26,
      6,
      9,
      42,
      24,
      1,
      3,
      15,
      12,
      13,
      8,
      5,
      4,
      40,
      23,
      21,
      39,
      32,
      10,
      34,
      31,
      45,
      25,
      43,
      38,
      7,
      0,
      19,
      44,
      2,
      36,
      41,
      30,
      33
    ],
    "out_cols": [
      25,
      35,
      36,
      28,
      15,
      41,
      46,
      40,
      42,
      38,
      14,
      44,
      21,
      7,
      1,
      11,
      29,
      23,
      13,
      30,
      12,
      19,
      34,
      20,
      2,
      24,
      6,
      4,
      8,
      0,
      17,
      32,
      33,
      47,
      26,
      3,
      9,
      37,
      45,
      27,
      22,
      10,
      18,
      5,
      16,
      31,
      39,
      43
    ]
  },
  "best_seen": {
    "discrete_mse": 17.648517608642578,
    "order": [
      [
        59,
        52
      ],
      [
        39,
        72
      ],
      [
        73,
        75
      ],
      [
        95,
        67
      ],
      [
        56,
        30
      ],
      [
        44,
        82
      ],
      [
        68,
        93
      ],
      [
        94,
        80
      ],
      [
        42,
        55
      ],
      [
        58,
        78
      ],
      [
        18,
        29
      ],
      [
        35,
        90
      ],
      [
        69,
        40
      ],
      [
        28,
        19
      ],
      [
        37,
        7
      ],
      [
        10,
        24
      ],
      [
        15,
        57
      ],
      [
        86,
        47
      ],
      [
        50,
        26
      ],
      [
        1,
        63
      ],
      [
        3,
        25
      ],
      [
        31,
        36
      ],
      [
        23,
        71
      ],
      [
        27,
        38
      ],
      [
        14,
        17
      ],
      [
        64,
        83
      ],
      [
        4,
        51
      ],
      [
        77,
        11
      ],
      [
        62,
        20
      ],
      [
        81,
        76
      ],
      [
        45,
        33
      ],
      [
        5,
        6
      ],
      [
        16,
        70
      ],
      [
        65,
        96
      ],
      [
        61,
        53
      ],
      [
        91,
        9
      ],
      [
        49,
        21
      ],
      [
        0,
        34
      ],
      [
        74,
        92
      ],
      [
        13,
        54
      ],
      [
        2,
        46
      ],
      [
        41,
        22
      ],
      [
        87,
        8
      ],
      [
        43,
        12
      ],
      [
        48,
        32
      ],
      [
        84,
        66
      ],
      [
        88,
        79
      ],
      [
        60,
        89
      ]
    ],
    "in_cols": [
      29,
      18,
      37,
      47,
      27,
      22,
      35,
      46,
      20,
      28,
      11,
      16,
      36,
      14,
      17,
      6,
      9,
      42,
      26,
      1,
      3,
      15,
      12,
      13,
      8,
      33,
      4,
      39,
      32,
      40,
      23,
      5,
      10,
      34,
      31,
      45,
      25,
      0,
      38,
      7,
      2,
      19,
      43,
      21,
      24,
      41,
      44,
      30
    ],
    "out_cols": [
      25,
      35,
      36,
      32,
      15,
      41,
      46,
      40,
      28,
      38,
      14,
      44,
      21,
      7,
      1,
      11,
      29,
      23,
      13,
      30,
      12,
      19,
      34,
      20,
      6,
      42,
      24,
      4,
      8,
      37,
      17,
      0,
      33,
      47,
      26,
      3,
      9,
      18,
      45,
      27,
      22,
      10,
      2,
      5,
      16,
      31,
      39,
      43
    ]
  }
}