{
  "config": {
    "steps": 700,
    "lr": 0.02,
    "tau_start": 1.0,
    "tau_end": 0.03,
    "sinkhorn_iters": 30,
    "lambda_ent": 0.0003,
    "train_subsample": 0,
    "seed": 22303,
    "device": "cuda"
  },
  "final": {
    "soft_mse_full": 0.3778665363788605,
    "discrete_mse": 126.95062255859375,
    "hash_match": false,
    "perm_str": "59,52,39,30,95,80,42,63,56,82,44,78,37,93,87,29,88,55,69,83,58,90,35,26,28,24,18,19,73,7,15,67,50,57,68,47,94,53,10,40,3,25,31,36,23,38,1,71,77,11,81,8,0,17,62,6,48,70,16,33,45,72,5,20,14,96,91,92,65,32,74,66,13,75,4,46,60,76,84,54,61,9,86,51,27,79,41,34,43,22,2,12,49,21,64,89,85",
    "in_cols": [
      29,
      18,
      47,
      20,
      27,
      22,
      17,
      43,
      44,
      36,
      28,
      16,
      14,
      11,
      37,
      9,
      26,
      35,
      46,
      6,
      3,
      15,
      12,
      1,
      39,
      40,
      0,
      32,
      24,
      10,
      23,
      5,
      8,
      45,
      34,
      38,
      7,
      4,
      30,
      41,
      31,
      42,
      13,
      19,
      21,
      2,
      25,
      33
    ],
    "out_cols": [
      25,
      15,
      40,
      30,
      41,
      38,
      46,
      14,
      28,
      42,
      44,
      13,
      11,
      7,
      1,
      32,
      29,
      23,
      26,
      21,
      12,
      19,
      20,
      34,
      4,
      2,
      6,
      0,
      33,
      17,
      35,
      8,
      47,
      45,
      16,
      31,
      36,
      22,
      37,
      27,
      3,
      24,
      39,
      18,
      10,
      5,
      9,
      43
    ]
  },
  "best_seen": {
    "discrete_mse": 41.033260345458984,
    "order": [
      [
        59,
        52
      ],
      [
        39,
        30
      ],
      [
        95,
        80
      ],
      [
        42,
        63
      ],
      [
        56,
        82
      ],
      [
        44,
        78
      ],
      [
        37,
        93
      ],
      [
        86,
        29
      ],
      [
        88,
        55
      ],
      [
        69,
        83
      ],
      [
        58,
        90
      ],
      [
        35,
        26
      ],
      [
        28,
        19
      ],
      [
        10,
        24
      ],
      [
        73,
        7
      ],
      [
        15,
        67
      ],
      [
        50,
        57
      ],
      [
        68,
        47
      ],
      [
        94,
        53
      ],
      [
        87,
        40
      ],
      [
        3,
        25
      ],
      [
        31,
        36
      ],
      [
        27,
        38
      ],
      [
        1,
        71
      ],
      [
        77,
        11
      ],
      [
        81,
        8
      ],
      [
        14,
        17
      ],
      [
        62,
        6
      ],
      [
        43,
        70
      ],
      [
        48,
        33
      ],
      [
        91,
        92
      ],
      [
        5,
        20
      ],
      [
        16,
        96
      ],
      [
        65,
        76
      ],
      [
        0,
        32
      ],
      [
        74,
        66
      ],
      [
        13,
        75
      ],
      [
        4,
        46
      ],
      [
        60,
        51
      ],
      [
        61,
        54
      ],
      [
        18,
        9
      ],
      [
        23,
        72
      ],
      [
        84,
        79
      ],
      [
        41,
        34
      ],
      [
        45,
        22
      ],
      [
        2,
        12
      ],
      [
        49,
        21
      ],
      [
        64,
        89
      ]
    ],
    "in_cols": [
      29,
      18,
      47,
      20,
      27,
      22,
      17,
      42,
      44,
      36,
      28,
      16,
      14,
      6,
      37,
      9,
      26,
      35,
      46,
      43,
      3,
      15,
      13,
      1,
      39,
      40,
      8,
      32,
      21,
      24,
      45,
      5,
      10,
      34,
      0,
      38,
      7,
      4,
      30,
      31,
      11,
      12,
      41,
      19,
      23,
      2,
      25,
      33
    ],
    "out_cols": [
      25,
      15,
      40,
      30,
      41,
      38,
      46,
      14,
      28,
      42,
      44,
      13,
      7,
      11,
      1,
      32,
      29,
      23,
      26,
      21,
      12,
      19,
      20,
      34,
      4,
      2,
      6,
      0,
      33,
      17,
      45,
      8,
      47,
      37,
      16,
      31,
      36,
      22,
      24,
      27,
      3,
      35,
      39,
      18,
      10,
      5,
      9,
      43
    ]
  }
}