{
  "config": {
    "steps": 700,
    "lr": 0.02,
    "tau_start": 1.0,
    "tau_end": 0.03,
    "sinkhorn_iters": 30,
    "lambda_ent": 0.0003,
    "train_subsample": 0,
    "seed": 19003,
    "device": "cuda"
  },
  "final": {
    "soft_mse_full": 0.35501807928085327,
    "discrete_mse": 56.31584167480469,
    "hash_match": false,
    "perm_str": "59,30,35,72,39,52,95,63,56,82,44,78,73,55,42,29,69,93,86,19,58,90,94,80,87,40,18,67,10,24,15,57,37,7,68,47,48,26,1,71,3,25,50,66,31,36,23,38,64,75,4,32,77,11,5,17,43,70,62,6,81,20,45,33,65,96,16,92,91,53,60,54,13,83,74,9,61,76,14,51,41,8,84,22,88,89,49,34,28,12,0,46,27,79,2,21,85",
    "in_cols": [
      29,
      16,
      18,
      47,
      27,
      22,
      37,
      20,
      36,
      42,
      28,
      46,
      43,
      11,
      6,
      9,
      17,
      35,
      24,
      1,
      3,
      26,
      15,
      12,
      33,
      4,
      39,
      5,
      21,
      32,
      40,
      23,
      34,
      10,
      45,
      30,
      7,
      38,
      31,
      8,
      19,
      41,
      44,
      25,
      14,
      0,
      13,
      2
    ],
    "out_cols": [
      15,
      35,
      25,
      30,
      41,
      38,
      28,
      14,
      46,
      7,
      44,
      40,
      21,
      32,
      11,
      29,
      1,
      23,
      13,
      34,
      12,
      31,
      19,
      20,
      36,
      16,
      4,
      6,
      33,
      0,
      8,
      17,
      47,
      45,
      26,
      27,
      42,
      3,
      37,
      24,
      2,
      10,
      43,
      18,
      5,
      22,
      39,
      9
    ]
  },
  "best_seen": {
    "discrete_mse": 5.926280975341797,
    "order": [
      [
        59,
        52
      ],
      [
        39,
        72
      ],
      [
        95,
        93
      ],
      [
        87,
        63
      ],
      [
        56,
        82
      ],
      [
        44,
        78
      ],
      [
        74,
        55
      ],
      [
        42,
        29
      ],
      [
        69,
        57
      ],
      [
        86,
        19
      ],
      [
        58,
        30
      ],
      [
        28,
        80
      ],
      [
        37,
        40
      ],
      [
        18,
        90
      ],
      [
        35,
        24
      ],
      [
        15,
        67
      ],
      [
        73,
        7
      ],
      [
        68,
        47
      ],
      [
        94,
        26
      ],
      [
        48,
        71
      ],
      [
        3,
        25
      ],
      [
        50,
        66
      ],
      [
        31,
        36
      ],
      [
        1,
        38
      ],
      [
        23,
        75
      ],
      [
        4,
        32
      ],
      [
        81,
        11
      ],
      [
        14,
        17
      ],
      [
        0,
        70
      ],
      [
        62,
        6
      ],
      [
        5,
        20
      ],
      [
        45,
        33
      ],
      [
        16,
        96
      ],
      [
        77,
        92
      ],
      [
        91,
        53
      ],
      [
        49,
        54
      ],
      [
        13,
        83
      ],
      [
        65,
        9
      ],
      [
        61,
        76
      ],
      [
        43,
        51
      ],
      [
        10,
        8
      ],
      [
        84,
        22
      ],
      [
        60,
        89
      ],
      [
        88,
        34
      ],
      [
        2,
        12
      ],
      [
        41,
        46
      ],
      [
        27,
        79
      ],
      [
        64,
        21
      ]
    ],
    "in_cols": [
      29,
      18,
      47,
      43,
      27,
      22,
      38,
      20,
      36,
      42,
      28,
      14,
      17,
      11,
      16,
      9,
      37,
      35,
      46,
      24,
      3,
      26,
      15,
      1,
      12,
      4,
      40,
      8,
      0,
      32,
      5,
      23,
      10,
      39,
      45,
      25,
      7,
      34,
      31,
      21,
      6,
      41,
      30,
      44,
      2,
      19,
      13,
      33
    ],
    "out_cols": [
      25,
      35,
      46,
      30,
      41,
      38,
      28,
      14,
      29,
      7,
      15,
      40,
      21,
      44,
      11,
      32,
      1,
      23,
      13,
      34,
      12,
      31,
      19,
      20,
      36,
      16,
      4,
      6,
      33,
      0,
      8,
      17,
      47,
      45,
      26,
      27,
      42,
      3,
      37,
      24,
      2,
      10,
      43,
      18,
      5,
      22,
      39,
      9
    ]
  }
}