{
  "config": {
    "steps": 700,
    "lr": 0.015,
    "tau_start": 1.0,
    "tau_end": 0.025,
    "sinkhorn_iters": 30,
    "lambda_ent": 0.0001,
    "train_subsample": 0,
    "seed": 20304,
    "device": "cuda"
  },
  "final": {
    "soft_mse_full": 0.3023052215576172,
    "discrete_mse": 60.39484786987305,
    "hash_match": false,
    "perm_str": "59,52,39,75,86,72,95,78,44,82,56,30,81,80,42,29,64,55,88,93,69,67,94,7,18,90,35,19,73,36,15,57,37,47,68,24,3,26,31,63,28,25,50,66,87,71,1,38,23,40,14,11,77,76,43,70,5,33,91,6,45,12,65,20,16,96,13,9,61,53,48,34,62,83,0,17,27,46,84,32,49,79,74,54,58,22,4,21,41,8,2,51,60,89,10,92,85",
    "in_cols": [
      29,
      18,
      42,
      47,
      22,
      27,
      40,
      20,
      33,
      44,
      36,
      46,
      11,
      16,
      37,
      9,
      17,
      35,
      3,
      15,
      14,
      26,
      43,
      1,
      12,
      8,
      39,
      21,
      5,
      45,
      23,
      34,
      10,
      7,
      31,
      24,
      32,
      0,
      13,
      41,
      25,
      38,
      28,
      4,
      19,
      2,
      30,
      6
    ],
    "out_cols": [
      25,
      36,
      35,
      38,
      41,
      15,
      40,
      14,
      28,
      46,
      32,
      1,
      44,
      7,
      19,
      29,
      23,
      11,
      13,
      30,
      12,
      31,
      34,
      20,
      21,
      4,
      37,
      33,
      17,
      0,
      5,
      8,
      47,
      3,
      26,
      18,
      42,
      6,
      22,
      16,
      39,
      27,
      10,
      9,
      2,
      24,
      43,
      45
    ]
  },
  "best_seen": {
    "discrete_mse": 2.403585195541382,
    "order": [
      [
        43,
        80
      ],
      [
        39,
        32
      ],
      [
        31,
        78
      ],
      [
        5,
        26
      ],
      [
        62,
        75
      ],
      [
        69,
        7
      ],
      [
        48,
        33
      ],
      [
        18,
        82
      ],
      [
        14,
        19
      ],
      [
        60,
        9
      ],
      [
        2,
        34
      ],
      [
        49,
        66
      ],
      [
        27,
        8
      ],
      [
        4,
        46
      ],
      [
        56,
        53
      ],
      [
        37,
        96
      ],
      [
        73,
        11
      ],
      [
        0,
        70
      ],
      [
        68,
        25
      ],
      [
        10,
        54
      ],
      [
        35,
        20
      ],
      [
        13,
        21
      ],
      [
        65,
        83
      ],
      [
        28,
        29
      ],
      [
        91,
        72
      ],
      [
        74,
        30
      ],
      [
        86,
        40
      ],
      [
        61,
        47
      ],
      [
        15,
        89
      ],
      [
        64,
        71
      ],
      [
        95,
        12
      ],
      [
        94,
        92
      ],
      [
        3,
        36
      ],
      [
        58,
        52
      ],
      [
        45,
        38
      ],
      [
        84,
        17
      ],
      [
        44,
        6
      ],
      [
        16,
        55
      ],
      [
        1,
        79
      ],
      [
        81,
        22
      ],
      [
        41,
        67
      ],
      [
        77,
        76
      ],
      [
        88,
        90
      ],
      [
        59,
        51
      ],
      [
        42,
        24
      ],
      [
        50,
        93
      ],
      [
        23,
        57
      ],
      [
        87,
        63
      ]
    ],
    "in_cols": [
      21,
      18,
      15,
      5,
      32,
      36,
      24,
      11,
      8,
      30,
      2,
      25,
      13,
      4,
      27,
      17,
      37,
      0,
      35,
      6,
      16,
      7,
      34,
      14,
      45,
      38,
      42,
      31,
      9,
      33,
      47,
      46,
      3,
      28,
      23,
      41,
      22,
      10,
      1,
      40,
      19,
      39,
      44,
      29,
      20,
      26,
      12,
      43
    ],
    "out_cols": [
      40,
      16,
      38,
      13,
      36,
      1,
      17,
      41,
      7,
      3,
      18,
      31,
      2,
      22,
      26,
      47,
      4,
      33,
      12,
      27,
      8,
      9,
      42,
      14,
      35,
      15,
      21,
      23,
      43,
      34,
      5,
      45,
      19,
      25,
      20,
      6,
      0,
      28,
      39,
      10,
      32,
      37,
      44,
      24,
      11,
      46,
      29,
      30
    ]
  }
}