{
  "config": {
    "steps": 900,
    "lr": 0.03,
    "tau_start": 1.0,
    "tau_end": 0.028,
    "sinkhorn_iters": 30,
    "lambda_ent": 0.0003,
    "train_subsample": 4096,
    "seed": 8202,
    "device": "cuda"
  },
  "final": {
    "soft_mse_full": 0.6164759397506714,
    "discrete_mse": 4.154906272888184,
    "hash_match": false,
    "perm_str": "59,52,39,30,73,55,95,26,88,72,44,82,74,93,42,29,18,80,58,78,86,47,68,53,48,40,37,19,50,57,15,67,35,7,10,24,94,63,87,71,3,25,31,36,65,75,23,38,14,11,43,92,64,51,56,6,4,17,81,90,45,33,5,96,77,20,2,70,16,76,62,32,27,89,69,8,49,46,13,83,28,54,0,79,41,9,84,66,61,34,91,12,60,22,1,21,85",
    "in_cols": [
      29,
      18,
      37,
      47,
      44,
      22,
      38,
      20,
      11,
      28,
      42,
      35,
      24,
      17,
      26,
      9,
      16,
      6,
      46,
      43,
      3,
      15,
      34,
      12,
      8,
      21,
      33,
      27,
      4,
      40,
      23,
      5,
      39,
      2,
      10,
      32,
      13,
      36,
      25,
      7,
      14,
      0,
      19,
      41,
      31,
      45,
      30,
      1
    ],
    "out_cols": [
      25,
      15,
      28,
      13,
      35,
      41,
      46,
      14,
      40,
      38,
      23,
      26,
      21,
      7,
      29,
      32,
      1,
      11,
      30,
      34,
      12,
      19,
      36,
      20,
      4,
      45,
      24,
      0,
      6,
      44,
      17,
      47,
      8,
      33,
      37,
      16,
      43,
      2,
      22,
      42,
      27,
      39,
      3,
      31,
      18,
      5,
      10,
      9
    ]
  },
  "best_seen": {
    "discrete_mse": 6.23289680480957,
    "order": [
      [
        59,
        52
      ],
      [
        37,
        30
      ],
      [
        39,
        55
      ],
      [
        95,
        26
      ],
      [
        88,
        72
      ],
      [
        44,
        82
      ],
      [
        68,
        93
      ],
      [
        42,
        29
      ],
      [
        18,
        80
      ],
      [
        58,
        78
      ],
      [
        86,
        53
      ],
      [
        45,
        47
      ],
      [
        94,
        40
      ],
      [
        28,
        19
      ],
      [
        50,
        57
      ],
      [
        15,
        67
      ],
      [
        35,
        7
      ],
      [
        10,
        24
      ],
      [
        73,
        63
      ],
      [
        87,
        71
      ],
      [
        3,
        25
      ],
      [
        1,
        36
      ],
      [
        31,
        90
      ],
      [
        23,
        38
      ],
      [
        14,
        11
      ],
      [
        43,
        92
      ],
      [
        27,
        51
      ],
      [
        56,
        6
      ],
      [
        4,
        17
      ],
      [
        81,
        75
      ],
      [
        65,
        33
      ],
      [
        5,
        96
      ],
      [
        77,
        20
      ],
      [
        48,
        70
      ],
      [
        16,
        76
      ],
      [
        62,
        32
      ],
      [
        49,
        89
      ],
      [
        69,
        8
      ],
      [
        41,
        46
      ],
      [
        13,
        83
      ],
      [
        74,
        54
      ],
      [
        0,
        79
      ],
      [
        2,
        9
      ],
      [
        84,
        66
      ],
      [
        61,
        34
      ],
      [
        91,
        12
      ],
      [
        60,
        22
      ],
      [
        64,
        21
      ]
    ],
    "in_cols": [
      29,
      17,
      18,
      47,
      44,
      22,
      35,
      20,
      11,
      28,
      42,
      23,
      46,
      14,
      26,
      9,
      16,
      6,
      37,
      43,
      3,
      1,
      15,
      12,
      8,
      21,
      13,
      27,
      4,
      40,
      34,
      5,
      39,
      24,
      10,
      32,
      25,
      36,
      19,
      7,
      38,
      0,
      2,
      41,
      31,
      45,
      30,
      33
    ],
    "out_cols": [
      25,
      15,
      28,
      13,
      35,
      41,
      46,
      14,
      40,
      38,
      26,
      23,
      21,
      7,
      29,
      32,
      1,
      11,
      30,
      34,
      12,
      19,
      44,
      20,
      4,
      45,
      24,
      0,
      6,
      36,
      17,
      47,
      8,
      33,
      37,
      16,
      43,
      2,
      22,
      42,
      27,
      39,
      3,
      31,
      18,
      5,
      10,
      9
    ]
  }
}