{
  "config": {
    "steps": 700,
    "lr": 0.015,
    "tau_start": 1.0,
    "tau_end": 0.025,
    "sinkhorn_iters": 30,
    "lambda_ent": 0.0001,
    "train_subsample": 0,
    "seed": 13104,
    "device": "cuda"
  },
  "final": {
    "soft_mse_full": 0.3072381615638733,
    "discrete_mse": 196.17935180664062,
    "hash_match": false,
    "perm_str": "59,52,39,32,73,72,74,55,56,30,44,82,95,93,94,80,58,78,42,29,18,90,69,67,10,7,35,24,87,19,15,57,37,47,86,26,50,63,28,40,3,25,31,36,27,38,1,71,16,21,64,75,14,17,4,6,5,11,65,92,81,33,62,20,48,70,2,96,77,54,13,83,0,53,60,89,43,76,68,46,84,66,23,22,88,8,41,51,91,9,61,34,45,12,49,79,85",
    "in_cols": [
      29,
      18,
      37,
      38,
      27,
      22,
      47,
      46,
      28,
      20,
      11,
      36,
      6,
      16,
      43,
      9,
      17,
      42,
      26,
      14,
      3,
      15,
      13,
      1,
      10,
      33,
      8,
      4,
      5,
      34,
      40,
      32,
      24,
      2,
      39,
      7,
      0,
      30,
      21,
      35,
      41,
      12,
      44,
      19,
      45,
      31,
      23,
      25
    ],
    "out_cols": [
      25,
      16,
      35,
      28,
      15,
      41,
      46,
      40,
      38,
      14,
      44,
      32,
      1,
      11,
      7,
      29,
      23,
      13,
      30,
      21,
      12,
      19,
      20,
      34,
      9,
      36,
      6,
      0,
      4,
      45,
      17,
      8,
      33,
      47,
      27,
      42,
      26,
      43,
      37,
      22,
      31,
      10,
      2,
      24,
      3,
      18,
      5,
      39
    ]
  },
  "best_seen": {
    "discrete_mse": 4.888678550720215,
    "order": [
      [
        59,
        52
      ],
      [
        39,
        30
      ],
      [
        73,
        72
      ],
      [
        74,
        55
      ],
      [
        56,
        82
      ],
      [
        44,
        78
      ],
      [
        95,
        93
      ],
      [
        94,
        80
      ],
      [
        58,
        83
      ],
      [
        42,
        29
      ],
      [
        91,
        90
      ],
      [
        18,
        67
      ],
      [
        10,
        7
      ],
      [
        35,
        24
      ],
      [
        50,
        19
      ],
      [
        15,
        57
      ],
      [
        37,
        47
      ],
      [
        86,
        26
      ],
      [
        87,
        63
      ],
      [
        28,
        40
      ],
      [
        3,
        25
      ],
      [
        31,
        36
      ],
      [
        1,
        38
      ],
      [
        23,
        71
      ],
      [
        16,
        21
      ],
      [
        64,
        75
      ],
      [
        14,
        17
      ],
      [
        4,
        6
      ],
      [
        5,
        11
      ],
      [
        45,
        92
      ],
      [
        81,
        33
      ],
      [
        62,
        20
      ],
      [
        48,
        70
      ],
      [
        65,
        96
      ],
      [
        77,
        54
      ],
      [
        13,
        32
      ],
      [
        27,
        89
      ],
      [
        60,
        53
      ],
      [
        43,
        76
      ],
      [
        68,
        46
      ],
      [
        84,
        66
      ],
      [
        61,
        22
      ],
      [
        88,
        8
      ],
      [
        41,
        51
      ],
      [
        69,
        9
      ],
      [
        2,
        34
      ],
      [
        0,
        12
      ],
      [
        49,
        79
      ]
    ],
    "in_cols": [
      29,
      18,
      37,
      38,
      27,
      22,
      47,
      46,
      28,
      20,
      45,
      11,
      6,
      16,
      26,
      9,
      17,
      42,
      43,
      14,
      3,
      15,
      1,
      12,
      10,
      33,
      8,
      4,
      5,
      23,
      40,
      32,
      24,
      34,
      39,
      7,
      13,
      30,
      21,
      35,
      41,
      31,
      44,
      19,
      36,
      2,
      0,
      25
    ],
    "out_cols": [
      25,
      15,
      35,
      28,
      41,
      38,
      46,
      40,
      42,
      14,
      44,
      32,
      1,
      11,
      7,
      29,
      23,
      13,
      30,
      21,
      12,
      19,
      20,
      34,
      9,
      36,
      6,
      0,
      4,
      45,
      17,
      8,
      33,
      47,
      27,
      16,
      43,
      26,
      37,
      22,
      31,
      10,
      2,
      24,
      3,
      18,
      5,
      39
    ]
  }
}