{
  "config": {
    "steps": 900,
    "lr": 0.03,
    "tau_start": 1.0,
    "tau_end": 0.03,
    "sinkhorn_iters": 30,
    "lambda_ent": 0.0003,
    "train_subsample": 4096,
    "seed": 10101,
    "device": "cuda"
  },
  "final": {
    "soft_mse_full": 0.40525031089782715,
    "discrete_mse": 24.46433448791504,
    "hash_match": false,
    "perm_str": "1,72,59,52,39,29,95,63,44,82,18,78,94,80,42,55,50,93,56,30,69,83,48,38,86,40,73,90,68,47,15,67,37,57,10,7,35,24,87,71,3,26,28,36,31,25,23,75,77,11,81,19,14,32,16,51,62,12,45,33,4,6,65,20,5,96,91,89,84,70,61,53,49,66,64,54,74,34,27,17,0,21,43,22,2,46,13,9,41,76,88,8,60,79,58,92,85",
    "in_cols": [
      1,
      29,
      18,
      47,
      22,
      11,
      46,
      20,
      26,
      27,
      36,
      24,
      42,
      37,
      35,
      9,
      17,
      6,
      16,
      43,
      3,
      14,
      15,
      12,
      39,
      40,
      8,
      10,
      32,
      23,
      4,
      34,
      5,
      45,
      41,
      31,
      25,
      33,
      38,
      13,
      0,
      21,
      2,
      7,
      19,
      44,
      30,
      28
    ],
    "out_cols": [
      35,
      25,
      14,
      30,
      41,
      38,
      40,
      28,
      46,
      15,
      42,
      20,
      21,
      44,
      23,
      32,
      29,
      1,
      11,
      34,
      13,
      19,
      12,
      36,
      4,
      7,
      16,
      24,
      5,
      17,
      0,
      8,
      47,
      43,
      33,
      26,
      31,
      27,
      18,
      6,
      9,
      10,
      22,
      3,
      37,
      2,
      39,
      45
    ]
  },
  "best_seen": {
    "discrete_mse": 16.658161163330078,
    "order": [
      [
        39,
        72
      ],
      [
        59,
        52
      ],
      [
        3,
        29
      ],
      [
        95,
        63
      ],
      [
        44,
        82
      ],
      [
        18,
        78
      ],
      [
        94,
        80
      ],
      [
        42,
        55
      ],
      [
        1,
        93
      ],
      [
        56,
        30
      ],
      [
        69,
        83
      ],
      [
        48,
        38
      ],
      [
        86,
        40
      ],
      [
        73,
        90
      ],
      [
        68,
        47
      ],
      [
        15,
        67
      ],
      [
        37,
        57
      ],
      [
        10,
        7
      ],
      [
        35,
        24
      ],
      [
        87,
        71
      ],
      [
        50,
        26
      ],
      [
        28,
        36
      ],
      [
        31,
        25
      ],
      [
        23,
        75
      ],
      [
        77,
        11
      ],
      [
        81,
        51
      ],
      [
        14,
        32
      ],
      [
        16,
        19
      ],
      [
        62,
        12
      ],
      [
        45,
        33
      ],
      [
        4,
        6
      ],
      [
        65,
        20
      ],
      [
        5,
        96
      ],
      [
        91,
        89
      ],
      [
        84,
        70
      ],
      [
        61,
        53
      ],
      [
        49,
        66
      ],
      [
        64,
        54
      ],
      [
        74,
        34
      ],
      [
        27,
        17
      ],
      [
        0,
        21
      ],
      [
        43,
        22
      ],
      [
        2,
        46
      ],
      [
        13,
        9
      ],
      [
        41,
        76
      ],
      [
        88,
        8
      ],
      [
        60,
        79
      ],
      [
        58,
        92
      ]
    ],
    "in_cols": [
      18,
      29,
      3,
      47,
      22,
      11,
      46,
      20,
      1,
      27,
      36,
      24,
      42,
      37,
      35,
      9,
      17,
      6,
      16,
      43,
      26,
      14,
      15,
      12,
      39,
      40,
      8,
      10,
      32,
      23,
      4,
      34,
      5,
      45,
      41,
      31,
      25,
      33,
      38,
      13,
      0,
      21,
      2,
      7,
      19,
      44,
      30,
      28
    ],
    "out_cols": [
      35,
      25,
      14,
      30,
      41,
      38,
      40,
      28,
      46,
      15,
      42,
      20,
      21,
      44,
      23,
      32,
      29,
      1,
      11,
      34,
      13,
      19,
      12,
      36,
      4,
      24,
      16,
      7,
      5,
      17,
      0,
      8,
      47,
      43,
      33,
      26,
      31,
      27,
      18,
      6,
      9,
      10,
      22,
      3,
      37,
      2,
      39,
      45
    ]
  }
}