{
  "config": {
    "steps": 900,
    "lr": 0.03,
    "tau_start": 1.0,
    "tau_end": 0.028,
    "sinkhorn_iters": 30,
    "lambda_ent": 0.0003,
    "train_subsample": 4096,
    "seed": 27802,
    "device": "cuda"
  },
  "final": {
    "soft_mse_full": 0.39210596680641174,
    "discrete_mse": 124.03319549560547,
    "hash_match": false,
    "perm_str": "39,30,84,72,59,52,95,93,42,78,73,80,44,82,74,29,58,55,10,83,86,90,18,54,94,7,35,63,15,67,64,57,37,24,68,47,50,25,28,19,3,26,31,36,1,40,23,38,87,71,81,75,14,11,5,6,62,20,4,32,77,33,2,12,16,96,48,70,91,76,27,89,13,9,60,53,65,22,56,34,49,46,45,17,69,79,88,8,61,51,43,66,0,92,41,21,85",
    "in_cols": [
      18,
      41,
      29,
      47,
      20,
      37,
      22,
      38,
      28,
      6,
      42,
      11,
      46,
      16,
      9,
      33,
      17,
      35,
      26,
      14,
      3,
      15,
      1,
      12,
      43,
      40,
      8,
      5,
      32,
      4,
      39,
      2,
      10,
      24,
      45,
      13,
      7,
      30,
      34,
      27,
      25,
      23,
      36,
      44,
      31,
      21,
      0,
      19
    ],
    "out_cols": [
      15,
      35,
      25,
      46,
      38,
      40,
      41,
      14,
      28,
      42,
      44,
      27,
      1,
      30,
      32,
      29,
      11,
      23,
      12,
      7,
      13,
      19,
      21,
      20,
      34,
      36,
      4,
      0,
      8,
      16,
      17,
      5,
      47,
      33,
      37,
      43,
      3,
      26,
      10,
      18,
      22,
      6,
      39,
      2,
      24,
      31,
      45,
      9
    ]
  },
  "best_seen": {
    "discrete_mse": 10.68985652923584,
    "order": [
      [
        39,
        30
      ],
      [
        23,
        72
      ],
      [
        59,
        52
      ],
      [
        95,
        63
      ],
      [
        42,
        78
      ],
      [
        74,
        80
      ],
      [
        44,
        82
      ],
      [
        65,
        29
      ],
      [
        58,
        93
      ],
      [
        56,
        83
      ],
      [
        86,
        90
      ],
      [
        18,
        54
      ],
      [
        94,
        7
      ],
      [
        35,
        55
      ],
      [
        15,
        67
      ],
      [
        10,
        57
      ],
      [
        73,
        24
      ],
      [
        68,
        47
      ],
      [
        50,
        25
      ],
      [
        28,
        19
      ],
      [
        3,
        26
      ],
      [
        31,
        36
      ],
      [
        1,
        40
      ],
      [
        37,
        38
      ],
      [
        87,
        71
      ],
      [
        81,
        11
      ],
      [
        14,
        75
      ],
      [
        5,
        6
      ],
      [
        62,
        20
      ],
      [
        4,
        32
      ],
      [
        77,
        33
      ],
      [
        2,
        12
      ],
      [
        16,
        96
      ],
      [
        61,
        70
      ],
      [
        91,
        76
      ],
      [
        27,
        89
      ],
      [
        13,
        9
      ],
      [
        60,
        53
      ],
      [
        48,
        22
      ],
      [
        49,
        34
      ],
      [
        41,
        46
      ],
      [
        45,
        17
      ],
      [
        0,
        79
      ],
      [
        88,
        8
      ],
      [
        69,
        51
      ],
      [
        84,
        66
      ],
      [
        43,
        92
      ],
      [
        64,
        21
      ]
    ],
    "in_cols": [
      18,
      12,
      29,
      47,
      20,
      38,
      22,
      34,
      28,
      27,
      42,
      11,
      46,
      16,
      9,
      6,
      37,
      35,
      26,
      14,
      3,
      15,
      1,
      17,
      43,
      40,
      8,
      5,
      32,
      4,
      39,
      2,
      10,
      31,
      45,
      13,
      7,
      30,
      24,
      25,
      19,
      23,
      0,
      44,
      36,
      41,
      21,
      33
    ],
    "out_cols": [
      15,
      35,
      25,
      30,
      38,
      40,
      41,
      14,
      46,
      42,
      44,
      27,
      1,
      28,
      32,
      29,
      11,
      23,
      12,
      7,
      13,
      19,
      21,
      20,
      34,
      4,
      36,
      0,
      8,
      16,
      17,
      5,
      47,
      33,
      37,
      43,
      3,
      26,
      10,
      18,
      22,
      6,
      39,
      2,
      24,
      31,
      45,
      9
    ]
  }
}