{
  "config": {
    "steps": 900,
    "lr": 0.03,
    "tau_start": 1.0,
    "tau_end": 0.03,
    "sinkhorn_iters": 30,
    "lambda_ent": 0.0003,
    "train_subsample": 4096,
    "seed": 6101,
    "device": "cuda"
  },
  "final": {
    "soft_mse_full": 0.3620869815349579,
    "discrete_mse": 8.961796760559082,
    "hash_match": false,
    "perm_str": "73,75,59,30,43,52,95,63,56,82,44,78,74,55,42,80,69,83,88,29,94,7,86,90,37,40,15,67,68,47,28,19,10,24,50,57,18,25,87,72,3,26,31,36,23,38,1,71,14,17,64,11,62,6,4,51,0,32,65,76,91,20,16,96,5,33,81,93,61,70,13,9,77,53,49,54,39,22,2,12,84,79,48,34,41,66,35,8,58,89,60,46,45,92,27,21,85",
    "in_cols": [
      37,
      29,
      21,
      47,
      27,
      22,
      38,
      20,
      36,
      44,
      46,
      42,
      17,
      9,
      35,
      14,
      6,
      26,
      11,
      43,
      3,
      15,
      12,
      1,
      8,
      33,
      32,
      4,
      0,
      34,
      45,
      10,
      5,
      40,
      31,
      7,
      39,
      25,
      18,
      2,
      41,
      24,
      19,
      16,
      28,
      30,
      23,
      13
    ],
    "out_cols": [
      36,
      15,
      25,
      30,
      41,
      38,
      28,
      40,
      42,
      14,
      1,
      44,
      21,
      32,
      23,
      7,
      11,
      29,
      12,
      35,
      13,
      19,
      20,
      34,
      6,
      4,
      0,
      24,
      16,
      37,
      8,
      47,
      17,
      46,
      33,
      3,
      26,
      27,
      10,
      5,
      39,
      18,
      31,
      2,
      43,
      22,
      45,
      9
    ]
  },
  "best_seen": {
    "discrete_mse": 19.498069763183594,
    "order": [
      [
        39,
        75
      ],
      [
        59,
        30
      ],
      [
        50,
        52
      ],
      [
        95,
        93
      ],
      [
        56,
        82
      ],
      [
        44,
        78
      ],
      [
        74,
        55
      ],
      [
        42,
        80
      ],
      [
        69,
        83
      ],
      [
        88,
        29
      ],
      [
        94,
        7
      ],
      [
        86,
        90
      ],
      [
        37,
        40
      ],
      [
        15,
        67
      ],
      [
        73,
        47
      ],
      [
        28,
        19
      ],
      [
        10,
        24
      ],
      [
        35,
        57
      ],
      [
        18,
        25
      ],
      [
        87,
        63
      ],
      [
        3,
        26
      ],
      [
        31,
        36
      ],
      [
        23,
        38
      ],
      [
        1,
        71
      ],
      [
        14,
        17
      ],
      [
        64,
        11
      ],
      [
        62,
        6
      ],
      [
        4,
        72
      ],
      [
        0,
        32
      ],
      [
        65,
        76
      ],
      [
        91,
        20
      ],
      [
        16,
        96
      ],
      [
        5,
        33
      ],
      [
        81,
        51
      ],
      [
        43,
        70
      ],
      [
        61,
        9
      ],
      [
        77,
        53
      ],
      [
        68,
        54
      ],
      [
        13,
        22
      ],
      [
        2,
        12
      ],
      [
        84,
        79
      ],
      [
        48,
        34
      ],
      [
        41,
        66
      ],
      [
        49,
        8
      ],
      [
        58,
        89
      ],
      [
        60,
        46
      ],
      [
        45,
        92
      ],
      [
        27,
        21
      ]
    ],
    "in_cols": [
      18,
      29,
      26,
      47,
      27,
      22,
      38,
      20,
      36,
      44,
      46,
      42,
      17,
      9,
      37,
      14,
      6,
      16,
      11,
      43,
      3,
      15,
      12,
      1,
      8,
      33,
      32,
      4,
      0,
      34,
      45,
      10,
      5,
      40,
      21,
      31,
      39,
      35,
      7,
      2,
      41,
      24,
      19,
      25,
      28,
      30,
      23,
      13
    ],
    "out_cols": [
      36,
      15,
      25,
      46,
      41,
      38,
      28,
      40,
      42,
      14,
      1,
      44,
      21,
      32,
      23,
      7,
      11,
      29,
      12,
      30,
      13,
      19,
      20,
      34,
      6,
      4,
      0,
      35,
      16,
      37,
      8,
      47,
      17,
      24,
      33,
      3,
      26,
      27,
      10,
      5,
      39,
      18,
      31,
      2,
      43,
      22,
      45,
      9
    ]
  }
}