{
  "config": {
    "steps": 700,
    "lr": 0.015,
    "tau_start": 1.0,
    "tau_end": 0.025,
    "sinkhorn_iters": 30,
    "lambda_ent": 0.0001,
    "train_subsample": 0,
    "seed": 23504,
    "device": "cuda"
  },
  "final": {
    "soft_mse_full": 0.34367868304252625,
    "discrete_mse": 1.6495187282562256,
    "hash_match": false,
    "perm_str": "59,52,39,72,73,63,95,90,56,78,44,82,74,80,42,29,37,93,58,55,94,30,18,67,35,25,10,19,48,7,15,57,68,47,87,24,3,26,31,36,1,33,28,40,50,38,23,71,16,21,64,11,77,17,4,66,5,51,81,6,45,92,62,20,65,96,60,89,91,53,61,70,69,83,13,9,14,32,27,46,86,54,0,79,49,8,84,22,41,75,43,76,2,12,88,34,85",
    "in_cols": [
      29,
      18,
      37,
      47,
      27,
      22,
      38,
      20,
      17,
      28,
      46,
      11,
      16,
      6,
      24,
      9,
      35,
      43,
      3,
      15,
      1,
      14,
      26,
      12,
      10,
      33,
      39,
      4,
      5,
      40,
      23,
      32,
      34,
      30,
      45,
      31,
      36,
      7,
      8,
      13,
      42,
      0,
      25,
      41,
      19,
      21,
      2,
      44
    ],
    "out_cols": [
      25,
      35,
      30,
      44,
      38,
      41,
      40,
      14,
      46,
      28,
      15,
      32,
      12,
      7,
      1,
      29,
      23,
      11,
      13,
      19,
      17,
      21,
      20,
      34,
      9,
      4,
      6,
      31,
      24,
      0,
      45,
      8,
      47,
      43,
      26,
      33,
      42,
      3,
      16,
      22,
      27,
      39,
      2,
      10,
      36,
      37,
      5,
      18
    ]
  },
  "best_seen": {
    "discrete_mse": 6.782296657562256,
    "order": [
      [
        59,
        52
      ],
      [
        39,
        72
      ],
      [
        14,
        63
      ],
      [
        95,
        90
      ],
      [
        56,
        78
      ],
      [
        44,
        82
      ],
      [
        74,
        80
      ],
      [
        42,
        29
      ],
      [
        37,
        93
      ],
      [
        58,
        55
      ],
      [
        94,
        33
      ],
      [
        73,
        67
      ],
      [
        35,
        25
      ],
      [
        18,
        19
      ],
      [
        48,
        7
      ],
      [
        15,
        57
      ],
      [
        68,
        47
      ],
      [
        10,
        24
      ],
      [
        3,
        26
      ],
      [
        31,
        36
      ],
      [
        1,
        30
      ],
      [
        28,
        40
      ],
      [
        50,
        38
      ],
      [
        23,
        71
      ],
      [
        16,
        21
      ],
      [
        64,
        11
      ],
      [
        77,
        17
      ],
      [
        4,
        66
      ],
      [
        5,
        51
      ],
      [
        81,
        6
      ],
      [
        45,
        92
      ],
      [
        62,
        20
      ],
      [
        65,
        96
      ],
      [
        60,
        89
      ],
      [
        91,
        53
      ],
      [
        61,
        70
      ],
      [
        69,
        83
      ],
      [
        13,
        9
      ],
      [
        87,
        32
      ],
      [
        27,
        46
      ],
      [
        86,
        54
      ],
      [
        0,
        79
      ],
      [
        49,
        8
      ],
      [
        84,
        22
      ],
      [
        41,
        75
      ],
      [
        43,
        76
      ],
      [
        2,
        12
      ],
      [
        88,
        34
      ]
    ],
    "in_cols": [
      29,
      18,
      8,
      47,
      27,
      22,
      38,
      20,
      17,
      28,
      46,
      37,
      16,
      11,
      24,
      9,
      35,
      6,
      3,
      15,
      1,
      14,
      26,
      12,
      10,
      33,
      39,
      4,
      5,
      40,
      23,
      32,
      34,
      30,
      45,
      31,
      36,
      7,
      43,
      13,
      42,
      0,
      25,
      41,
      19,
      21,
      2,
      44
    ],
    "out_cols": [
      25,
      35,
      30,
      44,
      38,
      41,
      40,
      14,
      46,
      28,
      17,
      32,
      12,
      7,
      1,
      29,
      23,
      11,
      13,
      19,
      15,
      21,
      20,
      34,
      9,
      4,
      6,
      31,
      24,
      0,
      45,
      8,
      47,
      43,
      26,
      33,
      42,
      3,
      16,
      22,
      27,
      39,
      2,
      10,
      36,
      37,
      5,
      18
    ]
  }
}