{
  "config": {
    "steps": 900,
    "lr": 0.03,
    "tau_start": 1.0,
    "tau_end": 0.03,
    "sinkhorn_iters": 30,
    "lambda_ent": 0.0003,
    "train_subsample": 4096,
    "seed": 23601,
    "device": "cuda"
  },
  "final": {
    "soft_mse_full": 0.4479084014892578,
    "discrete_mse": 401.2986755371094,
    "hash_match": false,
    "perm_str": "95,52,59,72,81,63,73,78,56,30,44,82,74,55,42,29,94,80,69,83,86,71,37,67,10,19,68,47,28,40,18,90,1,7,35,24,3,25,48,26,50,66,31,36,23,38,87,53,14,11,4,75,27,51,16,20,77,57,65,96,15,92,39,6,5,33,62,93,2,70,91,34,13,89,49,21,58,32,84,9,45,76,61,79,0,17,64,54,60,22,88,8,43,12,41,46,85",
    "in_cols": [
      47,
      29,
      40,
      37,
      27,
      22,
      38,
      20,
      46,
      36,
      42,
      17,
      6,
      35,
      14,
      11,
      1,
      16,
      3,
      24,
      26,
      15,
      12,
      43,
      8,
      4,
      13,
      10,
      39,
      34,
      9,
      18,
      5,
      32,
      2,
      45,
      7,
      25,
      28,
      41,
      23,
      31,
      0,
      33,
      30,
      44,
      21,
      19
    ],
    "out_cols": [
      25,
      35,
      30,
      38,
      15,
      41,
      28,
      14,
      40,
      42,
      34,
      32,
      7,
      23,
      21,
      44,
      1,
      11,
      12,
      13,
      31,
      19,
      20,
      26,
      4,
      36,
      24,
      8,
      29,
      47,
      45,
      0,
      17,
      46,
      33,
      18,
      43,
      9,
      16,
      3,
      37,
      39,
      6,
      27,
      10,
      2,
      5,
      22
    ]
  },
  "best_seen": {
    "discrete_mse": 1.7576121091842651,
    "order": [
      [
        59,
        52
      ],
      [
        95,
        72
      ],
      [
        74,
        63
      ],
      [
        73,
        78
      ],
      [
        56,
        30
      ],
      [
        44,
        82
      ],
      [
        68,
        55
      ],
      [
        42,
        29
      ],
      [
        94,
        80
      ],
      [
        4,
        83
      ],
      [
        86,
        71
      ],
      [
        15,
        67
      ],
      [
        10,
        19
      ],
      [
        37,
        47
      ],
      [
        28,
        40
      ],
      [
        18,
        90
      ],
      [
        1,
        7
      ],
      [
        35,
        24
      ],
      [
        3,
        25
      ],
      [
        14,
        26
      ],
      [
        50,
        66
      ],
      [
        31,
        36
      ],
      [
        23,
        38
      ],
      [
        87,
        93
      ],
      [
        64,
        53
      ],
      [
        81,
        75
      ],
      [
        27,
        51
      ],
      [
        16,
        20
      ],
      [
        77,
        11
      ],
      [
        65,
        96
      ],
      [
        91,
        92
      ],
      [
        39,
        6
      ],
      [
        5,
        33
      ],
      [
        62,
        57
      ],
      [
        48,
        70
      ],
      [
        60,
        34
      ],
      [
        13,
        89
      ],
      [
        49,
        21
      ],
      [
        58,
        32
      ],
      [
        2,
        9
      ],
      [
        45,
        76
      ],
      [
        61,
        79
      ],
      [
        0,
        17
      ],
      [
        69,
        54
      ],
      [
        84,
        22
      ],
      [
        88,
        8
      ],
      [
        43,
        12
      ],
      [
        41,
        46
      ]
    ],
    "in_cols": [
      29,
      47,
      38,
      37,
      27,
      22,
      35,
      20,
      46,
      4,
      42,
      9,
      6,
      17,
      14,
      11,
      1,
      16,
      3,
      8,
      26,
      15,
      12,
      43,
      33,
      40,
      13,
      10,
      39,
      34,
      45,
      18,
      5,
      32,
      24,
      30,
      7,
      25,
      28,
      2,
      23,
      31,
      0,
      36,
      41,
      44,
      21,
      19
    ],
    "out_cols": [
      25,
      35,
      30,
      38,
      15,
      41,
      28,
      14,
      40,
      42,
      34,
      32,
      7,
      23,
      21,
      44,
      1,
      11,
      12,
      13,
      31,
      19,
      20,
      46,
      26,
      36,
      24,
      8,
      4,
      47,
      45,
      0,
      17,
      29,
      33,
      18,
      43,
      9,
      16,
      3,
      37,
      39,
      6,
      27,
      10,
      2,
      5,
      22
    ]
  }
}