{
  "config": {
    "steps": 700,
    "lr": 0.02,
    "tau_start": 1.0,
    "tau_end": 0.03,
    "sinkhorn_iters": 30,
    "lambda_ent": 0.0003,
    "train_subsample": 0,
    "seed": 24103,
    "device": "cuda"
  },
  "final": {
    "soft_mse_full": 0.2999671995639801,
    "discrete_mse": 76.98365783691406,
    "hash_match": false,
    "perm_str": "59,52,39,72,74,55,95,63,56,30,44,82,68,93,94,38,58,78,42,7,10,83,18,80,86,90,48,47,73,36,15,67,28,19,35,24,87,29,3,26,50,66,4,57,31,40,1,71,23,25,14,11,27,51,64,12,81,6,62,20,16,96,77,70,45,33,91,92,61,53,13,54,5,75,37,17,49,21,2,34,65,32,41,76,69,9,0,79,84,22,60,46,43,8,88,89,85",
    "in_cols": [
      29,
      18,
      38,
      47,
      27,
      22,
      35,
      46,
      28,
      20,
      6,
      11,
      42,
      24,
      37,
      9,
      14,
      16,
      43,
      3,
      26,
      4,
      15,
      1,
      12,
      8,
      13,
      33,
      40,
      32,
      10,
      39,
      23,
      45,
      31,
      7,
      5,
      17,
      25,
      2,
      34,
      19,
      36,
      0,
      41,
      30,
      21,
      44
    ],
    "out_cols": [
      25,
      35,
      28,
      30,
      15,
      41,
      46,
      20,
      38,
      1,
      42,
      40,
      44,
      23,
      19,
      32,
      7,
      11,
      14,
      13,
      31,
      29,
      21,
      34,
      12,
      4,
      24,
      5,
      0,
      8,
      47,
      33,
      17,
      45,
      26,
      27,
      36,
      6,
      9,
      18,
      16,
      37,
      3,
      39,
      10,
      22,
      2,
      43
    ]
  },
  "best_seen": {
    "discrete_mse": 41.99735641479492,
    "order": [
      [
        91,
        12
      ],
      [
        18,
        17
      ],
      [
        56,
        78
      ],
      [
        23,
        32
      ],
      [
        5,
        21
      ],
      [
        68,
        11
      ],
      [
        13,
        20
      ],
      [
        48,
        46
      ],
      [
        35,
        22
      ],
      [
        37,
        53
      ],
      [
        28,
        24
      ],
      [
        16,
        75
      ],
      [
        43,
        7
      ],
      [
        88,
        6
      ],
      [
        62,
        89
      ],
      [
        61,
        26
      ],
      [
        64,
        76
      ],
      [
        2,
        79
      ],
      [
        65,
        72
      ],
      [
        77,
        90
      ],
      [
        58,
        29
      ],
      [
        95,
        47
      ],
      [
        15,
        83
      ],
      [
        60,
        33
      ],
      [
        39,
        57
      ],
      [
        69,
        96
      ],
      [
        49,
        30
      ],
      [
        59,
        71
      ],
      [
        3,
        34
      ],
      [
        44,
        55
      ],
      [
        14,
        36
      ],
      [
        42,
        93
      ],
      [
        50,
        82
      ],
      [
        0,
        92
      ],
      [
        45,
        54
      ],
      [
        27,
        51
      ],
      [
        10,
        38
      ],
      [
        87,
        19
      ],
      [
        74,
        8
      ],
      [
        86,
        80
      ],
      [
        94,
        66
      ],
      [
        41,
        63
      ],
      [
        31,
        40
      ],
      [
        4,
        52
      ],
      [
        81,
        25
      ],
      [
        84,
        9
      ],
      [
        73,
        70
      ],
      [
        1,
        67
      ]
    ],
    "in_cols": [
      45,
      11,
      27,
      12,
      5,
      35,
      7,
      24,
      16,
      17,
      14,
      10,
      21,
      44,
      32,
      31,
      33,
      2,
      34,
      39,
      28,
      47,
      9,
      30,
      18,
      36,
      25,
      29,
      3,
      22,
      8,
      20,
      26,
      0,
      23,
      13,
      6,
      43,
      38,
      42,
      46,
      19,
      15,
      4,
      40,
      41,
      37,
      1
    ],
    "out_cols": [
      5,
      6,
      38,
      16,
      9,
      4,
      8,
      22,
      10,
      26,
      11,
      36,
      1,
      0,
      43,
      13,
      37,
      39,
      35,
      44,
      14,
      23,
      42,
      17,
      29,
      47,
      15,
      34,
      18,
      28,
      19,
      46,
      41,
      45,
      27,
      24,
      20,
      7,
      2,
      40,
      31,
      30,
      21,
      25,
      12,
      3,
      33,
      32
    ]
  }
}