{
  "config": {
    "steps": 900,
    "lr": 0.03,
    "tau_start": 1.0,
    "tau_end": 0.028,
    "sinkhorn_iters": 30,
    "lambda_ent": 0.0003,
    "train_subsample": 4096,
    "seed": 23702,
    "device": "cuda"
  },
  "final": {
    "soft_mse_full": 0.44367942214012146,
    "discrete_mse": 269.5152893066406,
    "hash_match": false,
    "perm_str": "95,75,13,52,37,72,59,78,56,30,42,63,44,93,39,55,94,80,48,29,18,54,86,90,10,19,68,7,73,67,50,57,15,47,35,24,3,53,28,25,84,26,31,36,1,40,87,38,23,11,16,21,45,96,60,33,14,76,5,82,4,32,81,6,77,20,43,70,65,92,62,83,91,9,64,89,74,71,69,79,2,66,41,51,61,22,0,34,88,12,27,46,58,17,49,8,85",
    "in_cols": [
      47,
      7,
      17,
      29,
      27,
      20,
      22,
      18,
      46,
      24,
      11,
      42,
      6,
      35,
      37,
      26,
      9,
      16,
      3,
      14,
      41,
      15,
      1,
      43,
      12,
      10,
      23,
      30,
      8,
      5,
      4,
      40,
      39,
      21,
      34,
      32,
      45,
      33,
      38,
      36,
      2,
      19,
      31,
      0,
      44,
      13,
      28,
      25
    ],
    "out_cols": [
      36,
      25,
      35,
      38,
      15,
      30,
      46,
      28,
      40,
      14,
      27,
      44,
      7,
      1,
      32,
      29,
      23,
      11,
      26,
      12,
      13,
      19,
      21,
      20,
      4,
      9,
      47,
      17,
      37,
      41,
      16,
      0,
      8,
      33,
      45,
      42,
      3,
      43,
      34,
      39,
      31,
      24,
      10,
      18,
      5,
      22,
      6,
      2
    ]
  },
  "best_seen": {
    "discrete_mse": 16.826622009277344,
    "order": [
      [
        73,
        93
      ],
      [
        59,
        52
      ],
      [
        39,
        72
      ],
      [
        95,
        78
      ],
      [
        56,
        82
      ],
      [
        74,
        63
      ],
      [
        44,
        80
      ],
      [
        88,
        55
      ],
      [
        42,
        29
      ],
      [
        58,
        30
      ],
      [
        37,
        54
      ],
      [
        35,
        90
      ],
      [
        28,
        19
      ],
      [
        86,
        7
      ],
      [
        18,
        67
      ],
      [
        68,
        57
      ],
      [
        15,
        47
      ],
      [
        50,
        40
      ],
      [
        94,
        53
      ],
      [
        87,
        25
      ],
      [
        3,
        26
      ],
      [
        31,
        36
      ],
      [
        1,
        38
      ],
      [
        23,
        71
      ],
      [
        60,
        11
      ],
      [
        49,
        21
      ],
      [
        84,
        66
      ],
      [
        65,
        33
      ],
      [
        14,
        17
      ],
      [
        81,
        20
      ],
      [
        5,
        12
      ],
      [
        62,
        6
      ],
      [
        4,
        96
      ],
      [
        16,
        70
      ],
      [
        91,
        92
      ],
      [
        77,
        83
      ],
      [
        48,
        9
      ],
      [
        13,
        75
      ],
      [
        45,
        76
      ],
      [
        43,
        79
      ],
      [
        2,
        24
      ],
      [
        0,
        51
      ],
      [
        10,
        32
      ],
      [
        41,
        34
      ],
      [
        61,
        22
      ],
      [
        27,
        46
      ],
      [
        69,
        89
      ],
      [
        64,
        8
      ]
    ],
    "in_cols": [
      37,
      29,
      18,
      47,
      27,
      38,
      22,
      44,
      20,
      28,
      17,
      16,
      14,
      42,
      11,
      35,
      9,
      26,
      46,
      43,
      3,
      15,
      1,
      12,
      30,
      25,
      41,
      34,
      8,
      40,
      5,
      32,
      4,
      10,
      45,
      39,
      24,
      7,
      23,
      21,
      2,
      0,
      6,
      19,
      31,
      13,
      36,
      33
    ],
    "out_cols": [
      46,
      25,
      35,
      38,
      41,
      30,
      40,
      28,
      14,
      15,
      27,
      44,
      7,
      1,
      32,
      29,
      23,
      21,
      26,
      12,
      13,
      19,
      20,
      34,
      4,
      9,
      31,
      17,
      6,
      8,
      5,
      0,
      47,
      33,
      45,
      42,
      3,
      36,
      37,
      39,
      11,
      24,
      16,
      18,
      10,
      22,
      43,
      2
    ]
  }
}