{
  "config": {
    "steps": 900,
    "lr": 0.03,
    "tau_start": 1.0,
    "tau_end": 0.028,
    "sinkhorn_iters": 30,
    "lambda_ent": 0.0003,
    "train_subsample": 4096,
    "seed": 25702,
    "device": "cuda"
  },
  "final": {
    "soft_mse_full": 0.46809861063957214,
    "discrete_mse": 40.33831024169922,
    "hash_match": false,
    "perm_str": "39,52,74,30,95,75,73,93,58,78,44,82,28,80,42,55,88,29,59,63,10,83,86,7,35,67,37,24,18,90,68,47,15,57,94,26,87,71,1,40,3,25,50,66,23,38,27,36,84,33,4,32,77,76,45,11,13,20,0,17,62,6,81,70,5,12,16,96,65,54,48,34,61,53,56,21,14,51,91,79,2,19,31,9,41,72,49,46,43,8,64,89,60,22,69,92,85",
    "in_cols": [
      18,
      38,
      47,
      37,
      28,
      22,
      14,
      20,
      44,
      29,
      6,
      42,
      16,
      17,
      11,
      35,
      9,
      46,
      43,
      1,
      3,
      26,
      12,
      13,
      41,
      4,
      39,
      23,
      7,
      0,
      32,
      40,
      5,
      10,
      34,
      24,
      31,
      27,
      8,
      45,
      2,
      15,
      19,
      25,
      21,
      33,
      30,
      36
    ],
    "out_cols": [
      25,
      15,
      36,
      46,
      38,
      41,
      40,
      28,
      14,
      30,
      42,
      1,
      32,
      11,
      44,
      23,
      29,
      13,
      34,
      21,
      12,
      31,
      20,
      19,
      17,
      16,
      37,
      4,
      8,
      6,
      0,
      33,
      5,
      47,
      27,
      18,
      26,
      9,
      24,
      39,
      7,
      3,
      35,
      22,
      2,
      43,
      10,
      45
    ]
  },
  "best_seen": {
    "discrete_mse": 11.352076530456543,
    "order": [
      [
        39,
        52
      ],
      [
        74,
        30
      ],
      [
        95,
        75
      ],
      [
        13,
        93
      ],
      [
        58,
        78
      ],
      [
        44,
        82
      ],
      [
        28,
        80
      ],
      [
        42,
        55
      ],
      [
        88,
        29
      ],
      [
        59,
        63
      ],
      [
        37,
        83
      ],
      [
        86,
        7
      ],
      [
        35,
        67
      ],
      [
        10,
        24
      ],
      [
        18,
        90
      ],
      [
        68,
        47
      ],
      [
        73,
        57
      ],
      [
        94,
        26
      ],
      [
        87,
        71
      ],
      [
        1,
        40
      ],
      [
        3,
        25
      ],
      [
        50,
        66
      ],
      [
        23,
        38
      ],
      [
        27,
        36
      ],
      [
        84,
        33
      ],
      [
        4,
        32
      ],
      [
        77,
        76
      ],
      [
        45,
        11
      ],
      [
        81,
        79
      ],
      [
        0,
        17
      ],
      [
        62,
        6
      ],
      [
        43,
        70
      ],
      [
        5,
        12
      ],
      [
        16,
        96
      ],
      [
        65,
        54
      ],
      [
        48,
        34
      ],
      [
        61,
        53
      ],
      [
        56,
        21
      ],
      [
        15,
        51
      ],
      [
        91,
        20
      ],
      [
        2,
        19
      ],
      [
        31,
        9
      ],
      [
        41,
        72
      ],
      [
        49,
        46
      ],
      [
        14,
        8
      ],
      [
        64,
        89
      ],
      [
        60,
        22
      ],
      [
        69,
        92
      ]
    ],
    "in_cols": [
      18,
      38,
      47,
      7,
      28,
      22,
      14,
      20,
      44,
      29,
      17,
      42,
      16,
      6,
      11,
      35,
      37,
      46,
      43,
      1,
      3,
      26,
      12,
      13,
      41,
      4,
      39,
      23,
      40,
      0,
      32,
      21,
      5,
      10,
      34,
      24,
      31,
      27,
      9,
      45,
      2,
      15,
      19,
      25,
      8,
      33,
      30,
      36
    ],
    "out_cols": [
      25,
      15,
      36,
      46,
      38,
      41,
      40,
      28,
      14,
      30,
      42,
      1,
      32,
      11,
      44,
      23,
      29,
      13,
      34,
      21,
      12,
      31,
      20,
      19,
      17,
      16,
      37,
      4,
      39,
      6,
      0,
      33,
      5,
      47,
      27,
      18,
      26,
      9,
      24,
      8,
      7,
      3,
      35,
      22,
      2,
      43,
      10,
      45
    ]
  }
}