{
  "config": {
    "steps": 900,
    "lr": 0.03,
    "tau_start": 1.0,
    "tau_end": 0.03,
    "sinkhorn_iters": 30,
    "lambda_ent": 0.0003,
    "train_subsample": 4096,
    "seed": 9701,
    "device": "cuda"
  },
  "final": {
    "soft_mse_full": 0.4131869971752167,
    "discrete_mse": 309.7282409667969,
    "hash_match": false,
    "perm_str": "31,55,95,63,59,52,39,51,56,82,42,78,44,72,48,29,94,80,58,93,86,30,18,90,73,67,10,19,35,24,37,7,68,47,50,57,15,40,3,26,1,12,28,36,27,38,87,71,84,25,23,75,45,11,14,17,16,20,77,33,81,6,5,32,43,70,62,96,61,53,91,66,65,76,74,83,2,92,41,9,60,79,0,54,4,8,13,22,49,34,88,46,64,89,69,21,85",
    "in_cols": [
      15,
      47,
      29,
      18,
      27,
      20,
      22,
      24,
      46,
      28,
      42,
      11,
      37,
      6,
      16,
      17,
      35,
      26,
      9,
      3,
      1,
      14,
      13,
      43,
      41,
      12,
      23,
      8,
      10,
      39,
      40,
      5,
      21,
      32,
      31,
      45,
      34,
      38,
      2,
      19,
      30,
      0,
      4,
      7,
      25,
      44,
      33,
      36
    ],
    "out_cols": [
      28,
      30,
      25,
      24,
      41,
      38,
      35,
      14,
      40,
      46,
      15,
      44,
      32,
      7,
      11,
      1,
      23,
      29,
      21,
      13,
      5,
      19,
      20,
      34,
      12,
      36,
      4,
      6,
      8,
      17,
      0,
      16,
      33,
      47,
      26,
      31,
      37,
      42,
      45,
      3,
      39,
      27,
      2,
      10,
      18,
      22,
      43,
      9
    ]
  },
  "best_seen": {
    "discrete_mse": 2.9982900619506836,
    "order": [
      [
        31,
        30
      ],
      [
        95,
        63
      ],
      [
        59,
        52
      ],
      [
        39,
        55
      ],
      [
        56,
        82
      ],
      [
        42,
        78
      ],
      [
        44,
        72
      ],
      [
        48,
        29
      ],
      [
        73,
        80
      ],
      [
        94,
        93
      ],
      [
        86,
        32
      ],
      [
        18,
        90
      ],
      [
        69,
        67
      ],
      [
        10,
        19
      ],
      [
        35,
        24
      ],
      [
        37,
        7
      ],
      [
        68,
        47
      ],
      [
        50,
        57
      ],
      [
        15,
        40
      ],
      [
        3,
        26
      ],
      [
        1,
        12
      ],
      [
        28,
        36
      ],
      [
        27,
        38
      ],
      [
        87,
        71
      ],
      [
        84,
        25
      ],
      [
        23,
        75
      ],
      [
        45,
        11
      ],
      [
        14,
        17
      ],
      [
        16,
        20
      ],
      [
        77,
        33
      ],
      [
        81,
        6
      ],
      [
        5,
        51
      ],
      [
        43,
        70
      ],
      [
        62,
        96
      ],
      [
        91,
        53
      ],
      [
        13,
        66
      ],
      [
        65,
        76
      ],
      [
        74,
        83
      ],
      [
        2,
        92
      ],
      [
        41,
        9
      ],
      [
        61,
        79
      ],
      [
        0,
        54
      ],
      [
        4,
        8
      ],
      [
        58,
        22
      ],
      [
        49,
        34
      ],
      [
        88,
        46
      ],
      [
        60,
        89
      ],
      [
        64,
        21
      ]
    ],
    "in_cols": [
      15,
      47,
      29,
      18,
      27,
      20,
      22,
      24,
      37,
      46,
      42,
      11,
      36,
      6,
      16,
      17,
      35,
      26,
      9,
      3,
      1,
      14,
      13,
      43,
      41,
      12,
      23,
      8,
      10,
      39,
      40,
      5,
      21,
      32,
      45,
      7,
      34,
      38,
      2,
      19,
      31,
      0,
      4,
      28,
      25,
      44,
      30,
      33
    ],
    "out_cols": [
      15,
      30,
      25,
      28,
      41,
      38,
      35,
      14,
      40,
      46,
      16,
      44,
      32,
      7,
      11,
      1,
      23,
      29,
      21,
      13,
      5,
      19,
      20,
      34,
      12,
      36,
      4,
      6,
      8,
      17,
      0,
      24,
      33,
      47,
      26,
      31,
      37,
      42,
      45,
      3,
      39,
      27,
      2,
      10,
      18,
      22,
      43,
      9
    ]
  }
}