{
  "config": {
    "steps": 700,
    "lr": 0.015,
    "tau_start": 1.0,
    "tau_end": 0.025,
    "sinkhorn_iters": 30,
    "lambda_ent": 0.0001,
    "train_subsample": 0,
    "seed": 23204,
    "device": "cuda"
  },
  "final": {
    "soft_mse_full": 0.35005271434783936,
    "discrete_mse": 14.322672843933105,
    "hash_match": false,
    "perm_str": "39,52,59,78,23,72,73,63,56,30,44,82,95,93,62,55,42,29,69,67,27,7,94,90,50,19,18,80,35,24,37,57,86,47,68,26,15,40,31,36,3,25,28,12,87,71,1,38,4,17,64,89,14,11,65,32,45,6,81,20,5,70,16,96,84,33,60,53,48,9,77,79,49,54,13,83,41,75,58,92,74,22,43,76,91,51,88,8,61,66,0,21,2,34,10,46,85",
    "in_cols": [
      18,
      29,
      12,
      37,
      27,
      22,
      47,
      32,
      20,
      36,
      13,
      46,
      26,
      11,
      16,
      17,
      42,
      35,
      9,
      15,
      3,
      14,
      43,
      1,
      4,
      33,
      8,
      34,
      23,
      40,
      5,
      10,
      41,
      30,
      24,
      39,
      25,
      7,
      19,
      28,
      38,
      21,
      45,
      44,
      31,
      0,
      2,
      6
    ],
    "out_cols": [
      25,
      38,
      35,
      30,
      15,
      41,
      46,
      28,
      14,
      32,
      1,
      44,
      7,
      40,
      11,
      29,
      23,
      13,
      21,
      19,
      12,
      5,
      34,
      20,
      6,
      43,
      4,
      16,
      0,
      8,
      33,
      47,
      17,
      26,
      3,
      39,
      27,
      42,
      36,
      45,
      10,
      37,
      24,
      2,
      31,
      9,
      18,
      22
    ]
  },
  "best_seen": {
    "discrete_mse": 16.88629722595215,
    "order": [
      [
        23,
        53
      ],
      [
        58,
        20
      ],
      [
        81,
        40
      ],
      [
        13,
        63
      ],
      [
        43,
        66
      ],
      [
        37,
        12
      ],
      [
        2,
        80
      ],
      [
        87,
        70
      ],
      [
        0,
        17
      ],
      [
        48,
        92
      ],
      [
        16,
        11
      ],
      [
        60,
        33
      ],
      [
        15,
        26
      ],
      [
        88,
        38
      ],
      [
        18,
        22
      ],
      [
        27,
        6
      ],
      [
        86,
        72
      ],
      [
        69,
        89
      ],
      [
        31,
        78
      ],
      [
        3,
        93
      ],
      [
        49,
        96
      ],
      [
        45,
        36
      ],
      [
        62,
        46
      ],
      [
        73,
        8
      ],
      [
        64,
        47
      ],
      [
        68,
        29
      ],
      [
        5,
        30
      ],
      [
        10,
        90
      ],
      [
        74,
        79
      ],
      [
        41,
        54
      ],
      [
        28,
        82
      ],
      [
        39,
        76
      ],
      [
        35,
        21
      ],
      [
        42,
        67
      ],
      [
        44,
        51
      ],
      [
        56,
        32
      ],
      [
        4,
        55
      ],
      [
        77,
        9
      ],
      [
        95,
        83
      ],
      [
        59,
        7
      ],
      [
        84,
        24
      ],
      [
        65,
        52
      ],
      [
        91,
        19
      ],
      [
        1,
        57
      ],
      [
        61,
        71
      ],
      [
        94,
        34
      ],
      [
        14,
        75
      ],
      [
        50,
        25
      ]
    ],
    "in_cols": [
      12,
      28,
      40,
      7,
      21,
      17,
      2,
      43,
      0,
      24,
      10,
      30,
      9,
      44,
      11,
      13,
      42,
      36,
      15,
      3,
      25,
      23,
      32,
      37,
      33,
      35,
      5,
      6,
      38,
      19,
      14,
      18,
      16,
      20,
      22,
      27,
      4,
      39,
      47,
      29,
      41,
      34,
      45,
      1,
      31,
      46,
      8,
      26
    ],
    "out_cols": [
      26,
      8,
      21,
      30,
      31,
      5,
      40,
      33,
      6,
      45,
      4,
      17,
      13,
      20,
      10,
      0,
      35,
      43,
      38,
      46,
      47,
      19,
      22,
      2,
      23,
      14,
      15,
      44,
      39,
      27,
      41,
      37,
      9,
      32,
      24,
      16,
      28,
      3,
      42,
      1,
      11,
      25,
      7,
      29,
      34,
      18,
      36,
      12
    ]
  }
}