{
  "config": {
    "steps": 900,
    "lr": 0.03,
    "tau_start": 1.0,
    "tau_end": 0.028,
    "sinkhorn_iters": 30,
    "lambda_ent": 0.0003,
    "train_subsample": 4096,
    "seed": 12202,
    "device": "cuda"
  },
  "final": {
    "soft_mse_full": 0.44843295216560364,
    "discrete_mse": 1.2003029584884644,
    "hash_match": false,
    "perm_str": "41,30,59,72,95,52,73,63,56,93,44,82,39,78,74,80,42,29,94,40,86,90,14,25,18,19,50,7,68,47,15,67,37,57,35,24,3,26,10,12,31,36,28,66,87,71,1,38,23,53,77,17,27,51,5,11,62,6,81,33,4,20,2,96,58,32,48,70,91,9,16,75,13,83,49,46,61,76,65,54,43,34,45,22,84,89,0,79,64,55,69,92,60,21,88,8,85",
    "in_cols": [
      19,
      29,
      47,
      37,
      27,
      22,
      18,
      38,
      20,
      46,
      42,
      8,
      11,
      26,
      35,
      9,
      17,
      16,
      3,
      6,
      15,
      14,
      43,
      1,
      12,
      39,
      13,
      5,
      32,
      40,
      4,
      2,
      28,
      24,
      45,
      10,
      7,
      25,
      31,
      34,
      21,
      23,
      41,
      0,
      33,
      36,
      30,
      44
    ],
    "out_cols": [
      15,
      35,
      25,
      30,
      46,
      41,
      38,
      40,
      14,
      21,
      44,
      12,
      7,
      1,
      23,
      32,
      29,
      11,
      13,
      5,
      19,
      31,
      34,
      20,
      26,
      6,
      24,
      4,
      0,
      17,
      8,
      47,
      16,
      33,
      3,
      36,
      42,
      22,
      37,
      27,
      18,
      10,
      43,
      39,
      28,
      45,
      9,
      2
    ]
  },
  "best_seen": {
    "discrete_mse": 1.9992718696594238,
    "order": [
      [
        77,
        30
      ],
      [
        59,
        55
      ],
      [
        95,
        52
      ],
      [
        73,
        63
      ],
      [
        56,
        93
      ],
      [
        44,
        82
      ],
      [
        39,
        78
      ],
      [
        74,
        80
      ],
      [
        42,
        29
      ],
      [
        94,
        72
      ],
      [
        86,
        90
      ],
      [
        41,
        25
      ],
      [
        18,
        19
      ],
      [
        50,
        7
      ],
      [
        68,
        47
      ],
      [
        15,
        67
      ],
      [
        37,
        57
      ],
      [
        35,
        24
      ],
      [
        3,
        26
      ],
      [
        10,
        12
      ],
      [
        31,
        36
      ],
      [
        28,
        66
      ],
      [
        87,
        71
      ],
      [
        1,
        38
      ],
      [
        23,
        53
      ],
      [
        14,
        17
      ],
      [
        27,
        51
      ],
      [
        5,
        11
      ],
      [
        62,
        6
      ],
      [
        81,
        33
      ],
      [
        4,
        20
      ],
      [
        2,
        96
      ],
      [
        58,
        32
      ],
      [
        48,
        70
      ],
      [
        91,
        9
      ],
      [
        16,
        75
      ],
      [
        13,
        83
      ],
      [
        49,
        46
      ],
      [
        61,
        76
      ],
      [
        65,
        54
      ],
      [
        43,
        34
      ],
      [
        45,
        22
      ],
      [
        84,
        40
      ],
      [
        0,
        79
      ],
      [
        64,
        89
      ],
      [
        69,
        92
      ],
      [
        60,
        21
      ],
      [
        88,
        8
      ]
    ],
    "in_cols": [
      39,
      29,
      47,
      37,
      27,
      22,
      18,
      38,
      20,
      46,
      42,
      19,
      11,
      26,
      35,
      9,
      17,
      16,
      3,
      6,
      15,
      14,
      43,
      1,
      12,
      8,
      13,
      5,
      32,
      40,
      4,
      2,
      28,
      24,
      45,
      10,
      7,
      25,
      31,
      34,
      21,
      23,
      41,
      0,
      33,
      36,
      30,
      44
    ],
    "out_cols": [
      15,
      28,
      25,
      30,
      46,
      41,
      38,
      40,
      14,
      35,
      44,
      12,
      7,
      1,
      23,
      32,
      29,
      11,
      13,
      5,
      19,
      31,
      34,
      20,
      26,
      6,
      24,
      4,
      0,
      17,
      8,
      47,
      16,
      33,
      3,
      36,
      42,
      22,
      37,
      27,
      18,
      10,
      21,
      39,
      43,
      45,
      9,
      2
    ]
  }
}