{
  "config": {
    "steps": 900,
    "lr": 0.03,
    "tau_start": 1.0,
    "tau_end": 0.03,
    "sinkhorn_iters": 30,
    "lambda_ent": 0.0003,
    "train_subsample": 4096,
    "seed": 21101,
    "device": "cuda"
  },
  "final": {
    "soft_mse_full": 0.3804382085800171,
    "discrete_mse": 11.437164306640625,
    "hash_match": false,
    "perm_str": "59,52,39,30,95,75,14,80,42,63,44,82,58,78,94,55,37,93,18,67,69,29,86,90,28,19,73,47,50,57,10,7,15,36,3,26,87,71,68,12,35,24,31,25,1,40,23,38,60,72,5,11,64,53,4,17,81,79,91,6,16,96,48,20,77,70,84,33,62,83,0,76,65,32,49,54,74,34,13,9,56,21,61,46,2,51,27,8,88,66,45,92,43,89,41,22,85",
    "in_cols": [
      29,
      18,
      47,
      8,
      20,
      22,
      28,
      46,
      17,
      11,
      36,
      42,
      14,
      37,
      26,
      6,
      9,
      3,
      43,
      35,
      16,
      15,
      1,
      12,
      30,
      5,
      33,
      4,
      40,
      45,
      10,
      24,
      39,
      41,
      32,
      0,
      34,
      25,
      38,
      7,
      27,
      31,
      2,
      13,
      44,
      23,
      21,
      19
    ],
    "out_cols": [
      25,
      15,
      36,
      40,
      30,
      41,
      38,
      28,
      46,
      32,
      14,
      44,
      7,
      23,
      29,
      1,
      19,
      13,
      34,
      5,
      11,
      12,
      21,
      20,
      35,
      4,
      26,
      6,
      39,
      0,
      47,
      8,
      33,
      17,
      42,
      37,
      16,
      27,
      18,
      3,
      9,
      22,
      24,
      2,
      31,
      45,
      43,
      10
    ]
  },
  "best_seen": {
    "discrete_mse": 2.1140739917755127,
    "order": [
      [
        59,
        52
      ],
      [
        39,
        72
      ],
      [
        95,
        75
      ],
      [
        74,
        80
      ],
      [
        42,
        63
      ],
      [
        44,
        82
      ],
      [
        5,
        78
      ],
      [
        94,
        55
      ],
      [
        37,
        93
      ],
      [
        18,
        67
      ],
      [
        69,
        29
      ],
      [
        86,
        90
      ],
      [
        28,
        19
      ],
      [
        73,
        47
      ],
      [
        15,
        57
      ],
      [
        50,
        7
      ],
      [
        10,
        36
      ],
      [
        3,
        26
      ],
      [
        87,
        71
      ],
      [
        68,
        12
      ],
      [
        35,
        24
      ],
      [
        31,
        25
      ],
      [
        1,
        40
      ],
      [
        23,
        38
      ],
      [
        60,
        11
      ],
      [
        14,
        17
      ],
      [
        64,
        53
      ],
      [
        4,
        30
      ],
      [
        27,
        79
      ],
      [
        81,
        6
      ],
      [
        16,
        96
      ],
      [
        48,
        20
      ],
      [
        77,
        70
      ],
      [
        84,
        33
      ],
      [
        62,
        83
      ],
      [
        0,
        76
      ],
      [
        65,
        32
      ],
      [
        49,
        54
      ],
      [
        91,
        34
      ],
      [
        13,
        9
      ],
      [
        56,
        21
      ],
      [
        61,
        46
      ],
      [
        2,
        51
      ],
      [
        45,
        8
      ],
      [
        88,
        66
      ],
      [
        43,
        92
      ],
      [
        58,
        89
      ],
      [
        41,
        22
      ]
    ],
    "in_cols": [
      29,
      18,
      47,
      38,
      20,
      22,
      5,
      46,
      17,
      11,
      36,
      42,
      14,
      37,
      9,
      26,
      6,
      3,
      43,
      35,
      16,
      15,
      1,
      12,
      30,
      8,
      33,
      4,
      13,
      40,
      10,
      24,
      39,
      41,
      32,
      0,
      34,
      25,
      45,
      7,
      27,
      31,
      2,
      23,
      44,
      21,
      28,
      19
    ],
    "out_cols": [
      25,
      35,
      36,
      40,
      30,
      41,
      38,
      28,
      46,
      32,
      14,
      44,
      7,
      23,
      29,
      1,
      19,
      13,
      34,
      5,
      11,
      12,
      21,
      20,
      4,
      6,
      26,
      15,
      39,
      0,
      47,
      8,
      33,
      17,
      42,
      37,
      16,
      27,
      18,
      3,
      9,
      22,
      24,
      2,
      31,
      45,
      43,
      10
    ]
  }
}