{
  "config": {
    "steps": 700,
    "lr": 0.02,
    "tau_start": 1.0,
    "tau_end": 0.03,
    "sinkhorn_iters": 30,
    "lambda_ent": 0.0003,
    "train_subsample": 0,
    "seed": 4203,
    "device": "cuda"
  },
  "final": {
    "soft_mse_full": 0.34677231311798096,
    "discrete_mse": 2.1593170166015625,
    "hash_match": false,
    "perm_str": "59,52,39,30,28,72,95,93,44,78,91,82,86,80,68,29,42,55,58,26,94,53,88,90,18,67,10,19,35,24,50,7,73,47,15,57,48,40,87,71,3,25,31,36,1,38,14,76,23,11,27,17,64,12,45,33,81,6,4,32,5,92,77,20,43,70,16,96,13,34,65,89,62,75,0,54,74,79,37,83,69,66,41,9,61,46,2,51,84,22,49,8,60,21,56,63,85",
    "in_cols": [
      29,
      18,
      14,
      47,
      22,
      45,
      42,
      35,
      20,
      28,
      46,
      44,
      11,
      6,
      16,
      26,
      37,
      9,
      24,
      43,
      3,
      15,
      1,
      8,
      12,
      13,
      33,
      23,
      40,
      4,
      5,
      39,
      21,
      10,
      7,
      34,
      32,
      0,
      38,
      17,
      36,
      19,
      31,
      2,
      41,
      25,
      30,
      27
    ],
    "out_cols": [
      25,
      15,
      35,
      46,
      38,
      41,
      40,
      14,
      28,
      13,
      26,
      44,
      32,
      7,
      11,
      1,
      23,
      29,
      21,
      34,
      12,
      19,
      20,
      37,
      4,
      6,
      5,
      17,
      0,
      16,
      45,
      8,
      33,
      47,
      18,
      43,
      36,
      27,
      39,
      42,
      31,
      3,
      22,
      24,
      10,
      2,
      9,
      30
    ]
  },
  "best_seen": {
    "discrete_mse": 2.1593170166015625,
    "order": [
      [
        59,
        52
      ],
      [
        39,
        30
      ],
      [
        28,
        72
      ],
      [
        95,
        93
      ],
      [
        44,
        78
      ],
      [
        91,
        82
      ],
      [
        86,
        80
      ],
      [
        68,
        29
      ],
      [
        42,
        55
      ],
      [
        58,
        26
      ],
      [
        94,
        53
      ],
      [
        88,
        90
      ],
      [
        18,
        67
      ],
      [
        10,
        19
      ],
      [
        35,
        24
      ],
      [
        50,
        7
      ],
      [
        73,
        47
      ],
      [
        15,
        57
      ],
      [
        48,
        40
      ],
      [
        87,
        71
      ],
      [
        3,
        25
      ],
      [
        31,
        36
      ],
      [
        1,
        38
      ],
      [
        14,
        76
      ],
      [
        23,
        11
      ],
      [
        27,
        17
      ],
      [
        64,
        12
      ],
      [
        45,
        33
      ],
      [
        81,
        6
      ],
      [
        4,
        32
      ],
      [
        5,
        92
      ],
      [
        77,
        20
      ],
      [
        43,
        70
      ],
      [
        16,
        96
      ],
      [
        13,
        34
      ],
      [
        65,
        89
      ],
      [
        62,
        75
      ],
      [
        0,
        54
      ],
      [
        74,
        79
      ],
      [
        37,
        83
      ],
      [
        69,
        66
      ],
      [
        41,
        9
      ],
      [
        61,
        46
      ],
      [
        2,
        51
      ],
      [
        84,
        22
      ],
      [
        49,
        8
      ],
      [
        60,
        21
      ],
      [
        56,
        63
      ]
    ],
    "in_cols": [
      29,
      18,
      14,
      47,
      22,
      45,
      42,
      35,
      20,
      28,
      46,
      44,
      11,
      6,
      16,
      26,
      37,
      9,
      24,
      43,
      3,
      15,
      1,
      8,
      12,
      13,
      33,
      23,
      40,
      4,
      5,
      39,
      21,
      10,
      7,
      34,
      32,
      0,
      38,
      17,
      36,
      19,
      31,
      2,
      41,
      25,
      30,
      27
    ],
    "out_cols": [
      25,
      15,
      35,
      46,
      38,
      41,
      40,
      14,
      28,
      13,
      26,
      44,
      32,
      7,
      11,
      1,
      23,
      29,
      21,
      34,
      12,
      19,
      20,
      37,
      4,
      6,
      5,
      17,
      0,
      16,
      45,
      8,
      33,
      47,
      18,
      43,
      36,
      27,
      39,
      42,
      31,
      3,
      22,
      24,
      10,
      2,
      9,
      30
    ]
  }
}