{
  "config": {
    "steps": 900,
    "lr": 0.03,
    "tau_start": 1.0,
    "tau_end": 0.03,
    "sinkhorn_iters": 30,
    "lambda_ent": 0.0003,
    "train_subsample": 4096,
    "seed": 6201,
    "device": "cuda"
  },
  "final": {
    "soft_mse_full": 0.3664950132369995,
    "discrete_mse": 87.69241333007812,
    "hash_match": false,
    "perm_str": "95,75,59,52,39,29,56,30,87,63,44,78,94,72,42,55,18,80,88,67,86,83,37,93,35,19,73,47,68,36,15,57,10,7,28,40,58,82,50,25,3,26,1,38,31,90,27,8,23,71,14,21,4,17,45,11,5,51,77,33,81,6,16,96,65,53,48,70,62,32,84,89,91,76,2,20,0,79,43,66,49,92,41,46,69,9,61,34,74,54,64,12,13,24,60,22,85",
    "in_cols": [
      47,
      29,
      18,
      27,
      43,
      22,
      46,
      20,
      11,
      44,
      42,
      17,
      16,
      37,
      35,
      9,
      6,
      14,
      28,
      26,
      3,
      1,
      15,
      13,
      12,
      8,
      4,
      23,
      5,
      39,
      40,
      10,
      34,
      24,
      32,
      41,
      45,
      2,
      0,
      21,
      25,
      19,
      36,
      31,
      38,
      33,
      7,
      30
    ],
    "out_cols": [
      36,
      25,
      14,
      15,
      30,
      38,
      35,
      28,
      40,
      32,
      42,
      46,
      7,
      23,
      19,
      29,
      1,
      21,
      41,
      12,
      13,
      20,
      44,
      2,
      34,
      9,
      6,
      4,
      24,
      17,
      0,
      47,
      26,
      33,
      16,
      43,
      37,
      8,
      39,
      31,
      45,
      22,
      3,
      18,
      27,
      5,
      11,
      10
    ]
  },
  "best_seen": {
    "discrete_mse": 19.999042510986328,
    "order": [
      [
        95,
        75
      ],
      [
        39,
        52
      ],
      [
        58,
        29
      ],
      [
        56,
        30
      ],
      [
        87,
        63
      ],
      [
        44,
        78
      ],
      [
        88,
        20
      ],
      [
        42,
        55
      ],
      [
        18,
        80
      ],
      [
        69,
        67
      ],
      [
        86,
        83
      ],
      [
        37,
        93
      ],
      [
        35,
        19
      ],
      [
        73,
        47
      ],
      [
        68,
        36
      ],
      [
        15,
        57
      ],
      [
        10,
        7
      ],
      [
        28,
        40
      ],
      [
        94,
        72
      ],
      [
        50,
        25
      ],
      [
        3,
        26
      ],
      [
        1,
        38
      ],
      [
        31,
        90
      ],
      [
        59,
        8
      ],
      [
        23,
        71
      ],
      [
        14,
        21
      ],
      [
        4,
        17
      ],
      [
        45,
        11
      ],
      [
        5,
        51
      ],
      [
        77,
        33
      ],
      [
        81,
        6
      ],
      [
        65,
        96
      ],
      [
        61,
        53
      ],
      [
        48,
        70
      ],
      [
        62,
        32
      ],
      [
        84,
        89
      ],
      [
        91,
        76
      ],
      [
        16,
        34
      ],
      [
        27,
        79
      ],
      [
        43,
        66
      ],
      [
        49,
        92
      ],
      [
        41,
        46
      ],
      [
        0,
        9
      ],
      [
        2,
        24
      ],
      [
        74,
        54
      ],
      [
        64,
        12
      ],
      [
        13,
        82
      ],
      [
        60,
        22
      ]
    ],
    "in_cols": [
      47,
      18,
      28,
      27,
      43,
      22,
      44,
      20,
      11,
      36,
      42,
      17,
      16,
      37,
      35,
      9,
      6,
      14,
      46,
      26,
      3,
      1,
      15,
      29,
      12,
      8,
      4,
      23,
      5,
      39,
      40,
      34,
      31,
      24,
      32,
      41,
      45,
      10,
      13,
      21,
      25,
      19,
      0,
      2,
      38,
      33,
      7,
      30
    ],
    "out_cols": [
      36,
      25,
      14,
      15,
      30,
      38,
      8,
      28,
      40,
      32,
      42,
      46,
      7,
      23,
      19,
      29,
      1,
      21,
      35,
      12,
      13,
      20,
      44,
      2,
      34,
      9,
      6,
      4,
      24,
      17,
      0,
      47,
      26,
      33,
      16,
      43,
      37,
      18,
      39,
      31,
      45,
      22,
      3,
      11,
      27,
      5,
      41,
      10
    ]
  }
}