{
  "config": {
    "steps": 900,
    "lr": 0.03,
    "tau_start": 1.0,
    "tau_end": 0.028,
    "sinkhorn_iters": 30,
    "lambda_ent": 0.0003,
    "train_subsample": 4096,
    "seed": 7102,
    "device": "cuda"
  },
  "final": {
    "soft_mse_full": 0.4104681611061096,
    "discrete_mse": 6.447242736816406,
    "hash_match": false,
    "perm_str": "39,52,69,72,88,55,95,26,94,63,44,82,73,80,42,29,58,78,56,30,59,71,35,24,86,7,18,47,15,67,28,19,10,57,50,36,87,90,1,40,3,53,31,25,23,38,37,66,49,17,14,75,5,12,13,11,4,32,81,6,65,20,91,92,77,33,48,96,0,93,16,70,60,89,27,54,43,9,45,46,74,51,84,8,68,21,2,76,62,22,61,83,64,34,41,79,85",
    "in_cols": [
      18,
      36,
      44,
      47,
      46,
      22,
      37,
      20,
      28,
      27,
      29,
      16,
      42,
      11,
      9,
      14,
      6,
      26,
      43,
      1,
      3,
      15,
      12,
      17,
      25,
      8,
      5,
      7,
      4,
      40,
      34,
      45,
      39,
      24,
      0,
      10,
      30,
      13,
      21,
      23,
      38,
      41,
      35,
      2,
      32,
      31,
      33,
      19
    ],
    "out_cols": [
      25,
      35,
      28,
      13,
      30,
      41,
      40,
      14,
      38,
      15,
      34,
      11,
      1,
      23,
      32,
      7,
      29,
      19,
      44,
      21,
      26,
      12,
      20,
      31,
      6,
      36,
      5,
      4,
      16,
      0,
      8,
      45,
      17,
      47,
      46,
      33,
      43,
      27,
      3,
      22,
      24,
      2,
      9,
      37,
      10,
      42,
      18,
      39
    ]
  },
  "best_seen": {
    "discrete_mse": 6.447242736816406,
    "order": [
      [
        39,
        52
      ],
      [
        69,
        72
      ],
      [
        88,
        55
      ],
      [
        95,
        26
      ],
      [
        94,
        63
      ],
      [
        44,
        82
      ],
      [
        73,
        80
      ],
      [
        42,
        29
      ],
      [
        58,
        78
      ],
      [
        56,
        30
      ],
      [
        59,
        71
      ],
      [
        35,
        24
      ],
      [
        86,
        7
      ],
      [
        18,
        47
      ],
      [
        15,
        67
      ],
      [
        28,
        19
      ],
      [
        10,
        57
      ],
      [
        50,
        36
      ],
      [
        87,
        90
      ],
      [
        1,
        40
      ],
      [
        3,
        53
      ],
      [
        31,
        25
      ],
      [
        23,
        38
      ],
      [
        37,
        66
      ],
      [
        49,
        17
      ],
      [
        14,
        75
      ],
      [
        5,
        12
      ],
      [
        13,
        11
      ],
      [
        4,
        32
      ],
      [
        81,
        6
      ],
      [
        65,
        20
      ],
      [
        91,
        92
      ],
      [
        77,
        33
      ],
      [
        48,
        96
      ],
      [
        0,
        93
      ],
      [
        16,
        70
      ],
      [
        60,
        89
      ],
      [
        27,
        54
      ],
      [
        43,
        9
      ],
      [
        45,
        46
      ],
      [
        74,
        51
      ],
      [
        84,
        8
      ],
      [
        68,
        21
      ],
      [
        2,
        76
      ],
      [
        62,
        22
      ],
      [
        61,
        83
      ],
      [
        64,
        34
      ],
      [
        41,
        79
      ]
    ],
    "in_cols": [
      18,
      36,
      44,
      47,
      46,
      22,
      37,
      20,
      28,
      27,
      29,
      16,
      42,
      11,
      9,
      14,
      6,
      26,
      43,
      1,
      3,
      15,
      12,
      17,
      25,
      8,
      5,
      7,
      4,
      40,
      34,
      45,
      39,
      24,
      0,
      10,
      30,
      13,
      21,
      23,
      38,
      41,
      35,
      2,
      32,
      31,
      33,
      19
    ],
    "out_cols": [
      25,
      35,
      28,
      13,
      30,
      41,
      40,
      14,
      38,
      15,
      34,
      11,
      1,
      23,
      32,
      7,
      29,
      19,
      44,
      21,
      26,
      12,
      20,
      31,
      6,
      36,
      5,
      4,
      16,
      0,
      8,
      45,
      17,
      47,
      46,
      33,
      43,
      27,
      3,
      22,
      24,
      2,
      9,
      37,
      10,
      42,
      18,
      39
    ]
  }
}