{
  "config": {
    "steps": 700,
    "lr": 0.015,
    "tau_start": 1.0,
    "tau_end": 0.025,
    "sinkhorn_iters": 30,
    "lambda_ent": 0.0001,
    "train_subsample": 0,
    "seed": 14604,
    "device": "cuda"
  },
  "final": {
    "soft_mse_full": 0.40407615900039673,
    "discrete_mse": 97.4443130493164,
    "hash_match": false,
    "perm_str": "59,52,39,72,95,75,87,63,56,30,44,78,74,55,42,80,68,38,58,93,69,67,94,83,28,19,18,90,37,7,50,82,15,57,86,47,1,40,35,24,3,25,31,36,91,26,23,71,14,76,77,11,5,29,64,66,81,6,48,51,62,20,45,33,65,96,61,53,4,70,16,89,27,54,10,17,41,22,84,34,13,9,49,8,2,79,43,32,0,92,73,12,88,21,60,46,85",
    "in_cols": [
      29,
      18,
      47,
      43,
      27,
      22,
      38,
      20,
      35,
      28,
      36,
      46,
      14,
      11,
      17,
      26,
      9,
      42,
      1,
      16,
      3,
      15,
      45,
      12,
      8,
      39,
      5,
      33,
      40,
      24,
      32,
      23,
      34,
      31,
      4,
      10,
      13,
      6,
      19,
      41,
      7,
      25,
      2,
      21,
      0,
      37,
      44,
      30
    ],
    "out_cols": [
      25,
      35,
      36,
      30,
      15,
      38,
      28,
      40,
      20,
      46,
      32,
      42,
      7,
      44,
      1,
      41,
      29,
      23,
      21,
      11,
      12,
      19,
      13,
      34,
      37,
      4,
      14,
      31,
      0,
      24,
      8,
      17,
      47,
      26,
      33,
      43,
      27,
      6,
      10,
      18,
      3,
      2,
      39,
      16,
      45,
      5,
      9,
      22
    ]
  },
  "best_seen": {
    "discrete_mse": 1.604534387588501,
    "order": [
      [
        59,
        52
      ],
      [
        39,
        72
      ],
      [
        95,
        93
      ],
      [
        73,
        63
      ],
      [
        56,
        30
      ],
      [
        44,
        78
      ],
      [
        74,
        55
      ],
      [
        10,
        80
      ],
      [
        42,
        38
      ],
      [
        58,
        29
      ],
      [
        18,
        67
      ],
      [
        94,
        83
      ],
      [
        28,
        19
      ],
      [
        37,
        90
      ],
      [
        1,
        7
      ],
      [
        50,
        82
      ],
      [
        15,
        57
      ],
      [
        68,
        47
      ],
      [
        48,
        40
      ],
      [
        35,
        24
      ],
      [
        3,
        26
      ],
      [
        31,
        36
      ],
      [
        91,
        75
      ],
      [
        87,
        71
      ],
      [
        23,
        25
      ],
      [
        14,
        11
      ],
      [
        77,
        76
      ],
      [
        64,
        66
      ],
      [
        81,
        6
      ],
      [
        5,
        51
      ],
      [
        62,
        20
      ],
      [
        45,
        33
      ],
      [
        16,
        96
      ],
      [
        61,
        53
      ],
      [
        0,
        70
      ],
      [
        84,
        89
      ],
      [
        86,
        54
      ],
      [
        49,
        17
      ],
      [
        41,
        46
      ],
      [
        2,
        34
      ],
      [
        13,
        9
      ],
      [
        60,
        22
      ],
      [
        65,
        79
      ],
      [
        69,
        32
      ],
      [
        43,
        92
      ],
      [
        4,
        12
      ],
      [
        27,
        21
      ],
      [
        88,
        8
      ]
    ],
    "in_cols": [
      29,
      18,
      47,
      37,
      27,
      22,
      38,
      6,
      20,
      28,
      11,
      46,
      14,
      17,
      1,
      26,
      9,
      35,
      24,
      16,
      3,
      15,
      45,
      43,
      12,
      8,
      39,
      33,
      40,
      5,
      32,
      23,
      10,
      31,
      0,
      41,
      42,
      25,
      19,
      2,
      7,
      30,
      34,
      36,
      21,
      4,
      13,
      44
    ],
    "out_cols": [
      25,
      35,
      46,
      30,
      15,
      38,
      28,
      40,
      20,
      14,
      32,
      42,
      7,
      44,
      1,
      41,
      29,
      23,
      21,
      11,
      13,
      19,
      36,
      34,
      12,
      4,
      37,
      31,
      0,
      24,
      8,
      17,
      47,
      26,
      33,
      43,
      27,
      6,
      22,
      18,
      3,
      10,
      39,
      16,
      45,
      5,
      9,
      2
    ]
  }
}