{
  "config": {
    "steps": 900,
    "lr": 0.03,
    "tau_start": 1.0,
    "tau_end": 0.03,
    "sinkhorn_iters": 30,
    "lambda_ent": 0.0003,
    "train_subsample": 4096,
    "seed": 8501,
    "device": "cuda"
  },
  "final": {
    "soft_mse_full": 0.41326233744621277,
    "discrete_mse": 1.1694635152816772,
    "hash_match": false,
    "perm_str": "39,75,59,52,95,67,84,29,56,30,88,82,68,78,94,93,44,72,42,55,86,47,18,80,73,90,28,19,15,57,10,40,35,24,37,7,48,26,3,53,50,63,31,36,1,38,87,71,14,25,77,76,45,33,5,11,16,96,91,51,4,6,62,20,2,70,81,8,23,12,27,17,43,54,0,9,65,66,69,83,41,46,74,92,60,32,49,79,13,21,58,89,64,22,61,34,85",
    "in_cols": [
      18,
      29,
      47,
      41,
      27,
      44,
      35,
      46,
      22,
      20,
      42,
      11,
      37,
      14,
      9,
      6,
      16,
      17,
      24,
      3,
      26,
      15,
      1,
      43,
      8,
      39,
      23,
      5,
      10,
      45,
      4,
      32,
      2,
      40,
      12,
      13,
      21,
      0,
      34,
      36,
      19,
      38,
      30,
      25,
      7,
      28,
      33,
      31
    ],
    "out_cols": [
      36,
      25,
      32,
      14,
      15,
      41,
      38,
      46,
      35,
      28,
      23,
      40,
      44,
      7,
      29,
      21,
      11,
      1,
      13,
      26,
      30,
      19,
      20,
      34,
      12,
      37,
      17,
      4,
      47,
      24,
      0,
      8,
      33,
      2,
      5,
      6,
      27,
      3,
      31,
      42,
      22,
      45,
      16,
      39,
      9,
      43,
      10,
      18
    ]
  },
  "best_seen": {
    "discrete_mse": 1.0502002239227295,
    "order": [
      [
        39,
        75
      ],
      [
        59,
        52
      ],
      [
        88,
        67
      ],
      [
        95,
        29
      ],
      [
        56,
        30
      ],
      [
        37,
        82
      ],
      [
        68,
        78
      ],
      [
        94,
        93
      ],
      [
        44,
        72
      ],
      [
        42,
        55
      ],
      [
        18,
        47
      ],
      [
        84,
        80
      ],
      [
        73,
        90
      ],
      [
        28,
        19
      ],
      [
        15,
        57
      ],
      [
        10,
        63
      ],
      [
        35,
        24
      ],
      [
        86,
        40
      ],
      [
        48,
        26
      ],
      [
        3,
        53
      ],
      [
        50,
        7
      ],
      [
        31,
        36
      ],
      [
        1,
        38
      ],
      [
        87,
        71
      ],
      [
        14,
        25
      ],
      [
        77,
        76
      ],
      [
        45,
        33
      ],
      [
        5,
        11
      ],
      [
        16,
        96
      ],
      [
        91,
        51
      ],
      [
        4,
        6
      ],
      [
        62,
        20
      ],
      [
        2,
        70
      ],
      [
        81,
        8
      ],
      [
        23,
        12
      ],
      [
        27,
        17
      ],
      [
        43,
        54
      ],
      [
        0,
        9
      ],
      [
        65,
        66
      ],
      [
        69,
        83
      ],
      [
        41,
        46
      ],
      [
        74,
        92
      ],
      [
        60,
        32
      ],
      [
        49,
        79
      ],
      [
        13,
        21
      ],
      [
        58,
        89
      ],
      [
        64,
        22
      ],
      [
        61,
        34
      ]
    ],
    "in_cols": [
      18,
      29,
      44,
      47,
      27,
      17,
      35,
      46,
      22,
      20,
      11,
      41,
      37,
      14,
      9,
      6,
      16,
      42,
      24,
      3,
      26,
      15,
      1,
      43,
      8,
      39,
      23,
      5,
      10,
      45,
      4,
      32,
      2,
      40,
      12,
      13,
      21,
      0,
      34,
      36,
      19,
      38,
      30,
      25,
      7,
      28,
      33,
      31
    ],
    "out_cols": [
      36,
      25,
      32,
      14,
      15,
      41,
      38,
      46,
      35,
      28,
      23,
      40,
      44,
      7,
      29,
      30,
      11,
      21,
      13,
      26,
      1,
      19,
      20,
      34,
      12,
      37,
      17,
      4,
      47,
      24,
      0,
      8,
      33,
      2,
      5,
      6,
      27,
      3,
      31,
      42,
      22,
      45,
      16,
      39,
      9,
      43,
      10,
      18
    ]
  }
}