{
  "config": {
    "steps": 900,
    "lr": 0.03,
    "tau_start": 1.0,
    "tau_end": 0.03,
    "sinkhorn_iters": 30,
    "lambda_ent": 0.0003,
    "train_subsample": 4096,
    "seed": 18301,
    "device": "cuda"
  },
  "final": {
    "soft_mse_full": 0.5253294110298157,
    "discrete_mse": 93.30323791503906,
    "hash_match": false,
    "perm_str": "59,52,42,72,39,93,95,78,44,82,74,80,88,29,68,55,69,30,18,38,58,76,35,90,73,36,48,19,50,7,15,67,37,57,3,26,94,47,84,24,65,40,28,66,1,25,87,71,23,75,4,17,27,51,77,11,5,6,62,20,86,22,41,63,16,96,81,53,61,70,91,33,0,83,56,34,49,21,64,54,14,32,10,8,31,9,45,92,2,12,60,79,43,46,13,89,85",
    "in_cols": [
      29,
      20,
      18,
      47,
      22,
      38,
      44,
      35,
      36,
      11,
      28,
      16,
      37,
      24,
      26,
      9,
      17,
      3,
      46,
      41,
      34,
      14,
      1,
      43,
      12,
      4,
      13,
      39,
      5,
      32,
      42,
      19,
      10,
      40,
      31,
      45,
      0,
      27,
      25,
      33,
      8,
      6,
      15,
      23,
      2,
      30,
      21,
      7
    ],
    "out_cols": [
      25,
      35,
      46,
      38,
      41,
      40,
      14,
      28,
      15,
      20,
      37,
      44,
      19,
      7,
      1,
      32,
      29,
      13,
      23,
      11,
      21,
      31,
      12,
      34,
      36,
      6,
      24,
      4,
      0,
      8,
      10,
      30,
      47,
      26,
      33,
      17,
      42,
      18,
      9,
      27,
      16,
      2,
      3,
      45,
      5,
      39,
      22,
      43
    ]
  },
  "best_seen": {
    "discrete_mse": 4.493473529815674,
    "order": [
      [
        59,
        52
      ],
      [
        77,
        72
      ],
      [
        39,
        93
      ],
      [
        95,
        78
      ],
      [
        44,
        82
      ],
      [
        74,
        80
      ],
      [
        42,
        29
      ],
      [
        88,
        55
      ],
      [
        69,
        30
      ],
      [
        94,
        83
      ],
      [
        58,
        90
      ],
      [
        35,
        38
      ],
      [
        73,
        36
      ],
      [
        18,
        19
      ],
      [
        50,
        7
      ],
      [
        15,
        67
      ],
      [
        48,
        57
      ],
      [
        3,
        26
      ],
      [
        68,
        47
      ],
      [
        37,
        24
      ],
      [
        84,
        40
      ],
      [
        28,
        66
      ],
      [
        1,
        63
      ],
      [
        87,
        71
      ],
      [
        23,
        25
      ],
      [
        4,
        17
      ],
      [
        5,
        51
      ],
      [
        45,
        11
      ],
      [
        81,
        6
      ],
      [
        62,
        20
      ],
      [
        86,
        22
      ],
      [
        16,
        70
      ],
      [
        65,
        96
      ],
      [
        61,
        53
      ],
      [
        2,
        33
      ],
      [
        91,
        76
      ],
      [
        0,
        75
      ],
      [
        56,
        34
      ],
      [
        49,
        21
      ],
      [
        64,
        54
      ],
      [
        14,
        32
      ],
      [
        10,
        8
      ],
      [
        31,
        9
      ],
      [
        43,
        92
      ],
      [
        41,
        12
      ],
      [
        60,
        79
      ],
      [
        27,
        46
      ],
      [
        13,
        89
      ]
    ],
    "in_cols": [
      29,
      39,
      18,
      47,
      22,
      38,
      20,
      44,
      36,
      46,
      28,
      16,
      37,
      11,
      26,
      9,
      24,
      3,
      35,
      17,
      41,
      14,
      1,
      43,
      12,
      4,
      5,
      23,
      40,
      32,
      42,
      10,
      34,
      31,
      2,
      45,
      0,
      27,
      25,
      33,
      8,
      6,
      15,
      21,
      19,
      30,
      13,
      7
    ],
    "out_cols": [
      25,
      35,
      46,
      38,
      41,
      40,
      14,
      28,
      15,
      42,
      44,
      20,
      19,
      7,
      1,
      32,
      29,
      13,
      23,
      11,
      21,
      31,
      30,
      34,
      12,
      6,
      24,
      4,
      0,
      8,
      10,
      33,
      47,
      26,
      17,
      37,
      36,
      18,
      9,
      27,
      16,
      2,
      3,
      45,
      5,
      39,
      22,
      43
    ]
  }
}