{
  "config": {
    "steps": 700,
    "lr": 0.015,
    "tau_start": 1.0,
    "tau_end": 0.025,
    "sinkhorn_iters": 30,
    "lambda_ent": 0.0001,
    "train_subsample": 0,
    "seed": 4204,
    "device": "cuda"
  },
  "final": {
    "soft_mse_full": 0.32946348190307617,
    "discrete_mse": 24.97358512878418,
    "hash_match": false,
    "perm_str": "59,52,39,72,73,55,95,63,56,30,44,78,1,82,86,80,42,93,69,29,94,26,18,67,48,90,15,7,10,47,50,40,37,57,68,24,35,25,28,12,3,53,31,36,27,38,87,71,23,11,14,17,45,33,4,51,5,6,65,92,81,96,16,20,77,70,62,32,0,83,13,54,58,89,74,34,43,75,49,66,91,76,41,19,2,21,64,79,84,9,61,46,60,22,88,8,85",
    "in_cols": [
      29,
      18,
      37,
      47,
      27,
      22,
      1,
      42,
      20,
      36,
      46,
      11,
      24,
      9,
      6,
      26,
      17,
      35,
      16,
      14,
      3,
      15,
      13,
      43,
      12,
      8,
      23,
      4,
      5,
      34,
      40,
      10,
      39,
      32,
      0,
      7,
      28,
      38,
      21,
      25,
      45,
      19,
      2,
      33,
      41,
      31,
      30,
      44
    ],
    "out_cols": [
      25,
      35,
      28,
      30,
      15,
      38,
      41,
      40,
      46,
      14,
      13,
      32,
      44,
      1,
      23,
      21,
      29,
      11,
      12,
      5,
      26,
      19,
      20,
      34,
      4,
      6,
      17,
      24,
      0,
      45,
      47,
      8,
      33,
      16,
      42,
      27,
      43,
      18,
      36,
      31,
      37,
      7,
      9,
      39,
      3,
      22,
      10,
      2
    ]
  },
  "best_seen": {
    "discrete_mse": 8.969029426574707,
    "order": [
      [
        48,
        71
      ],
      [
        14,
        38
      ],
      [
        95,
        54
      ],
      [
        59,
        29
      ],
      [
        16,
        67
      ],
      [
        87,
        47
      ],
      [
        45,
        32
      ],
      [
        18,
        89
      ],
      [
        86,
        17
      ],
      [
        27,
        52
      ],
      [
        61,
        12
      ],
      [
        3,
        93
      ],
      [
        43,
        7
      ],
      [
        0,
        11
      ],
      [
        88,
        66
      ],
      [
        44,
        26
      ],
      [
        68,
        46
      ],
      [
        74,
        79
      ],
      [
        94,
        36
      ],
      [
        4,
        22
      ],
      [
        37,
        9
      ],
      [
        49,
        8
      ],
      [
        73,
        82
      ],
      [
        28,
        33
      ],
      [
        10,
        57
      ],
      [
        77,
        72
      ],
      [
        84,
        24
      ],
      [
        69,
        92
      ],
      [
        5,
        34
      ],
      [
        39,
        76
      ],
      [
        58,
        78
      ],
      [
        56,
        19
      ],
      [
        42,
        63
      ],
      [
        65,
        96
      ],
      [
        41,
        30
      ],
      [
        15,
        40
      ],
      [
        23,
        25
      ],
      [
        64,
        90
      ],
      [
        50,
        80
      ],
      [
        35,
        20
      ],
      [
        60,
        75
      ],
      [
        81,
        53
      ],
      [
        2,
        55
      ],
      [
        62,
        51
      ],
      [
        91,
        21
      ],
      [
        13,
        6
      ],
      [
        31,
        83
      ],
      [
        1,
        70
      ]
    ],
    "in_cols": [
      24,
      8,
      47,
      29,
      10,
      43,
      23,
      11,
      42,
      13,
      31,
      3,
      21,
      0,
      44,
      22,
      35,
      38,
      46,
      4,
      17,
      25,
      37,
      14,
      6,
      39,
      41,
      36,
      5,
      18,
      28,
      27,
      20,
      34,
      19,
      9,
      12,
      33,
      26,
      16,
      30,
      40,
      2,
      32,
      45,
      7,
      15,
      1
    ],
    "out_cols": [
      34,
      20,
      27,
      14,
      32,
      23,
      16,
      43,
      6,
      25,
      5,
      46,
      1,
      4,
      31,
      13,
      22,
      39,
      19,
      10,
      3,
      2,
      41,
      17,
      29,
      35,
      11,
      45,
      18,
      37,
      38,
      7,
      30,
      47,
      15,
      21,
      12,
      44,
      40,
      8,
      36,
      26,
      28,
      24,
      9,
      0,
      42,
      33
    ]
  }
}