{
  "config": {
    "steps": 900,
    "lr": 0.03,
    "tau_start": 1.0,
    "tau_end": 0.028,
    "sinkhorn_iters": 30,
    "lambda_ent": 0.0003,
    "train_subsample": 4096,
    "seed": 5702,
    "device": "cuda"
  },
  "final": {
    "soft_mse_full": 0.3351796269416809,
    "discrete_mse": 193.60675048828125,
    "hash_match": false,
    "perm_str": "59,52,14,30,73,63,95,55,56,82,44,78,39,93,88,7,42,29,69,67,18,80,86,54,10,47,35,24,15,57,28,19,37,40,94,72,3,26,31,36,50,66,87,71,1,90,23,38,77,76,27,51,5,11,4,17,62,75,65,20,81,6,16,96,48,70,91,89,61,53,0,32,2,9,49,8,45,46,74,33,41,79,60,22,64,25,58,92,84,83,68,21,13,34,43,12,85",
    "in_cols": [
      29,
      8,
      37,
      47,
      27,
      22,
      18,
      44,
      20,
      36,
      11,
      42,
      6,
      16,
      9,
      14,
      17,
      46,
      3,
      15,
      26,
      43,
      1,
      12,
      39,
      13,
      5,
      4,
      32,
      34,
      40,
      10,
      24,
      45,
      31,
      0,
      2,
      25,
      23,
      38,
      19,
      30,
      33,
      28,
      41,
      35,
      7,
      21
    ],
    "out_cols": [
      25,
      15,
      30,
      28,
      41,
      38,
      46,
      1,
      14,
      32,
      40,
      27,
      23,
      11,
      29,
      7,
      21,
      35,
      13,
      19,
      31,
      34,
      44,
      20,
      37,
      24,
      4,
      6,
      36,
      8,
      0,
      47,
      33,
      43,
      26,
      16,
      3,
      2,
      22,
      17,
      39,
      10,
      12,
      45,
      42,
      9,
      18,
      5
    ]
  },
  "best_seen": {
    "discrete_mse": 6.735217094421387,
    "order": [
      [
        59,
        52
      ],
      [
        43,
        72
      ],
      [
        95,
        63
      ],
      [
        42,
        78
      ],
      [
        56,
        30
      ],
      [
        44,
        82
      ],
      [
        39,
        93
      ],
      [
        10,
        29
      ],
      [
        14,
        55
      ],
      [
        69,
        67
      ],
      [
        18,
        80
      ],
      [
        86,
        54
      ],
      [
        73,
        47
      ],
      [
        35,
        24
      ],
      [
        15,
        57
      ],
      [
        28,
        19
      ],
      [
        37,
        40
      ],
      [
        94,
        7
      ],
      [
        3,
        26
      ],
      [
        31,
        36
      ],
      [
        50,
        66
      ],
      [
        87,
        71
      ],
      [
        1,
        90
      ],
      [
        23,
        38
      ],
      [
        77,
        76
      ],
      [
        27,
        51
      ],
      [
        5,
        11
      ],
      [
        4,
        17
      ],
      [
        62,
        75
      ],
      [
        65,
        20
      ],
      [
        81,
        6
      ],
      [
        16,
        96
      ],
      [
        48,
        70
      ],
      [
        91,
        89
      ],
      [
        61,
        53
      ],
      [
        0,
        32
      ],
      [
        2,
        9
      ],
      [
        49,
        8
      ],
      [
        45,
        46
      ],
      [
        74,
        33
      ],
      [
        41,
        79
      ],
      [
        60,
        22
      ],
      [
        64,
        25
      ],
      [
        58,
        92
      ],
      [
        84,
        83
      ],
      [
        68,
        21
      ],
      [
        13,
        34
      ],
      [
        88,
        12
      ]
    ],
    "in_cols": [
      29,
      21,
      47,
      20,
      27,
      22,
      18,
      6,
      8,
      36,
      11,
      42,
      37,
      16,
      9,
      14,
      17,
      46,
      3,
      15,
      26,
      43,
      1,
      12,
      39,
      13,
      5,
      4,
      32,
      34,
      40,
      10,
      24,
      45,
      31,
      0,
      2,
      25,
      23,
      38,
      19,
      30,
      33,
      28,
      41,
      35,
      7,
      44
    ],
    "out_cols": [
      25,
      35,
      30,
      38,
      15,
      41,
      46,
      14,
      28,
      32,
      40,
      27,
      23,
      11,
      29,
      7,
      21,
      1,
      13,
      19,
      31,
      34,
      44,
      20,
      37,
      24,
      4,
      6,
      36,
      8,
      0,
      47,
      33,
      43,
      26,
      16,
      3,
      2,
      22,
      17,
      39,
      10,
      12,
      45,
      42,
      9,
      18,
      5
    ]
  }
}