{
  "config": {
    "steps": 700,
    "lr": 0.02,
    "tau_start": 1.0,
    "tau_end": 0.03,
    "sinkhorn_iters": 30,
    "lambda_ent": 0.0003,
    "train_subsample": 0,
    "seed": 26903,
    "device": "cuda"
  },
  "final": {
    "soft_mse_full": 0.35616984963417053,
    "discrete_mse": 26.610023498535156,
    "hash_match": false,
    "perm_str": "59,52,39,72,73,63,95,29,44,82,56,30,68,93,94,80,42,55,58,78,23,26,18,83,86,90,10,19,50,7,37,67,48,47,15,57,28,40,35,24,3,25,31,36,1,38,87,71,14,33,27,51,0,17,4,32,81,11,62,70,5,6,16,20,77,96,13,89,91,9,49,54,65,53,43,66,74,22,41,76,69,79,60,75,88,8,84,34,2,92,61,46,45,12,64,21,85",
    "in_cols": [
      29,
      18,
      37,
      47,
      22,
      27,
      35,
      46,
      20,
      28,
      12,
      11,
      42,
      6,
      26,
      17,
      24,
      9,
      14,
      16,
      3,
      15,
      1,
      43,
      8,
      13,
      0,
      4,
      40,
      32,
      5,
      10,
      39,
      7,
      45,
      25,
      34,
      21,
      38,
      19,
      36,
      30,
      44,
      41,
      2,
      31,
      23,
      33
    ],
    "out_cols": [
      25,
      35,
      30,
      14,
      41,
      15,
      46,
      40,
      28,
      38,
      13,
      42,
      44,
      7,
      1,
      32,
      23,
      29,
      21,
      11,
      12,
      19,
      20,
      34,
      17,
      24,
      6,
      16,
      4,
      33,
      0,
      8,
      47,
      43,
      3,
      27,
      26,
      31,
      10,
      37,
      39,
      36,
      2,
      18,
      45,
      22,
      5,
      9
    ]
  },
  "best_seen": {
    "discrete_mse": 5.215265274047852,
    "order": [
      [
        59,
        52
      ],
      [
        73,
        72
      ],
      [
        42,
        63
      ],
      [
        95,
        29
      ],
      [
        44,
        82
      ],
      [
        56,
        30
      ],
      [
        68,
        93
      ],
      [
        94,
        80
      ],
      [
        39,
        55
      ],
      [
        58,
        78
      ],
      [
        50,
        26
      ],
      [
        18,
        83
      ],
      [
        86,
        90
      ],
      [
        28,
        19
      ],
      [
        37,
        7
      ],
      [
        15,
        67
      ],
      [
        48,
        47
      ],
      [
        43,
        57
      ],
      [
        87,
        40
      ],
      [
        35,
        24
      ],
      [
        3,
        25
      ],
      [
        31,
        36
      ],
      [
        1,
        38
      ],
      [
        23,
        71
      ],
      [
        14,
        33
      ],
      [
        27,
        51
      ],
      [
        5,
        17
      ],
      [
        4,
        32
      ],
      [
        13,
        11
      ],
      [
        77,
        70
      ],
      [
        81,
        6
      ],
      [
        16,
        20
      ],
      [
        62,
        96
      ],
      [
        60,
        89
      ],
      [
        91,
        9
      ],
      [
        49,
        54
      ],
      [
        65,
        53
      ],
      [
        74,
        66
      ],
      [
        45,
        22
      ],
      [
        41,
        76
      ],
      [
        0,
        79
      ],
      [
        69,
        75
      ],
      [
        88,
        8
      ],
      [
        10,
        34
      ],
      [
        2,
        92
      ],
      [
        61,
        46
      ],
      [
        84,
        12
      ],
      [
        64,
        21
      ]
    ],
    "in_cols": [
      29,
      37,
      20,
      47,
      22,
      27,
      35,
      46,
      18,
      28,
      26,
      11,
      42,
      14,
      17,
      9,
      24,
      21,
      43,
      16,
      3,
      15,
      1,
      12,
      8,
      13,
      5,
      4,
      7,
      39,
      40,
      10,
      32,
      30,
      45,
      25,
      34,
      38,
      23,
      19,
      0,
      36,
      44,
      6,
      2,
      31,
      41,
      33
    ],
    "out_cols": [
      25,
      35,
      30,
      14,
      41,
      15,
      46,
      40,
      28,
      38,
      13,
      42,
      44,
      7,
      1,
      32,
      23,
      29,
      21,
      11,
      12,
      19,
      20,
      34,
      17,
      24,
      6,
      16,
      4,
      33,
      0,
      8,
      47,
      43,
      3,
      27,
      26,
      31,
      10,
      37,
      39,
      36,
      2,
      18,
      45,
      22,
      5,
      9
    ]
  }
}