{
  "config": {
    "steps": 700,
    "lr": 0.02,
    "tau_start": 1.0,
    "tau_end": 0.03,
    "sinkhorn_iters": 30,
    "lambda_ent": 0.0003,
    "train_subsample": 0,
    "seed": 18803,
    "device": "cuda"
  },
  "final": {
    "soft_mse_full": 0.3396871089935303,
    "discrete_mse": 66.4411849975586,
    "hash_match": false,
    "perm_str": "59,52,39,30,35,72,95,63,56,82,44,78,74,55,42,80,68,29,58,93,37,90,94,53,18,67,28,19,10,7,15,57,73,24,86,47,87,71,50,12,3,25,31,36,1,26,16,75,23,40,14,76,64,51,5,11,45,33,48,6,62,20,77,70,81,96,65,89,43,9,91,32,0,17,84,34,4,54,27,38,13,83,69,66,2,21,41,22,60,92,61,46,49,79,88,8,85",
    "in_cols": [
      29,
      18,
      16,
      47,
      27,
      22,
      38,
      20,
      35,
      28,
      17,
      46,
      11,
      14,
      6,
      9,
      37,
      42,
      43,
      26,
      3,
      15,
      1,
      10,
      12,
      8,
      33,
      5,
      23,
      24,
      32,
      39,
      40,
      34,
      21,
      45,
      0,
      41,
      4,
      13,
      7,
      36,
      2,
      19,
      30,
      31,
      25,
      44
    ],
    "out_cols": [
      25,
      15,
      35,
      30,
      41,
      38,
      28,
      40,
      14,
      46,
      44,
      26,
      32,
      7,
      1,
      29,
      11,
      23,
      34,
      5,
      12,
      19,
      13,
      36,
      21,
      37,
      24,
      4,
      17,
      0,
      8,
      33,
      47,
      43,
      3,
      16,
      6,
      18,
      27,
      20,
      42,
      31,
      9,
      10,
      45,
      22,
      39,
      2
    ]
  },
  "best_seen": {
    "discrete_mse": 44.9254035949707,
    "order": [
      [
        59,
        52
      ],
      [
        39,
        30
      ],
      [
        73,
        63
      ],
      [
        95,
        93
      ],
      [
        56,
        82
      ],
      [
        44,
        78
      ],
      [
        74,
        55
      ],
      [
        86,
        80
      ],
      [
        42,
        29
      ],
      [
        58,
        26
      ],
      [
        35,
        90
      ],
      [
        94,
        53
      ],
      [
        18,
        67
      ],
      [
        28,
        19
      ],
      [
        50,
        7
      ],
      [
        15,
        57
      ],
      [
        37,
        24
      ],
      [
        68,
        47
      ],
      [
        48,
        71
      ],
      [
        87,
        12
      ],
      [
        3,
        25
      ],
      [
        31,
        36
      ],
      [
        1,
        38
      ],
      [
        23,
        75
      ],
      [
        14,
        40
      ],
      [
        81,
        76
      ],
      [
        64,
        51
      ],
      [
        5,
        11
      ],
      [
        45,
        33
      ],
      [
        4,
        6
      ],
      [
        62,
        20
      ],
      [
        77,
        70
      ],
      [
        16,
        96
      ],
      [
        60,
        89
      ],
      [
        91,
        9
      ],
      [
        65,
        32
      ],
      [
        0,
        17
      ],
      [
        84,
        22
      ],
      [
        10,
        54
      ],
      [
        27,
        72
      ],
      [
        13,
        83
      ],
      [
        61,
        66
      ],
      [
        2,
        21
      ],
      [
        49,
        34
      ],
      [
        43,
        92
      ],
      [
        69,
        46
      ],
      [
        41,
        79
      ],
      [
        88,
        8
      ]
    ],
    "in_cols": [
      29,
      18,
      37,
      47,
      27,
      22,
      38,
      42,
      20,
      28,
      16,
      46,
      11,
      14,
      26,
      9,
      17,
      35,
      24,
      43,
      3,
      15,
      1,
      12,
      8,
      40,
      33,
      5,
      23,
      4,
      32,
      39,
      10,
      30,
      45,
      34,
      0,
      41,
      6,
      13,
      7,
      31,
      2,
      25,
      21,
      36,
      19,
      44
    ],
    "out_cols": [
      25,
      15,
      30,
      46,
      41,
      38,
      28,
      40,
      14,
      13,
      44,
      26,
      32,
      7,
      1,
      29,
      11,
      23,
      34,
      5,
      12,
      19,
      20,
      36,
      21,
      37,
      24,
      4,
      17,
      0,
      8,
      33,
      47,
      43,
      3,
      16,
      6,
      10,
      27,
      35,
      42,
      31,
      9,
      18,
      45,
      22,
      39,
      2
    ]
  }
}