{
  "config": {
    "steps": 900,
    "lr": 0.03,
    "tau_start": 1.0,
    "tau_end": 0.028,
    "sinkhorn_iters": 30,
    "lambda_ent": 0.0003,
    "train_subsample": 4096,
    "seed": 7502,
    "device": "cuda"
  },
  "final": {
    "soft_mse_full": 0.3781145513057709,
    "discrete_mse": 26.379209518432617,
    "hash_match": false,
    "perm_str": "23,75,59,25,39,52,95,55,56,30,37,93,44,78,18,29,42,82,58,90,94,72,48,7,28,40,10,19,68,57,73,80,15,67,86,47,35,24,1,63,3,26,31,36,87,71,50,38,16,21,64,12,81,6,14,17,45,11,65,32,62,20,77,70,5,96,91,53,13,54,4,79,2,9,0,76,74,89,49,66,41,83,84,92,61,51,27,46,43,8,88,34,69,22,60,33,85",
    "in_cols": [
      12,
      29,
      18,
      47,
      27,
      17,
      22,
      11,
      20,
      28,
      46,
      24,
      14,
      6,
      35,
      37,
      9,
      42,
      16,
      1,
      3,
      15,
      43,
      26,
      10,
      33,
      40,
      8,
      23,
      34,
      32,
      39,
      5,
      45,
      7,
      4,
      2,
      0,
      38,
      25,
      19,
      41,
      31,
      13,
      21,
      44,
      36,
      30
    ],
    "out_cols": [
      36,
      12,
      25,
      28,
      15,
      46,
      38,
      14,
      41,
      44,
      35,
      1,
      21,
      7,
      29,
      40,
      32,
      23,
      11,
      30,
      13,
      19,
      34,
      20,
      9,
      5,
      0,
      6,
      4,
      16,
      8,
      33,
      47,
      26,
      27,
      39,
      3,
      37,
      43,
      31,
      42,
      45,
      24,
      22,
      2,
      18,
      10,
      17
    ]
  },
  "best_seen": {
    "discrete_mse": 1.7996255159378052,
    "order": [
      [
        16,
        72
      ],
      [
        59,
        30
      ],
      [
        39,
        52
      ],
      [
        95,
        26
      ],
      [
        56,
        82
      ],
      [
        37,
        93
      ],
      [
        44,
        78
      ],
      [
        88,
        55
      ],
      [
        42,
        29
      ],
      [
        58,
        90
      ],
      [
        18,
        38
      ],
      [
        94,
        7
      ],
      [
        68,
        40
      ],
      [
        28,
        19
      ],
      [
        35,
        57
      ],
      [
        73,
        80
      ],
      [
        15,
        67
      ],
      [
        86,
        47
      ],
      [
        10,
        24
      ],
      [
        1,
        63
      ],
      [
        3,
        25
      ],
      [
        31,
        36
      ],
      [
        87,
        71
      ],
      [
        50,
        8
      ],
      [
        23,
        21
      ],
      [
        64,
        75
      ],
      [
        4,
        6
      ],
      [
        14,
        17
      ],
      [
        77,
        11
      ],
      [
        62,
        32
      ],
      [
        81,
        20
      ],
      [
        5,
        12
      ],
      [
        65,
        96
      ],
      [
        61,
        53
      ],
      [
        13,
        54
      ],
      [
        91,
        79
      ],
      [
        48,
        9
      ],
      [
        43,
        70
      ],
      [
        74,
        89
      ],
      [
        84,
        66
      ],
      [
        2,
        83
      ],
      [
        0,
        92
      ],
      [
        41,
        51
      ],
      [
        27,
        46
      ],
      [
        45,
        76
      ],
      [
        69,
        34
      ],
      [
        49,
        22
      ],
      [
        60,
        33
      ]
    ],
    "in_cols": [
      10,
      29,
      18,
      47,
      27,
      17,
      22,
      44,
      20,
      28,
      11,
      46,
      35,
      14,
      16,
      37,
      9,
      42,
      6,
      1,
      3,
      15,
      43,
      26,
      12,
      33,
      4,
      8,
      39,
      32,
      40,
      5,
      34,
      31,
      7,
      45,
      24,
      21,
      38,
      41,
      2,
      0,
      19,
      13,
      23,
      36,
      25,
      30
    ],
    "out_cols": [
      35,
      15,
      25,
      13,
      41,
      46,
      38,
      28,
      14,
      44,
      20,
      1,
      21,
      7,
      29,
      40,
      32,
      23,
      11,
      30,
      12,
      19,
      34,
      2,
      9,
      36,
      0,
      6,
      4,
      16,
      8,
      5,
      47,
      26,
      27,
      39,
      3,
      33,
      43,
      31,
      42,
      45,
      24,
      22,
      37,
      18,
      10,
      17
    ]
  }
}