{
  "config": {
    "steps": 900,
    "lr": 0.03,
    "tau_start": 1.0,
    "tau_end": 0.028,
    "sinkhorn_iters": 30,
    "lambda_ent": 0.0003,
    "train_subsample": 4096,
    "seed": 16702,
    "device": "cuda"
  },
  "final": {
    "soft_mse_full": 0.4125906229019165,
    "discrete_mse": 22.580827713012695,
    "hash_match": false,
    "perm_str": "59,52,39,30,84,72,95,29,14,82,44,78,74,93,86,80,42,55,88,54,15,67,73,90,28,19,10,24,37,47,48,40,50,57,94,26,87,71,68,63,3,53,31,7,1,38,35,36,23,25,64,12,4,32,5,20,18,11,56,6,65,92,77,70,81,96,16,76,27,17,62,83,13,9,91,66,49,75,45,22,0,33,43,79,41,51,58,46,2,8,61,34,60,21,69,89,85",
    "in_cols": [
      29,
      18,
      41,
      47,
      8,
      22,
      38,
      42,
      20,
      44,
      9,
      37,
      14,
      6,
      17,
      24,
      26,
      46,
      43,
      35,
      3,
      15,
      1,
      16,
      12,
      33,
      4,
      5,
      11,
      27,
      34,
      39,
      40,
      10,
      13,
      32,
      7,
      45,
      25,
      23,
      0,
      21,
      19,
      28,
      2,
      31,
      30,
      36
    ],
    "out_cols": [
      25,
      15,
      35,
      14,
      41,
      38,
      46,
      40,
      28,
      27,
      32,
      44,
      7,
      11,
      23,
      21,
      29,
      13,
      34,
      30,
      26,
      1,
      20,
      19,
      12,
      5,
      16,
      8,
      4,
      0,
      45,
      33,
      47,
      37,
      6,
      42,
      3,
      31,
      36,
      10,
      17,
      39,
      24,
      22,
      2,
      18,
      9,
      43
    ]
  },
  "best_seen": {
    "discrete_mse": 10.551311492919922,
    "order": [
      [
        59,
        52
      ],
      [
        39,
        30
      ],
      [
        35,
        72
      ],
      [
        95,
        29
      ],
      [
        14,
        82
      ],
      [
        44,
        78
      ],
      [
        74,
        93
      ],
      [
        86,
        80
      ],
      [
        42,
        55
      ],
      [
        88,
        54
      ],
      [
        15,
        67
      ],
      [
        73,
        90
      ],
      [
        28,
        19
      ],
      [
        10,
        24
      ],
      [
        37,
        47
      ],
      [
        48,
        40
      ],
      [
        50,
        57
      ],
      [
        94,
        26
      ],
      [
        87,
        71
      ],
      [
        68,
        63
      ],
      [
        3,
        53
      ],
      [
        31,
        7
      ],
      [
        1,
        38
      ],
      [
        43,
        36
      ],
      [
        23,
        25
      ],
      [
        64,
        12
      ],
      [
        4,
        32
      ],
      [
        5,
        20
      ],
      [
        18,
        11
      ],
      [
        56,
        6
      ],
      [
        65,
        92
      ],
      [
        77,
        70
      ],
      [
        81,
        96
      ],
      [
        16,
        76
      ],
      [
        27,
        17
      ],
      [
        62,
        83
      ],
      [
        13,
        9
      ],
      [
        91,
        66
      ],
      [
        49,
        75
      ],
      [
        45,
        22
      ],
      [
        0,
        33
      ],
      [
        84,
        79
      ],
      [
        41,
        51
      ],
      [
        58,
        46
      ],
      [
        2,
        8
      ],
      [
        61,
        34
      ],
      [
        60,
        21
      ],
      [
        69,
        89
      ]
    ],
    "in_cols": [
      29,
      18,
      16,
      47,
      8,
      22,
      38,
      42,
      20,
      44,
      9,
      37,
      14,
      6,
      17,
      24,
      26,
      46,
      43,
      35,
      3,
      15,
      1,
      21,
      12,
      33,
      4,
      5,
      11,
      27,
      34,
      39,
      40,
      10,
      13,
      32,
      7,
      45,
      25,
      23,
      0,
      41,
      19,
      28,
      2,
      31,
      30,
      36
    ],
    "out_cols": [
      25,
      15,
      35,
      14,
      41,
      38,
      46,
      40,
      28,
      27,
      32,
      44,
      7,
      11,
      23,
      21,
      29,
      13,
      34,
      30,
      26,
      1,
      20,
      19,
      12,
      5,
      16,
      8,
      4,
      0,
      45,
      33,
      47,
      37,
      6,
      42,
      3,
      31,
      36,
      10,
      17,
      39,
      24,
      22,
      2,
      18,
      9,
      43
    ]
  }
}