{
  "config": {
    "steps": 900,
    "lr": 0.03,
    "tau_start": 1.0,
    "tau_end": 0.028,
    "sinkhorn_iters": 30,
    "lambda_ent": 0.0003,
    "train_subsample": 4096,
    "seed": 6802,
    "device": "cuda"
  },
  "final": {
    "soft_mse_full": 0.38130009174346924,
    "discrete_mse": 12.91321086883545,
    "hash_match": false,
    "perm_str": "59,52,5,30,3,75,39,55,95,80,44,82,74,78,42,72,58,29,18,93,69,67,86,25,73,90,94,57,35,24,15,19,48,7,68,47,28,40,31,53,1,63,50,26,23,38,87,71,37,36,77,76,91,51,81,11,62,20,4,6,45,33,65,96,16,70,60,66,41,89,13,9,64,54,56,8,0,21,49,17,10,46,84,83,14,32,2,12,27,79,88,22,61,92,43,34,85",
    "in_cols": [
      29,
      5,
      3,
      18,
      47,
      22,
      38,
      20,
      28,
      11,
      36,
      42,
      37,
      46,
      16,
      9,
      24,
      35,
      14,
      15,
      1,
      26,
      12,
      43,
      17,
      39,
      45,
      40,
      32,
      4,
      23,
      34,
      10,
      30,
      19,
      7,
      33,
      27,
      0,
      25,
      6,
      41,
      8,
      2,
      13,
      44,
      31,
      21
    ],
    "out_cols": [
      25,
      15,
      36,
      28,
      40,
      41,
      38,
      35,
      14,
      46,
      32,
      12,
      44,
      29,
      11,
      7,
      1,
      23,
      21,
      26,
      30,
      13,
      20,
      34,
      19,
      37,
      24,
      4,
      8,
      0,
      17,
      47,
      33,
      31,
      43,
      3,
      27,
      2,
      9,
      6,
      22,
      42,
      16,
      5,
      39,
      10,
      45,
      18
    ]
  },
  "best_seen": {
    "discrete_mse": 5.455965518951416,
    "order": [
      [
        59,
        52
      ],
      [
        62,
        25
      ],
      [
        42,
        72
      ],
      [
        39,
        55
      ],
      [
        95,
        80
      ],
      [
        44,
        82
      ],
      [
        74,
        78
      ],
      [
        94,
        38
      ],
      [
        58,
        29
      ],
      [
        18,
        30
      ],
      [
        69,
        67
      ],
      [
        86,
        93
      ],
      [
        73,
        90
      ],
      [
        48,
        57
      ],
      [
        35,
        24
      ],
      [
        15,
        19
      ],
      [
        50,
        7
      ],
      [
        68,
        47
      ],
      [
        28,
        40
      ],
      [
        3,
        53
      ],
      [
        31,
        63
      ],
      [
        1,
        26
      ],
      [
        23,
        75
      ],
      [
        87,
        71
      ],
      [
        37,
        36
      ],
      [
        77,
        76
      ],
      [
        91,
        51
      ],
      [
        81,
        11
      ],
      [
        5,
        20
      ],
      [
        4,
        6
      ],
      [
        45,
        33
      ],
      [
        65,
        96
      ],
      [
        16,
        70
      ],
      [
        60,
        66
      ],
      [
        61,
        89
      ],
      [
        13,
        9
      ],
      [
        64,
        54
      ],
      [
        56,
        8
      ],
      [
        27,
        21
      ],
      [
        49,
        17
      ],
      [
        10,
        46
      ],
      [
        84,
        83
      ],
      [
        14,
        32
      ],
      [
        2,
        12
      ],
      [
        41,
        79
      ],
      [
        88,
        22
      ],
      [
        0,
        92
      ],
      [
        43,
        34
      ]
    ],
    "in_cols": [
      29,
      32,
      20,
      18,
      47,
      22,
      38,
      46,
      28,
      11,
      36,
      42,
      37,
      24,
      16,
      9,
      26,
      35,
      14,
      3,
      15,
      1,
      12,
      43,
      17,
      39,
      45,
      40,
      5,
      4,
      23,
      34,
      10,
      30,
      31,
      7,
      33,
      27,
      13,
      25,
      6,
      41,
      8,
      2,
      19,
      44,
      0,
      21
    ],
    "out_cols": [
      25,
      12,
      35,
      28,
      40,
      41,
      38,
      20,
      14,
      15,
      32,
      46,
      44,
      29,
      11,
      7,
      1,
      23,
      21,
      26,
      30,
      13,
      36,
      34,
      19,
      37,
      24,
      4,
      8,
      0,
      17,
      47,
      33,
      31,
      43,
      3,
      27,
      2,
      9,
      6,
      22,
      42,
      16,
      5,
      39,
      10,
      45,
      18
    ]
  }
}