{
  "config": {
    "steps": 900,
    "lr": 0.03,
    "tau_start": 1.0,
    "tau_end": 0.03,
    "sinkhorn_iters": 30,
    "lambda_ent": 0.0003,
    "train_subsample": 4096,
    "seed": 26001,
    "device": "cuda"
  },
  "final": {
    "soft_mse_full": 0.5243377089500427,
    "discrete_mse": 13.134110450744629,
    "hash_match": false,
    "perm_str": "59,52,74,30,39,72,95,63,77,29,73,78,44,82,42,80,86,55,69,67,58,54,18,93,28,19,94,90,48,7,35,24,15,57,50,26,68,47,37,38,3,25,31,36,1,71,87,40,23,33,64,12,14,17,81,11,62,53,91,6,5,70,16,20,65,96,0,76,13,32,43,9,27,75,10,89,49,8,56,79,60,34,4,21,61,51,2,92,45,22,84,83,88,66,41,46,85",
    "in_cols": [
      29,
      38,
      18,
      47,
      39,
      37,
      22,
      20,
      42,
      36,
      28,
      11,
      14,
      46,
      24,
      16,
      9,
      26,
      35,
      17,
      3,
      15,
      1,
      43,
      12,
      33,
      8,
      40,
      32,
      45,
      5,
      10,
      34,
      0,
      7,
      21,
      13,
      6,
      25,
      27,
      30,
      4,
      31,
      2,
      23,
      41,
      44,
      19
    ],
    "out_cols": [
      25,
      15,
      35,
      30,
      14,
      38,
      41,
      40,
      28,
      32,
      27,
      46,
      7,
      44,
      1,
      11,
      29,
      13,
      23,
      20,
      12,
      19,
      34,
      21,
      17,
      5,
      6,
      4,
      26,
      0,
      33,
      8,
      47,
      37,
      16,
      3,
      36,
      43,
      2,
      39,
      18,
      9,
      24,
      45,
      10,
      42,
      31,
      22
    ]
  },
  "best_seen": {
    "discrete_mse": 1.301209568977356,
    "order": [
      [
        84,
        52
      ],
      [
        59,
        30
      ],
      [
        39,
        72
      ],
      [
        95,
        63
      ],
      [
        42,
        29
      ],
      [
        58,
        78
      ],
      [
        44,
        82
      ],
      [
        73,
        80
      ],
      [
        86,
        55
      ],
      [
        18,
        67
      ],
      [
        88,
        54
      ],
      [
        37,
        93
      ],
      [
        28,
        19
      ],
      [
        35,
        40
      ],
      [
        48,
        7
      ],
      [
        10,
        24
      ],
      [
        15,
        57
      ],
      [
        50,
        26
      ],
      [
        68,
        47
      ],
      [
        94,
        38
      ],
      [
        3,
        53
      ],
      [
        31,
        36
      ],
      [
        1,
        90
      ],
      [
        87,
        71
      ],
      [
        23,
        25
      ],
      [
        64,
        12
      ],
      [
        14,
        17
      ],
      [
        77,
        11
      ],
      [
        62,
        75
      ],
      [
        81,
        6
      ],
      [
        5,
        70
      ],
      [
        16,
        20
      ],
      [
        65,
        96
      ],
      [
        74,
        76
      ],
      [
        13,
        32
      ],
      [
        43,
        9
      ],
      [
        27,
        51
      ],
      [
        91,
        89
      ],
      [
        49,
        8
      ],
      [
        56,
        79
      ],
      [
        2,
        34
      ],
      [
        4,
        21
      ],
      [
        61,
        66
      ],
      [
        0,
        92
      ],
      [
        45,
        22
      ],
      [
        60,
        83
      ],
      [
        69,
        33
      ],
      [
        41,
        46
      ]
    ],
    "in_cols": [
      41,
      29,
      18,
      47,
      20,
      28,
      22,
      37,
      42,
      11,
      44,
      17,
      14,
      16,
      24,
      6,
      9,
      26,
      35,
      46,
      3,
      15,
      1,
      43,
      12,
      33,
      8,
      39,
      32,
      40,
      5,
      10,
      34,
      38,
      7,
      21,
      13,
      45,
      25,
      27,
      2,
      4,
      31,
      0,
      23,
      30,
      36,
      19
    ],
    "out_cols": [
      25,
      15,
      35,
      30,
      14,
      38,
      41,
      40,
      28,
      32,
      27,
      46,
      7,
      21,
      1,
      11,
      29,
      13,
      23,
      20,
      26,
      19,
      44,
      34,
      12,
      5,
      6,
      4,
      36,
      0,
      33,
      8,
      47,
      37,
      16,
      3,
      24,
      43,
      2,
      39,
      18,
      9,
      31,
      45,
      10,
      42,
      17,
      22
    ]
  }
}