{
  "config": {
    "steps": 900,
    "lr": 0.03,
    "tau_start": 1.0,
    "tau_end": 0.028,
    "sinkhorn_iters": 30,
    "lambda_ent": 0.0003,
    "train_subsample": 4096,
    "seed": 14902,
    "device": "cuda"
  },
  "final": {
    "soft_mse_full": 0.5527917742729187,
    "discrete_mse": 20.189298629760742,
    "hash_match": false,
    "perm_str": "39,72,59,52,73,55,95,93,48,82,56,30,44,78,74,80,42,83,58,29,18,38,15,67,86,90,28,19,37,57,1,40,50,7,94,26,68,47,35,24,3,53,31,36,14,71,87,25,49,76,4,51,77,11,0,17,5,79,45,33,81,6,62,20,16,96,65,66,43,9,10,70,41,63,13,89,27,21,23,46,61,54,84,32,91,75,60,22,69,92,2,34,64,12,88,8,85",
    "in_cols": [
      18,
      29,
      37,
      47,
      24,
      27,
      22,
      38,
      20,
      28,
      11,
      9,
      42,
      14,
      17,
      1,
      26,
      46,
      35,
      16,
      3,
      15,
      8,
      43,
      25,
      4,
      39,
      0,
      5,
      23,
      40,
      32,
      10,
      34,
      21,
      6,
      19,
      7,
      13,
      12,
      31,
      41,
      45,
      30,
      36,
      2,
      33,
      44
    ],
    "out_cols": [
      35,
      25,
      28,
      46,
      41,
      15,
      38,
      40,
      42,
      14,
      20,
      32,
      44,
      7,
      29,
      21,
      1,
      13,
      23,
      11,
      26,
      19,
      34,
      12,
      37,
      24,
      4,
      6,
      39,
      17,
      0,
      8,
      47,
      31,
      3,
      33,
      30,
      43,
      9,
      22,
      27,
      16,
      36,
      10,
      45,
      18,
      5,
      2
    ]
  },
  "best_seen": {
    "discrete_mse": 6.602632522583008,
    "order": [
      [
        39,
        72
      ],
      [
        59,
        52
      ],
      [
        95,
        55
      ],
      [
        73,
        93
      ],
      [
        43,
        82
      ],
      [
        56,
        30
      ],
      [
        18,
        78
      ],
      [
        74,
        80
      ],
      [
        42,
        83
      ],
      [
        58,
        29
      ],
      [
        94,
        38
      ],
      [
        15,
        67
      ],
      [
        86,
        90
      ],
      [
        28,
        19
      ],
      [
        37,
        57
      ],
      [
        1,
        40
      ],
      [
        50,
        7
      ],
      [
        48,
        26
      ],
      [
        68,
        47
      ],
      [
        35,
        24
      ],
      [
        3,
        53
      ],
      [
        31,
        36
      ],
      [
        14,
        71
      ],
      [
        87,
        25
      ],
      [
        5,
        76
      ],
      [
        27,
        51
      ],
      [
        77,
        11
      ],
      [
        0,
        17
      ],
      [
        81,
        79
      ],
      [
        45,
        33
      ],
      [
        62,
        6
      ],
      [
        65,
        20
      ],
      [
        16,
        96
      ],
      [
        61,
        66
      ],
      [
        13,
        9
      ],
      [
        10,
        70
      ],
      [
        44,
        63
      ],
      [
        49,
        89
      ],
      [
        60,
        21
      ],
      [
        41,
        46
      ],
      [
        23,
        54
      ],
      [
        4,
        32
      ],
      [
        91,
        75
      ],
      [
        84,
        22
      ],
      [
        69,
        92
      ],
      [
        2,
        34
      ],
      [
        64,
        12
      ],
      [
        88,
        8
      ]
    ],
    "in_cols": [
      18,
      29,
      47,
      37,
      21,
      27,
      11,
      38,
      20,
      28,
      46,
      9,
      42,
      14,
      17,
      1,
      26,
      24,
      35,
      16,
      3,
      15,
      8,
      43,
      5,
      13,
      39,
      0,
      40,
      23,
      32,
      34,
      10,
      31,
      7,
      6,
      22,
      25,
      30,
      19,
      12,
      4,
      45,
      41,
      36,
      2,
      33,
      44
    ],
    "out_cols": [
      35,
      25,
      28,
      46,
      41,
      15,
      38,
      40,
      42,
      14,
      20,
      32,
      44,
      7,
      29,
      21,
      1,
      13,
      23,
      11,
      26,
      19,
      34,
      12,
      37,
      24,
      4,
      6,
      39,
      17,
      0,
      8,
      47,
      31,
      3,
      33,
      30,
      43,
      9,
      22,
      27,
      16,
      36,
      10,
      45,
      18,
      5,
      2
    ]
  }
}