{
  "config": {
    "steps": 900,
    "lr": 0.03,
    "tau_start": 1.0,
    "tau_end": 0.03,
    "sinkhorn_iters": 30,
    "lambda_ent": 0.0003,
    "train_subsample": 4096,
    "seed": 20301,
    "device": "cuda"
  },
  "final": {
    "soft_mse_full": 0.42220407724380493,
    "discrete_mse": 44.740501403808594,
    "hash_match": false,
    "perm_str": "73,75,59,52,74,55,58,78,39,30,44,82,68,93,88,54,69,63,42,7,94,67,18,80,35,90,86,72,28,19,87,71,37,47,10,24,1,57,15,40,3,26,31,66,23,38,50,25,43,36,14,11,4,17,27,51,95,92,5,6,45,70,81,20,16,96,65,53,77,76,62,83,13,32,49,21,84,8,48,29,91,79,60,22,41,9,0,33,2,46,61,34,56,89,64,12,85",
    "in_cols": [
      37,
      29,
      38,
      28,
      18,
      22,
      35,
      44,
      36,
      20,
      46,
      11,
      16,
      42,
      14,
      43,
      17,
      6,
      1,
      9,
      3,
      15,
      12,
      26,
      21,
      8,
      4,
      13,
      47,
      5,
      23,
      40,
      10,
      34,
      39,
      32,
      7,
      25,
      41,
      24,
      45,
      30,
      19,
      0,
      2,
      31,
      27,
      33
    ],
    "out_cols": [
      36,
      25,
      28,
      38,
      15,
      41,
      46,
      27,
      30,
      1,
      32,
      40,
      44,
      35,
      7,
      34,
      23,
      11,
      29,
      21,
      13,
      31,
      20,
      12,
      19,
      4,
      6,
      24,
      45,
      0,
      33,
      8,
      47,
      26,
      37,
      42,
      16,
      9,
      2,
      14,
      39,
      10,
      3,
      17,
      22,
      18,
      43,
      5
    ]
  },
  "best_seen": {
    "discrete_mse": 1.6303638219833374,
    "order": [
      [
        95,
        72
      ],
      [
        59,
        52
      ],
      [
        39,
        55
      ],
      [
        58,
        29
      ],
      [
        56,
        82
      ],
      [
        44,
        78
      ],
      [
        68,
        93
      ],
      [
        88,
        54
      ],
      [
        69,
        63
      ],
      [
        42,
        7
      ],
      [
        15,
        67
      ],
      [
        86,
        80
      ],
      [
        35,
        36
      ],
      [
        18,
        90
      ],
      [
        48,
        19
      ],
      [
        87,
        71
      ],
      [
        37,
        47
      ],
      [
        73,
        24
      ],
      [
        94,
        57
      ],
      [
        28,
        40
      ],
      [
        3,
        26
      ],
      [
        31,
        66
      ],
      [
        1,
        38
      ],
      [
        50,
        25
      ],
      [
        77,
        30
      ],
      [
        14,
        11
      ],
      [
        45,
        17
      ],
      [
        27,
        51
      ],
      [
        5,
        92
      ],
      [
        4,
        6
      ],
      [
        65,
        70
      ],
      [
        81,
        20
      ],
      [
        16,
        96
      ],
      [
        61,
        53
      ],
      [
        62,
        76
      ],
      [
        0,
        83
      ],
      [
        13,
        32
      ],
      [
        49,
        21
      ],
      [
        84,
        8
      ],
      [
        74,
        89
      ],
      [
        41,
        79
      ],
      [
        10,
        22
      ],
      [
        23,
        9
      ],
      [
        91,
        33
      ],
      [
        2,
        46
      ],
      [
        64,
        34
      ],
      [
        43,
        75
      ],
      [
        60,
        12
      ]
    ],
    "in_cols": [
      47,
      29,
      18,
      28,
      27,
      22,
      35,
      44,
      36,
      20,
      9,
      42,
      16,
      11,
      24,
      43,
      17,
      37,
      46,
      14,
      3,
      15,
      1,
      26,
      39,
      8,
      23,
      13,
      5,
      4,
      34,
      40,
      10,
      31,
      32,
      0,
      7,
      25,
      41,
      38,
      19,
      6,
      12,
      45,
      2,
      33,
      21,
      30
    ],
    "out_cols": [
      35,
      25,
      28,
      14,
      41,
      38,
      46,
      27,
      30,
      1,
      32,
      40,
      19,
      44,
      7,
      34,
      23,
      11,
      29,
      21,
      13,
      31,
      20,
      12,
      15,
      4,
      6,
      24,
      45,
      0,
      33,
      8,
      47,
      26,
      37,
      42,
      16,
      9,
      2,
      43,
      39,
      10,
      3,
      17,
      22,
      18,
      36,
      5
    ]
  }
}