{
  "config": {
    "steps": 700,
    "lr": 0.015,
    "tau_start": 1.0,
    "tau_end": 0.025,
    "sinkhorn_iters": 30,
    "lambda_ent": 0.0001,
    "train_subsample": 0,
    "seed": 14504,
    "device": "cuda"
  },
  "final": {
    "soft_mse_full": 0.34588220715522766,
    "discrete_mse": 0.9234368801116943,
    "hash_match": false,
    "perm_str": "59,30,35,72,39,52,95,80,56,82,44,78,69,55,42,29,58,93,86,83,94,90,18,26,48,40,73,19,37,7,15,67,50,57,68,47,10,24,87,71,3,25,28,36,31,12,1,38,14,21,64,70,45,63,5,17,81,75,77,11,62,6,4,32,16,20,65,96,27,53,60,89,0,54,13,9,23,46,84,79,74,92,41,66,91,51,2,34,43,76,61,33,49,8,88,22,85",
    "in_cols": [
      29,
      16,
      18,
      47,
      27,
      22,
      36,
      20,
      28,
      42,
      46,
      11,
      24,
      37,
      17,
      9,
      26,
      35,
      6,
      43,
      3,
      14,
      15,
      1,
      8,
      33,
      23,
      5,
      40,
      39,
      32,
      4,
      10,
      34,
      13,
      30,
      0,
      7,
      12,
      41,
      38,
      19,
      45,
      2,
      21,
      31,
      25,
      44
    ],
    "out_cols": [
      15,
      35,
      25,
      40,
      41,
      38,
      28,
      14,
      46,
      42,
      44,
      13,
      21,
      7,
      1,
      32,
      29,
      23,
      11,
      34,
      12,
      19,
      5,
      20,
      9,
      33,
      30,
      6,
      36,
      4,
      0,
      16,
      8,
      47,
      26,
      43,
      27,
      3,
      22,
      39,
      45,
      31,
      24,
      18,
      37,
      17,
      2,
      10
    ]
  },
  "best_seen": {
    "discrete_mse": 0.9234368801116943,
    "order": [
      [
        59,
        30
      ],
      [
        35,
        72
      ],
      [
        39,
        52
      ],
      [
        95,
        80
      ],
      [
        56,
        82
      ],
      [
        44,
        78
      ],
      [
        69,
        55
      ],
      [
        42,
        29
      ],
      [
        58,
        93
      ],
      [
        86,
        83
      ],
      [
        94,
        90
      ],
      [
        18,
        26
      ],
      [
        48,
        40
      ],
      [
        73,
        19
      ],
      [
        37,
        7
      ],
      [
        15,
        67
      ],
      [
        50,
        57
      ],
      [
        68,
        47
      ],
      [
        10,
        24
      ],
      [
        87,
        71
      ],
      [
        3,
        25
      ],
      [
        28,
        36
      ],
      [
        31,
        12
      ],
      [
        1,
        38
      ],
      [
        14,
        21
      ],
      [
        64,
        70
      ],
      [
        45,
        63
      ],
      [
        5,
        17
      ],
      [
        81,
        75
      ],
      [
        77,
        11
      ],
      [
        62,
        6
      ],
      [
        4,
        32
      ],
      [
        16,
        20
      ],
      [
        65,
        96
      ],
      [
        27,
        53
      ],
      [
        60,
        89
      ],
      [
        0,
        54
      ],
      [
        13,
        9
      ],
      [
        23,
        46
      ],
      [
        84,
        79
      ],
      [
        74,
        92
      ],
      [
        41,
        66
      ],
      [
        91,
        51
      ],
      [
        2,
        34
      ],
      [
        43,
        76
      ],
      [
        61,
        33
      ],
      [
        49,
        8
      ],
      [
        88,
        22
      ]
    ],
    "in_cols": [
      29,
      16,
      18,
      47,
      27,
      22,
      36,
      20,
      28,
      42,
      46,
      11,
      24,
      37,
      17,
      9,
      26,
      35,
      6,
      43,
      3,
      14,
      15,
      1,
      8,
      33,
      23,
      5,
      40,
      39,
      32,
      4,
      10,
      34,
      13,
      30,
      0,
      7,
      12,
      41,
      38,
      19,
      45,
      2,
      21,
      31,
      25,
      44
    ],
    "out_cols": [
      15,
      35,
      25,
      40,
      41,
      38,
      28,
      14,
      46,
      42,
      44,
      13,
      21,
      7,
      1,
      32,
      29,
      23,
      11,
      34,
      12,
      19,
      5,
      20,
      9,
      33,
      30,
      6,
      36,
      4,
      0,
      16,
      8,
      47,
      26,
      43,
      27,
      3,
      22,
      39,
      45,
      31,
      24,
      18,
      37,
      17,
      2,
      10
    ]
  }
}