{
  "config": {
    "steps": 900,
    "lr": 0.03,
    "tau_start": 1.0,
    "tau_end": 0.03,
    "sinkhorn_iters": 30,
    "lambda_ent": 0.0003,
    "train_subsample": 4096,
    "seed": 9201,
    "device": "cuda"
  },
  "final": {
    "soft_mse_full": 0.5799102187156677,
    "discrete_mse": 67.26493835449219,
    "hash_match": false,
    "perm_str": "59,30,44,72,39,52,86,80,87,78,56,82,74,93,95,29,42,26,69,55,18,83,35,90,28,67,73,7,37,24,94,19,68,47,50,57,48,53,10,40,3,25,31,36,1,38,60,71,14,76,84,63,81,11,62,6,4,32,5,33,65,70,77,20,16,51,15,96,61,54,43,9,13,75,2,34,27,17,91,46,64,66,88,12,58,89,41,22,45,92,49,21,23,8,0,79,85",
    "in_cols": [
      29,
      22,
      18,
      42,
      43,
      27,
      38,
      47,
      20,
      36,
      11,
      16,
      14,
      37,
      17,
      46,
      35,
      26,
      24,
      6,
      3,
      15,
      1,
      30,
      8,
      41,
      40,
      32,
      4,
      5,
      34,
      39,
      10,
      9,
      31,
      21,
      7,
      2,
      13,
      45,
      33,
      44,
      28,
      19,
      23,
      25,
      12,
      0
    ],
    "out_cols": [
      15,
      35,
      25,
      40,
      38,
      41,
      46,
      14,
      13,
      28,
      42,
      44,
      32,
      1,
      11,
      7,
      23,
      29,
      26,
      21,
      12,
      19,
      20,
      34,
      37,
      30,
      4,
      0,
      16,
      17,
      33,
      8,
      24,
      47,
      27,
      3,
      36,
      18,
      6,
      22,
      31,
      5,
      43,
      10,
      45,
      9,
      2,
      39
    ]
  },
  "best_seen": {
    "discrete_mse": 46.757755279541016,
    "order": [
      [
        18,
        21
      ],
      [
        27,
        80
      ],
      [
        68,
        40
      ],
      [
        2,
        25
      ],
      [
        81,
        71
      ],
      [
        91,
        92
      ],
      [
        60,
        90
      ],
      [
        1,
        24
      ],
      [
        15,
        6
      ],
      [
        62,
        70
      ],
      [
        41,
        63
      ],
      [
        44,
        17
      ],
      [
        94,
        67
      ],
      [
        23,
        51
      ],
      [
        58,
        57
      ],
      [
        95,
        7
      ],
      [
        50,
        26
      ],
      [
        84,
        89
      ],
      [
        42,
        9
      ],
      [
        39,
        11
      ],
      [
        49,
        38
      ],
      [
        31,
        19
      ],
      [
        14,
        8
      ],
      [
        87,
        47
      ],
      [
        77,
        32
      ],
      [
        86,
        34
      ],
      [
        59,
        96
      ],
      [
        10,
        46
      ],
      [
        64,
        22
      ],
      [
        74,
        66
      ],
      [
        45,
        93
      ],
      [
        88,
        75
      ],
      [
        3,
        33
      ],
      [
        37,
        20
      ],
      [
        13,
        12
      ],
      [
        35,
        82
      ],
      [
        5,
        76
      ],
      [
        4,
        83
      ],
      [
        28,
        78
      ],
      [
        61,
        30
      ],
      [
        65,
        29
      ],
      [
        48,
        52
      ],
      [
        16,
        72
      ],
      [
        73,
        54
      ],
      [
        0,
        55
      ],
      [
        69,
        36
      ],
      [
        56,
        79
      ],
      [
        43,
        53
      ]
    ],
    "in_cols": [
      11,
      13,
      35,
      2,
      40,
      45,
      30,
      1,
      9,
      32,
      19,
      22,
      46,
      12,
      28,
      47,
      26,
      41,
      20,
      18,
      25,
      15,
      8,
      43,
      39,
      42,
      29,
      6,
      33,
      38,
      23,
      44,
      3,
      17,
      7,
      16,
      5,
      4,
      14,
      31,
      34,
      24,
      10,
      37,
      0,
      36,
      27,
      21
    ],
    "out_cols": [
      9,
      40,
      21,
      12,
      34,
      45,
      44,
      11,
      0,
      33,
      30,
      6,
      32,
      24,
      29,
      1,
      13,
      43,
      3,
      4,
      20,
      7,
      2,
      23,
      16,
      18,
      47,
      22,
      10,
      31,
      46,
      36,
      17,
      8,
      5,
      41,
      37,
      42,
      38,
      15,
      14,
      25,
      35,
      27,
      28,
      19,
      39,
      26
    ]
  }
}