{
  "config": {
    "steps": 700,
    "lr": 0.015,
    "tau_start": 1.0,
    "tau_end": 0.025,
    "sinkhorn_iters": 30,
    "lambda_ent": 0.0001,
    "train_subsample": 0,
    "seed": 22904,
    "device": "cuda"
  },
  "final": {
    "soft_mse_full": 0.3486965298652649,
    "discrete_mse": 302.3535461425781,
    "hash_match": false,
    "perm_str": "59,72,95,52,73,30,87,93,39,82,44,78,94,80,42,55,88,38,58,29,56,83,18,90,28,19,37,40,10,7,5,57,15,67,68,47,35,24,31,36,3,25,50,66,91,26,1,71,23,75,77,11,14,63,62,6,45,32,84,33,81,20,48,70,13,9,16,96,65,53,69,34,60,8,49,21,74,22,4,79,2,46,41,51,61,92,43,76,0,54,86,89,64,12,27,17,85",
    "in_cols": [
      29,
      47,
      37,
      43,
      18,
      22,
      46,
      20,
      44,
      28,
      27,
      11,
      14,
      17,
      6,
      5,
      9,
      35,
      16,
      15,
      3,
      26,
      45,
      1,
      12,
      39,
      8,
      32,
      23,
      41,
      40,
      24,
      7,
      10,
      34,
      36,
      30,
      25,
      38,
      4,
      2,
      19,
      31,
      21,
      0,
      42,
      33,
      13
    ],
    "out_cols": [
      35,
      25,
      15,
      46,
      41,
      38,
      40,
      28,
      20,
      14,
      42,
      44,
      7,
      21,
      1,
      29,
      32,
      23,
      11,
      19,
      12,
      31,
      13,
      34,
      36,
      4,
      30,
      0,
      16,
      17,
      8,
      33,
      3,
      47,
      26,
      18,
      2,
      9,
      10,
      39,
      22,
      24,
      45,
      37,
      27,
      43,
      5,
      6
    ]
  },
  "best_seen": {
    "discrete_mse": 16.26072120666504,
    "order": [
      [
        49,
        51
      ],
      [
        35,
        92
      ],
      [
        74,
        90
      ],
      [
        42,
        40
      ],
      [
        43,
        25
      ],
      [
        44,
        38
      ],
      [
        61,
        57
      ],
      [
        60,
        93
      ],
      [
        50,
        32
      ],
      [
        0,
        53
      ],
      [
        27,
        21
      ],
      [
        13,
        76
      ],
      [
        95,
        17
      ],
      [
        88,
        63
      ],
      [
        4,
        67
      ],
      [
        28,
        29
      ],
      [
        48,
        52
      ],
      [
        1,
        8
      ],
      [
        31,
        7
      ],
      [
        45,
        66
      ],
      [
        64,
        9
      ],
      [
        23,
        26
      ],
      [
        2,
        82
      ],
      [
        16,
        22
      ],
      [
        59,
        20
      ],
      [
        58,
        89
      ],
      [
        3,
        75
      ],
      [
        73,
        96
      ],
      [
        37,
        36
      ],
      [
        91,
        83
      ],
      [
        86,
        11
      ],
      [
        14,
        71
      ],
      [
        69,
        79
      ],
      [
        94,
        34
      ],
      [
        77,
        12
      ],
      [
        39,
        24
      ],
      [
        15,
        30
      ],
      [
        5,
        72
      ],
      [
        65,
        78
      ],
      [
        10,
        47
      ],
      [
        62,
        6
      ],
      [
        18,
        55
      ],
      [
        81,
        46
      ],
      [
        41,
        33
      ],
      [
        68,
        70
      ],
      [
        56,
        19
      ],
      [
        84,
        80
      ],
      [
        87,
        54
      ]
    ],
    "in_cols": [
      25,
      16,
      38,
      20,
      21,
      22,
      31,
      30,
      26,
      0,
      13,
      7,
      47,
      44,
      4,
      14,
      24,
      1,
      15,
      23,
      33,
      12,
      2,
      10,
      29,
      28,
      3,
      37,
      17,
      45,
      42,
      8,
      36,
      46,
      39,
      18,
      9,
      5,
      34,
      6,
      32,
      11,
      40,
      19,
      35,
      27,
      41,
      43
    ],
    "out_cols": [
      24,
      45,
      44,
      21,
      12,
      20,
      29,
      46,
      16,
      26,
      9,
      37,
      6,
      30,
      32,
      14,
      25,
      2,
      1,
      31,
      3,
      13,
      41,
      10,
      8,
      43,
      36,
      47,
      19,
      42,
      4,
      34,
      39,
      18,
      5,
      11,
      15,
      35,
      38,
      23,
      0,
      28,
      22,
      17,
      33,
      7,
      40,
      27
    ]
  }
}