{
  "config": {
    "steps": 900,
    "lr": 0.03,
    "tau_start": 1.0,
    "tau_end": 0.028,
    "sinkhorn_iters": 30,
    "lambda_ent": 0.0003,
    "train_subsample": 4096,
    "seed": 6002,
    "device": "cuda"
  },
  "final": {
    "soft_mse_full": 0.37975794076919556,
    "discrete_mse": 6.622185707092285,
    "hash_match": false,
    "perm_str": "59,52,35,72,39,55,95,63,56,30,44,78,94,82,68,29,58,93,42,7,18,54,86,80,4,83,10,19,15,67,37,24,73,57,48,90,28,40,50,26,31,36,3,25,1,12,23,38,87,71,64,11,45,17,81,6,5,70,91,92,77,33,16,20,84,96,65,53,49,51,60,21,14,32,69,75,41,79,74,34,13,9,2,46,0,22,43,47,61,76,62,66,27,89,88,8,85",
    "in_cols": [
      29,
      16,
      18,
      47,
      27,
      22,
      46,
      35,
      28,
      20,
      11,
      42,
      4,
      6,
      9,
      17,
      37,
      24,
      14,
      26,
      15,
      3,
      1,
      12,
      43,
      33,
      23,
      40,
      5,
      45,
      39,
      10,
      41,
      34,
      25,
      30,
      8,
      36,
      19,
      38,
      7,
      2,
      0,
      21,
      31,
      32,
      13,
      44
    ],
    "out_cols": [
      25,
      35,
      28,
      30,
      15,
      38,
      41,
      14,
      46,
      1,
      27,
      40,
      42,
      7,
      32,
      11,
      29,
      44,
      21,
      13,
      19,
      12,
      5,
      20,
      34,
      4,
      6,
      0,
      33,
      45,
      17,
      8,
      47,
      26,
      24,
      9,
      16,
      36,
      39,
      18,
      3,
      22,
      10,
      23,
      37,
      31,
      43,
      2
    ]
  },
  "best_seen": {
    "discrete_mse": 0.7174953818321228,
    "order": [
      [
        59,
        52
      ],
      [
        35,
        72
      ],
      [
        39,
        55
      ],
      [
        95,
        63
      ],
      [
        56,
        30
      ],
      [
        44,
        78
      ],
      [
        94,
        82
      ],
      [
        68,
        29
      ],
      [
        58,
        93
      ],
      [
        42,
        7
      ],
      [
        18,
        54
      ],
      [
        86,
        80
      ],
      [
        62,
        83
      ],
      [
        10,
        19
      ],
      [
        15,
        67
      ],
      [
        37,
        24
      ],
      [
        73,
        57
      ],
      [
        48,
        90
      ],
      [
        28,
        40
      ],
      [
        50,
        26
      ],
      [
        31,
        36
      ],
      [
        3,
        25
      ],
      [
        1,
        12
      ],
      [
        23,
        38
      ],
      [
        87,
        71
      ],
      [
        64,
        11
      ],
      [
        45,
        17
      ],
      [
        81,
        6
      ],
      [
        5,
        70
      ],
      [
        91,
        92
      ],
      [
        77,
        33
      ],
      [
        16,
        20
      ],
      [
        84,
        96
      ],
      [
        65,
        53
      ],
      [
        49,
        51
      ],
      [
        60,
        21
      ],
      [
        14,
        32
      ],
      [
        69,
        75
      ],
      [
        41,
        79
      ],
      [
        74,
        34
      ],
      [
        13,
        9
      ],
      [
        2,
        46
      ],
      [
        0,
        22
      ],
      [
        43,
        47
      ],
      [
        61,
        76
      ],
      [
        4,
        66
      ],
      [
        27,
        89
      ],
      [
        88,
        8
      ]
    ],
    "in_cols": [
      29,
      16,
      18,
      47,
      27,
      22,
      46,
      35,
      28,
      20,
      11,
      42,
      32,
      6,
      9,
      17,
      37,
      24,
      14,
      26,
      15,
      3,
      1,
      12,
      43,
      33,
      23,
      40,
      5,
      45,
      39,
      10,
      41,
      34,
      25,
      30,
      8,
      36,
      19,
      38,
      7,
      2,
      0,
      21,
      31,
      4,
      13,
      44
    ],
    "out_cols": [
      25,
      35,
      28,
      30,
      15,
      38,
      41,
      14,
      46,
      1,
      27,
      40,
      42,
      7,
      32,
      11,
      29,
      44,
      21,
      13,
      19,
      12,
      5,
      20,
      34,
      4,
      6,
      0,
      33,
      45,
      17,
      8,
      47,
      26,
      24,
      9,
      16,
      36,
      39,
      18,
      3,
      22,
      10,
      23,
      37,
      31,
      43,
      2
    ]
  }
}