{
  "config": {
    "steps": 900,
    "lr": 0.03,
    "tau_start": 1.0,
    "tau_end": 0.03,
    "sinkhorn_iters": 30,
    "lambda_ent": 0.0003,
    "train_subsample": 4096,
    "seed": 15801,
    "device": "cuda"
  },
  "final": {
    "soft_mse_full": 0.3475613296031952,
    "discrete_mse": 42.654296875,
    "hash_match": false,
    "perm_str": "59,52,4,25,39,72,95,90,56,30,74,55,44,82,42,29,18,80,58,7,86,67,94,53,28,19,37,57,68,47,3,26,15,38,35,24,73,63,87,40,31,36,50,8,1,78,23,71,64,75,27,32,14,76,0,17,81,11,5,92,48,6,62,20,77,96,16,70,91,89,84,33,60,9,43,66,65,83,49,54,41,22,13,51,61,46,2,12,88,21,69,79,10,34,45,93,85",
    "in_cols": [
      29,
      4,
      18,
      47,
      27,
      38,
      22,
      20,
      11,
      28,
      42,
      46,
      14,
      17,
      35,
      3,
      9,
      16,
      37,
      43,
      15,
      26,
      1,
      12,
      33,
      13,
      8,
      0,
      40,
      5,
      24,
      32,
      39,
      10,
      45,
      41,
      30,
      21,
      34,
      25,
      19,
      7,
      31,
      2,
      44,
      36,
      6,
      23
    ],
    "out_cols": [
      25,
      12,
      35,
      44,
      15,
      28,
      41,
      14,
      40,
      1,
      32,
      26,
      7,
      29,
      23,
      13,
      20,
      11,
      30,
      21,
      19,
      2,
      38,
      34,
      36,
      16,
      37,
      6,
      4,
      45,
      0,
      8,
      47,
      33,
      43,
      17,
      3,
      31,
      42,
      27,
      10,
      24,
      22,
      5,
      9,
      39,
      18,
      46
    ]
  },
  "best_seen": {
    "discrete_mse": 8.599396705627441,
    "order": [
      [
        59,
        52
      ],
      [
        39,
        25
      ],
      [
        95,
        72
      ],
      [
        28,
        90
      ],
      [
        56,
        30
      ],
      [
        62,
        55
      ],
      [
        44,
        82
      ],
      [
        42,
        29
      ],
      [
        18,
        80
      ],
      [
        58,
        7
      ],
      [
        86,
        67
      ],
      [
        94,
        53
      ],
      [
        37,
        19
      ],
      [
        10,
        57
      ],
      [
        68,
        47
      ],
      [
        3,
        26
      ],
      [
        15,
        38
      ],
      [
        35,
        24
      ],
      [
        73,
        63
      ],
      [
        87,
        40
      ],
      [
        31,
        36
      ],
      [
        50,
        8
      ],
      [
        1,
        12
      ],
      [
        23,
        71
      ],
      [
        64,
        75
      ],
      [
        4,
        32
      ],
      [
        14,
        76
      ],
      [
        0,
        17
      ],
      [
        81,
        11
      ],
      [
        91,
        92
      ],
      [
        48,
        6
      ],
      [
        5,
        20
      ],
      [
        77,
        96
      ],
      [
        16,
        70
      ],
      [
        60,
        89
      ],
      [
        84,
        33
      ],
      [
        43,
        9
      ],
      [
        74,
        66
      ],
      [
        65,
        83
      ],
      [
        49,
        54
      ],
      [
        41,
        22
      ],
      [
        13,
        51
      ],
      [
        61,
        46
      ],
      [
        2,
        34
      ],
      [
        88,
        21
      ],
      [
        69,
        79
      ],
      [
        27,
        78
      ],
      [
        45,
        93
      ]
    ],
    "in_cols": [
      29,
      18,
      47,
      14,
      27,
      32,
      22,
      20,
      11,
      28,
      42,
      46,
      17,
      6,
      35,
      3,
      9,
      16,
      37,
      43,
      15,
      26,
      1,
      12,
      33,
      4,
      8,
      0,
      40,
      45,
      24,
      5,
      39,
      10,
      30,
      41,
      21,
      38,
      34,
      25,
      19,
      7,
      31,
      2,
      44,
      36,
      13,
      23
    ],
    "out_cols": [
      25,
      12,
      35,
      44,
      15,
      28,
      41,
      14,
      40,
      1,
      32,
      26,
      7,
      29,
      23,
      13,
      20,
      11,
      30,
      21,
      19,
      2,
      5,
      34,
      36,
      16,
      37,
      6,
      4,
      45,
      0,
      8,
      47,
      33,
      43,
      17,
      3,
      31,
      42,
      27,
      10,
      24,
      22,
      18,
      9,
      39,
      38,
      46
    ]
  }
}