{
  "config": {
    "steps": 900,
    "lr": 0.03,
    "tau_start": 1.0,
    "tau_end": 0.028,
    "sinkhorn_iters": 30,
    "lambda_ent": 0.0003,
    "train_subsample": 4096,
    "seed": 22002,
    "device": "cuda"
  },
  "final": {
    "soft_mse_full": 0.4804457426071167,
    "discrete_mse": 192.1735382080078,
    "hash_match": false,
    "perm_str": "39,75,59,52,95,29,50,55,56,82,58,78,44,19,68,80,42,38,88,93,86,67,18,90,10,47,37,24,73,36,15,40,1,7,35,57,48,71,31,63,94,53,3,72,91,26,60,11,23,25,27,30,4,17,14,76,62,32,81,6,5,20,16,70,65,96,84,92,13,89,61,83,49,54,87,79,74,22,45,46,77,9,28,33,41,34,0,66,2,12,69,51,64,21,43,8,85",
    "in_cols": [
      18,
      29,
      47,
      26,
      27,
      28,
      22,
      35,
      20,
      44,
      42,
      11,
      6,
      17,
      37,
      9,
      1,
      16,
      24,
      15,
      46,
      3,
      45,
      30,
      12,
      13,
      4,
      8,
      32,
      40,
      5,
      10,
      34,
      41,
      7,
      31,
      25,
      43,
      38,
      23,
      39,
      14,
      19,
      0,
      2,
      36,
      33,
      21
    ],
    "out_cols": [
      36,
      25,
      14,
      28,
      41,
      38,
      7,
      40,
      20,
      46,
      32,
      44,
      23,
      11,
      19,
      21,
      1,
      29,
      34,
      30,
      26,
      35,
      13,
      4,
      12,
      15,
      6,
      37,
      16,
      0,
      8,
      33,
      47,
      45,
      43,
      42,
      27,
      39,
      10,
      22,
      3,
      17,
      18,
      31,
      5,
      24,
      9,
      2
    ]
  },
  "best_seen": {
    "discrete_mse": 11.111007690429688,
    "order": [
      [
        39,
        72
      ],
      [
        59,
        30
      ],
      [
        37,
        52
      ],
      [
        95,
        29
      ],
      [
        56,
        80
      ],
      [
        58,
        78
      ],
      [
        44,
        82
      ],
      [
        86,
        38
      ],
      [
        42,
        55
      ],
      [
        88,
        93
      ],
      [
        18,
        67
      ],
      [
        35,
        90
      ],
      [
        48,
        47
      ],
      [
        10,
        24
      ],
      [
        73,
        36
      ],
      [
        15,
        40
      ],
      [
        1,
        7
      ],
      [
        28,
        57
      ],
      [
        87,
        71
      ],
      [
        31,
        63
      ],
      [
        94,
        53
      ],
      [
        3,
        19
      ],
      [
        50,
        26
      ],
      [
        60,
        11
      ],
      [
        84,
        25
      ],
      [
        27,
        75
      ],
      [
        14,
        17
      ],
      [
        77,
        76
      ],
      [
        62,
        32
      ],
      [
        81,
        6
      ],
      [
        4,
        20
      ],
      [
        16,
        70
      ],
      [
        65,
        96
      ],
      [
        13,
        92
      ],
      [
        5,
        89
      ],
      [
        61,
        83
      ],
      [
        49,
        54
      ],
      [
        43,
        79
      ],
      [
        74,
        22
      ],
      [
        45,
        46
      ],
      [
        2,
        9
      ],
      [
        91,
        33
      ],
      [
        41,
        34
      ],
      [
        0,
        66
      ],
      [
        23,
        12
      ],
      [
        69,
        51
      ],
      [
        64,
        21
      ],
      [
        68,
        8
      ]
    ],
    "in_cols": [
      18,
      29,
      17,
      47,
      27,
      28,
      22,
      42,
      20,
      44,
      11,
      16,
      24,
      6,
      37,
      9,
      1,
      14,
      43,
      15,
      46,
      3,
      26,
      30,
      41,
      13,
      8,
      39,
      32,
      40,
      4,
      10,
      34,
      7,
      5,
      31,
      25,
      21,
      38,
      23,
      2,
      45,
      19,
      0,
      12,
      36,
      33,
      35
    ],
    "out_cols": [
      35,
      15,
      25,
      14,
      40,
      38,
      41,
      20,
      28,
      46,
      32,
      44,
      23,
      11,
      19,
      21,
      1,
      29,
      34,
      30,
      26,
      7,
      13,
      4,
      12,
      36,
      6,
      37,
      16,
      0,
      8,
      33,
      47,
      45,
      43,
      42,
      27,
      39,
      10,
      22,
      3,
      17,
      18,
      31,
      5,
      24,
      9,
      2
    ]
  }
}