{
  "config": {
    "steps": 900,
    "lr": 0.03,
    "tau_start": 1.0,
    "tau_end": 0.028,
    "sinkhorn_iters": 30,
    "lambda_ent": 0.0003,
    "train_subsample": 4096,
    "seed": 20502,
    "device": "cuda"
  },
  "final": {
    "soft_mse_full": 0.41735994815826416,
    "discrete_mse": 16.70897674560547,
    "hash_match": false,
    "perm_str": "39,52,59,72,2,55,73,80,56,30,44,82,95,93,68,29,58,54,18,83,88,7,94,53,86,90,15,67,48,47,37,57,28,19,35,24,50,26,1,63,3,25,31,36,87,71,23,38,64,40,77,11,60,92,4,12,91,20,42,51,45,33,81,6,16,96,61,70,65,9,62,76,49,8,14,17,74,78,13,32,5,22,69,89,10,75,43,21,84,34,41,46,0,66,27,79,85",
    "in_cols": [
      18,
      29,
      2,
      37,
      27,
      22,
      47,
      35,
      28,
      11,
      44,
      46,
      42,
      9,
      24,
      17,
      14,
      16,
      26,
      1,
      3,
      15,
      43,
      12,
      33,
      39,
      30,
      4,
      45,
      20,
      23,
      40,
      10,
      31,
      34,
      32,
      25,
      8,
      38,
      7,
      5,
      36,
      6,
      21,
      41,
      19,
      0,
      13
    ],
    "out_cols": [
      25,
      35,
      28,
      40,
      15,
      41,
      46,
      14,
      27,
      42,
      1,
      26,
      44,
      32,
      23,
      29,
      7,
      11,
      13,
      30,
      12,
      19,
      34,
      20,
      21,
      4,
      45,
      5,
      8,
      24,
      17,
      0,
      47,
      33,
      3,
      37,
      2,
      6,
      38,
      16,
      10,
      43,
      36,
      9,
      18,
      22,
      31,
      39
    ]
  },
  "best_seen": {
    "discrete_mse": 12.032638549804688,
    "order": [
      [
        39,
        52
      ],
      [
        59,
        72
      ],
      [
        23,
        55
      ],
      [
        73,
        80
      ],
      [
        56,
        30
      ],
      [
        44,
        82
      ],
      [
        95,
        93
      ],
      [
        68,
        29
      ],
      [
        58,
        78
      ],
      [
        18,
        83
      ],
      [
        88,
        90
      ],
      [
        94,
        53
      ],
      [
        86,
        54
      ],
      [
        15,
        67
      ],
      [
        48,
        47
      ],
      [
        37,
        57
      ],
      [
        28,
        19
      ],
      [
        35,
        24
      ],
      [
        42,
        26
      ],
      [
        1,
        63
      ],
      [
        3,
        25
      ],
      [
        31,
        36
      ],
      [
        87,
        71
      ],
      [
        50,
        38
      ],
      [
        64,
        40
      ],
      [
        77,
        11
      ],
      [
        60,
        92
      ],
      [
        4,
        12
      ],
      [
        5,
        20
      ],
      [
        62,
        51
      ],
      [
        45,
        33
      ],
      [
        81,
        6
      ],
      [
        16,
        96
      ],
      [
        61,
        70
      ],
      [
        65,
        9
      ],
      [
        91,
        76
      ],
      [
        49,
        8
      ],
      [
        14,
        17
      ],
      [
        74,
        7
      ],
      [
        13,
        32
      ],
      [
        10,
        22
      ],
      [
        2,
        89
      ],
      [
        69,
        75
      ],
      [
        43,
        21
      ],
      [
        84,
        34
      ],
      [
        41,
        46
      ],
      [
        0,
        66
      ],
      [
        27,
        79
      ]
    ],
    "in_cols": [
      18,
      29,
      12,
      37,
      27,
      22,
      47,
      35,
      28,
      11,
      44,
      46,
      42,
      9,
      24,
      17,
      14,
      16,
      20,
      1,
      3,
      15,
      43,
      26,
      33,
      39,
      30,
      4,
      5,
      32,
      23,
      40,
      10,
      31,
      34,
      45,
      25,
      8,
      38,
      7,
      6,
      2,
      36,
      21,
      41,
      19,
      0,
      13
    ],
    "out_cols": [
      25,
      35,
      28,
      40,
      15,
      41,
      46,
      14,
      38,
      42,
      44,
      26,
      27,
      32,
      23,
      29,
      7,
      11,
      13,
      30,
      12,
      19,
      34,
      20,
      21,
      4,
      45,
      5,
      8,
      24,
      17,
      0,
      47,
      33,
      3,
      37,
      2,
      6,
      1,
      16,
      10,
      43,
      36,
      9,
      18,
      22,
      31,
      39
    ]
  }
}