{
  "config": {
    "steps": 900,
    "lr": 0.03,
    "tau_start": 1.0,
    "tau_end": 0.028,
    "sinkhorn_iters": 30,
    "lambda_ent": 0.0003,
    "train_subsample": 4096,
    "seed": 22402,
    "device": "cuda"
  },
  "final": {
    "soft_mse_full": 0.4397478401660919,
    "discrete_mse": 41.58887481689453,
    "hash_match": false,
    "perm_str": "59,30,10,75,39,55,95,80,42,82,44,72,37,78,94,29,58,93,88,54,18,57,86,90,73,47,68,36,15,67,28,19,5,7,35,24,87,71,50,63,3,53,31,26,1,40,91,38,84,25,23,66,77,11,14,17,4,20,56,6,45,33,62,12,16,96,61,89,65,83,48,70,13,32,0,21,41,46,74,76,49,8,64,9,43,92,69,79,27,34,2,51,60,22,81,52,85",
    "in_cols": [
      29,
      6,
      18,
      47,
      20,
      22,
      17,
      46,
      28,
      44,
      11,
      42,
      37,
      35,
      9,
      14,
      5,
      16,
      43,
      26,
      3,
      15,
      1,
      45,
      41,
      12,
      39,
      8,
      4,
      27,
      23,
      32,
      10,
      31,
      34,
      24,
      7,
      0,
      19,
      38,
      25,
      33,
      21,
      36,
      13,
      2,
      30,
      40
    ],
    "out_cols": [
      15,
      36,
      28,
      40,
      41,
      35,
      38,
      14,
      46,
      27,
      29,
      44,
      23,
      19,
      32,
      7,
      1,
      11,
      34,
      30,
      26,
      13,
      21,
      20,
      12,
      31,
      4,
      6,
      8,
      0,
      17,
      5,
      47,
      43,
      42,
      33,
      16,
      9,
      22,
      37,
      2,
      3,
      45,
      39,
      18,
      24,
      10,
      25
    ]
  },
  "best_seen": {
    "discrete_mse": 12.775036811828613,
    "order": [
      [
        49,
        40
      ],
      [
        94,
        29
      ],
      [
        81,
        51
      ],
      [
        4,
        9
      ],
      [
        48,
        12
      ],
      [
        64,
        75
      ],
      [
        87,
        7
      ],
      [
        27,
        70
      ],
      [
        35,
        22
      ],
      [
        86,
        26
      ],
      [
        45,
        25
      ],
      [
        0,
        67
      ],
      [
        58,
        80
      ],
      [
        5,
        83
      ],
      [
        13,
        46
      ],
      [
        73,
        19
      ],
      [
        68,
        57
      ],
      [
        3,
        32
      ],
      [
        37,
        30
      ],
      [
        42,
        78
      ],
      [
        31,
        20
      ],
      [
        77,
        82
      ],
      [
        28,
        8
      ],
      [
        50,
        38
      ],
      [
        62,
        76
      ],
      [
        2,
        89
      ],
      [
        59,
        24
      ],
      [
        1,
        72
      ],
      [
        74,
        71
      ],
      [
        91,
        53
      ],
      [
        88,
        21
      ],
      [
        61,
        34
      ],
      [
        10,
        55
      ],
      [
        84,
        63
      ],
      [
        69,
        36
      ],
      [
        39,
        90
      ],
      [
        44,
        47
      ],
      [
        60,
        66
      ],
      [
        16,
        17
      ],
      [
        15,
        54
      ],
      [
        95,
        52
      ],
      [
        56,
        33
      ],
      [
        43,
        96
      ],
      [
        23,
        11
      ],
      [
        18,
        79
      ],
      [
        65,
        93
      ],
      [
        41,
        92
      ],
      [
        14,
        6
      ]
    ],
    "in_cols": [
      25,
      46,
      40,
      4,
      24,
      33,
      43,
      13,
      16,
      42,
      23,
      0,
      28,
      5,
      7,
      37,
      35,
      3,
      17,
      20,
      15,
      39,
      14,
      26,
      32,
      2,
      29,
      1,
      38,
      45,
      44,
      31,
      6,
      41,
      36,
      18,
      22,
      30,
      10,
      9,
      47,
      27,
      21,
      12,
      11,
      34,
      19,
      8
    ],
    "out_cols": [
      21,
      14,
      24,
      3,
      5,
      36,
      1,
      33,
      10,
      13,
      12,
      32,
      40,
      42,
      22,
      7,
      29,
      16,
      15,
      38,
      8,
      41,
      2,
      20,
      37,
      43,
      11,
      35,
      34,
      26,
      9,
      18,
      28,
      30,
      19,
      44,
      23,
      31,
      6,
      27,
      25,
      17,
      47,
      4,
      39,
      46,
      45,
      0
    ]
  }
}