{
  "config": {
    "steps": 900,
    "lr": 0.03,
    "tau_start": 1.0,
    "tau_end": 0.03,
    "sinkhorn_iters": 30,
    "lambda_ent": 0.0003,
    "train_subsample": 4096,
    "seed": 5301,
    "device": "cuda"
  },
  "final": {
    "soft_mse_full": 0.4872337877750397,
    "discrete_mse": 162.96688842773438,
    "hash_match": false,
    "perm_str": "59,52,5,72,39,55,95,78,42,63,56,30,44,82,88,29,86,7,69,93,94,26,18,80,73,90,10,19,37,47,15,57,48,40,35,24,31,36,50,25,3,53,28,67,1,38,23,75,87,71,14,76,4,32,45,11,27,51,77,33,81,6,65,20,16,96,61,70,13,21,91,9,43,83,64,54,49,17,2,89,74,12,0,46,62,34,60,79,68,8,84,22,41,66,58,92,85",
    "in_cols": [
      29,
      5,
      18,
      47,
      20,
      27,
      22,
      44,
      42,
      36,
      46,
      11,
      37,
      6,
      17,
      9,
      24,
      16,
      15,
      26,
      3,
      14,
      1,
      12,
      43,
      8,
      4,
      23,
      13,
      39,
      40,
      34,
      10,
      31,
      7,
      45,
      21,
      33,
      25,
      2,
      38,
      0,
      32,
      30,
      35,
      41,
      19,
      28
    ],
    "out_cols": [
      25,
      35,
      28,
      38,
      30,
      15,
      41,
      14,
      1,
      46,
      13,
      40,
      44,
      7,
      23,
      29,
      21,
      11,
      19,
      12,
      26,
      32,
      20,
      36,
      34,
      37,
      16,
      4,
      24,
      17,
      0,
      8,
      47,
      33,
      9,
      3,
      42,
      27,
      6,
      43,
      5,
      22,
      18,
      39,
      2,
      10,
      31,
      45
    ]
  },
  "best_seen": {
    "discrete_mse": 18.9678897857666,
    "order": [
      [
        84,
        78
      ],
      [
        65,
        82
      ],
      [
        68,
        53
      ],
      [
        74,
        76
      ],
      [
        77,
        19
      ],
      [
        69,
        89
      ],
      [
        3,
        80
      ],
      [
        18,
        17
      ],
      [
        31,
        25
      ],
      [
        10,
        38
      ],
      [
        62,
        51
      ],
      [
        87,
        54
      ],
      [
        58,
        96
      ],
      [
        49,
        21
      ],
      [
        43,
        46
      ],
      [
        42,
        93
      ],
      [
        37,
        24
      ],
      [
        50,
        52
      ],
      [
        44,
        32
      ],
      [
        4,
        63
      ],
      [
        23,
        33
      ],
      [
        14,
        12
      ],
      [
        88,
        92
      ],
      [
        94,
        67
      ],
      [
        95,
        71
      ],
      [
        86,
        11
      ],
      [
        5,
        30
      ],
      [
        81,
        9
      ],
      [
        28,
        75
      ],
      [
        56,
        40
      ],
      [
        45,
        29
      ],
      [
        13,
        34
      ],
      [
        39,
        7
      ],
      [
        73,
        70
      ],
      [
        16,
        66
      ],
      [
        64,
        79
      ],
      [
        27,
        36
      ],
      [
        91,
        20
      ],
      [
        2,
        8
      ],
      [
        59,
        72
      ],
      [
        48,
        55
      ],
      [
        41,
        47
      ],
      [
        1,
        57
      ],
      [
        0,
        6
      ],
      [
        61,
        26
      ],
      [
        60,
        22
      ],
      [
        35,
        83
      ],
      [
        15,
        90
      ]
    ],
    "in_cols": [
      41,
      34,
      35,
      38,
      39,
      36,
      3,
      11,
      15,
      6,
      32,
      43,
      28,
      25,
      21,
      20,
      17,
      26,
      22,
      4,
      12,
      8,
      44,
      46,
      47,
      42,
      5,
      40,
      14,
      27,
      23,
      7,
      18,
      37,
      10,
      33,
      13,
      45,
      2,
      29,
      24,
      19,
      1,
      0,
      31,
      30,
      16,
      9
    ],
    "out_cols": [
      38,
      41,
      26,
      37,
      7,
      43,
      40,
      6,
      12,
      20,
      24,
      27,
      47,
      9,
      22,
      46,
      11,
      25,
      16,
      30,
      17,
      5,
      45,
      32,
      34,
      4,
      15,
      3,
      36,
      21,
      14,
      18,
      1,
      33,
      31,
      39,
      19,
      8,
      2,
      35,
      28,
      23,
      29,
      0,
      13,
      10,
      42,
      44
    ]
  }
}