{
  "config": {
    "steps": 700,
    "lr": 0.015,
    "tau_start": 1.0,
    "tau_end": 0.025,
    "sinkhorn_iters": 30,
    "lambda_ent": 0.0001,
    "train_subsample": 0,
    "seed": 7204,
    "device": "cuda"
  },
  "final": {
    "soft_mse_full": 0.3166770339012146,
    "discrete_mse": 114.02262115478516,
    "hash_match": false,
    "perm_str": "59,52,39,30,73,72,95,63,56,82,44,78,74,55,94,80,42,83,58,93,86,29,35,90,18,25,28,19,1,7,37,57,15,67,68,47,50,40,10,24,3,26,31,36,87,71,27,38,49,17,77,76,45,70,4,6,5,11,91,33,16,12,65,20,81,96,61,89,62,32,13,75,64,21,0,79,48,22,60,46,84,54,23,66,41,51,2,9,69,53,88,34,43,8,14,92,85",
    "in_cols": [
      29,
      18,
      37,
      47,
      27,
      22,
      38,
      46,
      20,
      28,
      42,
      16,
      11,
      14,
      1,
      17,
      9,
      35,
      26,
      6,
      3,
      15,
      43,
      13,
      25,
      39,
      23,
      4,
      5,
      45,
      10,
      34,
      40,
      31,
      32,
      7,
      33,
      0,
      24,
      30,
      41,
      12,
      19,
      2,
      36,
      44,
      21,
      8
    ],
    "out_cols": [
      25,
      15,
      35,
      30,
      41,
      38,
      28,
      40,
      42,
      46,
      14,
      44,
      12,
      7,
      1,
      29,
      32,
      23,
      21,
      11,
      13,
      19,
      34,
      20,
      6,
      37,
      33,
      0,
      4,
      17,
      5,
      8,
      47,
      43,
      16,
      36,
      9,
      39,
      10,
      22,
      27,
      31,
      24,
      3,
      26,
      18,
      2,
      45
    ]
  },
  "best_seen": {
    "discrete_mse": 134.02349853515625,
    "order": [
      [
        59,
        52
      ],
      [
        39,
        30
      ],
      [
        45,
        72
      ],
      [
        95,
        63
      ],
      [
        56,
        82
      ],
      [
        44,
        78
      ],
      [
        73,
        55
      ],
      [
        94,
        80
      ],
      [
        42,
        83
      ],
      [
        58,
        93
      ],
      [
        86,
        29
      ],
      [
        35,
        90
      ],
      [
        18,
        25
      ],
      [
        28,
        19
      ],
      [
        1,
        7
      ],
      [
        37,
        57
      ],
      [
        15,
        67
      ],
      [
        68,
        47
      ],
      [
        50,
        40
      ],
      [
        10,
        24
      ],
      [
        3,
        26
      ],
      [
        31,
        36
      ],
      [
        87,
        71
      ],
      [
        27,
        38
      ],
      [
        14,
        17
      ],
      [
        77,
        76
      ],
      [
        48,
        70
      ],
      [
        81,
        6
      ],
      [
        5,
        11
      ],
      [
        91,
        33
      ],
      [
        16,
        12
      ],
      [
        65,
        20
      ],
      [
        49,
        96
      ],
      [
        4,
        89
      ],
      [
        62,
        32
      ],
      [
        13,
        75
      ],
      [
        23,
        21
      ],
      [
        0,
        79
      ],
      [
        74,
        22
      ],
      [
        60,
        46
      ],
      [
        61,
        54
      ],
      [
        84,
        66
      ],
      [
        41,
        51
      ],
      [
        2,
        9
      ],
      [
        69,
        53
      ],
      [
        88,
        34
      ],
      [
        43,
        8
      ],
      [
        64,
        92
      ]
    ],
    "in_cols": [
      29,
      18,
      23,
      47,
      27,
      22,
      37,
      46,
      20,
      28,
      42,
      16,
      11,
      14,
      1,
      17,
      9,
      35,
      26,
      6,
      3,
      15,
      43,
      13,
      8,
      39,
      24,
      40,
      5,
      45,
      10,
      34,
      25,
      4,
      32,
      7,
      12,
      0,
      38,
      30,
      31,
      41,
      19,
      2,
      36,
      44,
      21,
      33
    ],
    "out_cols": [
      25,
      15,
      35,
      30,
      41,
      38,
      28,
      40,
      42,
      46,
      14,
      44,
      12,
      7,
      1,
      29,
      32,
      23,
      21,
      11,
      13,
      19,
      34,
      20,
      6,
      37,
      33,
      0,
      4,
      17,
      5,
      8,
      47,
      43,
      16,
      36,
      9,
      39,
      10,
      22,
      27,
      31,
      24,
      3,
      26,
      18,
      2,
      45
    ]
  }
}