{
  "config": {
    "steps": 700,
    "lr": 0.02,
    "tau_start": 1.0,
    "tau_end": 0.03,
    "sinkhorn_iters": 30,
    "lambda_ent": 0.0003,
    "train_subsample": 0,
    "seed": 9403,
    "device": "cuda"
  },
  "final": {
    "soft_mse_full": 0.3881632089614868,
    "discrete_mse": 131.2835235595703,
    "hash_match": false,
    "perm_str": "59,52,39,30,86,72,95,93,44,78,74,82,73,55,68,80,42,29,58,7,69,54,94,90,18,67,50,19,35,24,15,40,10,47,37,57,3,26,1,25,31,36,28,63,23,38,87,71,14,33,77,11,0,17,27,32,48,6,4,12,81,20,16,70,5,96,65,53,62,75,13,83,91,89,60,79,49,46,84,66,56,21,64,22,61,9,41,51,45,8,2,34,43,76,88,92,85",
    "in_cols": [
      29,
      18,
      42,
      47,
      22,
      38,
      37,
      35,
      20,
      28,
      36,
      46,
      11,
      26,
      16,
      9,
      6,
      17,
      3,
      1,
      15,
      14,
      12,
      43,
      8,
      39,
      0,
      13,
      24,
      4,
      40,
      10,
      5,
      34,
      32,
      7,
      45,
      30,
      25,
      41,
      27,
      33,
      31,
      19,
      23,
      2,
      21,
      44
    ],
    "out_cols": [
      25,
      15,
      35,
      46,
      38,
      41,
      28,
      40,
      14,
      1,
      27,
      44,
      32,
      7,
      11,
      21,
      23,
      29,
      13,
      12,
      19,
      30,
      20,
      34,
      17,
      4,
      6,
      16,
      0,
      5,
      8,
      33,
      47,
      26,
      36,
      42,
      43,
      39,
      22,
      31,
      9,
      10,
      3,
      24,
      2,
      18,
      37,
      45
    ]
  },
  "best_seen": {
    "discrete_mse": 51.301300048828125,
    "order": [
      [
        59,
        52
      ],
      [
        39,
        30
      ],
      [
        42,
        72
      ],
      [
        95,
        93
      ],
      [
        44,
        78
      ],
      [
        74,
        82
      ],
      [
        73,
        55
      ],
      [
        94,
        80
      ],
      [
        68,
        29
      ],
      [
        58,
        7
      ],
      [
        69,
        54
      ],
      [
        86,
        90
      ],
      [
        18,
        67
      ],
      [
        50,
        19
      ],
      [
        35,
        24
      ],
      [
        15,
        40
      ],
      [
        48,
        47
      ],
      [
        37,
        57
      ],
      [
        3,
        26
      ],
      [
        1,
        25
      ],
      [
        31,
        36
      ],
      [
        28,
        63
      ],
      [
        23,
        38
      ],
      [
        87,
        71
      ],
      [
        14,
        33
      ],
      [
        77,
        11
      ],
      [
        0,
        17
      ],
      [
        27,
        32
      ],
      [
        4,
        6
      ],
      [
        45,
        12
      ],
      [
        81,
        20
      ],
      [
        16,
        70
      ],
      [
        5,
        96
      ],
      [
        65,
        53
      ],
      [
        62,
        75
      ],
      [
        13,
        83
      ],
      [
        91,
        89
      ],
      [
        60,
        79
      ],
      [
        10,
        46
      ],
      [
        84,
        66
      ],
      [
        56,
        21
      ],
      [
        64,
        22
      ],
      [
        61,
        9
      ],
      [
        41,
        51
      ],
      [
        49,
        8
      ],
      [
        2,
        34
      ],
      [
        43,
        76
      ],
      [
        88,
        92
      ]
    ],
    "in_cols": [
      29,
      18,
      20,
      47,
      22,
      38,
      37,
      46,
      35,
      28,
      36,
      42,
      11,
      26,
      16,
      9,
      24,
      17,
      3,
      1,
      15,
      14,
      12,
      43,
      8,
      39,
      0,
      13,
      4,
      23,
      40,
      10,
      5,
      34,
      32,
      7,
      45,
      30,
      6,
      41,
      27,
      33,
      31,
      19,
      25,
      2,
      21,
      44
    ],
    "out_cols": [
      25,
      15,
      35,
      46,
      38,
      41,
      28,
      40,
      14,
      1,
      27,
      44,
      32,
      7,
      11,
      21,
      23,
      29,
      13,
      12,
      19,
      30,
      20,
      34,
      17,
      4,
      6,
      16,
      0,
      5,
      8,
      33,
      47,
      26,
      36,
      42,
      43,
      39,
      22,
      31,
      9,
      10,
      3,
      24,
      2,
      18,
      37,
      45
    ]
  }
}