{
  "config": {
    "steps": 700,
    "lr": 0.02,
    "tau_start": 1.0,
    "tau_end": 0.03,
    "sinkhorn_iters": 30,
    "lambda_ent": 0.0003,
    "train_subsample": 0,
    "seed": 13303,
    "device": "cuda"
  },
  "final": {
    "soft_mse_full": 0.40595394372940063,
    "discrete_mse": 32.428550720214844,
    "hash_match": false,
    "perm_str": "59,52,74,72,39,55,95,63,56,30,44,78,73,80,42,29,58,93,69,83,86,90,94,53,18,67,28,19,50,7,37,47,35,24,68,26,10,57,15,40,3,25,31,36,23,38,87,71,60,11,27,75,64,51,5,33,77,82,91,12,62,6,4,20,45,32,81,96,43,9,65,89,16,70,13,66,48,22,49,17,84,54,14,92,1,79,41,34,0,46,61,76,88,8,2,21,85",
    "in_cols": [
      29,
      38,
      18,
      47,
      27,
      22,
      37,
      20,
      28,
      36,
      42,
      46,
      11,
      14,
      26,
      17,
      16,
      35,
      6,
      9,
      3,
      15,
      12,
      43,
      30,
      13,
      33,
      5,
      39,
      45,
      32,
      4,
      23,
      40,
      21,
      34,
      10,
      7,
      24,
      25,
      41,
      8,
      1,
      19,
      0,
      31,
      44,
      2
    ],
    "out_cols": [
      25,
      35,
      28,
      30,
      15,
      38,
      40,
      14,
      46,
      42,
      44,
      26,
      32,
      7,
      1,
      23,
      11,
      13,
      29,
      21,
      12,
      19,
      20,
      34,
      4,
      36,
      24,
      17,
      41,
      5,
      0,
      8,
      16,
      47,
      3,
      43,
      33,
      31,
      10,
      6,
      27,
      45,
      39,
      18,
      22,
      37,
      2,
      9
    ]
  },
  "best_seen": {
    "discrete_mse": 3.6817538738250732,
    "order": [
      [
        59,
        52
      ],
      [
        39,
        72
      ],
      [
        74,
        55
      ],
      [
        95,
        82
      ],
      [
        56,
        30
      ],
      [
        44,
        78
      ],
      [
        73,
        80
      ],
      [
        42,
        29
      ],
      [
        58,
        93
      ],
      [
        69,
        83
      ],
      [
        86,
        54
      ],
      [
        94,
        90
      ],
      [
        18,
        67
      ],
      [
        28,
        19
      ],
      [
        50,
        7
      ],
      [
        37,
        47
      ],
      [
        35,
        24
      ],
      [
        68,
        26
      ],
      [
        10,
        57
      ],
      [
        15,
        40
      ],
      [
        3,
        25
      ],
      [
        31,
        36
      ],
      [
        23,
        38
      ],
      [
        87,
        71
      ],
      [
        60,
        53
      ],
      [
        27,
        75
      ],
      [
        64,
        51
      ],
      [
        5,
        33
      ],
      [
        77,
        11
      ],
      [
        91,
        12
      ],
      [
        62,
        6
      ],
      [
        4,
        20
      ],
      [
        45,
        32
      ],
      [
        81,
        96
      ],
      [
        43,
        9
      ],
      [
        65,
        89
      ],
      [
        16,
        70
      ],
      [
        13,
        66
      ],
      [
        48,
        22
      ],
      [
        49,
        17
      ],
      [
        1,
        79
      ],
      [
        14,
        63
      ],
      [
        84,
        92
      ],
      [
        41,
        34
      ],
      [
        0,
        46
      ],
      [
        61,
        76
      ],
      [
        88,
        8
      ],
      [
        2,
        21
      ]
    ],
    "in_cols": [
      29,
      18,
      38,
      47,
      27,
      22,
      37,
      20,
      28,
      36,
      42,
      46,
      11,
      14,
      26,
      17,
      16,
      35,
      6,
      9,
      3,
      15,
      12,
      43,
      30,
      13,
      33,
      5,
      39,
      45,
      32,
      4,
      23,
      40,
      21,
      34,
      10,
      7,
      24,
      25,
      1,
      8,
      41,
      19,
      0,
      31,
      44,
      2
    ],
    "out_cols": [
      25,
      35,
      28,
      41,
      15,
      38,
      40,
      14,
      46,
      42,
      27,
      44,
      32,
      7,
      1,
      23,
      11,
      13,
      29,
      21,
      12,
      19,
      20,
      34,
      26,
      36,
      24,
      17,
      4,
      5,
      0,
      8,
      16,
      47,
      3,
      43,
      33,
      31,
      10,
      6,
      39,
      30,
      45,
      18,
      22,
      37,
      2,
      9
    ]
  }
}