{
  "config": {
    "steps": 700,
    "lr": 0.02,
    "tau_start": 1.0,
    "tau_end": 0.03,
    "sinkhorn_iters": 30,
    "lambda_ent": 0.0003,
    "train_subsample": 0,
    "seed": 5403,
    "device": "cuda"
  },
  "final": {
    "soft_mse_full": 0.29721829295158386,
    "discrete_mse": 256.9107360839844,
    "hash_match": false,
    "perm_str": "73,75,59,52,39,72,95,80,74,78,44,82,94,93,42,55,88,54,58,29,77,83,86,90,18,24,50,7,15,67,28,19,37,57,68,47,10,26,35,63,3,25,31,36,87,38,1,71,84,66,14,11,27,51,5,17,91,33,81,6,48,70,62,20,16,96,43,76,61,53,65,89,4,21,41,40,60,8,49,46,69,30,13,92,2,9,23,34,0,32,64,12,45,22,56,79,85",
    "in_cols": [
      37,
      29,
      18,
      47,
      38,
      22,
      46,
      20,
      44,
      28,
      39,
      42,
      11,
      26,
      9,
      14,
      17,
      35,
      6,
      16,
      3,
      15,
      43,
      1,
      41,
      8,
      13,
      5,
      45,
      40,
      24,
      32,
      10,
      21,
      31,
      34,
      4,
      19,
      30,
      25,
      36,
      7,
      2,
      12,
      0,
      33,
      23,
      27
    ],
    "out_cols": [
      36,
      25,
      35,
      40,
      38,
      41,
      46,
      28,
      27,
      14,
      42,
      44,
      11,
      1,
      32,
      7,
      29,
      23,
      13,
      30,
      12,
      19,
      20,
      34,
      31,
      4,
      24,
      6,
      17,
      0,
      33,
      8,
      47,
      37,
      26,
      43,
      9,
      21,
      2,
      22,
      15,
      45,
      3,
      18,
      16,
      5,
      10,
      39
    ]
  },
  "best_seen": {
    "discrete_mse": 47.977134704589844,
    "order": [
      [
        73,
        75
      ],
      [
        59,
        52
      ],
      [
        42,
        72
      ],
      [
        95,
        63
      ],
      [
        74,
        78
      ],
      [
        44,
        82
      ],
      [
        94,
        80
      ],
      [
        39,
        29
      ],
      [
        88,
        83
      ],
      [
        58,
        93
      ],
      [
        10,
        30
      ],
      [
        86,
        90
      ],
      [
        18,
        40
      ],
      [
        50,
        7
      ],
      [
        15,
        67
      ],
      [
        28,
        19
      ],
      [
        37,
        57
      ],
      [
        68,
        47
      ],
      [
        48,
        26
      ],
      [
        35,
        24
      ],
      [
        3,
        25
      ],
      [
        31,
        36
      ],
      [
        87,
        38
      ],
      [
        1,
        71
      ],
      [
        84,
        66
      ],
      [
        14,
        11
      ],
      [
        27,
        51
      ],
      [
        5,
        17
      ],
      [
        77,
        33
      ],
      [
        81,
        6
      ],
      [
        0,
        70
      ],
      [
        62,
        20
      ],
      [
        16,
        96
      ],
      [
        43,
        76
      ],
      [
        65,
        53
      ],
      [
        91,
        89
      ],
      [
        4,
        21
      ],
      [
        41,
        55
      ],
      [
        60,
        8
      ],
      [
        49,
        46
      ],
      [
        69,
        54
      ],
      [
        13,
        92
      ],
      [
        2,
        9
      ],
      [
        23,
        34
      ],
      [
        61,
        32
      ],
      [
        64,
        12
      ],
      [
        45,
        22
      ],
      [
        56,
        79
      ]
    ],
    "in_cols": [
      37,
      29,
      20,
      47,
      38,
      22,
      46,
      18,
      44,
      28,
      6,
      42,
      11,
      26,
      9,
      14,
      17,
      35,
      24,
      16,
      3,
      15,
      43,
      1,
      41,
      8,
      13,
      5,
      39,
      40,
      0,
      32,
      10,
      21,
      34,
      45,
      4,
      19,
      30,
      25,
      36,
      7,
      2,
      12,
      31,
      33,
      23,
      27
    ],
    "out_cols": [
      36,
      25,
      35,
      30,
      38,
      41,
      40,
      14,
      42,
      46,
      15,
      44,
      21,
      1,
      32,
      7,
      29,
      23,
      13,
      11,
      12,
      19,
      20,
      34,
      31,
      4,
      24,
      6,
      17,
      0,
      33,
      8,
      47,
      37,
      26,
      43,
      9,
      28,
      2,
      22,
      27,
      45,
      3,
      18,
      16,
      5,
      10,
      39
    ]
  }
}