{
  "config": {
    "steps": 900,
    "lr": 0.03,
    "tau_start": 1.0,
    "tau_end": 0.03,
    "sinkhorn_iters": 30,
    "lambda_ent": 0.0003,
    "train_subsample": 4096,
    "seed": 28301,
    "device": "cuda"
  },
  "final": {
    "soft_mse_full": 0.48256951570510864,
    "discrete_mse": 71.52600860595703,
    "hash_match": false,
    "perm_str": "73,75,59,52,95,63,87,93,42,82,56,30,74,78,94,90,86,29,69,55,15,67,44,54,28,19,37,47,10,80,68,7,50,57,35,24,48,40,1,38,3,26,18,36,16,71,23,72,39,96,64,25,5,51,4,32,77,17,14,11,91,92,81,6,62,20,60,70,65,53,43,76,84,83,45,33,13,22,27,8,41,46,2,9,31,66,0,79,61,12,58,89,88,21,49,34,85",
    "in_cols": [
      37,
      29,
      47,
      43,
      20,
      27,
      38,
      46,
      42,
      36,
      9,
      22,
      14,
      17,
      6,
      35,
      26,
      16,
      24,
      1,
      3,
      11,
      10,
      12,
      18,
      33,
      5,
      4,
      39,
      8,
      45,
      40,
      32,
      30,
      34,
      21,
      41,
      23,
      7,
      13,
      19,
      2,
      15,
      0,
      31,
      28,
      44,
      25
    ],
    "out_cols": [
      36,
      25,
      30,
      46,
      41,
      15,
      38,
      44,
      14,
      28,
      32,
      27,
      7,
      23,
      40,
      1,
      29,
      11,
      21,
      20,
      13,
      19,
      34,
      35,
      47,
      12,
      24,
      16,
      6,
      4,
      45,
      0,
      8,
      33,
      26,
      37,
      42,
      17,
      10,
      2,
      22,
      3,
      31,
      39,
      5,
      43,
      9,
      18
    ]
  },
  "best_seen": {
    "discrete_mse": 1.7368804216384888,
    "order": [
      [
        73,
        75
      ],
      [
        59,
        52
      ],
      [
        39,
        63
      ],
      [
        87,
        93
      ],
      [
        42,
        82
      ],
      [
        56,
        30
      ],
      [
        88,
        78
      ],
      [
        94,
        90
      ],
      [
        86,
        29
      ],
      [
        69,
        55
      ],
      [
        15,
        67
      ],
      [
        44,
        54
      ],
      [
        28,
        19
      ],
      [
        37,
        47
      ],
      [
        10,
        80
      ],
      [
        68,
        7
      ],
      [
        50,
        57
      ],
      [
        35,
        24
      ],
      [
        48,
        40
      ],
      [
        1,
        38
      ],
      [
        3,
        26
      ],
      [
        18,
        36
      ],
      [
        16,
        71
      ],
      [
        23,
        72
      ],
      [
        95,
        96
      ],
      [
        64,
        25
      ],
      [
        5,
        51
      ],
      [
        4,
        32
      ],
      [
        77,
        17
      ],
      [
        14,
        11
      ],
      [
        91,
        92
      ],
      [
        81,
        6
      ],
      [
        62,
        20
      ],
      [
        74,
        70
      ],
      [
        65,
        53
      ],
      [
        43,
        76
      ],
      [
        84,
        83
      ],
      [
        45,
        33
      ],
      [
        13,
        22
      ],
      [
        27,
        8
      ],
      [
        41,
        46
      ],
      [
        2,
        9
      ],
      [
        31,
        66
      ],
      [
        0,
        79
      ],
      [
        61,
        12
      ],
      [
        58,
        89
      ],
      [
        60,
        21
      ],
      [
        49,
        34
      ]
    ],
    "in_cols": [
      37,
      29,
      18,
      43,
      20,
      27,
      44,
      46,
      42,
      36,
      9,
      22,
      14,
      17,
      6,
      35,
      26,
      16,
      24,
      1,
      3,
      11,
      10,
      12,
      47,
      33,
      5,
      4,
      39,
      8,
      45,
      40,
      32,
      38,
      34,
      21,
      41,
      23,
      7,
      13,
      19,
      2,
      15,
      0,
      31,
      28,
      30,
      25
    ],
    "out_cols": [
      36,
      25,
      30,
      46,
      41,
      15,
      38,
      44,
      14,
      28,
      32,
      27,
      7,
      23,
      40,
      1,
      29,
      11,
      21,
      20,
      13,
      19,
      34,
      35,
      47,
      12,
      24,
      16,
      6,
      4,
      45,
      0,
      8,
      33,
      26,
      37,
      42,
      17,
      10,
      2,
      22,
      3,
      31,
      39,
      5,
      43,
      9,
      18
    ]
  }
}