{
  "config": {
    "steps": 900,
    "lr": 0.03,
    "tau_start": 1.0,
    "tau_end": 0.028,
    "sinkhorn_iters": 30,
    "lambda_ent": 0.0003,
    "train_subsample": 4096,
    "seed": 8902,
    "device": "cuda"
  },
  "final": {
    "soft_mse_full": 0.41990095376968384,
    "discrete_mse": 12.02023696899414,
    "hash_match": false,
    "perm_str": "59,52,3,72,39,75,77,80,44,82,58,78,95,29,42,55,69,93,18,30,65,83,73,67,35,24,10,7,15,19,37,57,68,47,86,90,94,26,87,71,31,36,50,63,28,40,1,38,23,25,49,17,14,11,4,12,5,6,81,51,45,33,48,70,16,20,61,53,62,96,13,79,74,34,91,22,60,32,43,9,41,46,0,76,64,21,27,54,2,92,84,66,88,89,56,8,85",
    "in_cols": [
      29,
      3,
      18,
      39,
      22,
      28,
      47,
      20,
      36,
      11,
      34,
      37,
      16,
      6,
      9,
      17,
      35,
      42,
      46,
      43,
      15,
      26,
      14,
      1,
      12,
      25,
      8,
      4,
      5,
      40,
      23,
      24,
      10,
      31,
      32,
      7,
      38,
      45,
      30,
      21,
      19,
      0,
      33,
      13,
      2,
      41,
      44,
      27
    ],
    "out_cols": [
      25,
      35,
      36,
      40,
      41,
      38,
      14,
      28,
      46,
      15,
      42,
      32,
      11,
      1,
      7,
      29,
      23,
      44,
      13,
      34,
      19,
      30,
      21,
      20,
      12,
      6,
      4,
      5,
      0,
      24,
      17,
      33,
      8,
      26,
      47,
      39,
      18,
      10,
      16,
      3,
      22,
      37,
      9,
      27,
      45,
      31,
      43,
      2
    ]
  },
  "best_seen": {
    "discrete_mse": 6.339035987854004,
    "order": [
      [
        59,
        52
      ],
      [
        65,
        72
      ],
      [
        39,
        75
      ],
      [
        77,
        80
      ],
      [
        44,
        82
      ],
      [
        58,
        78
      ],
      [
        95,
        29
      ],
      [
        42,
        55
      ],
      [
        69,
        93
      ],
      [
        18,
        30
      ],
      [
        3,
        83
      ],
      [
        73,
        67
      ],
      [
        35,
        24
      ],
      [
        10,
        7
      ],
      [
        15,
        19
      ],
      [
        37,
        57
      ],
      [
        68,
        47
      ],
      [
        86,
        90
      ],
      [
        94,
        26
      ],
      [
        87,
        71
      ],
      [
        31,
        36
      ],
      [
        50,
        63
      ],
      [
        28,
        40
      ],
      [
        1,
        38
      ],
      [
        23,
        25
      ],
      [
        49,
        17
      ],
      [
        14,
        11
      ],
      [
        4,
        12
      ],
      [
        5,
        6
      ],
      [
        81,
        51
      ],
      [
        45,
        33
      ],
      [
        48,
        70
      ],
      [
        16,
        20
      ],
      [
        61,
        53
      ],
      [
        62,
        96
      ],
      [
        13,
        79
      ],
      [
        74,
        34
      ],
      [
        91,
        22
      ],
      [
        60,
        32
      ],
      [
        43,
        9
      ],
      [
        41,
        46
      ],
      [
        0,
        76
      ],
      [
        64,
        21
      ],
      [
        27,
        54
      ],
      [
        2,
        92
      ],
      [
        84,
        66
      ],
      [
        88,
        89
      ],
      [
        56,
        8
      ]
    ],
    "in_cols": [
      29,
      34,
      18,
      39,
      22,
      28,
      47,
      20,
      36,
      11,
      3,
      37,
      16,
      6,
      9,
      17,
      35,
      42,
      46,
      43,
      15,
      26,
      14,
      1,
      12,
      25,
      8,
      4,
      5,
      40,
      23,
      24,
      10,
      31,
      32,
      7,
      38,
      45,
      30,
      21,
      19,
      0,
      33,
      13,
      2,
      41,
      44,
      27
    ],
    "out_cols": [
      25,
      35,
      36,
      40,
      41,
      38,
      14,
      28,
      46,
      15,
      42,
      32,
      11,
      1,
      7,
      29,
      23,
      44,
      13,
      34,
      19,
      30,
      21,
      20,
      12,
      6,
      4,
      5,
      0,
      24,
      17,
      33,
      8,
      26,
      47,
      39,
      18,
      10,
      16,
      3,
      22,
      37,
      9,
      27,
      45,
      31,
      43,
      2
    ]
  }
}