{
  "config": {
    "steps": 700,
    "lr": 0.02,
    "tau_start": 1.0,
    "tau_end": 0.03,
    "sinkhorn_iters": 30,
    "lambda_ent": 0.0003,
    "train_subsample": 0,
    "seed": 26603,
    "device": "cuda"
  },
  "final": {
    "soft_mse_full": 0.36859285831451416,
    "discrete_mse": 70.65177154541016,
    "hash_match": false,
    "perm_str": "73,78,59,52,95,72,74,55,56,30,44,82,39,93,86,80,42,29,69,83,58,90,18,67,28,19,35,24,15,47,50,7,68,63,37,57,48,40,94,38,3,26,31,36,1,71,23,25,5,11,27,17,14,33,4,32,81,51,45,92,62,6,49,70,77,20,16,96,65,53,87,66,13,75,60,8,10,34,84,46,61,54,0,9,91,79,41,76,88,22,2,12,43,21,64,89,85",
    "in_cols": [
      37,
      29,
      47,
      38,
      27,
      22,
      18,
      42,
      20,
      36,
      28,
      11,
      14,
      16,
      9,
      26,
      35,
      17,
      24,
      46,
      3,
      15,
      1,
      12,
      5,
      13,
      8,
      4,
      40,
      23,
      32,
      25,
      39,
      10,
      34,
      43,
      7,
      30,
      6,
      41,
      31,
      0,
      45,
      19,
      44,
      2,
      21,
      33
    ],
    "out_cols": [
      38,
      25,
      35,
      28,
      15,
      41,
      46,
      40,
      14,
      42,
      44,
      32,
      7,
      11,
      23,
      1,
      30,
      29,
      21,
      20,
      13,
      19,
      34,
      12,
      4,
      6,
      17,
      16,
      24,
      45,
      0,
      33,
      8,
      47,
      26,
      31,
      36,
      2,
      18,
      22,
      27,
      3,
      39,
      37,
      10,
      5,
      9,
      43
    ]
  },
  "best_seen": {
    "discrete_mse": 21.665748596191406,
    "order": [
      [
        95,
        78
      ],
      [
        59,
        52
      ],
      [
        39,
        72
      ],
      [
        74,
        55
      ],
      [
        56,
        30
      ],
      [
        44,
        82
      ],
      [
        73,
        93
      ],
      [
        86,
        80
      ],
      [
        42,
        29
      ],
      [
        69,
        83
      ],
      [
        58,
        90
      ],
      [
        18,
        67
      ],
      [
        28,
        19
      ],
      [
        35,
        24
      ],
      [
        15,
        47
      ],
      [
        50,
        7
      ],
      [
        68,
        63
      ],
      [
        37,
        57
      ],
      [
        48,
        40
      ],
      [
        94,
        38
      ],
      [
        3,
        26
      ],
      [
        31,
        36
      ],
      [
        1,
        71
      ],
      [
        23,
        25
      ],
      [
        5,
        11
      ],
      [
        27,
        17
      ],
      [
        14,
        33
      ],
      [
        4,
        32
      ],
      [
        81,
        51
      ],
      [
        45,
        92
      ],
      [
        62,
        6
      ],
      [
        49,
        70
      ],
      [
        77,
        20
      ],
      [
        16,
        96
      ],
      [
        65,
        53
      ],
      [
        43,
        66
      ],
      [
        13,
        75
      ],
      [
        60,
        8
      ],
      [
        10,
        34
      ],
      [
        84,
        46
      ],
      [
        61,
        54
      ],
      [
        0,
        9
      ],
      [
        91,
        79
      ],
      [
        41,
        76
      ],
      [
        88,
        22
      ],
      [
        2,
        12
      ],
      [
        87,
        21
      ],
      [
        64,
        89
      ]
    ],
    "in_cols": [
      47,
      29,
      18,
      38,
      27,
      22,
      37,
      42,
      20,
      36,
      28,
      11,
      14,
      16,
      9,
      26,
      35,
      17,
      24,
      46,
      3,
      15,
      1,
      12,
      5,
      13,
      8,
      4,
      40,
      23,
      32,
      25,
      39,
      10,
      34,
      21,
      7,
      30,
      6,
      41,
      31,
      0,
      45,
      19,
      44,
      2,
      43,
      33
    ],
    "out_cols": [
      38,
      25,
      35,
      28,
      15,
      41,
      46,
      40,
      14,
      42,
      44,
      32,
      7,
      11,
      23,
      1,
      30,
      29,
      21,
      20,
      13,
      19,
      34,
      12,
      4,
      6,
      17,
      16,
      24,
      45,
      0,
      33,
      8,
      47,
      26,
      31,
      36,
      2,
      18,
      22,
      27,
      3,
      39,
      37,
      10,
      5,
      9,
      43
    ]
  }
}