{
  "config": {
    "steps": 900,
    "lr": 0.03,
    "tau_start": 1.0,
    "tau_end": 0.03,
    "sinkhorn_iters": 30,
    "lambda_ent": 0.0003,
    "train_subsample": 4096,
    "seed": 10801,
    "device": "cuda"
  },
  "final": {
    "soft_mse_full": 0.5354208946228027,
    "discrete_mse": 228.97714233398438,
    "hash_match": false,
    "perm_str": "39,75,59,52,74,55,14,78,95,63,56,82,44,66,42,72,28,29,84,90,18,26,73,80,35,24,48,19,15,40,37,57,86,47,50,7,68,38,94,53,3,25,31,36,1,30,87,71,23,11,77,76,45,33,4,67,5,51,91,92,65,20,81,6,16,70,62,96,0,32,27,54,58,83,13,9,49,8,10,46,41,93,61,12,60,22,43,79,2,34,69,21,88,17,64,89,85",
    "in_cols": [
      18,
      29,
      38,
      8,
      47,
      27,
      22,
      20,
      14,
      41,
      11,
      37,
      16,
      24,
      9,
      17,
      42,
      26,
      35,
      46,
      3,
      15,
      1,
      43,
      12,
      39,
      23,
      4,
      5,
      45,
      34,
      40,
      10,
      32,
      0,
      13,
      28,
      7,
      25,
      6,
      19,
      31,
      30,
      21,
      2,
      36,
      44,
      33
    ],
    "out_cols": [
      36,
      25,
      28,
      38,
      30,
      41,
      31,
      35,
      14,
      44,
      13,
      40,
      11,
      7,
      21,
      29,
      23,
      1,
      20,
      26,
      12,
      19,
      15,
      34,
      4,
      37,
      17,
      32,
      24,
      45,
      8,
      0,
      33,
      47,
      16,
      27,
      42,
      3,
      2,
      22,
      46,
      5,
      10,
      39,
      18,
      9,
      6,
      43
    ]
  },
  "best_seen": {
    "discrete_mse": 39.2359619140625,
    "order": [
      [
        88,
        55
      ],
      [
        94,
        26
      ],
      [
        0,
        70
      ],
      [
        4,
        89
      ],
      [
        13,
        92
      ],
      [
        45,
        52
      ],
      [
        87,
        83
      ],
      [
        2,
        90
      ],
      [
        62,
        12
      ],
      [
        69,
        22
      ],
      [
        91,
        21
      ],
      [
        15,
        46
      ],
      [
        73,
        79
      ],
      [
        61,
        20
      ],
      [
        10,
        40
      ],
      [
        48,
        75
      ],
      [
        31,
        33
      ],
      [
        95,
        57
      ],
      [
        65,
        36
      ],
      [
        56,
        11
      ],
      [
        84,
        38
      ],
      [
        68,
        53
      ],
      [
        42,
        29
      ],
      [
        1,
        80
      ],
      [
        81,
        67
      ],
      [
        5,
        30
      ],
      [
        86,
        17
      ],
      [
        44,
        66
      ],
      [
        14,
        72
      ],
      [
        3,
        54
      ],
      [
        43,
        32
      ],
      [
        27,
        8
      ],
      [
        60,
        25
      ],
      [
        18,
        96
      ],
      [
        41,
        76
      ],
      [
        58,
        51
      ],
      [
        39,
        24
      ],
      [
        64,
        34
      ],
      [
        23,
        19
      ],
      [
        49,
        78
      ],
      [
        35,
        6
      ],
      [
        50,
        7
      ],
      [
        28,
        82
      ],
      [
        59,
        93
      ],
      [
        74,
        9
      ],
      [
        16,
        47
      ],
      [
        37,
        71
      ],
      [
        77,
        63
      ]
    ],
    "in_cols": [
      44,
      46,
      0,
      4,
      7,
      23,
      43,
      2,
      32,
      36,
      45,
      9,
      37,
      31,
      6,
      24,
      15,
      47,
      34,
      27,
      41,
      35,
      20,
      1,
      40,
      5,
      42,
      22,
      8,
      3,
      21,
      13,
      30,
      11,
      19,
      28,
      18,
      33,
      12,
      25,
      16,
      26,
      14,
      29,
      38,
      10,
      17,
      39
    ],
    "out_cols": [
      28,
      13,
      33,
      43,
      45,
      25,
      42,
      44,
      5,
      10,
      9,
      22,
      39,
      8,
      21,
      36,
      17,
      29,
      19,
      4,
      20,
      26,
      14,
      40,
      32,
      15,
      6,
      31,
      35,
      27,
      16,
      2,
      12,
      47,
      37,
      24,
      11,
      18,
      7,
      38,
      0,
      1,
      41,
      46,
      3,
      23,
      34,
      30
    ]
  }
}