{
  "config": {
    "steps": 900,
    "lr": 0.03,
    "tau_start": 1.0,
    "tau_end": 0.028,
    "sinkhorn_iters": 30,
    "lambda_ent": 0.0003,
    "train_subsample": 4096,
    "seed": 5402,
    "device": "cuda"
  },
  "final": {
    "soft_mse_full": 0.4173995852470398,
    "discrete_mse": 32.30961227416992,
    "hash_match": false,
    "perm_str": "59,52,39,72,95,78,73,63,74,19,44,82,68,93,88,29,94,83,58,55,56,30,86,36,18,80,10,67,37,47,48,24,50,7,35,57,87,71,1,40,62,90,84,25,31,26,42,38,3,21,14,17,4,32,45,11,81,6,77,20,64,92,28,70,5,53,16,96,65,75,49,54,15,51,2,89,27,46,13,34,43,9,91,66,60,22,41,76,23,79,61,12,0,33,69,8,85",
    "in_cols": [
      29,
      18,
      47,
      37,
      38,
      22,
      35,
      44,
      46,
      28,
      27,
      42,
      11,
      6,
      17,
      24,
      26,
      16,
      43,
      1,
      32,
      41,
      15,
      20,
      3,
      8,
      4,
      23,
      40,
      39,
      33,
      14,
      5,
      10,
      34,
      25,
      9,
      2,
      13,
      7,
      21,
      45,
      30,
      19,
      12,
      31,
      0,
      36
    ],
    "out_cols": [
      25,
      35,
      38,
      30,
      7,
      41,
      46,
      14,
      42,
      28,
      15,
      19,
      40,
      32,
      23,
      11,
      1,
      29,
      34,
      21,
      44,
      12,
      13,
      20,
      9,
      6,
      16,
      4,
      0,
      8,
      45,
      33,
      26,
      47,
      36,
      27,
      24,
      43,
      22,
      18,
      3,
      31,
      10,
      37,
      39,
      5,
      17,
      2
    ]
  },
  "best_seen": {
    "discrete_mse": 14.051706314086914,
    "order": [
      [
        59,
        52
      ],
      [
        39,
        72
      ],
      [
        42,
        78
      ],
      [
        73,
        63
      ],
      [
        3,
        19
      ],
      [
        74,
        82
      ],
      [
        68,
        93
      ],
      [
        88,
        29
      ],
      [
        94,
        83
      ],
      [
        58,
        55
      ],
      [
        56,
        30
      ],
      [
        86,
        36
      ],
      [
        18,
        80
      ],
      [
        10,
        67
      ],
      [
        37,
        47
      ],
      [
        48,
        24
      ],
      [
        50,
        7
      ],
      [
        35,
        57
      ],
      [
        87,
        71
      ],
      [
        1,
        40
      ],
      [
        62,
        90
      ],
      [
        84,
        25
      ],
      [
        31,
        26
      ],
      [
        44,
        38
      ],
      [
        28,
        21
      ],
      [
        14,
        17
      ],
      [
        4,
        32
      ],
      [
        45,
        11
      ],
      [
        81,
        6
      ],
      [
        77,
        20
      ],
      [
        64,
        92
      ],
      [
        95,
        70
      ],
      [
        5,
        53
      ],
      [
        16,
        96
      ],
      [
        65,
        75
      ],
      [
        49,
        54
      ],
      [
        15,
        51
      ],
      [
        2,
        89
      ],
      [
        27,
        46
      ],
      [
        13,
        34
      ],
      [
        43,
        9
      ],
      [
        91,
        66
      ],
      [
        60,
        22
      ],
      [
        41,
        76
      ],
      [
        23,
        79
      ],
      [
        61,
        12
      ],
      [
        0,
        33
      ],
      [
        69,
        8
      ]
    ],
    "in_cols": [
      29,
      18,
      20,
      37,
      3,
      38,
      35,
      44,
      46,
      28,
      27,
      42,
      11,
      6,
      17,
      24,
      26,
      16,
      43,
      1,
      32,
      41,
      15,
      22,
      14,
      8,
      4,
      23,
      40,
      39,
      33,
      47,
      5,
      10,
      34,
      25,
      9,
      2,
      13,
      7,
      21,
      45,
      30,
      19,
      12,
      31,
      0,
      36
    ],
    "out_cols": [
      25,
      35,
      38,
      30,
      7,
      41,
      46,
      14,
      42,
      28,
      15,
      19,
      40,
      32,
      23,
      11,
      1,
      29,
      34,
      21,
      44,
      12,
      13,
      20,
      9,
      6,
      16,
      4,
      0,
      8,
      45,
      33,
      26,
      47,
      36,
      27,
      24,
      43,
      22,
      18,
      3,
      31,
      10,
      37,
      39,
      5,
      17,
      2
    ]
  }
}