{
  "config": {
    "steps": 900,
    "lr": 0.03,
    "tau_start": 1.0,
    "tau_end": 0.028,
    "sinkhorn_iters": 30,
    "lambda_ent": 0.0003,
    "train_subsample": 4096,
    "seed": 12602,
    "device": "cuda"
  },
  "final": {
    "soft_mse_full": 0.3990022838115692,
    "discrete_mse": 32.31169128417969,
    "hash_match": false,
    "perm_str": "59,52,39,72,64,75,95,63,86,80,56,30,44,78,42,29,58,83,88,93,18,90,94,26,3,53,10,19,28,7,73,55,15,57,35,24,68,47,1,71,87,25,50,36,37,38,23,40,14,17,77,11,5,82,48,70,81,89,45,12,65,6,0,33,16,20,62,76,4,96,91,32,27,51,43,8,2,54,60,22,61,46,74,34,13,9,69,21,31,92,41,67,84,66,49,79,85",
    "in_cols": [
      29,
      18,
      33,
      47,
      42,
      27,
      22,
      20,
      28,
      44,
      11,
      46,
      3,
      6,
      14,
      37,
      9,
      16,
      35,
      1,
      43,
      26,
      17,
      12,
      8,
      39,
      5,
      24,
      40,
      23,
      34,
      0,
      10,
      32,
      4,
      45,
      13,
      21,
      2,
      30,
      31,
      38,
      7,
      36,
      15,
      19,
      41,
      25
    ],
    "out_cols": [
      25,
      35,
      36,
      30,
      40,
      15,
      38,
      14,
      42,
      46,
      44,
      13,
      26,
      7,
      1,
      28,
      29,
      11,
      23,
      34,
      12,
      19,
      20,
      21,
      6,
      4,
      41,
      33,
      43,
      5,
      0,
      17,
      8,
      37,
      47,
      16,
      24,
      2,
      27,
      10,
      22,
      18,
      3,
      9,
      45,
      32,
      31,
      39
    ]
  },
  "best_seen": {
    "discrete_mse": 15.00234603881836,
    "order": [
      [
        59,
        52
      ],
      [
        39,
        72
      ],
      [
        50,
        75
      ],
      [
        95,
        63
      ],
      [
        86,
        80
      ],
      [
        56,
        30
      ],
      [
        44,
        78
      ],
      [
        42,
        29
      ],
      [
        58,
        83
      ],
      [
        88,
        93
      ],
      [
        18,
        90
      ],
      [
        94,
        26
      ],
      [
        3,
        53
      ],
      [
        10,
        19
      ],
      [
        28,
        7
      ],
      [
        73,
        55
      ],
      [
        15,
        57
      ],
      [
        35,
        24
      ],
      [
        68,
        47
      ],
      [
        1,
        71
      ],
      [
        87,
        25
      ],
      [
        31,
        36
      ],
      [
        37,
        38
      ],
      [
        23,
        40
      ],
      [
        14,
        17
      ],
      [
        77,
        67
      ],
      [
        5,
        11
      ],
      [
        48,
        70
      ],
      [
        81,
        89
      ],
      [
        45,
        12
      ],
      [
        65,
        6
      ],
      [
        0,
        33
      ],
      [
        16,
        20
      ],
      [
        62,
        76
      ],
      [
        4,
        96
      ],
      [
        91,
        32
      ],
      [
        27,
        51
      ],
      [
        43,
        8
      ],
      [
        2,
        54
      ],
      [
        60,
        22
      ],
      [
        61,
        46
      ],
      [
        74,
        34
      ],
      [
        13,
        9
      ],
      [
        69,
        21
      ],
      [
        64,
        92
      ],
      [
        41,
        82
      ],
      [
        84,
        66
      ],
      [
        49,
        79
      ]
    ],
    "in_cols": [
      29,
      18,
      26,
      47,
      42,
      27,
      22,
      20,
      28,
      44,
      11,
      46,
      3,
      6,
      14,
      37,
      9,
      16,
      35,
      1,
      43,
      15,
      17,
      12,
      8,
      39,
      5,
      24,
      40,
      23,
      34,
      0,
      10,
      32,
      4,
      45,
      13,
      21,
      2,
      30,
      31,
      38,
      7,
      36,
      33,
      19,
      41,
      25
    ],
    "out_cols": [
      25,
      35,
      36,
      30,
      40,
      15,
      38,
      14,
      42,
      46,
      44,
      13,
      26,
      7,
      1,
      28,
      29,
      11,
      23,
      34,
      12,
      19,
      20,
      21,
      6,
      32,
      4,
      33,
      43,
      5,
      0,
      17,
      8,
      37,
      47,
      16,
      24,
      2,
      27,
      10,
      22,
      18,
      3,
      9,
      45,
      41,
      31,
      39
    ]
  }
}