{
  "config": {
    "steps": 900,
    "lr": 0.03,
    "tau_start": 1.0,
    "tau_end": 0.03,
    "sinkhorn_iters": 30,
    "lambda_ent": 0.0003,
    "train_subsample": 4096,
    "seed": 24401,
    "device": "cuda"
  },
  "final": {
    "soft_mse_full": 0.35004961490631104,
    "discrete_mse": 6.517975330352783,
    "hash_match": false,
    "perm_str": "39,52,59,30,48,72,95,63,56,55,44,78,73,80,69,29,88,54,37,93,94,82,58,90,18,67,35,24,10,40,42,57,68,47,28,7,31,26,3,53,50,66,84,36,1,38,87,71,64,25,49,17,81,76,77,11,4,32,62,20,5,6,16,70,65,96,27,51,60,89,13,75,14,21,15,19,2,12,43,83,74,22,41,9,23,33,91,34,86,8,61,46,0,92,45,79,85",
    "in_cols": [
      18,
      29,
      24,
      47,
      27,
      22,
      37,
      36,
      44,
      17,
      46,
      28,
      11,
      16,
      6,
      20,
      35,
      14,
      15,
      3,
      26,
      41,
      1,
      43,
      33,
      25,
      40,
      39,
      4,
      32,
      5,
      10,
      34,
      13,
      30,
      7,
      8,
      9,
      2,
      21,
      38,
      19,
      12,
      45,
      42,
      31,
      0,
      23
    ],
    "out_cols": [
      25,
      15,
      35,
      30,
      28,
      38,
      40,
      14,
      27,
      46,
      41,
      44,
      32,
      11,
      21,
      29,
      23,
      1,
      13,
      26,
      31,
      19,
      20,
      34,
      12,
      6,
      37,
      4,
      16,
      8,
      0,
      33,
      47,
      24,
      43,
      36,
      9,
      7,
      5,
      42,
      10,
      3,
      17,
      18,
      2,
      22,
      45,
      39
    ]
  },
  "best_seen": {
    "discrete_mse": 7.391469955444336,
    "order": [
      [
        59,
        52
      ],
      [
        39,
        30
      ],
      [
        73,
        72
      ],
      [
        95,
        63
      ],
      [
        56,
        82
      ],
      [
        44,
        78
      ],
      [
        74,
        55
      ],
      [
        42,
        29
      ],
      [
        88,
        54
      ],
      [
        37,
        93
      ],
      [
        94,
        53
      ],
      [
        58,
        7
      ],
      [
        18,
        67
      ],
      [
        35,
        24
      ],
      [
        48,
        40
      ],
      [
        50,
        36
      ],
      [
        68,
        47
      ],
      [
        28,
        57
      ],
      [
        10,
        80
      ],
      [
        3,
        26
      ],
      [
        31,
        66
      ],
      [
        27,
        90
      ],
      [
        1,
        38
      ],
      [
        87,
        71
      ],
      [
        84,
        25
      ],
      [
        14,
        17
      ],
      [
        64,
        76
      ],
      [
        77,
        11
      ],
      [
        4,
        32
      ],
      [
        62,
        20
      ],
      [
        5,
        6
      ],
      [
        16,
        70
      ],
      [
        65,
        96
      ],
      [
        81,
        51
      ],
      [
        49,
        89
      ],
      [
        13,
        75
      ],
      [
        0,
        21
      ],
      [
        60,
        19
      ],
      [
        15,
        12
      ],
      [
        91,
        83
      ],
      [
        43,
        22
      ],
      [
        2,
        9
      ],
      [
        23,
        33
      ],
      [
        61,
        34
      ],
      [
        45,
        8
      ],
      [
        41,
        46
      ],
      [
        69,
        92
      ],
      [
        86,
        79
      ]
    ],
    "in_cols": [
      29,
      18,
      37,
      47,
      27,
      22,
      38,
      20,
      44,
      17,
      46,
      28,
      11,
      16,
      24,
      26,
      35,
      14,
      6,
      3,
      15,
      13,
      1,
      43,
      41,
      8,
      33,
      39,
      4,
      32,
      5,
      10,
      34,
      40,
      25,
      7,
      0,
      30,
      9,
      45,
      21,
      2,
      12,
      31,
      23,
      19,
      36,
      42
    ],
    "out_cols": [
      25,
      15,
      35,
      30,
      41,
      38,
      28,
      14,
      27,
      46,
      26,
      1,
      32,
      11,
      21,
      19,
      23,
      29,
      40,
      13,
      31,
      44,
      20,
      34,
      12,
      6,
      37,
      4,
      16,
      8,
      0,
      33,
      47,
      24,
      43,
      36,
      9,
      7,
      5,
      42,
      10,
      3,
      17,
      18,
      2,
      22,
      45,
      39
    ]
  }
}