{
  "config": {
    "steps": 900,
    "lr": 0.03,
    "tau_start": 1.0,
    "tau_end": 0.03,
    "sinkhorn_iters": 30,
    "lambda_ent": 0.0003,
    "train_subsample": 4096,
    "seed": 23001,
    "device": "cuda"
  },
  "final": {
    "soft_mse_full": 0.4448685348033905,
    "discrete_mse": 1.5488743782043457,
    "hash_match": false,
    "perm_str": "59,52,73,55,44,72,39,26,94,82,74,78,87,93,86,80,88,54,42,30,18,29,35,90,15,67,37,47,10,24,68,7,50,57,48,19,31,36,1,40,28,25,95,63,3,38,23,71,77,76,60,6,5,12,4,17,81,11,65,20,45,33,2,96,16,70,61,53,0,83,13,79,27,32,62,75,49,21,58,89,41,22,56,92,14,46,91,51,69,66,84,9,43,34,64,8,85",
    "in_cols": [
      29,
      37,
      22,
      18,
      46,
      38,
      43,
      42,
      44,
      20,
      11,
      16,
      9,
      17,
      6,
      35,
      26,
      24,
      15,
      1,
      14,
      47,
      3,
      12,
      39,
      30,
      5,
      4,
      40,
      34,
      23,
      2,
      10,
      31,
      0,
      7,
      13,
      32,
      25,
      28,
      19,
      27,
      8,
      45,
      36,
      41,
      21,
      33
    ],
    "out_cols": [
      25,
      28,
      35,
      13,
      41,
      38,
      46,
      40,
      27,
      15,
      14,
      44,
      32,
      23,
      11,
      1,
      29,
      7,
      19,
      21,
      12,
      30,
      20,
      34,
      37,
      0,
      5,
      6,
      4,
      8,
      17,
      47,
      33,
      26,
      42,
      39,
      16,
      36,
      9,
      43,
      10,
      45,
      22,
      24,
      31,
      3,
      18,
      2
    ]
  },
  "best_seen": {
    "discrete_mse": 1.5488743782043457,
    "order": [
      [
        59,
        52
      ],
      [
        73,
        55
      ],
      [
        44,
        72
      ],
      [
        39,
        26
      ],
      [
        94,
        82
      ],
      [
        74,
        78
      ],
      [
        87,
        93
      ],
      [
        86,
        80
      ],
      [
        88,
        54
      ],
      [
        42,
        30
      ],
      [
        18,
        29
      ],
      [
        35,
        90
      ],
      [
        15,
        67
      ],
      [
        37,
        47
      ],
      [
        10,
        24
      ],
      [
        68,
        7
      ],
      [
        50,
        57
      ],
      [
        48,
        19
      ],
      [
        31,
        36
      ],
      [
        1,
        40
      ],
      [
        28,
        25
      ],
      [
        95,
        63
      ],
      [
        3,
        38
      ],
      [
        23,
        71
      ],
      [
        77,
        76
      ],
      [
        60,
        6
      ],
      [
        5,
        12
      ],
      [
        4,
        17
      ],
      [
        81,
        11
      ],
      [
        65,
        20
      ],
      [
        45,
        33
      ],
      [
        2,
        96
      ],
      [
        16,
        70
      ],
      [
        61,
        53
      ],
      [
        0,
        83
      ],
      [
        13,
        79
      ],
      [
        27,
        32
      ],
      [
        62,
        75
      ],
      [
        49,
        21
      ],
      [
        58,
        89
      ],
      [
        41,
        22
      ],
      [
        56,
        92
      ],
      [
        14,
        46
      ],
      [
        91,
        51
      ],
      [
        69,
        66
      ],
      [
        84,
        9
      ],
      [
        43,
        34
      ],
      [
        64,
        8
      ]
    ],
    "in_cols": [
      29,
      37,
      22,
      18,
      46,
      38,
      43,
      42,
      44,
      20,
      11,
      16,
      9,
      17,
      6,
      35,
      26,
      24,
      15,
      1,
      14,
      47,
      3,
      12,
      39,
      30,
      5,
      4,
      40,
      34,
      23,
      2,
      10,
      31,
      0,
      7,
      13,
      32,
      25,
      28,
      19,
      27,
      8,
      45,
      36,
      41,
      21,
      33
    ],
    "out_cols": [
      25,
      28,
      35,
      13,
      41,
      38,
      46,
      40,
      27,
      15,
      14,
      44,
      32,
      23,
      11,
      1,
      29,
      7,
      19,
      21,
      12,
      30,
      20,
      34,
      37,
      0,
      5,
      6,
      4,
      8,
      17,
      47,
      33,
      26,
      42,
      39,
      16,
      36,
      9,
      43,
      10,
      45,
      22,
      24,
      31,
      3,
      18,
      2
    ]
  }
}