{
  "config": {
    "steps": 900,
    "lr": 0.03,
    "tau_start": 1.0,
    "tau_end": 0.028,
    "sinkhorn_iters": 30,
    "lambda_ent": 0.0003,
    "train_subsample": 4096,
    "seed": 8402,
    "device": "cuda"
  },
  "final": {
    "soft_mse_full": 0.9608304500579834,
    "discrete_mse": 54.03894805908203,
    "hash_match": false,
    "perm_str": "35,72,39,63,59,52,95,29,14,55,74,82,56,80,88,54,42,83,58,78,69,30,94,53,18,90,28,19,37,7,73,57,15,67,86,47,44,24,50,40,3,25,31,36,1,38,87,71,23,21,84,66,27,51,81,6,91,92,45,11,62,20,48,96,4,26,16,70,5,89,65,93,43,75,0,17,49,8,64,32,13,9,41,76,10,46,60,33,61,12,2,22,68,34,77,79,85",
    "in_cols": [
      16,
      18,
      29,
      47,
      8,
      38,
      27,
      44,
      20,
      28,
      36,
      46,
      11,
      14,
      17,
      37,
      9,
      42,
      22,
      26,
      3,
      15,
      1,
      43,
      12,
      41,
      13,
      40,
      45,
      23,
      32,
      24,
      4,
      10,
      5,
      34,
      21,
      0,
      25,
      33,
      7,
      19,
      6,
      30,
      31,
      2,
      35,
      39
    ],
    "out_cols": [
      35,
      30,
      25,
      14,
      28,
      41,
      40,
      27,
      42,
      38,
      15,
      26,
      44,
      7,
      1,
      29,
      32,
      23,
      11,
      21,
      12,
      19,
      20,
      34,
      9,
      31,
      24,
      0,
      45,
      4,
      8,
      47,
      13,
      33,
      43,
      46,
      36,
      6,
      2,
      16,
      3,
      37,
      22,
      17,
      5,
      10,
      18,
      39
    ]
  },
  "best_seen": {
    "discrete_mse": 14.05696964263916,
    "order": [
      [
        1,
        21
      ],
      [
        43,
        70
      ],
      [
        10,
        19
      ],
      [
        42,
        34
      ],
      [
        48,
        63
      ],
      [
        87,
        25
      ],
      [
        88,
        9
      ],
      [
        62,
        92
      ],
      [
        74,
        26
      ],
      [
        28,
        66
      ],
      [
        4,
        11
      ],
      [
        81,
        54
      ],
      [
        45,
        80
      ],
      [
        95,
        51
      ],
      [
        44,
        12
      ],
      [
        39,
        89
      ],
      [
        69,
        30
      ],
      [
        61,
        55
      ],
      [
        14,
        7
      ],
      [
        35,
        38
      ],
      [
        91,
        82
      ],
      [
        15,
        96
      ],
      [
        64,
        83
      ],
      [
        50,
        90
      ],
      [
        13,
        8
      ],
      [
        2,
        6
      ],
      [
        0,
        67
      ],
      [
        59,
        33
      ],
      [
        31,
        17
      ],
      [
        60,
        40
      ],
      [
        37,
        72
      ],
      [
        68,
        76
      ],
      [
        86,
        52
      ],
      [
        18,
        57
      ],
      [
        16,
        46
      ],
      [
        56,
        93
      ],
      [
        23,
        32
      ],
      [
        77,
        47
      ],
      [
        5,
        79
      ],
      [
        49,
        29
      ],
      [
        58,
        20
      ],
      [
        3,
        36
      ],
      [
        65,
        53
      ],
      [
        94,
        22
      ],
      [
        73,
        75
      ],
      [
        41,
        71
      ],
      [
        84,
        78
      ],
      [
        27,
        24
      ]
    ],
    "in_cols": [
      1,
      21,
      6,
      20,
      24,
      43,
      44,
      32,
      38,
      14,
      4,
      40,
      23,
      47,
      22,
      18,
      36,
      31,
      8,
      16,
      45,
      9,
      33,
      26,
      7,
      2,
      0,
      29,
      15,
      30,
      17,
      35,
      42,
      11,
      10,
      27,
      12,
      39,
      5,
      25,
      28,
      3,
      34,
      46,
      37,
      19,
      41,
      13
    ],
    "out_cols": [
      9,
      33,
      7,
      18,
      30,
      12,
      3,
      45,
      13,
      31,
      4,
      27,
      40,
      24,
      5,
      43,
      15,
      28,
      1,
      20,
      41,
      47,
      42,
      44,
      2,
      0,
      32,
      17,
      6,
      21,
      35,
      37,
      25,
      29,
      22,
      46,
      16,
      23,
      39,
      14,
      8,
      19,
      26,
      10,
      36,
      34,
      38,
      11
    ]
  }
}