{
  "config": {
    "steps": 700,
    "lr": 0.02,
    "tau_start": 1.0,
    "tau_end": 0.03,
    "sinkhorn_iters": 30,
    "lambda_ent": 0.0003,
    "train_subsample": 0,
    "seed": 28203,
    "device": "cuda"
  },
  "final": {
    "soft_mse_full": 0.33268824219703674,
    "discrete_mse": 28.4414119720459,
    "hash_match": false,
    "perm_str": "59,52,84,72,56,80,95,93,73,63,44,82,74,78,39,55,69,30,18,29,86,90,94,53,28,19,48,67,42,7,37,57,10,47,1,26,68,24,87,71,3,25,31,36,50,66,23,38,5,40,14,17,27,51,77,11,45,33,4,32,81,6,62,20,16,22,65,96,13,54,2,70,0,83,43,9,58,92,15,75,91,76,49,8,61,34,35,12,41,46,88,89,60,79,64,21,85",
    "in_cols": [
      29,
      41,
      27,
      47,
      37,
      22,
      38,
      18,
      36,
      11,
      42,
      46,
      14,
      24,
      20,
      17,
      6,
      1,
      35,
      43,
      3,
      15,
      26,
      12,
      5,
      8,
      13,
      39,
      23,
      4,
      40,
      32,
      10,
      34,
      7,
      2,
      0,
      21,
      28,
      9,
      45,
      25,
      31,
      16,
      19,
      44,
      30,
      33
    ],
    "out_cols": [
      25,
      35,
      40,
      46,
      30,
      41,
      38,
      28,
      15,
      14,
      44,
      26,
      7,
      32,
      1,
      29,
      23,
      13,
      11,
      34,
      12,
      19,
      31,
      20,
      21,
      6,
      24,
      4,
      17,
      16,
      0,
      8,
      10,
      47,
      27,
      33,
      42,
      3,
      45,
      36,
      37,
      2,
      18,
      5,
      22,
      43,
      39,
      9
    ]
  },
  "best_seen": {
    "discrete_mse": 1.356528878211975,
    "order": [
      [
        59,
        52
      ],
      [
        74,
        72
      ],
      [
        56,
        80
      ],
      [
        95,
        29
      ],
      [
        39,
        63
      ],
      [
        44,
        82
      ],
      [
        73,
        78
      ],
      [
        42,
        55
      ],
      [
        69,
        93
      ],
      [
        18,
        30
      ],
      [
        86,
        90
      ],
      [
        94,
        53
      ],
      [
        28,
        19
      ],
      [
        48,
        67
      ],
      [
        10,
        7
      ],
      [
        15,
        57
      ],
      [
        37,
        47
      ],
      [
        1,
        26
      ],
      [
        68,
        24
      ],
      [
        87,
        71
      ],
      [
        3,
        25
      ],
      [
        31,
        36
      ],
      [
        50,
        66
      ],
      [
        23,
        38
      ],
      [
        5,
        40
      ],
      [
        14,
        17
      ],
      [
        27,
        51
      ],
      [
        77,
        11
      ],
      [
        45,
        33
      ],
      [
        4,
        32
      ],
      [
        81,
        6
      ],
      [
        62,
        20
      ],
      [
        16,
        22
      ],
      [
        65,
        96
      ],
      [
        13,
        54
      ],
      [
        2,
        70
      ],
      [
        0,
        83
      ],
      [
        43,
        9
      ],
      [
        58,
        92
      ],
      [
        49,
        75
      ],
      [
        91,
        76
      ],
      [
        84,
        8
      ],
      [
        35,
        34
      ],
      [
        41,
        12
      ],
      [
        61,
        46
      ],
      [
        88,
        89
      ],
      [
        60,
        79
      ],
      [
        64,
        21
      ]
    ],
    "in_cols": [
      29,
      38,
      27,
      47,
      18,
      22,
      37,
      20,
      36,
      11,
      42,
      46,
      14,
      24,
      6,
      9,
      17,
      1,
      35,
      43,
      3,
      15,
      26,
      12,
      5,
      8,
      13,
      39,
      23,
      4,
      40,
      32,
      10,
      34,
      7,
      2,
      0,
      21,
      28,
      25,
      45,
      41,
      16,
      19,
      31,
      44,
      30,
      33
    ],
    "out_cols": [
      25,
      35,
      40,
      14,
      30,
      41,
      38,
      28,
      46,
      15,
      44,
      26,
      7,
      32,
      1,
      29,
      23,
      13,
      11,
      34,
      12,
      19,
      31,
      20,
      21,
      6,
      24,
      4,
      17,
      16,
      0,
      8,
      10,
      47,
      27,
      33,
      42,
      3,
      45,
      36,
      37,
      2,
      18,
      5,
      22,
      43,
      39,
      9
    ]
  }
}