{
  "config": {
    "steps": 700,
    "lr": 0.02,
    "tau_start": 1.0,
    "tau_end": 0.03,
    "sinkhorn_iters": 30,
    "lambda_ent": 0.0003,
    "train_subsample": 0,
    "seed": 4603,
    "device": "cuda"
  },
  "final": {
    "soft_mse_full": 0.3477436304092407,
    "discrete_mse": 27.08744239807129,
    "hash_match": false,
    "perm_str": "95,75,59,52,39,72,42,63,44,82,74,78,94,29,5,80,18,55,10,30,86,93,58,7,73,47,28,19,15,67,35,25,37,90,87,24,68,57,50,38,3,26,31,36,1,40,23,71,81,11,14,8,27,51,4,6,62,20,13,32,77,92,16,89,48,33,65,96,61,53,43,83,49,54,60,70,41,17,56,34,2,9,91,76,84,66,69,79,0,46,45,22,88,12,64,21,85",
    "in_cols": [
      47,
      29,
      18,
      20,
      22,
      38,
      46,
      5,
      11,
      6,
      42,
      28,
      37,
      14,
      9,
      16,
      17,
      43,
      35,
      26,
      3,
      15,
      1,
      12,
      40,
      8,
      13,
      4,
      32,
      7,
      39,
      10,
      24,
      34,
      31,
      21,
      25,
      30,
      19,
      27,
      2,
      45,
      41,
      36,
      0,
      23,
      44,
      33
    ],
    "out_cols": [
      36,
      25,
      35,
      30,
      41,
      38,
      14,
      40,
      28,
      15,
      46,
      1,
      23,
      7,
      32,
      12,
      44,
      11,
      29,
      20,
      13,
      19,
      21,
      34,
      4,
      2,
      24,
      0,
      8,
      16,
      45,
      43,
      17,
      47,
      26,
      42,
      27,
      33,
      6,
      18,
      3,
      37,
      31,
      39,
      22,
      10,
      5,
      9
    ]
  },
  "best_seen": {
    "discrete_mse": 3.4353623390197754,
    "order": [
      [
        39,
        72
      ],
      [
        59,
        52
      ],
      [
        73,
        63
      ],
      [
        95,
        93
      ],
      [
        44,
        82
      ],
      [
        50,
        78
      ],
      [
        42,
        29
      ],
      [
        68,
        80
      ],
      [
        88,
        55
      ],
      [
        58,
        30
      ],
      [
        18,
        67
      ],
      [
        86,
        90
      ],
      [
        48,
        47
      ],
      [
        28,
        19
      ],
      [
        15,
        57
      ],
      [
        35,
        25
      ],
      [
        37,
        7
      ],
      [
        87,
        24
      ],
      [
        10,
        38
      ],
      [
        94,
        83
      ],
      [
        3,
        26
      ],
      [
        31,
        36
      ],
      [
        1,
        40
      ],
      [
        23,
        71
      ],
      [
        77,
        11
      ],
      [
        14,
        8
      ],
      [
        5,
        51
      ],
      [
        4,
        6
      ],
      [
        81,
        20
      ],
      [
        13,
        66
      ],
      [
        65,
        92
      ],
      [
        62,
        76
      ],
      [
        45,
        33
      ],
      [
        16,
        96
      ],
      [
        61,
        53
      ],
      [
        0,
        75
      ],
      [
        49,
        54
      ],
      [
        60,
        70
      ],
      [
        27,
        17
      ],
      [
        56,
        34
      ],
      [
        74,
        9
      ],
      [
        91,
        32
      ],
      [
        84,
        89
      ],
      [
        41,
        12
      ],
      [
        2,
        46
      ],
      [
        43,
        22
      ],
      [
        69,
        79
      ],
      [
        64,
        21
      ]
    ],
    "in_cols": [
      18,
      29,
      37,
      47,
      22,
      26,
      20,
      35,
      44,
      28,
      11,
      42,
      24,
      14,
      9,
      16,
      17,
      43,
      6,
      46,
      3,
      15,
      1,
      12,
      39,
      8,
      5,
      4,
      40,
      7,
      34,
      32,
      23,
      10,
      31,
      0,
      25,
      30,
      13,
      27,
      38,
      45,
      41,
      19,
      2,
      21,
      36,
      33
    ],
    "out_cols": [
      35,
      25,
      30,
      46,
      41,
      38,
      14,
      40,
      28,
      15,
      32,
      44,
      23,
      7,
      29,
      12,
      1,
      11,
      20,
      42,
      13,
      19,
      21,
      34,
      4,
      2,
      24,
      0,
      8,
      31,
      45,
      37,
      17,
      47,
      26,
      36,
      27,
      33,
      6,
      18,
      3,
      16,
      43,
      5,
      22,
      10,
      39,
      9
    ]
  }
}