{
  "config": {
    "steps": 900,
    "lr": 0.03,
    "tau_start": 1.0,
    "tau_end": 0.028,
    "sinkhorn_iters": 30,
    "lambda_ent": 0.0003,
    "train_subsample": 4096,
    "seed": 28202,
    "device": "cuda"
  },
  "final": {
    "soft_mse_full": 0.5423206090927124,
    "discrete_mse": 6.861516952514648,
    "hash_match": false,
    "perm_str": "39,75,2,30,59,52,95,63,74,82,68,80,44,72,37,78,42,38,45,93,58,29,35,53,18,90,10,19,86,57,15,67,73,47,50,7,3,24,31,36,16,26,28,66,23,55,1,40,87,71,14,11,4,32,0,17,77,6,5,12,81,96,65,76,43,20,62,83,61,70,91,25,48,89,84,9,69,79,64,54,41,46,56,51,27,22,60,34,88,8,13,33,49,21,94,92,85",
    "in_cols": [
      18,
      2,
      29,
      47,
      38,
      35,
      22,
      17,
      20,
      23,
      28,
      16,
      11,
      6,
      42,
      9,
      37,
      26,
      3,
      15,
      10,
      14,
      12,
      1,
      43,
      8,
      4,
      0,
      39,
      5,
      40,
      34,
      21,
      32,
      31,
      45,
      24,
      41,
      36,
      33,
      19,
      27,
      13,
      30,
      44,
      7,
      25,
      46
    ],
    "out_cols": [
      36,
      15,
      25,
      30,
      41,
      40,
      35,
      38,
      20,
      46,
      14,
      26,
      44,
      7,
      29,
      32,
      23,
      1,
      11,
      19,
      13,
      31,
      28,
      21,
      34,
      4,
      16,
      6,
      0,
      5,
      47,
      37,
      8,
      42,
      33,
      12,
      43,
      3,
      39,
      27,
      22,
      24,
      10,
      18,
      2,
      17,
      9,
      45
    ]
  },
  "best_seen": {
    "discrete_mse": 8.114569664001465,
    "order": [
      [
        39,
        75
      ],
      [
        2,
        30
      ],
      [
        95,
        52
      ],
      [
        74,
        63
      ],
      [
        59,
        82
      ],
      [
        68,
        80
      ],
      [
        44,
        72
      ],
      [
        37,
        78
      ],
      [
        42,
        38
      ],
      [
        45,
        93
      ],
      [
        58,
        29
      ],
      [
        35,
        53
      ],
      [
        18,
        90
      ],
      [
        10,
        19
      ],
      [
        86,
        57
      ],
      [
        15,
        67
      ],
      [
        73,
        47
      ],
      [
        50,
        7
      ],
      [
        3,
        24
      ],
      [
        31,
        36
      ],
      [
        16,
        26
      ],
      [
        28,
        66
      ],
      [
        23,
        55
      ],
      [
        1,
        40
      ],
      [
        87,
        71
      ],
      [
        14,
        11
      ],
      [
        4,
        32
      ],
      [
        0,
        17
      ],
      [
        77,
        6
      ],
      [
        5,
        12
      ],
      [
        81,
        96
      ],
      [
        65,
        76
      ],
      [
        43,
        20
      ],
      [
        62,
        83
      ],
      [
        61,
        70
      ],
      [
        91,
        25
      ],
      [
        48,
        89
      ],
      [
        84,
        9
      ],
      [
        69,
        79
      ],
      [
        64,
        54
      ],
      [
        41,
        46
      ],
      [
        56,
        51
      ],
      [
        27,
        22
      ],
      [
        60,
        34
      ],
      [
        88,
        8
      ],
      [
        13,
        33
      ],
      [
        49,
        21
      ],
      [
        94,
        92
      ]
    ],
    "in_cols": [
      18,
      2,
      47,
      38,
      29,
      35,
      22,
      17,
      20,
      23,
      28,
      16,
      11,
      6,
      42,
      9,
      37,
      26,
      3,
      15,
      10,
      14,
      12,
      1,
      43,
      8,
      4,
      0,
      39,
      5,
      40,
      34,
      21,
      32,
      31,
      45,
      24,
      41,
      36,
      33,
      19,
      27,
      13,
      30,
      44,
      7,
      25,
      46
    ],
    "out_cols": [
      36,
      15,
      25,
      30,
      41,
      40,
      35,
      38,
      20,
      46,
      14,
      26,
      44,
      7,
      29,
      32,
      23,
      1,
      11,
      19,
      13,
      31,
      28,
      21,
      34,
      4,
      16,
      6,
      0,
      5,
      47,
      37,
      8,
      42,
      33,
      12,
      43,
      3,
      39,
      27,
      22,
      24,
      10,
      18,
      2,
      17,
      9,
      45
    ]
  }
}