{
  "config": {
    "steps": 700,
    "lr": 0.02,
    "tau_start": 1.0,
    "tau_end": 0.03,
    "sinkhorn_iters": 30,
    "lambda_ent": 0.0003,
    "train_subsample": 0,
    "seed": 15903,
    "device": "cuda"
  },
  "final": {
    "soft_mse_full": 0.3821841776371002,
    "discrete_mse": 23.125675201416016,
    "hash_match": false,
    "perm_str": "59,52,39,30,74,72,95,80,56,78,44,82,42,55,68,38,94,93,58,29,18,54,86,90,73,67,28,7,50,57,35,19,37,24,10,36,48,70,15,40,3,26,14,63,31,25,87,71,23,11,77,17,64,51,4,32,5,6,45,92,81,20,16,96,65,33,49,89,0,75,91,53,62,83,41,8,1,34,60,21,27,46,43,76,13,9,84,66,69,79,88,22,2,12,61,47,85",
    "in_cols": [
      29,
      18,
      38,
      47,
      27,
      22,
      20,
      35,
      46,
      28,
      11,
      42,
      37,
      14,
      26,
      16,
      17,
      6,
      24,
      9,
      3,
      8,
      15,
      43,
      12,
      39,
      33,
      4,
      5,
      23,
      40,
      10,
      34,
      25,
      0,
      45,
      32,
      19,
      1,
      30,
      13,
      21,
      7,
      41,
      36,
      44,
      2,
      31
    ],
    "out_cols": [
      25,
      15,
      35,
      40,
      38,
      41,
      28,
      20,
      46,
      14,
      27,
      44,
      32,
      1,
      29,
      7,
      11,
      19,
      33,
      21,
      13,
      30,
      12,
      34,
      4,
      6,
      24,
      16,
      0,
      45,
      8,
      47,
      17,
      43,
      36,
      26,
      42,
      2,
      18,
      9,
      22,
      37,
      3,
      31,
      39,
      10,
      5,
      23
    ]
  },
  "best_seen": {
    "discrete_mse": 4.636529445648193,
    "order": [
      [
        59,
        52
      ],
      [
        39,
        30
      ],
      [
        74,
        72
      ],
      [
        95,
        80
      ],
      [
        56,
        78
      ],
      [
        44,
        82
      ],
      [
        42,
        55
      ],
      [
        68,
        38
      ],
      [
        94,
        93
      ],
      [
        58,
        29
      ],
      [
        18,
        54
      ],
      [
        86,
        90
      ],
      [
        73,
        67
      ],
      [
        28,
        7
      ],
      [
        1,
        57
      ],
      [
        35,
        19
      ],
      [
        37,
        24
      ],
      [
        10,
        36
      ],
      [
        48,
        70
      ],
      [
        15,
        40
      ],
      [
        3,
        26
      ],
      [
        50,
        63
      ],
      [
        31,
        25
      ],
      [
        87,
        71
      ],
      [
        23,
        11
      ],
      [
        77,
        17
      ],
      [
        64,
        51
      ],
      [
        4,
        32
      ],
      [
        5,
        6
      ],
      [
        45,
        92
      ],
      [
        81,
        20
      ],
      [
        16,
        96
      ],
      [
        65,
        33
      ],
      [
        49,
        89
      ],
      [
        0,
        75
      ],
      [
        91,
        53
      ],
      [
        62,
        83
      ],
      [
        41,
        8
      ],
      [
        14,
        34
      ],
      [
        60,
        21
      ],
      [
        27,
        46
      ],
      [
        43,
        76
      ],
      [
        13,
        9
      ],
      [
        84,
        66
      ],
      [
        69,
        79
      ],
      [
        88,
        22
      ],
      [
        2,
        12
      ],
      [
        61,
        47
      ]
    ],
    "in_cols": [
      29,
      18,
      38,
      47,
      27,
      22,
      20,
      35,
      46,
      28,
      11,
      42,
      37,
      14,
      1,
      16,
      17,
      6,
      24,
      9,
      3,
      26,
      15,
      43,
      12,
      39,
      33,
      4,
      5,
      23,
      40,
      10,
      34,
      25,
      0,
      45,
      32,
      19,
      8,
      30,
      13,
      21,
      7,
      41,
      36,
      44,
      2,
      31
    ],
    "out_cols": [
      25,
      15,
      35,
      40,
      38,
      41,
      28,
      20,
      46,
      14,
      27,
      44,
      32,
      1,
      29,
      7,
      11,
      19,
      33,
      21,
      13,
      30,
      12,
      34,
      4,
      6,
      24,
      16,
      0,
      45,
      8,
      47,
      17,
      43,
      36,
      26,
      42,
      2,
      18,
      9,
      22,
      37,
      3,
      31,
      39,
      10,
      5,
      23
    ]
  }
}