{
  "config": {
    "steps": 900,
    "lr": 0.03,
    "tau_start": 1.0,
    "tau_end": 0.028,
    "sinkhorn_iters": 30,
    "lambda_ent": 0.0003,
    "train_subsample": 4096,
    "seed": 17202,
    "device": "cuda"
  },
  "final": {
    "soft_mse_full": 0.35432836413383484,
    "discrete_mse": 3.097748279571533,
    "hash_match": false,
    "perm_str": "59,52,39,63,3,72,74,55,56,30,95,93,44,82,42,29,58,7,88,83,18,78,35,25,28,47,10,19,15,67,68,80,86,90,73,24,87,71,94,26,50,57,31,36,37,40,1,38,23,11,4,17,81,6,5,12,13,92,65,20,91,33,16,96,48,70,62,76,14,32,43,53,0,75,49,46,2,34,64,21,69,54,77,9,41,51,84,66,61,8,27,79,60,89,45,22,85",
    "in_cols": [
      29,
      18,
      3,
      38,
      27,
      47,
      22,
      20,
      28,
      44,
      11,
      16,
      14,
      6,
      9,
      35,
      42,
      37,
      43,
      46,
      26,
      15,
      17,
      1,
      12,
      4,
      40,
      5,
      7,
      34,
      45,
      10,
      24,
      32,
      8,
      21,
      0,
      25,
      2,
      33,
      36,
      39,
      19,
      41,
      31,
      13,
      30,
      23
    ],
    "out_cols": [
      25,
      30,
      35,
      28,
      15,
      46,
      41,
      14,
      1,
      42,
      38,
      12,
      23,
      7,
      32,
      40,
      44,
      11,
      34,
      13,
      29,
      19,
      21,
      20,
      4,
      6,
      0,
      5,
      45,
      8,
      17,
      47,
      33,
      37,
      16,
      26,
      36,
      22,
      18,
      9,
      27,
      3,
      24,
      31,
      2,
      39,
      43,
      10
    ]
  },
  "best_seen": {
    "discrete_mse": 2.466414451599121,
    "order": [
      [
        59,
        52
      ],
      [
        39,
        63
      ],
      [
        3,
        72
      ],
      [
        74,
        55
      ],
      [
        56,
        30
      ],
      [
        95,
        82
      ],
      [
        44,
        78
      ],
      [
        42,
        29
      ],
      [
        58,
        7
      ],
      [
        88,
        93
      ],
      [
        18,
        83
      ],
      [
        35,
        25
      ],
      [
        28,
        47
      ],
      [
        10,
        19
      ],
      [
        15,
        67
      ],
      [
        68,
        80
      ],
      [
        86,
        90
      ],
      [
        73,
        24
      ],
      [
        87,
        71
      ],
      [
        94,
        26
      ],
      [
        50,
        57
      ],
      [
        31,
        36
      ],
      [
        37,
        40
      ],
      [
        1,
        38
      ],
      [
        23,
        11
      ],
      [
        4,
        17
      ],
      [
        81,
        6
      ],
      [
        5,
        12
      ],
      [
        13,
        92
      ],
      [
        65,
        20
      ],
      [
        91,
        33
      ],
      [
        16,
        96
      ],
      [
        48,
        70
      ],
      [
        62,
        76
      ],
      [
        14,
        32
      ],
      [
        43,
        53
      ],
      [
        0,
        75
      ],
      [
        49,
        46
      ],
      [
        2,
        34
      ],
      [
        64,
        21
      ],
      [
        69,
        54
      ],
      [
        77,
        9
      ],
      [
        41,
        51
      ],
      [
        84,
        66
      ],
      [
        61,
        8
      ],
      [
        27,
        79
      ],
      [
        60,
        89
      ],
      [
        45,
        22
      ]
    ],
    "in_cols": [
      29,
      18,
      3,
      38,
      27,
      47,
      22,
      20,
      28,
      44,
      11,
      16,
      14,
      6,
      9,
      35,
      42,
      37,
      43,
      46,
      26,
      15,
      17,
      1,
      12,
      4,
      40,
      5,
      7,
      34,
      45,
      10,
      24,
      32,
      8,
      21,
      0,
      25,
      2,
      33,
      36,
      39,
      19,
      41,
      31,
      13,
      30,
      23
    ],
    "out_cols": [
      25,
      30,
      35,
      28,
      15,
      41,
      38,
      14,
      1,
      46,
      42,
      12,
      23,
      7,
      32,
      40,
      44,
      11,
      34,
      13,
      29,
      19,
      21,
      20,
      4,
      6,
      0,
      5,
      45,
      8,
      17,
      47,
      33,
      37,
      16,
      26,
      36,
      22,
      18,
      9,
      27,
      3,
      24,
      31,
      2,
      39,
      43,
      10
    ]
  }
}