{
  "config": {
    "steps": 900,
    "lr": 0.03,
    "tau_start": 1.0,
    "tau_end": 0.028,
    "sinkhorn_iters": 30,
    "lambda_ent": 0.0003,
    "train_subsample": 4096,
    "seed": 15102,
    "device": "cuda"
  },
  "final": {
    "soft_mse_full": 0.48333436250686646,
    "discrete_mse": 95.89186096191406,
    "hash_match": false,
    "perm_str": "59,52,39,72,10,80,95,55,56,30,42,78,44,82,68,29,74,93,69,67,94,38,86,90,18,25,48,47,1,40,73,7,50,57,15,36,35,24,87,63,3,53,28,66,31,26,23,71,84,75,5,51,45,11,14,17,77,92,81,6,62,20,65,96,16,33,37,19,2,70,0,83,4,89,43,8,49,54,13,32,64,79,41,34,91,76,60,9,58,12,27,46,61,21,88,22,85",
    "in_cols": [
      29,
      18,
      6,
      47,
      27,
      20,
      22,
      35,
      38,
      36,
      46,
      42,
      11,
      24,
      1,
      37,
      26,
      9,
      16,
      43,
      3,
      14,
      15,
      12,
      41,
      5,
      23,
      8,
      39,
      40,
      32,
      34,
      10,
      17,
      2,
      0,
      4,
      21,
      25,
      7,
      33,
      19,
      45,
      30,
      28,
      13,
      31,
      44
    ],
    "out_cols": [
      25,
      35,
      40,
      28,
      15,
      38,
      41,
      14,
      46,
      32,
      20,
      44,
      12,
      23,
      21,
      1,
      29,
      19,
      11,
      30,
      26,
      31,
      13,
      34,
      36,
      24,
      4,
      6,
      45,
      0,
      8,
      47,
      17,
      7,
      33,
      42,
      43,
      2,
      27,
      16,
      39,
      18,
      37,
      3,
      5,
      22,
      9,
      10
    ]
  },
  "best_seen": {
    "discrete_mse": 16.760231018066406,
    "order": [
      [
        59,
        52
      ],
      [
        39,
        72
      ],
      [
        95,
        80
      ],
      [
        74,
        55
      ],
      [
        56,
        30
      ],
      [
        42,
        78
      ],
      [
        44,
        82
      ],
      [
        68,
        29
      ],
      [
        37,
        93
      ],
      [
        69,
        67
      ],
      [
        94,
        38
      ],
      [
        86,
        90
      ],
      [
        18,
        25
      ],
      [
        48,
        47
      ],
      [
        1,
        40
      ],
      [
        73,
        7
      ],
      [
        50,
        57
      ],
      [
        10,
        36
      ],
      [
        35,
        24
      ],
      [
        87,
        63
      ],
      [
        3,
        53
      ],
      [
        28,
        66
      ],
      [
        31,
        26
      ],
      [
        23,
        71
      ],
      [
        84,
        75
      ],
      [
        5,
        51
      ],
      [
        45,
        11
      ],
      [
        14,
        17
      ],
      [
        77,
        92
      ],
      [
        81,
        6
      ],
      [
        62,
        20
      ],
      [
        65,
        96
      ],
      [
        16,
        33
      ],
      [
        15,
        19
      ],
      [
        2,
        70
      ],
      [
        0,
        83
      ],
      [
        4,
        89
      ],
      [
        43,
        8
      ],
      [
        49,
        54
      ],
      [
        13,
        32
      ],
      [
        64,
        79
      ],
      [
        41,
        34
      ],
      [
        91,
        76
      ],
      [
        88,
        9
      ],
      [
        58,
        12
      ],
      [
        27,
        46
      ],
      [
        61,
        21
      ],
      [
        60,
        22
      ]
    ],
    "in_cols": [
      29,
      18,
      47,
      38,
      27,
      20,
      22,
      35,
      17,
      36,
      46,
      42,
      11,
      24,
      1,
      37,
      26,
      6,
      16,
      43,
      3,
      14,
      15,
      12,
      41,
      5,
      23,
      8,
      39,
      40,
      32,
      34,
      10,
      9,
      2,
      0,
      4,
      21,
      25,
      7,
      33,
      19,
      45,
      44,
      28,
      13,
      31,
      30
    ],
    "out_cols": [
      25,
      35,
      40,
      28,
      15,
      38,
      41,
      14,
      46,
      32,
      20,
      44,
      12,
      23,
      21,
      1,
      29,
      19,
      11,
      30,
      26,
      31,
      13,
      34,
      36,
      24,
      4,
      6,
      45,
      0,
      8,
      47,
      17,
      7,
      33,
      42,
      43,
      2,
      27,
      16,
      39,
      18,
      37,
      3,
      5,
      22,
      9,
      10
    ]
  }
}