{
  "config": {
    "steps": 900,
    "lr": 0.03,
    "tau_start": 1.0,
    "tau_end": 0.03,
    "sinkhorn_iters": 30,
    "lambda_ent": 0.0003,
    "train_subsample": 4096,
    "seed": 4201,
    "device": "cuda"
  },
  "final": {
    "soft_mse_full": 0.34146648645401,
    "discrete_mse": 22.018949508666992,
    "hash_match": false,
    "perm_str": "42,75,59,52,95,26,74,55,44,82,23,78,39,93,84,90,68,80,15,67,94,38,56,72,18,54,50,57,37,7,28,19,73,47,86,24,10,20,31,36,3,25,1,63,35,40,87,71,5,30,4,17,14,76,77,11,43,12,81,6,45,33,16,96,0,70,62,83,48,53,65,32,13,79,49,21,27,89,58,92,61,9,41,51,91,22,2,34,69,29,60,46,64,66,88,8,85",
    "in_cols": [
      20,
      29,
      47,
      38,
      22,
      12,
      18,
      41,
      35,
      9,
      46,
      27,
      11,
      26,
      17,
      14,
      37,
      42,
      6,
      15,
      3,
      1,
      16,
      43,
      5,
      4,
      8,
      39,
      21,
      40,
      23,
      10,
      0,
      32,
      24,
      34,
      7,
      25,
      13,
      28,
      31,
      19,
      45,
      2,
      36,
      30,
      33,
      44
    ],
    "out_cols": [
      36,
      25,
      13,
      28,
      41,
      38,
      46,
      44,
      40,
      32,
      20,
      35,
      27,
      29,
      1,
      7,
      23,
      11,
      8,
      19,
      12,
      30,
      21,
      34,
      15,
      6,
      37,
      4,
      5,
      0,
      17,
      47,
      33,
      42,
      26,
      16,
      39,
      9,
      43,
      45,
      3,
      24,
      10,
      18,
      14,
      22,
      31,
      2
    ]
  },
  "best_seen": {
    "discrete_mse": 3.3405444622039795,
    "order": [
      [
        39,
        75
      ],
      [
        59,
        52
      ],
      [
        95,
        26
      ],
      [
        74,
        55
      ],
      [
        44,
        82
      ],
      [
        58,
        78
      ],
      [
        68,
        93
      ],
      [
        84,
        90
      ],
      [
        42,
        29
      ],
      [
        15,
        67
      ],
      [
        94,
        38
      ],
      [
        86,
        72
      ],
      [
        18,
        54
      ],
      [
        50,
        57
      ],
      [
        37,
        7
      ],
      [
        28,
        19
      ],
      [
        73,
        47
      ],
      [
        35,
        24
      ],
      [
        10,
        20
      ],
      [
        31,
        36
      ],
      [
        3,
        25
      ],
      [
        1,
        63
      ],
      [
        23,
        40
      ],
      [
        87,
        71
      ],
      [
        5,
        30
      ],
      [
        4,
        17
      ],
      [
        14,
        76
      ],
      [
        81,
        11
      ],
      [
        43,
        12
      ],
      [
        56,
        6
      ],
      [
        45,
        33
      ],
      [
        16,
        96
      ],
      [
        0,
        70
      ],
      [
        62,
        83
      ],
      [
        48,
        53
      ],
      [
        65,
        32
      ],
      [
        77,
        79
      ],
      [
        60,
        21
      ],
      [
        27,
        89
      ],
      [
        49,
        92
      ],
      [
        13,
        9
      ],
      [
        41,
        51
      ],
      [
        91,
        22
      ],
      [
        2,
        34
      ],
      [
        69,
        80
      ],
      [
        61,
        46
      ],
      [
        64,
        66
      ],
      [
        88,
        8
      ]
    ],
    "in_cols": [
      18,
      29,
      47,
      38,
      22,
      28,
      35,
      41,
      20,
      9,
      46,
      42,
      11,
      26,
      17,
      14,
      37,
      16,
      6,
      15,
      3,
      1,
      12,
      43,
      5,
      4,
      8,
      40,
      21,
      27,
      23,
      10,
      0,
      32,
      24,
      34,
      39,
      30,
      13,
      25,
      7,
      19,
      45,
      2,
      36,
      31,
      33,
      44
    ],
    "out_cols": [
      36,
      25,
      13,
      28,
      41,
      38,
      46,
      44,
      14,
      32,
      20,
      35,
      27,
      29,
      1,
      7,
      23,
      11,
      8,
      19,
      12,
      30,
      21,
      34,
      15,
      6,
      37,
      4,
      5,
      0,
      17,
      47,
      33,
      42,
      26,
      16,
      39,
      9,
      43,
      45,
      3,
      24,
      10,
      18,
      40,
      22,
      31,
      2
    ]
  }
}