{
  "config": {
    "steps": 900,
    "lr": 0.03,
    "tau_start": 1.0,
    "tau_end": 0.03,
    "sinkhorn_iters": 30,
    "lambda_ent": 0.0003,
    "train_subsample": 4096,
    "seed": 6001,
    "device": "cuda"
  },
  "final": {
    "soft_mse_full": 0.4069400429725647,
    "discrete_mse": 35.15913391113281,
    "hash_match": false,
    "perm_str": "59,52,74,72,95,93,86,63,44,82,39,55,42,80,13,54,58,78,69,83,18,29,81,90,94,38,35,24,1,40,15,57,73,7,68,19,28,47,37,71,31,36,50,26,84,30,87,25,23,76,77,11,5,51,4,17,14,6,65,96,16,20,62,12,61,70,48,53,43,32,60,92,0,75,49,79,27,8,10,34,56,21,41,46,91,66,88,22,3,33,45,67,2,9,64,89,85",
    "in_cols": [
      29,
      38,
      47,
      42,
      22,
      18,
      20,
      7,
      28,
      36,
      11,
      40,
      46,
      16,
      1,
      9,
      37,
      35,
      14,
      17,
      15,
      26,
      41,
      43,
      12,
      39,
      5,
      4,
      8,
      34,
      10,
      32,
      31,
      24,
      21,
      30,
      0,
      25,
      13,
      6,
      27,
      19,
      45,
      44,
      3,
      23,
      2,
      33
    ],
    "out_cols": [
      25,
      35,
      46,
      30,
      41,
      28,
      40,
      27,
      38,
      42,
      14,
      44,
      20,
      11,
      21,
      29,
      1,
      7,
      23,
      34,
      19,
      13,
      15,
      12,
      37,
      4,
      24,
      6,
      0,
      47,
      8,
      5,
      33,
      26,
      16,
      45,
      36,
      39,
      2,
      18,
      9,
      22,
      31,
      10,
      17,
      32,
      3,
      43
    ]
  },
  "best_seen": {
    "discrete_mse": 22.866159439086914,
    "order": [
      [
        91,
        89
      ],
      [
        45,
        92
      ],
      [
        56,
        33
      ],
      [
        77,
        40
      ],
      [
        35,
        54
      ],
      [
        1,
        20
      ],
      [
        41,
        24
      ],
      [
        68,
        7
      ],
      [
        0,
        38
      ],
      [
        15,
        6
      ],
      [
        49,
        17
      ],
      [
        94,
        57
      ],
      [
        43,
        25
      ],
      [
        44,
        67
      ],
      [
        39,
        36
      ],
      [
        69,
        93
      ],
      [
        87,
        80
      ],
      [
        50,
        79
      ],
      [
        86,
        26
      ],
      [
        27,
        22
      ],
      [
        5,
        46
      ],
      [
        37,
        72
      ],
      [
        65,
        76
      ],
      [
        42,
        34
      ],
      [
        81,
        70
      ],
      [
        18,
        96
      ],
      [
        73,
        66
      ],
      [
        2,
        21
      ],
      [
        14,
        83
      ],
      [
        74,
        78
      ],
      [
        48,
        71
      ],
      [
        88,
        82
      ],
      [
        59,
        55
      ],
      [
        13,
        75
      ],
      [
        95,
        52
      ],
      [
        4,
        47
      ],
      [
        58,
        8
      ],
      [
        31,
        19
      ],
      [
        10,
        11
      ],
      [
        3,
        30
      ],
      [
        84,
        51
      ],
      [
        28,
        12
      ],
      [
        23,
        29
      ],
      [
        64,
        63
      ],
      [
        62,
        9
      ],
      [
        61,
        32
      ],
      [
        16,
        90
      ],
      [
        60,
        53
      ]
    ],
    "in_cols": [
      45,
      23,
      27,
      39,
      16,
      1,
      19,
      35,
      0,
      9,
      25,
      46,
      21,
      22,
      18,
      36,
      43,
      26,
      42,
      13,
      5,
      17,
      34,
      20,
      40,
      11,
      37,
      2,
      8,
      38,
      24,
      44,
      29,
      7,
      47,
      4,
      28,
      15,
      6,
      3,
      41,
      14,
      12,
      33,
      32,
      31,
      10,
      30
    ],
    "out_cols": [
      43,
      45,
      17,
      21,
      27,
      8,
      11,
      1,
      20,
      0,
      6,
      29,
      12,
      32,
      19,
      46,
      40,
      39,
      13,
      10,
      22,
      35,
      37,
      18,
      33,
      47,
      31,
      9,
      42,
      38,
      34,
      41,
      28,
      36,
      25,
      23,
      2,
      7,
      4,
      15,
      24,
      5,
      14,
      30,
      3,
      16,
      44,
      26
    ]
  }
}