{
  "config": {
    "steps": 900,
    "lr": 0.03,
    "tau_start": 1.0,
    "tau_end": 0.028,
    "sinkhorn_iters": 30,
    "lambda_ent": 0.0003,
    "train_subsample": 4096,
    "seed": 206,
    "device": "cuda"
  },
  "final": {
    "soft_mse_full": 0.374163419008255,
    "discrete_mse": 90.11283874511719,
    "hash_match": false,
    "perm_str": "95,75,59,52,88,29,39,93,56,30,73,55,44,82,74,80,58,78,42,63,69,83,18,90,48,19,10,7,43,25,87,57,37,40,68,47,3,26,31,36,94,67,35,24,23,38,1,71,50,66,77,76,14,17,84,33,62,12,5,6,81,11,65,20,16,96,86,70,91,53,28,8,13,32,4,21,49,46,15,51,41,34,60,22,2,9,0,79,27,54,45,72,61,92,64,89,85",
    "in_cols": [
      47,
      29,
      44,
      18,
      27,
      37,
      22,
      38,
      28,
      20,
      36,
      11,
      24,
      6,
      21,
      43,
      17,
      35,
      3,
      15,
      46,
      16,
      12,
      1,
      26,
      39,
      8,
      41,
      32,
      5,
      40,
      34,
      10,
      42,
      45,
      14,
      7,
      4,
      25,
      9,
      19,
      30,
      2,
      0,
      13,
      23,
      31,
      33
    ],
    "out_cols": [
      36,
      25,
      14,
      46,
      15,
      28,
      41,
      40,
      38,
      30,
      42,
      44,
      7,
      1,
      12,
      29,
      21,
      23,
      13,
      19,
      32,
      11,
      20,
      34,
      31,
      37,
      6,
      17,
      5,
      0,
      4,
      8,
      47,
      33,
      26,
      2,
      16,
      9,
      22,
      24,
      18,
      10,
      3,
      39,
      27,
      35,
      45,
      43
    ]
  },
  "best_seen": {
    "discrete_mse": 10.838540077209473,
    "order": [
      [
        39,
        75
      ],
      [
        59,
        72
      ],
      [
        88,
        52
      ],
      [
        95,
        29
      ],
      [
        56,
        30
      ],
      [
        74,
        55
      ],
      [
        44,
        82
      ],
      [
        42,
        80
      ],
      [
        58,
        78
      ],
      [
        69,
        83
      ],
      [
        18,
        67
      ],
      [
        86,
        90
      ],
      [
        48,
        7
      ],
      [
        73,
        36
      ],
      [
        3,
        25
      ],
      [
        37,
        40
      ],
      [
        10,
        19
      ],
      [
        28,
        47
      ],
      [
        68,
        26
      ],
      [
        31,
        63
      ],
      [
        94,
        53
      ],
      [
        35,
        24
      ],
      [
        23,
        38
      ],
      [
        1,
        71
      ],
      [
        50,
        66
      ],
      [
        5,
        76
      ],
      [
        14,
        17
      ],
      [
        65,
        32
      ],
      [
        81,
        12
      ],
      [
        4,
        6
      ],
      [
        77,
        11
      ],
      [
        16,
        20
      ],
      [
        62,
        96
      ],
      [
        0,
        70
      ],
      [
        91,
        89
      ],
      [
        87,
        8
      ],
      [
        13,
        57
      ],
      [
        49,
        21
      ],
      [
        84,
        46
      ],
      [
        15,
        51
      ],
      [
        41,
        34
      ],
      [
        43,
        9
      ],
      [
        2,
        33
      ],
      [
        61,
        79
      ],
      [
        27,
        54
      ],
      [
        45,
        22
      ],
      [
        64,
        92
      ],
      [
        60,
        93
      ]
    ],
    "in_cols": [
      18,
      29,
      44,
      47,
      27,
      38,
      22,
      20,
      28,
      36,
      11,
      42,
      24,
      37,
      3,
      17,
      6,
      14,
      35,
      15,
      46,
      16,
      12,
      1,
      26,
      5,
      8,
      34,
      40,
      4,
      39,
      10,
      32,
      0,
      45,
      43,
      7,
      25,
      41,
      9,
      19,
      21,
      2,
      31,
      13,
      23,
      33,
      30
    ],
    "out_cols": [
      36,
      35,
      25,
      14,
      15,
      28,
      41,
      40,
      38,
      42,
      32,
      44,
      1,
      19,
      12,
      21,
      7,
      23,
      13,
      30,
      26,
      11,
      20,
      34,
      31,
      37,
      6,
      16,
      5,
      0,
      4,
      8,
      47,
      33,
      43,
      2,
      29,
      9,
      22,
      24,
      18,
      3,
      17,
      39,
      27,
      10,
      45,
      46
    ]
  }
}