{
  "config": {
    "steps": 900,
    "lr": 0.03,
    "tau_start": 1.0,
    "tau_end": 0.03,
    "sinkhorn_iters": 30,
    "lambda_ent": 0.0003,
    "train_subsample": 4096,
    "seed": 205,
    "device": "cuda"
  },
  "final": {
    "soft_mse_full": 0.564158022403717,
    "discrete_mse": 2.2379002571105957,
    "hash_match": false,
    "perm_str": "43,75,39,52,42,78,95,63,56,82,73,80,44,72,74,55,69,83,58,93,50,29,86,54,18,67,35,24,48,40,94,7,37,57,68,47,28,25,87,30,3,53,31,36,65,26,1,38,59,71,14,17,77,90,81,11,0,51,91,92,62,6,16,20,45,33,61,96,5,32,60,70,13,89,49,34,23,66,15,12,10,19,4,8,41,46,64,22,84,9,27,79,2,21,88,76,85",
    "in_cols": [
      21,
      18,
      20,
      47,
      27,
      37,
      22,
      38,
      36,
      28,
      26,
      42,
      11,
      16,
      24,
      46,
      17,
      35,
      14,
      43,
      3,
      15,
      34,
      1,
      29,
      8,
      39,
      40,
      0,
      45,
      32,
      10,
      23,
      31,
      5,
      30,
      7,
      25,
      12,
      9,
      6,
      4,
      19,
      33,
      41,
      13,
      2,
      44
    ],
    "out_cols": [
      36,
      25,
      38,
      30,
      41,
      40,
      35,
      28,
      42,
      46,
      14,
      27,
      32,
      11,
      21,
      1,
      29,
      23,
      12,
      15,
      26,
      19,
      13,
      20,
      34,
      6,
      44,
      4,
      24,
      45,
      0,
      8,
      17,
      47,
      16,
      33,
      43,
      18,
      31,
      5,
      7,
      2,
      22,
      10,
      3,
      39,
      9,
      37
    ]
  },
  "best_seen": {
    "discrete_mse": 10.716243743896484,
    "order": [
      [
        43,
        75
      ],
      [
        39,
        52
      ],
      [
        42,
        78
      ],
      [
        95,
        63
      ],
      [
        56,
        82
      ],
      [
        73,
        80
      ],
      [
        44,
        72
      ],
      [
        74,
        55
      ],
      [
        69,
        83
      ],
      [
        58,
        93
      ],
      [
        50,
        29
      ],
      [
        86,
        54
      ],
      [
        18,
        67
      ],
      [
        35,
        24
      ],
      [
        48,
        40
      ],
      [
        94,
        7
      ],
      [
        37,
        57
      ],
      [
        68,
        47
      ],
      [
        28,
        25
      ],
      [
        87,
        30
      ],
      [
        3,
        53
      ],
      [
        31,
        36
      ],
      [
        65,
        26
      ],
      [
        1,
        38
      ],
      [
        59,
        71
      ],
      [
        14,
        17
      ],
      [
        77,
        20
      ],
      [
        81,
        11
      ],
      [
        0,
        51
      ],
      [
        91,
        92
      ],
      [
        62,
        6
      ],
      [
        16,
        90
      ],
      [
        45,
        33
      ],
      [
        61,
        96
      ],
      [
        5,
        32
      ],
      [
        60,
        70
      ],
      [
        13,
        89
      ],
      [
        49,
        34
      ],
      [
        23,
        66
      ],
      [
        15,
        12
      ],
      [
        10,
        19
      ],
      [
        4,
        8
      ],
      [
        41,
        46
      ],
      [
        64,
        22
      ],
      [
        84,
        9
      ],
      [
        27,
        79
      ],
      [
        2,
        21
      ],
      [
        88,
        76
      ]
    ],
    "in_cols": [
      21,
      18,
      20,
      47,
      27,
      37,
      22,
      38,
      36,
      28,
      26,
      42,
      11,
      16,
      24,
      46,
      17,
      35,
      14,
      43,
      3,
      15,
      34,
      1,
      29,
      8,
      39,
      40,
      0,
      45,
      32,
      10,
      23,
      31,
      5,
      30,
      7,
      25,
      12,
      9,
      6,
      4,
      19,
      33,
      41,
      13,
      2,
      44
    ],
    "out_cols": [
      36,
      25,
      38,
      30,
      41,
      40,
      35,
      28,
      42,
      46,
      14,
      27,
      32,
      11,
      21,
      1,
      29,
      23,
      12,
      15,
      26,
      19,
      13,
      20,
      34,
      6,
      8,
      4,
      24,
      45,
      0,
      44,
      17,
      47,
      16,
      33,
      43,
      18,
      31,
      5,
      7,
      2,
      22,
      10,
      3,
      39,
      9,
      37
    ]
  }
}