{
  "config": {
    "steps": 1200,
    "lr": 0.05,
    "tau_start": 1.0,
    "tau_end": 0.01,
    "sinkhorn_iters": 30,
    "lambda_ent": 0.001,
    "train_subsample": 4096,
    "seed": 42,
    "device": "cuda"
  },
  "final": {
    "soft_mse_full": 0.579800546169281,
    "discrete_mse": 8.008349418640137,
    "hash_match": false,
    "perm_str": "59,52,39,30,60,55,95,78,56,72,94,19,44,82,88,29,37,93,42,26,86,83,0,80,3,25,15,67,73,36,18,90,28,24,68,7,50,12,48,47,31,63,35,53,1,40,23,38,87,71,14,17,49,11,5,51,77,92,81,6,16,20,91,33,65,96,45,54,13,89,62,75,43,70,69,76,74,66,2,32,84,34,61,22,27,9,10,8,58,79,4,21,64,57,41,46,85",
    "in_cols": [
      29,
      18,
      30,
      47,
      27,
      46,
      22,
      44,
      17,
      20,
      42,
      0,
      3,
      9,
      37,
      11,
      14,
      35,
      26,
      24,
      15,
      16,
      1,
      12,
      43,
      8,
      25,
      5,
      39,
      40,
      10,
      45,
      34,
      23,
      7,
      32,
      21,
      36,
      38,
      2,
      41,
      31,
      13,
      6,
      28,
      4,
      33,
      19
    ],
    "out_cols": [
      25,
      15,
      28,
      38,
      35,
      7,
      41,
      14,
      46,
      13,
      42,
      40,
      12,
      32,
      19,
      44,
      11,
      1,
      5,
      23,
      30,
      26,
      21,
      20,
      34,
      6,
      4,
      24,
      45,
      0,
      8,
      17,
      47,
      27,
      43,
      36,
      33,
      37,
      31,
      16,
      18,
      10,
      3,
      2,
      39,
      9,
      29,
      22
    ]
  },
  "best_seen": {
    "discrete_mse": 0.99090576171875,
    "order": [
      [
        59,
        52
      ],
      [
        39,
        30
      ],
      [
        88,
        25
      ],
      [
        95,
        78
      ],
      [
        56,
        72
      ],
      [
        94,
        19
      ],
      [
        44,
        82
      ],
      [
        5,
        29
      ],
      [
        37,
        93
      ],
      [
        42,
        55
      ],
      [
        64,
        83
      ],
      [
        86,
        80
      ],
      [
        3,
        26
      ],
      [
        15,
        67
      ],
      [
        73,
        36
      ],
      [
        18,
        90
      ],
      [
        35,
        24
      ],
      [
        68,
        7
      ],
      [
        50,
        12
      ],
      [
        28,
        47
      ],
      [
        31,
        63
      ],
      [
        43,
        53
      ],
      [
        1,
        40
      ],
      [
        23,
        38
      ],
      [
        87,
        71
      ],
      [
        0,
        17
      ],
      [
        14,
        11
      ],
      [
        27,
        51
      ],
      [
        45,
        92
      ],
      [
        81,
        6
      ],
      [
        77,
        20
      ],
      [
        91,
        33
      ],
      [
        16,
        96
      ],
      [
        60,
        54
      ],
      [
        65,
        89
      ],
      [
        62,
        75
      ],
      [
        48,
        70
      ],
      [
        69,
        76
      ],
      [
        74,
        66
      ],
      [
        2,
        32
      ],
      [
        84,
        34
      ],
      [
        61,
        22
      ],
      [
        13,
        9
      ],
      [
        10,
        8
      ],
      [
        58,
        79
      ],
      [
        4,
        21
      ],
      [
        49,
        57
      ],
      [
        41,
        46
      ]
    ],
    "in_cols": [
      29,
      18,
      44,
      47,
      27,
      46,
      22,
      5,
      17,
      20,
      33,
      42,
      3,
      9,
      37,
      11,
      16,
      35,
      26,
      14,
      15,
      21,
      1,
      12,
      43,
      0,
      8,
      13,
      23,
      40,
      39,
      45,
      10,
      30,
      34,
      32,
      24,
      36,
      38,
      2,
      41,
      31,
      7,
      6,
      28,
      4,
      25,
      19
    ],
    "out_cols": [
      25,
      15,
      12,
      38,
      35,
      7,
      41,
      14,
      46,
      28,
      42,
      40,
      13,
      32,
      19,
      44,
      11,
      1,
      5,
      23,
      30,
      26,
      21,
      20,
      34,
      6,
      4,
      24,
      45,
      0,
      8,
      17,
      47,
      27,
      43,
      36,
      33,
      37,
      31,
      16,
      18,
      10,
      3,
      2,
      39,
      9,
      29,
      22
    ]
  }
}