{
  "config": {
    "steps": 700,
    "lr": 0.02,
    "tau_start": 1.0,
    "tau_end": 0.04,
    "sinkhorn_iters": 30,
    "lambda_ent": 0.0003,
    "train_subsample": 0,
    "seed": 202,
    "device": "cuda"
  },
  "final": {
    "soft_mse_full": 0.3804413378238678,
    "discrete_mse": 174.1405487060547,
    "hash_match": false,
    "perm_str": "59,52,74,72,73,78,95,63,56,30,44,82,68,93,39,55,42,29,58,83,94,38,15,67,18,90,28,19,87,7,37,57,48,47,86,71,35,24,1,40,3,53,50,36,31,26,23,75,84,25,14,17,27,51,5,12,77,11,65,92,4,6,62,20,45,33,91,96,61,32,60,70,16,76,81,54,49,8,41,80,0,79,13,9,69,34,2,21,43,66,88,22,64,89,10,46,85",
    "in_cols": [
      29,
      38,
      37,
      47,
      27,
      22,
      35,
      18,
      20,
      28,
      46,
      9,
      11,
      14,
      43,
      17,
      24,
      42,
      16,
      1,
      3,
      26,
      15,
      12,
      41,
      8,
      13,
      5,
      39,
      34,
      4,
      32,
      23,
      45,
      31,
      30,
      10,
      40,
      25,
      19,
      0,
      7,
      36,
      2,
      21,
      44,
      33,
      6
    ],
    "out_cols": [
      25,
      35,
      38,
      30,
      15,
      41,
      46,
      28,
      14,
      42,
      20,
      32,
      44,
      7,
      1,
      29,
      23,
      34,
      11,
      21,
      26,
      19,
      13,
      36,
      12,
      6,
      24,
      5,
      4,
      45,
      0,
      8,
      17,
      47,
      16,
      33,
      37,
      27,
      2,
      40,
      39,
      3,
      18,
      9,
      31,
      10,
      43,
      22
    ]
  },
  "best_seen": {
    "discrete_mse": 12.411489486694336,
    "order": [
      [
        77,
        12
      ],
      [
        64,
        40
      ],
      [
        87,
        57
      ],
      [
        41,
        70
      ],
      [
        43,
        30
      ],
      [
        48,
        92
      ],
      [
        44,
        53
      ],
      [
        94,
        76
      ],
      [
        45,
        78
      ],
      [
        60,
        80
      ],
      [
        14,
        9
      ],
      [
        68,
        47
      ],
      [
        39,
        90
      ],
      [
        49,
        89
      ],
      [
        74,
        46
      ],
      [
        13,
        36
      ],
      [
        42,
        7
      ],
      [
        4,
        24
      ],
      [
        62,
        25
      ],
      [
        3,
        51
      ],
      [
        18,
        19
      ],
      [
        28,
        33
      ],
      [
        91,
        54
      ],
      [
        0,
        21
      ],
      [
        86,
        72
      ],
      [
        69,
        66
      ],
      [
        81,
        17
      ],
      [
        23,
        29
      ],
      [
        56,
        79
      ],
      [
        1,
        67
      ],
      [
        88,
        11
      ],
      [
        65,
        93
      ],
      [
        5,
        55
      ],
      [
        59,
        96
      ],
      [
        95,
        20
      ],
      [
        2,
        52
      ],
      [
        35,
        8
      ],
      [
        16,
        38
      ],
      [
        27,
        75
      ],
      [
        15,
        22
      ],
      [
        50,
        63
      ],
      [
        31,
        34
      ],
      [
        10,
        32
      ],
      [
        61,
        71
      ],
      [
        58,
        6
      ],
      [
        73,
        26
      ],
      [
        37,
        83
      ],
      [
        84,
        82
      ]
    ],
    "in_cols": [
      39,
      33,
      43,
      19,
      21,
      24,
      22,
      46,
      23,
      30,
      8,
      35,
      18,
      25,
      38,
      7,
      20,
      4,
      32,
      3,
      11,
      14,
      45,
      0,
      42,
      36,
      40,
      12,
      27,
      1,
      44,
      34,
      5,
      29,
      47,
      2,
      16,
      10,
      13,
      9,
      26,
      15,
      6,
      31,
      28,
      37,
      17,
      41
    ],
    "out_cols": [
      5,
      21,
      29,
      33,
      15,
      45,
      26,
      37,
      38,
      40,
      3,
      23,
      44,
      43,
      22,
      19,
      1,
      11,
      12,
      24,
      7,
      17,
      27,
      9,
      35,
      31,
      6,
      14,
      39,
      32,
      4,
      46,
      28,
      47,
      8,
      25,
      2,
      20,
      36,
      10,
      30,
      18,
      16,
      34,
      0,
      13,
      42,
      41
    ]
  }
}