{
  "config": {
    "steps": 700,
    "lr": 0.015,
    "tau_start": 1.0,
    "tau_end": 0.025,
    "sinkhorn_iters": 30,
    "lambda_ent": 0.0001,
    "train_subsample": 0,
    "seed": 208,
    "device": "cuda"
  },
  "final": {
    "soft_mse_full": 0.3367776870727539,
    "discrete_mse": 4.877457618713379,
    "hash_match": false,
    "perm_str": "59,52,39,72,73,55,95,89,56,30,58,78,44,82,42,80,91,93,88,29,18,67,94,54,28,19,1,90,37,7,15,57,35,24,86,40,3,26,68,47,50,63,31,36,23,38,87,71,84,25,0,17,4,32,14,11,77,33,48,20,81,6,16,96,5,12,62,83,65,53,43,70,13,75,41,9,74,8,27,46,64,21,61,34,2,51,60,22,45,92,49,66,69,76,10,79,85",
    "in_cols": [
      29,
      18,
      37,
      47,
      27,
      28,
      22,
      20,
      45,
      44,
      11,
      46,
      14,
      1,
      17,
      9,
      16,
      42,
      3,
      35,
      26,
      15,
      12,
      43,
      41,
      0,
      4,
      8,
      39,
      24,
      40,
      10,
      5,
      32,
      34,
      21,
      7,
      19,
      38,
      13,
      33,
      31,
      2,
      30,
      23,
      25,
      36,
      6
    ],
    "out_cols": [
      25,
      35,
      28,
      43,
      15,
      38,
      41,
      40,
      46,
      14,
      32,
      27,
      7,
      44,
      1,
      29,
      11,
      21,
      13,
      23,
      30,
      19,
      20,
      34,
      12,
      6,
      16,
      4,
      17,
      8,
      0,
      47,
      5,
      42,
      26,
      33,
      36,
      3,
      2,
      22,
      9,
      18,
      24,
      10,
      45,
      31,
      37,
      39
    ]
  },
  "best_seen": {
    "discrete_mse": 3.589644432067871,
    "order": [
      [
        59,
        52
      ],
      [
        39,
        72
      ],
      [
        73,
        55
      ],
      [
        95,
        8
      ],
      [
        56,
        30
      ],
      [
        45,
        78
      ],
      [
        44,
        82
      ],
      [
        42,
        80
      ],
      [
        94,
        93
      ],
      [
        58,
        29
      ],
      [
        69,
        67
      ],
      [
        18,
        54
      ],
      [
        28,
        19
      ],
      [
        50,
        90
      ],
      [
        37,
        7
      ],
      [
        15,
        57
      ],
      [
        35,
        24
      ],
      [
        86,
        40
      ],
      [
        3,
        26
      ],
      [
        68,
        47
      ],
      [
        14,
        63
      ],
      [
        31,
        36
      ],
      [
        1,
        38
      ],
      [
        87,
        71
      ],
      [
        23,
        25
      ],
      [
        49,
        17
      ],
      [
        4,
        32
      ],
      [
        77,
        11
      ],
      [
        64,
        33
      ],
      [
        5,
        20
      ],
      [
        81,
        6
      ],
      [
        65,
        96
      ],
      [
        16,
        12
      ],
      [
        62,
        83
      ],
      [
        91,
        53
      ],
      [
        48,
        70
      ],
      [
        13,
        75
      ],
      [
        0,
        9
      ],
      [
        74,
        89
      ],
      [
        27,
        46
      ],
      [
        41,
        21
      ],
      [
        61,
        34
      ],
      [
        2,
        51
      ],
      [
        60,
        22
      ],
      [
        43,
        92
      ],
      [
        84,
        66
      ],
      [
        88,
        76
      ],
      [
        10,
        79
      ]
    ],
    "in_cols": [
      29,
      18,
      37,
      47,
      27,
      23,
      22,
      20,
      46,
      28,
      36,
      11,
      14,
      26,
      17,
      9,
      16,
      42,
      3,
      35,
      8,
      15,
      1,
      43,
      12,
      25,
      4,
      39,
      33,
      5,
      40,
      34,
      10,
      32,
      45,
      24,
      7,
      0,
      38,
      13,
      19,
      31,
      2,
      30,
      21,
      41,
      44,
      6
    ],
    "out_cols": [
      25,
      35,
      28,
      2,
      15,
      38,
      41,
      40,
      46,
      14,
      32,
      27,
      7,
      44,
      1,
      29,
      11,
      21,
      13,
      23,
      30,
      19,
      20,
      34,
      12,
      6,
      16,
      4,
      17,
      8,
      0,
      47,
      5,
      42,
      26,
      33,
      36,
      3,
      43,
      22,
      9,
      18,
      24,
      10,
      45,
      31,
      37,
      39
    ]
  }
}